memoryKey,userKey,type,category,importance,accessCount,hasExpiry,hasMetadata,hasSourceSignal,hasConversationLink,hasConflictFlag,hasArchivedFlag,consentState,sensitivityTier,provenanceState,retentionState,disposition,closureState,nextAction,consumerPolicy
82951f5db53cb33529001bd6,62c9f7d74d4813f0182b25ef,DECISION,school_prediction,0.8420537916055217,0,false,true,false,false,false,false,missing_preference_row,high,weak_metadata_only,long_lived_allowed_by_type,review_missing_memory_consent_preference,review,create-or-confirm-memory-preference,review_before_chat_recall_or_application_analysis_context
0a6aa8ba732c2c567dfc111b,e914a28783ea83919f0d20be,FACT,profile_update,0.7759664122780182,1,false,true,true,false,false,false,missing_preference_row,high,tool_or_action_linked,missing_expiry_review,review_missing_memory_consent_preference,review,create-or-confirm-memory-preference,review_before_chat_recall_or_application_analysis_context
06b36705227b85f1dd387daf,86e97f72200ca6d4c4167c77,FACT,test_score,0.8192716314818548,1,false,true,false,false,false,false,missing_preference_row,high,weak_metadata_only,missing_expiry_review,review_missing_memory_consent_preference,review,create-or-confirm-memory-preference,review_before_chat_recall_or_application_analysis_context
fa5a06c4a967698db973fec0,2c16092f64d84550ce7a77b4,DECISION,school_prediction,0.7936145755764259,0,false,true,false,false,false,false,missing_preference_row,high,weak_metadata_only,long_lived_allowed_by_type,review_missing_memory_consent_preference,review,create-or-confirm-memory-preference,review_before_chat_recall_or_application_analysis_context
f10ed8c6415468cbd41c1255,2c16092f64d84550ce7a77b4,FACT,test_score,0.8203990370068395,1,false,true,false,false,false,false,missing_preference_row,high,weak_metadata_only,missing_expiry_review,review_missing_memory_consent_preference,review,create-or-confirm-memory-preference,review_before_chat_recall_or_application_analysis_context
a87834fe7780e41882fcded9,acf1c1a8419b5415e753110b,DECISION,school_prediction,0.8420553736083151,0,false,true,false,false,false,false,missing_preference_row,high,weak_metadata_only,long_lived_allowed_by_type,review_missing_memory_consent_preference,review,create-or-confirm-memory-preference,review_before_chat_recall_or_application_analysis_context
67240ff472b0dedf7e452086,677f78a388641a956de39e8b,FACT,activity,0.6943088152419143,0,false,true,false,false,false,false,missing_preference_row,high,weak_metadata_only,missing_expiry_review,review_missing_memory_consent_preference,review,create-or-confirm-memory-preference,review_before_chat_recall_or_application_analysis_context
3dfd81363afcfb1133caec2f,0fd29c4d35dab138517ea5c6,FACT,test_score,0.8204050140268362,1,false,true,false,false,false,false,missing_preference_row,high,weak_metadata_only,missing_expiry_review,review_missing_memory_consent_preference,review,create-or-confirm-memory-preference,review_before_chat_recall_or_application_analysis_context
0027b49d12668011fdc3139c,ea696e05509efe4f8481de94,FACT,profile_update,0.7759664285124794,1,false,true,true,false,false,false,missing_preference_row,high,tool_or_action_linked,missing_expiry_review,review_missing_memory_consent_preference,review,create-or-confirm-memory-preference,review_before_chat_recall_or_application_analysis_context
b801099d49b4ca59c8eaebcb,62c9f7d74d4813f0182b25ef,DECISION,school_prediction,0.7954780894404004,1,false,true,false,false,false,false,missing_preference_row,high,weak_metadata_only,long_lived_allowed_by_type,review_missing_memory_consent_preference,review,create-or-confirm-memory-preference,review_before_chat_recall_or_application_analysis_context
ba05876776ea229ff9ff9957,acf1c1a8419b5415e753110b,FACT,profile_update,0.5971053468635797,2,false,true,true,false,false,false,missing_preference_row,high,tool_or_action_linked,missing_expiry_review,review_missing_memory_consent_preference,review,create-or-confirm-memory-preference,review_before_chat_recall_or_application_analysis_context
bdb22ec989340eb00891b529,0fd29c4d35dab138517ea5c6,DECISION,school_prediction,0.7936203487023598,0,false,true,false,false,false,false,missing_preference_row,high,weak_metadata_only,long_lived_allowed_by_type,review_missing_memory_consent_preference,review,create-or-confirm-memory-preference,review_before_chat_recall_or_application_analysis_context
aff119316e8dd6d08edef752,2c16092f64d84550ce7a77b4,FACT,profile_update,0.7707981278084026,1,false,true,true,false,false,false,missing_preference_row,high,tool_or_action_linked,missing_expiry_review,review_missing_memory_consent_preference,review,create-or-confirm-memory-preference,review_before_chat_recall_or_application_analysis_context
801fb7c7d1b1af64501c153e,4fb2e507e7550eed26d9f520,FACT,prediction_feedback,0.7440190770741384,0,false,true,false,false,false,false,missing_preference_row,high,weak_metadata_only,missing_expiry_review,review_missing_memory_consent_preference,review,create-or-confirm-memory-preference,review_before_chat_recall_or_application_analysis_context
b919fe5168c1bb111e167950,ea696e05509efe4f8481de94,FACT,test_score,0.8258999181539413,1,false,true,false,false,false,false,missing_preference_row,high,weak_metadata_only,missing_expiry_review,review_missing_memory_consent_preference,review,create-or-confirm-memory-preference,review_before_chat_recall_or_application_analysis_context
af85751df5253dd958239865,677f78a388641a956de39e8b,DECISION,school_prediction,0.79349581451403,0,false,true,false,false,false,false,missing_preference_row,high,weak_metadata_only,long_lived_allowed_by_type,review_missing_memory_consent_preference,review,create-or-confirm-memory-preference,review_before_chat_recall_or_application_analysis_context
46d7feef21c567cfd1ba9527,54a38cb4885f01f4e3fb5926,DECISION,school_prediction,0.7936155861308233,0,false,true,false,false,false,false,missing_preference_row,high,weak_metadata_only,long_lived_allowed_by_type,review_missing_memory_consent_preference,review,create-or-confirm-memory-preference,review_before_chat_recall_or_application_analysis_context
de381a47575a27b61bdf1987,1cdabdb89c2facaf18d17fee,DECISION,school_prediction,0.798935037167019,0,false,true,false,false,false,false,missing_preference_row,high,weak_metadata_only,long_lived_allowed_by_type,review_missing_memory_consent_preference,review,create-or-confirm-memory-preference,review_before_chat_recall_or_application_analysis_context
e6dc7ae0a4391cc18a011983,acf1c1a8419b5415e753110b,FACT,activity,0.694308584682207,0,false,true,false,false,false,false,missing_preference_row,high,weak_metadata_only,missing_expiry_review,review_missing_memory_consent_preference,review,create-or-confirm-memory-preference,review_before_chat_recall_or_application_analysis_context
bbe2a32a27efd56e26e6c4b7,d5b365a8ae078ff9126f3090,FACT,prediction_feedback,0.744013669213147,0,false,true,false,false,false,false,missing_preference_row,high,weak_metadata_only,missing_expiry_review,review_missing_memory_consent_preference,review,create-or-confirm-memory-preference,review_before_chat_recall_or_application_analysis_context
bba2c66d22bc6a039ec1ed7b,54a38cb4885f01f4e3fb5926,FACT,test_score,0.8689705944421012,1,false,true,false,false,false,false,missing_preference_row,high,weak_metadata_only,missing_expiry_review,review_missing_memory_consent_preference,review,create-or-confirm-memory-preference,review_before_chat_recall_or_application_analysis_context
80c776e0d4a75b9c719b644b,1cdabdb89c2facaf18d17fee,FACT,profile_update,0.7759656494194069,1,false,true,true,false,false,false,missing_preference_row,high,tool_or_action_linked,missing_expiry_review,review_missing_memory_consent_preference,review,create-or-confirm-memory-preference,review_before_chat_recall_or_application_analysis_context
af9c4cf8f3abd4d0417a8464,1cdabdb89c2facaf18d17fee,FACT,test_score,0.8258990889054316,1,false,true,false,false,false,false,missing_preference_row,high,weak_metadata_only,missing_expiry_review,review_missing_memory_consent_preference,review,create-or-confirm-memory-preference,review_before_chat_recall_or_application_analysis_context
aa23b2b65b27160d900262c4,acf1c1a8419b5415e753110b,DECISION,school_prediction,0.7954792384785477,1,false,true,false,false,false,false,missing_preference_row,high,weak_metadata_only,long_lived_allowed_by_type,review_missing_memory_consent_preference,review,create-or-confirm-memory-preference,review_before_chat_recall_or_application_analysis_context
b00f68e7a2c72e471eb8d804,21869357ac9a4f0f12324fd8,FACT,test_score,0.868972935202186,1,false,true,false,false,false,false,missing_preference_row,high,weak_metadata_only,missing_expiry_review,review_missing_memory_consent_preference,review,create-or-confirm-memory-preference,review_before_chat_recall_or_application_analysis_context
1ec4fd9e1173b459d970b5af,acf1c1a8419b5415e753110b,FACT,test_score,0.797462953563125,3,false,true,false,false,false,false,missing_preference_row,high,weak_metadata_only,missing_expiry_review,review_missing_memory_consent_preference,review,create-or-confirm-memory-preference,review_before_chat_recall_or_application_analysis_context
507fb7489b9182c2eb2b4cd2,a78e100876013fc72cab02bd,FACT,test_score,0.8238983252656794,0,false,true,false,false,false,false,missing_preference_row,high,weak_metadata_only,missing_expiry_review,review_missing_memory_consent_preference,review,create-or-confirm-memory-preference,review_before_chat_recall_or_application_analysis_context
53b3b4769e4a3d089afce79f,21869357ac9a4f0f12324fd8,FACT,profile_update,0.7708007439122412,1,false,true,true,false,false,false,missing_preference_row,high,tool_or_action_linked,missing_expiry_review,review_missing_memory_consent_preference,review,create-or-confirm-memory-preference,review_before_chat_recall_or_application_analysis_context
45c2a61e4c36e3a3b8b41c45,1cdabdb89c2facaf18d17fee,FACT,test_score,0.8748199878584255,1,false,true,false,false,false,false,missing_preference_row,high,weak_metadata_only,missing_expiry_review,review_missing_memory_consent_preference,review,create-or-confirm-memory-preference,review_before_chat_recall_or_application_analysis_context
1f7464b9db70bf64ff145e7d,e914a28783ea83919f0d20be,FACT,test_score,0.8258999008532152,1,false,true,false,false,false,false,missing_preference_row,high,weak_metadata_only,missing_expiry_review,review_missing_memory_consent_preference,review,create-or-confirm-memory-preference,review_before_chat_recall_or_application_analysis_context
65e77adbfc815e0fdc242797,ea696e05509efe4f8481de94,FACT,test_score,0.874821762182051,1,false,true,false,false,false,false,missing_preference_row,high,weak_metadata_only,missing_expiry_review,review_missing_memory_consent_preference,review,create-or-confirm-memory-preference,review_before_chat_recall_or_application_analysis_context
03df94480de403b1713894a8,cd1e5a0a3c63456ee9ceb2c8,FACT,profile_update,0.7759656511095562,1,false,true,true,false,false,false,missing_preference_row,high,tool_or_action_linked,missing_expiry_review,review_missing_memory_consent_preference,review,create-or-confirm-memory-preference,review_before_chat_recall_or_application_analysis_context
772c706501f32de31a5f3329,2c16092f64d84550ce7a77b4,FACT,test_score,0.8689691740326293,1,false,true,false,false,false,false,missing_preference_row,high,weak_metadata_only,missing_expiry_review,review_missing_memory_consent_preference,review,create-or-confirm-memory-preference,review_before_chat_recall_or_application_analysis_context
b41aed58b37a2531cc5c47d7,acf1c1a8419b5415e753110b,FACT,activity,0.6943085850283794,0,false,true,false,false,false,false,missing_preference_row,high,weak_metadata_only,missing_expiry_review,review_missing_memory_consent_preference,review,create-or-confirm-memory-preference,review_before_chat_recall_or_application_analysis_context
2fb1a6c8649c5aa9b62eb2b9,a78e100876013fc72cab02bd,FACT,profile_update,0.773965093283726,0,false,true,true,false,false,false,missing_preference_row,high,tool_or_action_linked,missing_expiry_review,review_missing_memory_consent_preference,review,create-or-confirm-memory-preference,review_before_chat_recall_or_application_analysis_context
b5592713eb45474bf9cef674,677f78a388641a956de39e8b,FACT,award,0.745886041585897,1,false,true,false,false,false,false,missing_preference_row,high,weak_metadata_only,missing_expiry_review,review_missing_memory_consent_preference,review,create-or-confirm-memory-preference,review_before_chat_recall_or_application_analysis_context
b88dff4f90fc1cb147028cc6,c12c75bee06dc6cc4e4f1bb1,FACT,profile_update,0.7708035896458088,1,false,true,true,false,false,false,missing_preference_row,high,tool_or_action_linked,missing_expiry_review,review_missing_memory_consent_preference,review,create-or-confirm-memory-preference,review_before_chat_recall_or_application_analysis_context
41502aa23159b899acdd84e3,54a38cb4885f01f4e3fb5926,FACT,test_score,0.8204000886008318,1,false,true,false,false,false,false,missing_preference_row,high,weak_metadata_only,missing_expiry_review,review_missing_memory_consent_preference,review,create-or-confirm-memory-preference,review_before_chat_recall_or_application_analysis_context
ee646dff37ec312e7a8fa52c,a78e100876013fc72cab02bd,DECISION,school_prediction,0.798931713976097,0,false,true,false,false,false,false,missing_preference_row,high,weak_metadata_only,long_lived_allowed_by_type,review_missing_memory_consent_preference,review,create-or-confirm-memory-preference,review_before_chat_recall_or_application_analysis_context
9e98407862bdb48dd34cc9f0,c12c75bee06dc6cc4e4f1bb1,FACT,test_score,0.8689770266348097,1,false,true,false,false,false,false,missing_preference_row,high,weak_metadata_only,missing_expiry_review,review_missing_memory_consent_preference,review,create-or-confirm-memory-preference,review_before_chat_recall_or_application_analysis_context
94694879a47ee9d06aa7b402,cd1e5a0a3c63456ee9ceb2c8,FACT,test_score,0.8258990907126397,1,false,true,false,false,false,false,missing_preference_row,high,weak_metadata_only,missing_expiry_review,review_missing_memory_consent_preference,review,create-or-confirm-memory-preference,review_before_chat_recall_or_application_analysis_context
e5a6b0b02a2e8f6256c4cc52,e914a28783ea83919f0d20be,FACT,test_score,0.8748217252049129,1,false,true,false,false,false,false,missing_preference_row,high,weak_metadata_only,missing_expiry_review,review_missing_memory_consent_preference,review,create-or-confirm-memory-preference,review_before_chat_recall_or_application_analysis_context
cd53c3c0ff4af1e5ad8d3a24,677f78a388641a956de39e8b,FACT,activity,0.6943088152085789,0,false,true,false,false,false,false,missing_preference_row,high,weak_metadata_only,missing_expiry_review,review_missing_memory_consent_preference,review,create-or-confirm-memory-preference,review_before_chat_recall_or_application_analysis_context
e7ee1d18d83036a07870524a,677f78a388641a956de39e8b,FACT,activity,0.6962925547448933,1,false,true,false,false,false,false,missing_preference_row,high,weak_metadata_only,missing_expiry_review,review_missing_memory_consent_preference,review,create-or-confirm-memory-preference,review_before_chat_recall_or_application_analysis_context
1d9e409dbeea3031da378635,e914a28783ea83919f0d20be,DECISION,school_prediction,0.7989358228533074,0,false,true,false,false,false,false,missing_preference_row,high,weak_metadata_only,long_lived_allowed_by_type,review_missing_memory_consent_preference,review,create-or-confirm-memory-preference,review_before_chat_recall_or_application_analysis_context
692e085d0065fc5b4b562c80,5a715aa17622e90a9446c6e5,FACT,prediction_feedback,0.7440146120859905,0,false,true,false,false,false,false,missing_preference_row,high,weak_metadata_only,missing_expiry_review,review_missing_memory_consent_preference,review,create-or-confirm-memory-preference,review_before_chat_recall_or_application_analysis_context
c428ef7f6e43a6983e56ee9a,677f78a388641a956de39e8b,FACT,profile_update,0.770682784713589,1,false,true,true,false,false,false,missing_preference_row,high,tool_or_action_linked,missing_expiry_review,review_missing_memory_consent_preference,review,create-or-confirm-memory-preference,review_before_chat_recall_or_application_analysis_context
922d3a37c71fbeac182a9586,677f78a388641a956de39e8b,FACT,test_score,0.8688033455717576,1,false,true,false,false,false,false,missing_preference_row,high,weak_metadata_only,missing_expiry_review,review_missing_memory_consent_preference,review,create-or-confirm-memory-preference,review_before_chat_recall_or_application_analysis_context
dae99559a83fe63b80305585,0fd29c4d35dab138517ea5c6,FACT,profile_update,0.7708037433578055,1,false,true,true,false,false,false,missing_preference_row,high,tool_or_action_linked,missing_expiry_review,review_missing_memory_consent_preference,review,create-or-confirm-memory-preference,review_before_chat_recall_or_application_analysis_context
fb540411a2af0e5e33500d73,cd1e5a0a3c63456ee9ceb2c8,DECISION,school_prediction,0.7989350391552239,0,false,true,false,false,false,false,missing_preference_row,high,weak_metadata_only,long_lived_allowed_by_type,review_missing_memory_consent_preference,review,create-or-confirm-memory-preference,review_before_chat_recall_or_application_analysis_context
225917023071c33eeba5aef5,cd1e5a0a3c63456ee9ceb2c8,FACT,test_score,0.874819991728815,1,false,true,false,false,false,false,missing_preference_row,high,weak_metadata_only,missing_expiry_review,review_missing_memory_consent_preference,review,create-or-confirm-memory-preference,review_before_chat_recall_or_application_analysis_context
42c467512c98cde5f3df1841,acf1c1a8419b5415e753110b,FACT,test_score,0.7974629534836045,3,false,true,false,false,false,false,missing_preference_row,high,weak_metadata_only,missing_expiry_review,review_missing_memory_consent_preference,review,create-or-confirm-memory-preference,review_before_chat_recall_or_application_analysis_context
6fdba557766665dd9efcd37c,86e97f72200ca6d4c4167c77,FACT,test_score,0.868804378152054,1,false,true,false,false,false,false,missing_preference_row,high,weak_metadata_only,missing_expiry_review,review_missing_memory_consent_preference,review,create-or-confirm-memory-preference,review_before_chat_recall_or_application_analysis_context
0a79cce7cf8cce2759b50e60,6abe07eaaa638af2b9bdbe82,FACT,prediction_feedback,0.7440189274221388,0,false,true,false,false,false,false,missing_preference_row,high,weak_metadata_only,missing_expiry_review,review_missing_memory_consent_preference,review,create-or-confirm-memory-preference,review_before_chat_recall_or_application_analysis_context
226e10916c8299ccd2b4b41b,0fd29c4d35dab138517ea5c6,FACT,test_score,0.8689772478120178,1,false,true,false,false,false,false,missing_preference_row,high,weak_metadata_only,missing_expiry_review,review_missing_memory_consent_preference,review,create-or-confirm-memory-preference,review_before_chat_recall_or_application_analysis_context
d2213b3c2dda43bf70f2802a,c12c75bee06dc6cc4e4f1bb1,DECISION,school_prediction,0.793620189141304,0,false,true,false,false,false,false,missing_preference_row,high,weak_metadata_only,long_lived_allowed_by_type,review_missing_memory_consent_preference,review,create-or-confirm-memory-preference,review_before_chat_recall_or_application_analysis_context
df111eaf162d874794a5bc1f,acf1c1a8419b5415e753110b,FACT,award,0.7439020555304142,0,false,true,false,false,false,false,missing_preference_row,high,weak_metadata_only,missing_expiry_review,review_missing_memory_consent_preference,review,create-or-confirm-memory-preference,review_before_chat_recall_or_application_analysis_context
f98aca4d49b3904d84e288c6,ea696e05509efe4f8481de94,DECISION,school_prediction,0.7989358392223505,0,false,true,false,false,false,false,missing_preference_row,high,weak_metadata_only,long_lived_allowed_by_type,review_missing_memory_consent_preference,review,create-or-confirm-memory-preference,review_before_chat_recall_or_application_analysis_context
98ebe99005d09ccd37913deb,54a38cb4885f01f4e3fb5926,FACT,profile_update,0.7707991157892317,1,false,true,true,false,false,false,missing_preference_row,high,tool_or_action_linked,missing_expiry_review,review_missing_memory_consent_preference,review,create-or-confirm-memory-preference,review_before_chat_recall_or_application_analysis_context
af4f0354f965324ab5a3ab3c,86e97f72200ca6d4c4167c77,DECISION,school_prediction,0.7934965503619288,0,false,true,false,false,false,false,missing_preference_row,high,weak_metadata_only,long_lived_allowed_by_type,review_missing_memory_consent_preference,review,create-or-confirm-memory-preference,review_before_chat_recall_or_application_analysis_context
d540a49fc9ee9aeff1eb4e18,677f78a388641a956de39e8b,FACT,test_score,0.8192706577600076,1,false,true,false,false,false,false,missing_preference_row,high,weak_metadata_only,missing_expiry_review,review_missing_memory_consent_preference,review,create-or-confirm-memory-preference,review_before_chat_recall_or_application_analysis_context
1f569edfafcb60c913dc682a,d981d98d985b89e01b75bc88,FACT,prediction_feedback,0.7440161786982166,0,false,true,false,false,false,false,missing_preference_row,high,weak_metadata_only,missing_expiry_review,review_missing_memory_consent_preference,review,create-or-confirm-memory-preference,review_before_chat_recall_or_application_analysis_context
1f078c4ab2ff973adf458d1e,21869357ac9a4f0f12324fd8,DECISION,school_prediction,0.7936172571750232,0,false,true,false,false,false,false,missing_preference_row,high,weak_metadata_only,long_lived_allowed_by_type,review_missing_memory_consent_preference,review,create-or-confirm-memory-preference,review_before_chat_recall_or_application_analysis_context
55abc6450b62eee2de7c55f0,a78e100876013fc72cab02bd,FACT,test_score,0.8728176276776828,0,false,true,false,false,false,false,missing_preference_row,high,weak_metadata_only,missing_expiry_review,review_missing_memory_consent_preference,review,create-or-confirm-memory-preference,review_before_chat_recall_or_application_analysis_context
fbdec530d8e15ce6695f5790,acf1c1a8419b5415e753110b,FACT,activity,0.6943085847873409,0,false,true,false,false,false,false,missing_preference_row,high,weak_metadata_only,missing_expiry_review,review_missing_memory_consent_preference,review,create-or-confirm-memory-preference,review_before_chat_recall_or_application_analysis_context
4c7069125d1e76642fca0574,86e97f72200ca6d4c4167c77,FACT,profile_update,0.7706835029972963,1,false,true,true,false,false,false,missing_preference_row,high,tool_or_action_linked,missing_expiry_review,review_missing_memory_consent_preference,review,create-or-confirm-memory-preference,review_before_chat_recall_or_application_analysis_context
f55d022edc5998725b348605,21869357ac9a4f0f12324fd8,FACT,test_score,0.8204018214784471,1,false,true,false,false,false,false,missing_preference_row,high,weak_metadata_only,missing_expiry_review,review_missing_memory_consent_preference,review,create-or-confirm-memory-preference,review_before_chat_recall_or_application_analysis_context
2a78fdb4205e363d606206f4,a78e100876013fc72cab02bd,FACT,prediction_feedback,0.7489984816833596,0,false,true,false,false,false,false,missing_preference_row,high,weak_metadata_only,missing_expiry_review,review_missing_memory_consent_preference,review,create-or-confirm-memory-preference,review_before_chat_recall_or_application_analysis_context
7b0753e75a0d2626e1075cc5,c12c75bee06dc6cc4e4f1bb1,FACT,test_score,0.8204048503777904,1,false,true,false,false,false,false,missing_preference_row,high,weak_metadata_only,missing_expiry_review,review_missing_memory_consent_preference,review,create-or-confirm-memory-preference,review_before_chat_recall_or_application_analysis_context
a8a2c6289000ea89bf87847e,f2b079e205e41315ac5b3c02,FACT,test_score,0.819266134789557,1,false,true,false,false,false,false,missing_preference_row,high,weak_metadata_only,missing_expiry_review,review_missing_memory_consent_preference,review,create-or-confirm-memory-preference,review_before_chat_recall_or_application_analysis_context
ec1cb6efd474f55ec1aa3d3e,ed22821bca59bb790aaabb35,FACT,test_score,0.8152886726928231,0,false,true,false,false,false,false,missing_preference_row,high,weak_metadata_only,missing_expiry_review,review_missing_memory_consent_preference,review,create-or-confirm-memory-preference,review_before_chat_recall_or_application_analysis_context
6fb90a730cd9b38a0d9dd52b,cb13d0d9d08a1d9e53196092,FACT,activity,0.6943045049201751,0,false,true,false,false,false,false,missing_preference_row,high,weak_metadata_only,missing_expiry_review,review_missing_memory_consent_preference,review,create-or-confirm-memory-preference,review_before_chat_recall_or_application_analysis_context
999f27ee894995f9d5df7932,ae359bcc8df3be9ffa453101,DECISION,school_prediction,0.7934888627654154,0,false,true,false,false,false,false,missing_preference_row,high,weak_metadata_only,long_lived_allowed_by_type,review_missing_memory_consent_preference,review,create-or-confirm-memory-preference,review_before_chat_recall_or_application_analysis_context
13e1300b1ed9690e1820308e,0454f0a72b2c094e6d6d7f71,FACT,profile_analysis,0.7411576550073857,0,false,true,false,false,false,false,missing_preference_row,high,weak_metadata_only,missing_expiry_review,review_missing_memory_consent_preference,review,create-or-confirm-memory-preference,review_before_chat_recall_or_application_analysis_context
f6f64216bb8a4b257fc64e48,a02d4f3b442e7bfff7f6fbc9,FACT,activity,0.6962899533402283,1,false,true,false,false,false,false,missing_preference_row,high,weak_metadata_only,missing_expiry_review,review_missing_memory_consent_preference,review,create-or-confirm-memory-preference,review_before_chat_recall_or_application_analysis_context
2f12f4b14d9c0529d0385a0a,0454f0a72b2c094e6d6d7f71,FACT,profile_analysis,0.7905751749297733,0,false,true,false,false,false,false,missing_preference_row,high,weak_metadata_only,missing_expiry_review,review_missing_memory_consent_preference,review,create-or-confirm-memory-preference,review_before_chat_recall_or_application_analysis_context
34f5a6c46ac3cb7cbe315930,0454f0a72b2c094e6d6d7f71,DECISION,school_recommendation,0.8399834276423883,0,false,true,false,false,false,false,missing_preference_row,medium,weak_metadata_only,long_lived_allowed_by_type,review_missing_memory_consent_preference,review,create-or-confirm-memory-preference,weak_state_only_until_source_consent_retention_review
c23009c552c909bcdafe7430,b9f2083de353a60e0cdf3c68,FACT,award,0.7458815163981769,1,false,true,false,false,false,false,missing_preference_row,high,weak_metadata_only,missing_expiry_review,review_missing_memory_consent_preference,review,create-or-confirm-memory-preference,review_before_chat_recall_or_application_analysis_context
27eed77534a46525969d9a53,0454f0a72b2c094e6d6d7f71,PREFERENCE,forum_interest,0.3978546116612105,0,false,true,true,false,false,false,missing_preference_row,low,source_linked,long_lived_allowed_by_type,review_missing_memory_consent_preference,review,create-or-confirm-memory-preference,weak_state_only_until_source_consent_retention_review
2c1664a141117714ee1fbe3a,0454f0a72b2c094e6d6d7f71,FEEDBACK,improvement,0.69175350396124,0,false,true,false,false,false,false,missing_preference_row,medium,weak_metadata_only,missing_expiry_review,review_missing_memory_consent_preference,review,create-or-confirm-memory-preference,weak_state_only_until_source_consent_retention_review
21113a2e06810f7bba5b9e4b,0454f0a72b2c094e6d6d7f71,FEEDBACK,improvement,0.6917480388220659,0,false,true,false,false,false,false,missing_preference_row,medium,weak_metadata_only,missing_expiry_review,review_missing_memory_consent_preference,review,create-or-confirm-memory-preference,weak_state_only_until_source_consent_retention_review
b36192cd8f7bebbe0cbcbb71,355e3833b89c6b3a869cc96c,FACT,profile_update,0.7706793785903469,1,false,true,true,false,false,false,missing_preference_row,high,tool_or_action_linked,missing_expiry_review,review_missing_memory_consent_preference,review,create-or-confirm-memory-preference,review_before_chat_recall_or_application_analysis_context
69e4b833a29713fa0a19d8c0,0454f0a72b2c094e6d6d7f71,FACT,profile_analysis,0.7411628335893037,0,false,true,false,false,false,false,missing_preference_row,high,weak_metadata_only,missing_expiry_review,review_missing_memory_consent_preference,review,create-or-confirm-memory-preference,review_before_chat_recall_or_application_analysis_context
72528031aff4e3720ca13c72,a02d4f3b442e7bfff7f6fbc9,FACT,test_score,0.8687992060519935,1,false,true,false,false,false,false,missing_preference_row,high,weak_metadata_only,missing_expiry_review,review_missing_memory_consent_preference,review,create-or-confirm-memory-preference,review_before_chat_recall_or_application_analysis_context
bc700dc291f39bdb8218617c,a02d4f3b442e7bfff7f6fbc9,FACT,award,0.745883254887732,1,false,true,false,false,false,false,missing_preference_row,high,weak_metadata_only,missing_expiry_review,review_missing_memory_consent_preference,review,create-or-confirm-memory-preference,review_before_chat_recall_or_application_analysis_context
dc53313d579b18499aadcc36,b9f2083de353a60e0cdf3c68,FACT,profile_update,0.770678109010665,1,false,true,true,false,false,false,missing_preference_row,high,tool_or_action_linked,missing_expiry_review,review_missing_memory_consent_preference,review,create-or-confirm-memory-preference,review_before_chat_recall_or_application_analysis_context
877651ce09870530cb5f9180,b9f2083de353a60e0cdf3c68,FACT,test_score,0.8192643188601937,1,false,true,false,false,false,false,missing_preference_row,high,weak_metadata_only,missing_expiry_review,review_missing_memory_consent_preference,review,create-or-confirm-memory-preference,review_before_chat_recall_or_application_analysis_context
f0ff61cc81fe26aff1793d08,b9f2083de353a60e0cdf3c68,FACT,activity,0.6962883304314519,1,false,true,false,false,false,false,missing_preference_row,high,weak_metadata_only,missing_expiry_review,review_missing_memory_consent_preference,review,create-or-confirm-memory-preference,review_before_chat_recall_or_application_analysis_context
8003b6e2fa69eb5654b59007,355e3833b89c6b3a869cc96c,FACT,test_score,0.8192660400504393,1,false,true,false,false,false,false,missing_preference_row,high,weak_metadata_only,missing_expiry_review,review_missing_memory_consent_preference,review,create-or-confirm-memory-preference,review_before_chat_recall_or_application_analysis_context
9c31b7b2bb1379e5b19f7204,62c9f7d74d4813f0182b25ef,FACT,test_score,0.8707826171894655,2,false,true,false,false,false,false,missing_preference_row,high,weak_metadata_only,missing_expiry_review,review_missing_memory_consent_preference,review,create-or-confirm-memory-preference,review_before_chat_recall_or_application_analysis_context
88d1d8f913033f3e78a408ce,0454f0a72b2c094e6d6d7f71,DECISION,school_recommendation,0.8399867693990607,0,false,true,false,false,false,false,missing_preference_row,medium,weak_metadata_only,long_lived_allowed_by_type,review_missing_memory_consent_preference,review,create-or-confirm-memory-preference,weak_state_only_until_source_consent_retention_review
27e9b2ceea825199399bbcb0,b9f2083de353a60e0cdf3c68,DECISION,school_prediction,0.7934910121000336,0,false,true,false,false,false,false,missing_preference_row,high,weak_metadata_only,long_lived_allowed_by_type,review_missing_memory_consent_preference,review,create-or-confirm-memory-preference,review_before_chat_recall_or_application_analysis_context
2548939f1788d3185c354d76,0454f0a72b2c094e6d6d7f71,FACT,profile_analysis,0.79056852395594,0,false,true,false,false,false,false,missing_preference_row,high,weak_metadata_only,missing_expiry_review,review_missing_memory_consent_preference,review,create-or-confirm-memory-preference,review_before_chat_recall_or_application_analysis_context
f685a675cc9843ef2d5e0342,0454f0a72b2c094e6d6d7f71,FACT,profile_analysis,0.7905697002295808,0,false,true,false,false,false,false,missing_preference_row,high,weak_metadata_only,missing_expiry_review,review_missing_memory_consent_preference,review,create-or-confirm-memory-preference,review_before_chat_recall_or_application_analysis_context
1d3f94f03d670cbeaf8ceb87,0454f0a72b2c094e6d6d7f71,FEEDBACK,improvement,0.5444752739765594,0,false,true,false,false,false,false,missing_preference_row,medium,weak_metadata_only,missing_expiry_review,review_missing_memory_consent_preference,review,create-or-confirm-memory-preference,weak_state_only_until_source_consent_retention_review
5c89f821cbabaff8c46822ae,0454f0a72b2c094e6d6d7f71,FEEDBACK,improvement,0.544476697315974,0,false,true,false,false,false,false,missing_preference_row,medium,weak_metadata_only,missing_expiry_review,review_missing_memory_consent_preference,review,create-or-confirm-memory-preference,weak_state_only_until_source_consent_retention_review
57286dcfcb8b8d0866f6a2a9,92770f00c401fc3deae8e40f,FACT,test_score,0.8687968619275612,1,false,true,false,false,false,false,missing_preference_row,high,weak_metadata_only,missing_expiry_review,review_missing_memory_consent_preference,review,create-or-confirm-memory-preference,review_before_chat_recall_or_application_analysis_context
1c97832aa2254e3851524044,0454f0a72b2c094e6d6d7f71,FEEDBACK,improvement,0.5444769323515893,0,false,true,false,false,false,false,missing_preference_row,medium,weak_metadata_only,missing_expiry_review,review_missing_memory_consent_preference,review,create-or-confirm-memory-preference,weak_state_only_until_source_consent_retention_review
a36efd14686a1c3b47023a96,f2b079e205e41315ac5b3c02,FACT,profile_update,0.7706794485263976,1,false,true,true,false,false,false,missing_preference_row,high,tool_or_action_linked,missing_expiry_review,review_missing_memory_consent_preference,review,create-or-confirm-memory-preference,review_before_chat_recall_or_application_analysis_context
e3b871e4f61582f6ed73c451,aeb2692c7de7e50a47a8b49c,FACT,test_score,0.8767315349107558,5,false,true,false,false,false,false,missing_preference_row,high,weak_metadata_only,missing_expiry_review,review_missing_memory_consent_preference,review,create-or-confirm-memory-preference,review_before_chat_recall_or_application_analysis_context
5106c7ad0caf46bcf4755932,b9f2083de353a60e0cdf3c68,FACT,test_score,0.8687966234416614,1,false,true,false,false,false,false,missing_preference_row,high,weak_metadata_only,missing_expiry_review,review_missing_memory_consent_preference,review,create-or-confirm-memory-preference,review_before_chat_recall_or_application_analysis_context
48d548e81a669f543956e64e,0454f0a72b2c094e6d6d7f71,FEEDBACK,improvement,0.6917462060549147,0,false,true,false,false,false,false,missing_preference_row,medium,weak_metadata_only,missing_expiry_review,review_missing_memory_consent_preference,review,create-or-confirm-memory-preference,weak_state_only_until_source_consent_retention_review
ca26622acc5281dea771da74,cb13d0d9d08a1d9e53196092,FACT,activity,0.6943045049868328,0,false,true,false,false,false,false,missing_preference_row,high,weak_metadata_only,missing_expiry_review,review_missing_memory_consent_preference,review,create-or-confirm-memory-preference,review_before_chat_recall_or_application_analysis_context
299daa0fc44881e47a04438a,0454f0a72b2c094e6d6d7f71,FACT,profile_analysis,0.7905753293855392,0,false,true,false,false,false,false,missing_preference_row,high,weak_metadata_only,missing_expiry_review,review_missing_memory_consent_preference,review,create-or-confirm-memory-preference,review_before_chat_recall_or_application_analysis_context
e3307ad2ff831c6d23cc98c8,0c62cbf7f64dd5f11b72c27e,FACT,activity,0.6943030627477365,0,false,true,false,false,false,false,missing_preference_row,high,weak_metadata_only,missing_expiry_review,review_missing_memory_consent_preference,review,create-or-confirm-memory-preference,review_before_chat_recall_or_application_analysis_context
73f94bb518325c15aa18091f,0c62cbf7f64dd5f11b72c27e,FACT,activity,0.7081891241046705,7,false,true,false,false,false,false,missing_preference_row,high,weak_metadata_only,missing_expiry_review,review_missing_memory_consent_preference,review,create-or-confirm-memory-preference,review_before_chat_recall_or_application_analysis_context
fcfc6a72674f191053df1c61,0454f0a72b2c094e6d6d7f71,FEEDBACK,improvement,0.5444755208818272,0,false,true,false,false,false,false,missing_preference_row,medium,weak_metadata_only,missing_expiry_review,review_missing_memory_consent_preference,review,create-or-confirm-memory-preference,weak_state_only_until_source_consent_retention_review
d7d85849c82555d7f04ba0c5,a02d4f3b442e7bfff7f6fbc9,FACT,test_score,0.8192667542139151,1,false,true,false,false,false,false,missing_preference_row,high,weak_metadata_only,missing_expiry_review,review_missing_memory_consent_preference,review,create-or-confirm-memory-preference,review_before_chat_recall_or_application_analysis_context
dd813dd825de50b51a115a73,0454f0a72b2c094e6d6d7f71,DECISION,school_recommendation,0.8399803046868275,0,false,true,false,false,false,false,missing_preference_row,medium,weak_metadata_only,long_lived_allowed_by_type,review_missing_memory_consent_preference,review,create-or-confirm-memory-preference,weak_state_only_until_source_consent_retention_review
eb30187ad0aaf93c1e52b3d1,62c9f7d74d4813f0182b25ef,FACT,profile_update,0.7726651076910404,2,false,true,true,false,false,false,missing_preference_row,high,tool_or_action_linked,missing_expiry_review,review_missing_memory_consent_preference,review,create-or-confirm-memory-preference,review_before_chat_recall_or_application_analysis_context
408065a563fc5faa7ed8de87,0454f0a72b2c094e6d6d7f71,DECISION,school_recommendation,0.8399861218789987,0,false,true,false,false,false,false,missing_preference_row,medium,weak_metadata_only,long_lived_allowed_by_type,review_missing_memory_consent_preference,review,create-or-confirm-memory-preference,weak_state_only_until_source_consent_retention_review
db953aef3ba4e9fe752a1266,cb13d0d9d08a1d9e53196092,FACT,profile_update,0.7686942718795807,0,false,true,true,false,false,false,missing_preference_row,high,tool_or_action_linked,missing_expiry_review,review_missing_memory_consent_preference,review,create-or-confirm-memory-preference,review_before_chat_recall_or_application_analysis_context
80c23053b637022c47d5ab57,62c9f7d74d4813f0182b25ef,FACT,test_score,0.8212500450926818,2,false,true,false,false,false,false,missing_preference_row,high,weak_metadata_only,missing_expiry_review,review_missing_memory_consent_preference,review,create-or-confirm-memory-preference,review_before_chat_recall_or_application_analysis_context
42e93fad0001a73b7e658b6f,0454f0a72b2c094e6d6d7f71,FEEDBACK,improvement,0.5444729543398625,0,false,true,false,false,false,false,missing_preference_row,medium,weak_metadata_only,missing_expiry_review,review_missing_memory_consent_preference,review,create-or-confirm-memory-preference,weak_state_only_until_source_consent_retention_review
5feca93d625e6741205117ce,aeb2692c7de7e50a47a8b49c,FACT,profile_update,0.7786147183140553,5,false,true,true,false,false,false,missing_preference_row,high,tool_or_action_linked,missing_expiry_review,review_missing_memory_consent_preference,review,create-or-confirm-memory-preference,review_before_chat_recall_or_application_analysis_context
56ec7894909f0db01eb670dc,3c42e83cf041afb7b571e5c9,FACT,test_score,0.8192674034215484,1,false,true,false,false,false,false,missing_preference_row,high,weak_metadata_only,missing_expiry_review,review_missing_memory_consent_preference,review,create-or-confirm-memory-preference,review_before_chat_recall_or_application_analysis_context
fb9de586b9ffd963e3c39194,0c62cbf7f64dd5f11b72c27e,DECISION,school_prediction,0.8073753046240597,7,false,true,false,false,false,false,missing_preference_row,high,weak_metadata_only,long_lived_allowed_by_type,review_missing_memory_consent_preference,review,create-or-confirm-memory-preference,review_before_chat_recall_or_application_analysis_context
9beff8c8574bc71fd431e0e9,0454f0a72b2c094e6d6d7f71,FEEDBACK,essay_polish,0.4454809505735028,0,false,true,true,false,false,false,missing_preference_row,high,source_linked,missing_expiry_review,review_missing_memory_consent_preference,review,create-or-confirm-memory-preference,review_before_chat_recall_or_application_analysis_context
f372721a547fab67658951d8,92770f00c401fc3deae8e40f,FACT,test_score,0.8192645437764127,1,false,true,false,false,false,false,missing_preference_row,high,weak_metadata_only,missing_expiry_review,review_missing_memory_consent_preference,review,create-or-confirm-memory-preference,review_before_chat_recall_or_application_analysis_context
42a4309e0068639cd92b6f43,0454f0a72b2c094e6d6d7f71,FACT,profile_analysis,0.7905724604079728,0,false,true,false,false,false,false,missing_preference_row,high,weak_metadata_only,missing_expiry_review,review_missing_memory_consent_preference,review,create-or-confirm-memory-preference,review_before_chat_recall_or_application_analysis_context
0fa0c447f0e998d9305be4b7,0454f0a72b2c094e6d6d7f71,FEEDBACK,improvement,0.6917525269313519,0,false,true,false,false,false,false,missing_preference_row,medium,weak_metadata_only,missing_expiry_review,review_missing_memory_consent_preference,review,create-or-confirm-memory-preference,weak_state_only_until_source_consent_retention_review
c9c81f8694c46b7782986f5f,0454f0a72b2c094e6d6d7f71,FACT,profile_analysis,0.7905738368127008,0,false,true,false,false,false,false,missing_preference_row,high,weak_metadata_only,missing_expiry_review,review_missing_memory_consent_preference,review,create-or-confirm-memory-preference,review_before_chat_recall_or_application_analysis_context
00d314030fa085ae395b1816,0454f0a72b2c094e6d6d7f71,FACT,profile_analysis,0.741162109878645,0,false,true,false,false,false,false,missing_preference_row,high,weak_metadata_only,missing_expiry_review,review_missing_memory_consent_preference,review,create-or-confirm-memory-preference,review_before_chat_recall_or_application_analysis_context
e8dc4eda9043cc6924f71d23,92770f00c401fc3deae8e40f,DECISION,school_prediction,0.7934911747931217,0,false,true,false,false,false,false,missing_preference_row,high,weak_metadata_only,long_lived_allowed_by_type,review_missing_memory_consent_preference,review,create-or-confirm-memory-preference,review_before_chat_recall_or_application_analysis_context
0dba175dbaa18c55e560f9ae,a02d4f3b442e7bfff7f6fbc9,DECISION,school_prediction,0.793492868955727,0,false,true,false,false,false,false,missing_preference_row,high,weak_metadata_only,long_lived_allowed_by_type,review_missing_memory_consent_preference,review,create-or-confirm-memory-preference,review_before_chat_recall_or_application_analysis_context
62d88347aa3f23ca6b610f7a,b9f2083de353a60e0cdf3c68,FACT,activity,0.6943046029276672,0,false,true,false,false,false,false,missing_preference_row,high,weak_metadata_only,missing_expiry_review,review_missing_memory_consent_preference,review,create-or-confirm-memory-preference,review_before_chat_recall_or_application_analysis_context
01ded6215be458cea43fe46a,ed22821bca59bb790aaabb35,FACT,test_score,0.83999439182159,0,false,true,false,false,false,false,missing_preference_row,high,weak_metadata_only,missing_expiry_review,review_missing_memory_consent_preference,review,create-or-confirm-memory-preference,review_before_chat_recall_or_application_analysis_context
fa791561de6d6a1df3a08de1,355e3833b89c6b3a869cc96c,FACT,test_score,0.868798448665551,1,false,true,false,false,false,false,missing_preference_row,high,weak_metadata_only,missing_expiry_review,review_missing_memory_consent_preference,review,create-or-confirm-memory-preference,review_before_chat_recall_or_application_analysis_context
99f90cc834d0a5d422d9879d,88c3806ff02f2c417278f79c,FACT,test_score,0.8192672708703924,1,false,true,false,false,false,false,missing_preference_row,high,weak_metadata_only,missing_expiry_review,review_missing_memory_consent_preference,review,create-or-confirm-memory-preference,review_before_chat_recall_or_application_analysis_context
4138b76a7ba3d06c23af65a7,a02d4f3b442e7bfff7f6fbc9,FACT,activity,0.6943062212281509,0,false,true,false,false,false,false,missing_preference_row,high,weak_metadata_only,missing_expiry_review,review_missing_memory_consent_preference,review,create-or-confirm-memory-preference,review_before_chat_recall_or_application_analysis_context
ed828209c9288d83435b0faa,0454f0a72b2c094e6d6d7f71,DECISION,school_recommendation,0.8399852082949437,0,false,true,false,false,false,false,missing_preference_row,medium,weak_metadata_only,long_lived_allowed_by_type,review_missing_memory_consent_preference,review,create-or-confirm-memory-preference,weak_state_only_until_source_consent_retention_review
d87f92341c5589f50d8b7db9,0454f0a72b2c094e6d6d7f71,FEEDBACK,improvement,0.5444731481979418,0,false,true,false,false,false,false,missing_preference_row,medium,weak_metadata_only,missing_expiry_review,review_missing_memory_consent_preference,review,create-or-confirm-memory-preference,weak_state_only_until_source_consent_retention_review
35503b7eb041011fa41bb41c,0454f0a72b2c094e6d6d7f71,FACT,profile_analysis,0.6917472539376204,0,false,true,false,false,false,false,missing_preference_row,high,weak_metadata_only,missing_expiry_review,review_missing_memory_consent_preference,review,create-or-confirm-memory-preference,review_before_chat_recall_or_application_analysis_context
6f894805004a69197bf8e0c9,0454f0a72b2c094e6d6d7f71,FEEDBACK,improvement,0.5444766282752382,0,false,true,false,false,false,false,missing_preference_row,medium,weak_metadata_only,missing_expiry_review,review_missing_memory_consent_preference,review,create-or-confirm-memory-preference,weak_state_only_until_source_consent_retention_review
a2a91f5a44a2e1c67e0463b5,3c42e83cf041afb7b571e5c9,FACT,profile_update,0.7706803843270071,1,false,true,true,false,false,false,missing_preference_row,high,tool_or_action_linked,missing_expiry_review,review_missing_memory_consent_preference,review,create-or-confirm-memory-preference,review_before_chat_recall_or_application_analysis_context
e1f89b533785b899c954fe16,f2b079e205e41315ac5b3c02,FACT,test_score,0.8687985491816456,1,false,true,false,false,false,false,missing_preference_row,high,weak_metadata_only,missing_expiry_review,review_missing_memory_consent_preference,review,create-or-confirm-memory-preference,review_before_chat_recall_or_application_analysis_context
a56f6630807fd767fcb134a3,88c3806ff02f2c417278f79c,DECISION,school_prediction,0.7934932375832684,0,false,true,false,false,false,false,missing_preference_row,high,weak_metadata_only,long_lived_allowed_by_type,review_missing_memory_consent_preference,review,create-or-confirm-memory-preference,review_before_chat_recall_or_application_analysis_context
0622d83f07ffa4cbaa29589b,0454f0a72b2c094e6d6d7f71,FEEDBACK,improvement,0.5444754342570177,0,false,true,false,false,false,false,missing_preference_row,medium,weak_metadata_only,missing_expiry_review,review_missing_memory_consent_preference,review,create-or-confirm-memory-preference,weak_state_only_until_source_consent_retention_review
cfedefd7d330f02c0f3233a9,0c62cbf7f64dd5f11b72c27e,FACT,profile_update,0.7825787390821214,7,false,true,true,false,false,false,missing_preference_row,high,tool_or_action_linked,missing_expiry_review,review_missing_memory_consent_preference,review,create-or-confirm-memory-preference,review_before_chat_recall_or_application_analysis_context
bbc017352433d716c63ffebf,0454f0a72b2c094e6d6d7f71,DECISION,school_recommendation,0.8399825653793669,0,false,true,false,false,false,false,missing_preference_row,medium,weak_metadata_only,long_lived_allowed_by_type,review_missing_memory_consent_preference,review,create-or-confirm-memory-preference,weak_state_only_until_source_consent_retention_review
bc0fa15f18ccd27d1394af9c,aeb2692c7de7e50a47a8b49c,FACT,test_score,0.827199092431209,5,false,true,false,false,false,false,missing_preference_row,high,weak_metadata_only,missing_expiry_review,review_missing_memory_consent_preference,review,create-or-confirm-memory-preference,review_before_chat_recall_or_application_analysis_context
853254908ba65764b6782599,0454f0a72b2c094e6d6d7f71,FEEDBACK,improvement,0.5444730218037416,0,false,true,false,false,false,false,missing_preference_row,medium,weak_metadata_only,missing_expiry_review,review_missing_memory_consent_preference,review,create-or-confirm-memory-preference,weak_state_only_until_source_consent_retention_review
3298240a3ba938901cf7b53c,0454f0a72b2c094e6d6d7f71,FEEDBACK,improvement,0.5444770689426667,0,false,true,false,false,false,false,missing_preference_row,medium,weak_metadata_only,missing_expiry_review,review_missing_memory_consent_preference,review,create-or-confirm-memory-preference,weak_state_only_until_source_consent_retention_review
9d1713b0257f4fd2bbb7f9c7,cb13d0d9d08a1d9e53196092,FACT,test_score,0.8668151785666887,0,false,true,false,false,false,false,missing_preference_row,high,weak_metadata_only,missing_expiry_review,review_missing_memory_consent_preference,review,create-or-confirm-memory-preference,review_before_chat_recall_or_application_analysis_context
ec21cccb269245dcf9c2472d,ed22821bca59bb790aaabb35,FACT,test_score,0.8152886726783807,0,false,true,false,false,false,false,missing_preference_row,high,weak_metadata_only,missing_expiry_review,review_missing_memory_consent_preference,review,create-or-confirm-memory-preference,review_before_chat_recall_or_application_analysis_context
003a85a47beebc92d884a225,0454f0a72b2c094e6d6d7f71,FEEDBACK,improvement,0.6917532787404117,0,false,true,false,false,false,false,missing_preference_row,medium,weak_metadata_only,missing_expiry_review,review_missing_memory_consent_preference,review,create-or-confirm-memory-preference,weak_state_only_until_source_consent_retention_review
f3b712681cb2e4714d2a5428,a02d4f3b442e7bfff7f6fbc9,FACT,activity,0.6943062212512263,0,false,true,false,false,false,false,missing_preference_row,high,weak_metadata_only,missing_expiry_review,review_missing_memory_consent_preference,review,create-or-confirm-memory-preference,review_before_chat_recall_or_application_analysis_context
1e7749907a15076e1d5d472a,92770f00c401fc3deae8e40f,FACT,profile_update,0.7706782749431061,1,false,true,true,false,false,false,missing_preference_row,high,tool_or_action_linked,missing_expiry_review,review_missing_memory_consent_preference,review,create-or-confirm-memory-preference,review_before_chat_recall_or_application_analysis_context
50fcd72c33bf068142c85563,0454f0a72b2c094e6d6d7f71,FACT,profile_analysis,0.7411646417121136,0,false,true,false,false,false,false,missing_preference_row,high,weak_metadata_only,missing_expiry_review,review_missing_memory_consent_preference,review,create-or-confirm-memory-preference,review_before_chat_recall_or_application_analysis_context
a66c9bf30afd8eb3f8f1c192,0c62cbf7f64dd5f11b72c27e,FACT,award,0.7577821998376985,7,false,true,false,false,false,false,missing_preference_row,high,weak_metadata_only,missing_expiry_review,review_missing_memory_consent_preference,review,create-or-confirm-memory-preference,review_before_chat_recall_or_application_analysis_context
91ffa1fda212c5fcb86a81cc,0c62cbf7f64dd5f11b72c27e,FACT,test_score,0.880698940445829,7,false,true,false,false,false,false,missing_preference_row,high,weak_metadata_only,missing_expiry_review,review_missing_memory_consent_preference,review,create-or-confirm-memory-preference,review_before_chat_recall_or_application_analysis_context
66867b458dcb3752b301abe0,0454f0a72b2c094e6d6d7f71,FEEDBACK,improvement,0.6917468386423573,0,false,true,false,false,false,false,missing_preference_row,medium,weak_metadata_only,missing_expiry_review,review_missing_memory_consent_preference,review,create-or-confirm-memory-preference,weak_state_only_until_source_consent_retention_review
36e6c878927d9feb5db691fc,88c3806ff02f2c417278f79c,FACT,test_score,0.8687997538920667,1,false,true,false,false,false,false,missing_preference_row,high,weak_metadata_only,missing_expiry_review,review_missing_memory_consent_preference,review,create-or-confirm-memory-preference,review_before_chat_recall_or_application_analysis_context
a54a64bc768c4d43bd629a2f,0454f0a72b2c094e6d6d7f71,DECISION,school_recommendation,0.8399860381381338,0,false,true,false,false,false,false,missing_preference_row,medium,weak_metadata_only,long_lived_allowed_by_type,review_missing_memory_consent_preference,review,create-or-confirm-memory-preference,weak_state_only_until_source_consent_retention_review
ddaeb37d5e8c10926cd88f27,88c3806ff02f2c417278f79c,FACT,profile_update,0.7706802864884826,1,false,true,true,false,false,false,missing_preference_row,high,tool_or_action_linked,missing_expiry_review,review_missing_memory_consent_preference,review,create-or-confirm-memory-preference,review_before_chat_recall_or_application_analysis_context
3bdff1f0e0bbb5d3683f1bdf,aeb2692c7de7e50a47a8b49c,DECISION,school_prediction,0.7994439234537267,3,false,true,false,false,false,false,missing_preference_row,high,weak_metadata_only,long_lived_allowed_by_type,review_missing_memory_consent_preference,review,create-or-confirm-memory-preference,review_before_chat_recall_or_application_analysis_context
19acd4999b62d3e6140c3f70,0454f0a72b2c094e6d6d7f71,FEEDBACK,improvement,0.6917521092783518,0,false,true,false,false,false,false,missing_preference_row,medium,weak_metadata_only,missing_expiry_review,review_missing_memory_consent_preference,review,create-or-confirm-memory-preference,weak_state_only_until_source_consent_retention_review
947698f6228284cdfd50b56a,0454f0a72b2c094e6d6d7f71,FEEDBACK,improvement,0.5444748112643818,0,false,true,false,false,false,false,missing_preference_row,medium,weak_metadata_only,missing_expiry_review,review_missing_memory_consent_preference,review,create-or-confirm-memory-preference,weak_state_only_until_source_consent_retention_review
59960f61d0df421d38f9b998,cb13d0d9d08a1d9e53196092,FACT,award,0.7438976827442922,0,false,true,false,false,false,false,missing_preference_row,high,weak_metadata_only,missing_expiry_review,review_missing_memory_consent_preference,review,create-or-confirm-memory-preference,review_before_chat_recall_or_application_analysis_context
f0ef6b61fad7e126829fb069,3c42e83cf041afb7b571e5c9,DECISION,school_prediction,0.7934933334273293,0,false,true,false,false,false,false,missing_preference_row,high,weak_metadata_only,long_lived_allowed_by_type,review_missing_memory_consent_preference,review,create-or-confirm-memory-preference,review_before_chat_recall_or_application_analysis_context
4e595cfc43df104ff3ee04b7,0c62cbf7f64dd5f11b72c27e,FACT,activity,0.6943030626862102,0,false,true,false,false,false,false,missing_preference_row,high,weak_metadata_only,missing_expiry_review,review_missing_memory_consent_preference,review,create-or-confirm-memory-preference,review_before_chat_recall_or_application_analysis_context
b8f250044c74f63f361f2a8d,cb13d0d9d08a1d9e53196092,FACT,activity,0.6943045069096501,0,false,true,false,false,false,false,missing_preference_row,high,weak_metadata_only,missing_expiry_review,review_missing_memory_consent_preference,review,create-or-confirm-memory-preference,review_before_chat_recall_or_application_analysis_context
b21d82d7dcf30f7c02657352,a02d4f3b442e7bfff7f6fbc9,FACT,profile_update,0.7706799054579456,1,false,true,true,false,false,false,missing_preference_row,high,tool_or_action_linked,missing_expiry_review,review_missing_memory_consent_preference,review,create-or-confirm-memory-preference,review_before_chat_recall_or_application_analysis_context
e569dc2cd048330078e23d41,0c62cbf7f64dd5f11b72c27e,FACT,test_score,0.8311667760180934,7,false,true,false,false,false,false,missing_preference_row,high,weak_metadata_only,missing_expiry_review,review_missing_memory_consent_preference,review,create-or-confirm-memory-preference,review_before_chat_recall_or_application_analysis_context
2d5ac4f6bf67676cbaff06e8,0454f0a72b2c094e6d6d7f71,FACT,profile_analysis,0.7905759455260696,0,false,true,false,false,false,false,missing_preference_row,high,weak_metadata_only,missing_expiry_review,review_missing_memory_consent_preference,review,create-or-confirm-memory-preference,review_before_chat_recall_or_application_analysis_context
a479bf1240b2da6298de0322,3c42e83cf041afb7b571e5c9,FACT,test_score,0.8687998945144811,1,false,true,false,false,false,false,missing_preference_row,high,weak_metadata_only,missing_expiry_review,review_missing_memory_consent_preference,review,create-or-confirm-memory-preference,review_before_chat_recall_or_application_analysis_context
5769a3a34cef7fbf23123d6a,0454f0a72b2c094e6d6d7f71,DECISION,school_recommendation,0.8399786727488746,0,false,true,false,false,false,false,missing_preference_row,medium,weak_metadata_only,long_lived_allowed_by_type,review_missing_memory_consent_preference,review,create-or-confirm-memory-preference,weak_state_only_until_source_consent_retention_review
1181b5b9f9138ba443cdaafb,cb13d0d9d08a1d9e53196092,FACT,test_score,0.8172828796466199,0,false,true,false,false,false,false,missing_preference_row,high,weak_metadata_only,missing_expiry_review,review_missing_memory_consent_preference,review,create-or-confirm-memory-preference,review_before_chat_recall_or_application_analysis_context
24003758ff1b52cb129e9efc,b9f2083de353a60e0cdf3c68,FACT,activity,0.6943046029507413,0,false,true,false,false,false,false,missing_preference_row,high,weak_metadata_only,missing_expiry_review,review_missing_memory_consent_preference,review,create-or-confirm-memory-preference,review_before_chat_recall_or_application_analysis_context
f3990d196334258f9983a3cb,356feb6c190241bfda872996,FACT,test_score,0.8643753886120297,0,false,true,false,false,false,false,missing_preference_row,high,weak_metadata_only,missing_expiry_review,review_missing_memory_consent_preference,review,create-or-confirm-memory-preference,review_before_chat_recall_or_application_analysis_context
b2ed748a85d933b9627a1fc8,1cdfdd327f086b21c0a050cc,FACT,test_score,0.8641258228790031,0,false,true,false,false,false,false,missing_preference_row,high,weak_metadata_only,missing_expiry_review,review_missing_memory_consent_preference,review,create-or-confirm-memory-preference,review_before_chat_recall_or_application_analysis_context
cbabd60107b3d5e18f7a738d,0454f0a72b2c094e6d6d7f71,DECISION,school_recommendation,0.8399771548074312,0,false,true,false,false,false,false,missing_preference_row,medium,weak_metadata_only,long_lived_allowed_by_type,review_missing_memory_consent_preference,review,create-or-confirm-memory-preference,weak_state_only_until_source_consent_retention_review
a832e191c97804de4265e2e4,356feb6c190241bfda872996,FACT,test_score,0.8149825092127342,0,false,true,false,false,false,false,missing_preference_row,high,weak_metadata_only,missing_expiry_review,review_missing_memory_consent_preference,review,create-or-confirm-memory-preference,review_before_chat_recall_or_application_analysis_context
276cec3127a8bfc745e162a1,0454f0a72b2c094e6d6d7f71,FEEDBACK,improvement,0.691497049653771,0,false,true,false,false,false,false,missing_preference_row,medium,weak_metadata_only,missing_expiry_review,review_missing_memory_consent_preference,review,create-or-confirm-memory-preference,weak_state_only_until_source_consent_retention_review
e92c0ccdb0627a3c136980a2,2e6eb3b3ab42be258b33e462,FACT,test_score,0.8643670509790322,0,false,true,false,false,false,false,missing_preference_row,high,weak_metadata_only,missing_expiry_review,review_missing_memory_consent_preference,review,create-or-confirm-memory-preference,review_before_chat_recall_or_application_analysis_context
7c3c912e6ac5ce6de2d4cc30,d0e4253985cba8e289e900ac,FACT,test_score,0.8644767090549177,0,false,true,false,false,false,false,missing_preference_row,high,weak_metadata_only,missing_expiry_review,review_missing_memory_consent_preference,review,create-or-confirm-memory-preference,review_before_chat_recall_or_application_analysis_context
dc5bbe0e721dfa28a2ceb70c,787856073e65281e1f84d958,FACT,test_score,0.8644770287777498,0,false,true,false,false,false,false,missing_preference_row,high,weak_metadata_only,missing_expiry_review,review_missing_memory_consent_preference,review,create-or-confirm-memory-preference,review_before_chat_recall_or_application_analysis_context
6278b0d84d7b507ad91e2187,1084577cbb3f38657c9e4ced,FACT,test_score,0.8149802389520785,0,false,true,false,false,false,false,missing_preference_row,high,weak_metadata_only,missing_expiry_review,review_missing_memory_consent_preference,review,create-or-confirm-memory-preference,review_before_chat_recall_or_application_analysis_context
8849dbb0d83087c2c8bce85f,c0678f660ded4d9238e9eb1c,FACT,test_score,0.8643795448583305,0,false,true,false,false,false,false,missing_preference_row,high,weak_metadata_only,missing_expiry_review,review_missing_memory_consent_preference,review,create-or-confirm-memory-preference,review_before_chat_recall_or_application_analysis_context
fb800e5d8322ded8bd6f6eba,1084577cbb3f38657c9e4ced,FACT,test_score,0.8643729807522345,0,false,true,false,false,false,false,missing_preference_row,high,weak_metadata_only,missing_expiry_review,review_missing_memory_consent_preference,review,create-or-confirm-memory-preference,review_before_chat_recall_or_application_analysis_context
a52bbe39cfb21f0adc5651ab,1cdfdd327f086b21c0a050cc,FACT,test_score,0.8641258228978076,0,false,true,false,false,false,false,missing_preference_row,high,weak_metadata_only,missing_expiry_review,review_missing_memory_consent_preference,review,create-or-confirm-memory-preference,review_before_chat_recall_or_application_analysis_context
dc272028d3d63b8875ec5db6,0454f0a72b2c094e6d6d7f71,FACT,profile_analysis,0.7409682003699338,0,false,true,false,false,false,false,missing_preference_row,high,weak_metadata_only,missing_expiry_review,review_missing_memory_consent_preference,review,create-or-confirm-memory-preference,review_before_chat_recall_or_application_analysis_context
2d69b5ecc164496a022411e0,1aba494c20482f7428d5ee38,FACT,test_score,0.8644753528734275,0,false,true,false,false,false,false,missing_preference_row,high,weak_metadata_only,missing_expiry_review,review_missing_memory_consent_preference,review,create-or-confirm-memory-preference,review_before_chat_recall_or_application_analysis_context
b895db1c92081e90bba6d0cd,c0678f660ded4d9238e9eb1c,FACT,test_score,0.8149864279735376,0,false,true,false,false,false,false,missing_preference_row,high,weak_metadata_only,missing_expiry_review,review_missing_memory_consent_preference,review,create-or-confirm-memory-preference,review_before_chat_recall_or_application_analysis_context
27233d46aa1f4679bf78e8ad,839e342bc77197b9adf45bd3,FACT,test_score,0.8643752671398643,0,false,true,false,false,false,false,missing_preference_row,high,weak_metadata_only,missing_expiry_review,review_missing_memory_consent_preference,review,create-or-confirm-memory-preference,review_before_chat_recall_or_application_analysis_context
5e15cc870f19579cd27ee1d9,db8b0894f820112628cf25d2,FACT,test_score,0.8149863521362208,0,false,true,false,false,false,false,missing_preference_row,high,weak_metadata_only,missing_expiry_review,review_missing_memory_consent_preference,review,create-or-confirm-memory-preference,review_before_chat_recall_or_application_analysis_context
751bf1878cc8c5b7439af93a,d0e4253985cba8e289e900ac,FACT,test_score,0.8150780398943559,0,false,true,false,false,false,false,missing_preference_row,high,weak_metadata_only,missing_expiry_review,review_missing_memory_consent_preference,review,create-or-confirm-memory-preference,review_before_chat_recall_or_application_analysis_context
19a5673be7c3277ea431dac0,8f0b234b1d1992e3ca4ac7e7,FACT,test_score,0.8644750849089382,0,false,true,false,false,false,false,missing_preference_row,high,weak_metadata_only,missing_expiry_review,review_missing_memory_consent_preference,review,create-or-confirm-memory-preference,review_before_chat_recall_or_application_analysis_context
1f9b32d60930b3e18b104659,0454f0a72b2c094e6d6d7f71,DECISION,school_recommendation,0.8436224492774578,2,false,true,false,false,false,false,missing_preference_row,medium,weak_metadata_only,long_lived_allowed_by_type,review_missing_memory_consent_preference,review,create-or-confirm-memory-preference,weak_state_only_until_source_consent_retention_review
3a535d9660a4826a06250c84,1aba494c20482f7428d5ee38,FACT,test_score,0.8150767612268804,0,false,true,false,false,false,false,missing_preference_row,high,weak_metadata_only,missing_expiry_review,review_missing_memory_consent_preference,review,create-or-confirm-memory-preference,review_before_chat_recall_or_application_analysis_context
181af2ae8c95bd8f0a9bbaf8,1084577cbb3f38657c9e4ced,FACT,test_score,0.8149802389842428,0,false,true,false,false,false,false,missing_preference_row,high,weak_metadata_only,missing_expiry_review,review_missing_memory_consent_preference,review,create-or-confirm-memory-preference,review_before_chat_recall_or_application_analysis_context
b3f952321dd14b4a406a09c2,875833987e2b62cb7ddbfe82,FACT,test_score,0.8149784664922853,0,false,true,false,false,false,false,missing_preference_row,high,weak_metadata_only,missing_expiry_review,review_missing_memory_consent_preference,review,create-or-confirm-memory-preference,review_before_chat_recall_or_application_analysis_context
2654144a8478a7166025784d,43b601f05e9fbd065ec680a6,FACT,test_score,0.8397895205924251,0,false,true,false,false,false,false,missing_preference_row,high,weak_metadata_only,missing_expiry_review,review_missing_memory_consent_preference,review,create-or-confirm-memory-preference,review_before_chat_recall_or_application_analysis_context
6d09fabce0403153dc11bc79,839e342bc77197b9adf45bd3,FACT,test_score,0.8643752671360737,0,false,true,false,false,false,false,missing_preference_row,high,weak_metadata_only,missing_expiry_review,review_missing_memory_consent_preference,review,create-or-confirm-memory-preference,review_before_chat_recall_or_application_analysis_context
98f47c07c87c5e844ff30a54,0454f0a72b2c094e6d6d7f71,FEEDBACK,improvement,0.5433225852659193,0,false,true,false,false,false,false,missing_preference_row,medium,weak_metadata_only,missing_expiry_review,review_missing_memory_consent_preference,review,create-or-confirm-memory-preference,weak_state_only_until_source_consent_retention_review
9dd7ff69ed4817987492b287,787856073e65281e1f84d958,FACT,test_score,0.8150783413544823,0,false,true,false,false,false,false,missing_preference_row,high,weak_metadata_only,missing_expiry_review,review_missing_memory_consent_preference,review,create-or-confirm-memory-preference,review_before_chat_recall_or_application_analysis_context
ca03177275729398befd1afa,407e7bc15345684ec7a464be,FACT,test_score,0.8643778293854684,0,false,true,false,false,false,false,missing_preference_row,high,weak_metadata_only,missing_expiry_review,review_missing_memory_consent_preference,review,create-or-confirm-memory-preference,review_before_chat_recall_or_application_analysis_context
1d61bdd7b18fcaacedd8f586,0454f0a72b2c094e6d6d7f71,DECISION,swipe_prediction,0.740871931515175,0,false,true,true,false,false,false,missing_preference_row,medium,source_linked,long_lived_allowed_by_type,review_missing_memory_consent_preference,review,create-or-confirm-memory-preference,weak_state_only_until_source_consent_retention_review
3a84ab704d9929f0f58fa684,7f2cc6c7372a4cd8e30d361f,FACT,test_score,0.8147483272495286,0,false,true,false,false,false,false,missing_preference_row,high,weak_metadata_only,missing_expiry_review,review_missing_memory_consent_preference,review,create-or-confirm-memory-preference,review_before_chat_recall_or_application_analysis_context
e91c52f19649bbaaa26417e2,356feb6c190241bfda872996,FACT,test_score,0.8149825092055858,0,false,true,false,false,false,false,missing_preference_row,high,weak_metadata_only,missing_expiry_review,review_missing_memory_consent_preference,review,create-or-confirm-memory-preference,review_before_chat_recall_or_application_analysis_context
1a3c9fe52cd04b4c6cc0e3b3,e0df4f05f68bba19999ff49e,FACT,test_score,0.814985676840113,0,false,true,false,false,false,false,missing_preference_row,high,weak_metadata_only,missing_expiry_review,review_missing_memory_consent_preference,review,create-or-confirm-memory-preference,review_before_chat_recall_or_application_analysis_context
72cdde9bff92141eeb4e906d,787856073e65281e1f84d958,FACT,test_score,0.8644770287587357,0,false,true,false,false,false,false,missing_preference_row,high,weak_metadata_only,missing_expiry_review,review_missing_memory_consent_preference,review,create-or-confirm-memory-preference,review_before_chat_recall_or_application_analysis_context
b230a6103051ef8fb395ef9d,0454f0a72b2c094e6d6d7f71,FACT,profile_analysis,0.7902786418998022,0,false,true,false,false,false,false,missing_preference_row,high,weak_metadata_only,missing_expiry_review,review_missing_memory_consent_preference,review,create-or-confirm-memory-preference,review_before_chat_recall_or_application_analysis_context
eb97f37bd36d97c2954e6a72,0454f0a72b2c094e6d6d7f71,PREFERENCE,profile,0.6560316099576008,7,false,true,false,false,false,false,missing_preference_row,high,weak_metadata_only,long_lived_allowed_by_type,review_missing_memory_consent_preference,review,create-or-confirm-memory-preference,review_before_chat_recall_or_application_analysis_context
2d5ba6872a4783df663991ab,db8b0894f820112628cf25d2,FACT,test_score,0.8643794644475596,0,false,true,false,false,false,false,missing_preference_row,high,weak_metadata_only,missing_expiry_review,review_missing_memory_consent_preference,review,create-or-confirm-memory-preference,review_before_chat_recall_or_application_analysis_context
2f7f2a42533a960546e0760b,0454f0a72b2c094e6d6d7f71,DECISION,swipe_prediction,0.7408715393943864,0,false,true,true,false,false,false,missing_preference_row,medium,source_linked,long_lived_allowed_by_type,review_missing_memory_consent_preference,review,create-or-confirm-memory-preference,weak_state_only_until_source_consent_retention_review
8977621483fc1418bcbdbd00,0454f0a72b2c094e6d6d7f71,DECISION,swipe_prediction,0.740871227273795,0,false,true,true,false,false,false,missing_preference_row,medium,source_linked,long_lived_allowed_by_type,review_missing_memory_consent_preference,review,create-or-confirm-memory-preference,weak_state_only_until_source_consent_retention_review
5622e4a36ef0bb98fcfdbb3c,d0e4253985cba8e289e900ac,FACT,test_score,0.8150780399911635,0,false,true,false,false,false,false,missing_preference_row,high,weak_metadata_only,missing_expiry_review,review_missing_memory_consent_preference,review,create-or-confirm-memory-preference,review_before_chat_recall_or_application_analysis_context
48b629722d3d8a786fa114f1,a3e2396b71ceb51acb959fc6,FACT,test_score,0.815076632833576,0,false,true,false,false,false,false,missing_preference_row,high,weak_metadata_only,missing_expiry_review,review_missing_memory_consent_preference,review,create-or-confirm-memory-preference,review_before_chat_recall_or_application_analysis_context
548974125ef5f1045dad93fc,8f0b234b1d1992e3ca4ac7e7,FACT,test_score,0.8150765085280396,0,false,true,false,false,false,false,missing_preference_row,high,weak_metadata_only,missing_expiry_review,review_missing_memory_consent_preference,review,create-or-confirm-memory-preference,review_before_chat_recall_or_application_analysis_context
cfbcca8be750784b440fc1e0,a3e2396b71ceb51acb959fc6,FACT,test_score,0.8644752166568814,0,false,true,false,false,false,false,missing_preference_row,high,weak_metadata_only,missing_expiry_review,review_missing_memory_consent_preference,review,create-or-confirm-memory-preference,review_before_chat_recall_or_application_analysis_context
1d8d197c2261e01ddacfcd7f,7474e419a4cf4bf9fc35962c,FACT,test_score,0.8643766473290425,0,false,true,false,false,false,false,missing_preference_row,high,weak_metadata_only,missing_expiry_review,review_missing_memory_consent_preference,review,create-or-confirm-memory-preference,review_before_chat_recall_or_application_analysis_context
4c0502d732053a34655a1a59,7474e419a4cf4bf9fc35962c,FACT,test_score,0.8149836960245037,0,false,true,false,false,false,false,missing_preference_row,high,weak_metadata_only,missing_expiry_review,review_missing_memory_consent_preference,review,create-or-confirm-memory-preference,review_before_chat_recall_or_application_analysis_context
b9d664cb49516a9c1e519680,66ab1cb9a2a8f0fd73bdd381,FACT,test_score,0.8150845255029505,0,false,true,false,false,false,false,missing_preference_row,high,weak_metadata_only,missing_expiry_review,review_missing_memory_consent_preference,review,create-or-confirm-memory-preference,review_before_chat_recall_or_application_analysis_context
75037d38f3a9906f66f83d4a,839e342bc77197b9adf45bd3,FACT,test_score,0.8149823946032061,0,false,true,false,false,false,false,missing_preference_row,high,weak_metadata_only,missing_expiry_review,review_missing_memory_consent_preference,review,create-or-confirm-memory-preference,review_before_chat_recall_or_application_analysis_context
2cb5f6ce1b07c2c3c140425c,66ab1cb9a2a8f0fd73bdd381,FACT,test_score,0.8644835877421267,0,false,true,false,false,false,false,missing_preference_row,high,weak_metadata_only,missing_expiry_review,review_missing_memory_consent_preference,review,create-or-confirm-memory-preference,review_before_chat_recall_or_application_analysis_context
dc1439ae8a792bc27d31fcd1,0454f0a72b2c094e6d6d7f71,DECISION,school_recommendation,0.8396803554237061,0,false,true,false,false,false,false,missing_preference_row,medium,weak_metadata_only,long_lived_allowed_by_type,review_missing_memory_consent_preference,review,create-or-confirm-memory-preference,weak_state_only_until_source_consent_retention_review
1459ef6f38a8055ed8cb6b8b,d0e4253985cba8e289e900ac,FACT,test_score,0.8644767090891425,0,false,true,false,false,false,false,missing_preference_row,high,weak_metadata_only,missing_expiry_review,review_missing_memory_consent_preference,review,create-or-confirm-memory-preference,review_before_chat_recall_or_application_analysis_context
0268544b54f7f6089b7af1fe,832d89b12cc54acf96a4c3be,FACT,test_score,0.8644816221183759,0,false,true,false,false,false,false,missing_preference_row,high,weak_metadata_only,missing_expiry_review,review_missing_memory_consent_preference,review,create-or-confirm-memory-preference,review_before_chat_recall_or_application_analysis_context
d97eeb6d4db224b33ef7721e,b71a8640396eb8fdde726744,FACT,test_score,0.8150830033458716,0,false,true,false,false,false,false,missing_preference_row,high,weak_metadata_only,missing_expiry_review,review_missing_memory_consent_preference,review,create-or-confirm-memory-preference,review_before_chat_recall_or_application_analysis_context
0f98fcf0bb59e4e0d5c5def7,787856073e65281e1f84d958,FACT,test_score,0.8150783413293838,0,false,true,false,false,false,false,missing_preference_row,high,weak_metadata_only,missing_expiry_review,review_missing_memory_consent_preference,review,create-or-confirm-memory-preference,review_before_chat_recall_or_application_analysis_context
ee1d461d0cfe14f94967cf6d,875833987e2b62cb7ddbfe82,FACT,test_score,0.814978466495859,0,false,true,false,false,false,false,missing_preference_row,high,weak_metadata_only,missing_expiry_review,review_missing_memory_consent_preference,review,create-or-confirm-memory-preference,review_before_chat_recall_or_application_analysis_context
774e4e67806947e4934a8adf,0454f0a72b2c094e6d6d7f71,FEEDBACK,improvement,0.5572080886921656,8,false,true,false,false,false,false,missing_preference_row,medium,weak_metadata_only,missing_expiry_review,review_missing_memory_consent_preference,review,create-or-confirm-memory-preference,weak_state_only_until_source_consent_retention_review
14ad6970ac6745d731a01765,832d89b12cc54acf96a4c3be,FACT,test_score,0.8150826722830403,0,false,true,false,false,false,false,missing_preference_row,high,weak_metadata_only,missing_expiry_review,review_missing_memory_consent_preference,review,create-or-confirm-memory-preference,review_before_chat_recall_or_application_analysis_context
588fdbf0b274b8e74d2492d0,1aba494c20482f7428d5ee38,FACT,test_score,0.8150767612376364,0,false,true,false,false,false,false,missing_preference_row,high,weak_metadata_only,missing_expiry_review,review_missing_memory_consent_preference,review,create-or-confirm-memory-preference,review_before_chat_recall_or_application_analysis_context
0bf1df0402459e45e3ce7dcb,0454f0a72b2c094e6d6d7f71,DECISION,school_recommendation,0.8594404026022042,10,false,true,false,false,false,false,missing_preference_row,medium,weak_metadata_only,long_lived_allowed_by_type,review_missing_memory_consent_preference,review,create-or-confirm-memory-preference,weak_state_only_until_source_consent_retention_review
d0c1c1591249c64edbce5b8b,a3e2396b71ceb51acb959fc6,FACT,test_score,0.8150766328120641,0,false,true,false,false,false,false,missing_preference_row,high,weak_metadata_only,missing_expiry_review,review_missing_memory_consent_preference,review,create-or-confirm-memory-preference,review_before_chat_recall_or_application_analysis_context
a2fe21c74a1bb8a0cd231d39,66ab1cb9a2a8f0fd73bdd381,FACT,test_score,0.8644835876926803,0,false,true,false,false,false,false,missing_preference_row,high,weak_metadata_only,missing_expiry_review,review_missing_memory_consent_preference,review,create-or-confirm-memory-preference,review_before_chat_recall_or_application_analysis_context
c8a22fc67e050ad4296ad49e,b71a8640396eb8fdde726744,FACT,test_score,0.864481973241818,0,false,true,false,false,false,false,missing_preference_row,high,weak_metadata_only,missing_expiry_review,review_missing_memory_consent_preference,review,create-or-confirm-memory-preference,review_before_chat_recall_or_application_analysis_context
8cce68bd31aaa90402ed04b7,7f2cc6c7372a4cd8e30d361f,FACT,test_score,0.8641270137758275,0,false,true,false,false,false,false,missing_preference_row,high,weak_metadata_only,missing_expiry_review,review_missing_memory_consent_preference,review,create-or-confirm-memory-preference,review_before_chat_recall_or_application_analysis_context
95fec1cb4f1069852fafb536,c0678f660ded4d9238e9eb1c,FACT,test_score,0.8643795448659127,0,false,true,false,false,false,false,missing_preference_row,high,weak_metadata_only,missing_expiry_review,review_missing_memory_consent_preference,review,create-or-confirm-memory-preference,review_before_chat_recall_or_application_analysis_context
01567440bd02131890e2d35c,875833987e2b62cb7ddbfe82,FACT,test_score,0.8643711008592626,0,false,true,false,false,false,false,missing_preference_row,high,weak_metadata_only,missing_expiry_review,review_missing_memory_consent_preference,review,create-or-confirm-memory-preference,review_before_chat_recall_or_application_analysis_context
858b18af750568a0f6bb31aa,0454f0a72b2c094e6d6d7f71,FACT,essay,0.7904000550408616,9,false,true,false,false,false,false,missing_preference_row,high,weak_metadata_only,missing_expiry_review,review_missing_memory_consent_preference,review,create-or-confirm-memory-preference,review_before_chat_recall_or_application_analysis_context
b2739d5df1e5a56ca4e4eeb1,c0678f660ded4d9238e9eb1c,FACT,test_score,0.8149864279342178,0,false,true,false,false,false,false,missing_preference_row,high,weak_metadata_only,missing_expiry_review,review_missing_memory_consent_preference,review,create-or-confirm-memory-preference,review_before_chat_recall_or_application_analysis_context
c4061334c209bc9be6eaa3bc,66ab1cb9a2a8f0fd73bdd381,FACT,test_score,0.8150845255244679,0,false,true,false,false,false,false,missing_preference_row,high,weak_metadata_only,missing_expiry_review,review_missing_memory_consent_preference,review,create-or-confirm-memory-preference,review_before_chat_recall_or_application_analysis_context
55308a46d2b21138428b5587,839e342bc77197b9adf45bd3,FACT,test_score,0.8149823946854096,0,false,true,false,false,false,false,missing_preference_row,high,weak_metadata_only,missing_expiry_review,review_missing_memory_consent_preference,review,create-or-confirm-memory-preference,review_before_chat_recall_or_application_analysis_context
954906be459bc205f37e3972,0454f0a72b2c094e6d6d7f71,DECISION,swipe_prediction,0.7408712384159115,0,false,true,true,false,false,false,missing_preference_row,medium,source_linked,long_lived_allowed_by_type,review_missing_memory_consent_preference,review,create-or-confirm-memory-preference,weak_state_only_until_source_consent_retention_review
ea980bf9e2242a284e322b5b,0454f0a72b2c094e6d6d7f71,FACT,profile_analysis,0.6915001914561355,0,false,true,false,false,false,false,missing_preference_row,high,weak_metadata_only,missing_expiry_review,review_missing_memory_consent_preference,review,create-or-confirm-memory-preference,review_before_chat_recall_or_application_analysis_context
b60e1117c9c799aff553099f,0454f0a72b2c094e6d6d7f71,FACT,profile_analysis,0.7905667965938508,0,false,true,false,false,false,false,missing_preference_row,high,weak_metadata_only,missing_expiry_review,review_missing_memory_consent_preference,review,create-or-confirm-memory-preference,review_before_chat_recall_or_application_analysis_context
e114b44940b5ff47776f47ee,e0df4f05f68bba19999ff49e,FACT,test_score,0.8149856768150919,0,false,true,false,false,false,false,missing_preference_row,high,weak_metadata_only,missing_expiry_review,review_missing_memory_consent_preference,review,create-or-confirm-memory-preference,review_before_chat_recall_or_application_analysis_context
97160f45afa51d11ca1370d4,0454f0a72b2c094e6d6d7f71,DECISION,school_prediction,0.8574626226936714,9,false,true,false,false,false,false,missing_preference_row,high,weak_metadata_only,long_lived_allowed_by_type,review_missing_memory_consent_preference,review,create-or-confirm-memory-preference,review_before_chat_recall_or_application_analysis_context
b10a67194b1586bd0346a1f3,e0df4f05f68bba19999ff49e,FACT,test_score,0.8643787481827119,0,false,true,false,false,false,false,missing_preference_row,high,weak_metadata_only,missing_expiry_review,review_missing_memory_consent_preference,review,create-or-confirm-memory-preference,review_before_chat_recall_or_application_analysis_context
aaa3acdd512fb928fd3f51a9,875833987e2b62cb7ddbfe82,FACT,test_score,0.8643711008516822,0,false,true,false,false,false,false,missing_preference_row,high,weak_metadata_only,missing_expiry_review,review_missing_memory_consent_preference,review,create-or-confirm-memory-preference,review_before_chat_recall_or_application_analysis_context
f008fe1b82d41afddac70cac,0454f0a72b2c094e6d6d7f71,FEEDBACK,improvement,0.544472184489768,0,false,true,false,false,false,false,missing_preference_row,medium,weak_metadata_only,missing_expiry_review,review_missing_memory_consent_preference,review,create-or-confirm-memory-preference,weak_state_only_until_source_consent_retention_review
a7c1c6154be2c6c91f8e304e,e0df4f05f68bba19999ff49e,FACT,test_score,0.8643787481827119,0,false,true,false,false,false,false,missing_preference_row,high,weak_metadata_only,missing_expiry_review,review_missing_memory_consent_preference,review,create-or-confirm-memory-preference,review_before_chat_recall_or_application_analysis_context
20784d930e83e5bfa9c49364,407e7bc15345684ec7a464be,FACT,test_score,0.8149848102346019,0,false,true,false,false,false,false,missing_preference_row,high,weak_metadata_only,missing_expiry_review,review_missing_memory_consent_preference,review,create-or-confirm-memory-preference,review_before_chat_recall_or_application_analysis_context
c0b8f6ac7578b1ed7c6ab8c6,0454f0a72b2c094e6d6d7f71,FEEDBACK,essay_review,0.6916048997472893,2,false,true,true,false,false,false,missing_preference_row,high,source_linked,missing_expiry_review,review_missing_memory_consent_preference,review,create-or-confirm-memory-preference,review_before_chat_recall_or_application_analysis_context
fded8b9bca8e9c6b7c37649e,1084577cbb3f38657c9e4ced,FACT,test_score,0.8643729807219115,0,false,true,false,false,false,false,missing_preference_row,high,weak_metadata_only,missing_expiry_review,review_missing_memory_consent_preference,review,create-or-confirm-memory-preference,review_before_chat_recall_or_application_analysis_context
8fb54903f9ca588a68827522,2e6eb3b3ab42be258b33e462,FACT,test_score,0.8149746480873835,0,false,true,false,false,false,false,missing_preference_row,high,weak_metadata_only,missing_expiry_review,review_missing_memory_consent_preference,review,create-or-confirm-memory-preference,review_before_chat_recall_or_application_analysis_context
485b39b11561c6e0c9debbce,7f2cc6c7372a4cd8e30d361f,FACT,test_score,0.8147483272637133,0,false,true,false,false,false,false,missing_preference_row,high,weak_metadata_only,missing_expiry_review,review_missing_memory_consent_preference,review,create-or-confirm-memory-preference,review_before_chat_recall_or_application_analysis_context
1f2cd0aca8461e7b9854c575,356feb6c190241bfda872996,FACT,test_score,0.8643753885968674,0,false,true,false,false,false,false,missing_preference_row,high,weak_metadata_only,missing_expiry_review,review_missing_memory_consent_preference,review,create-or-confirm-memory-preference,review_before_chat_recall_or_application_analysis_context
3eefde0a0edd705bcdb66ad3,7474e419a4cf4bf9fc35962c,FACT,test_score,0.8643766473328331,0,false,true,false,false,false,false,missing_preference_row,high,weak_metadata_only,missing_expiry_review,review_missing_memory_consent_preference,review,create-or-confirm-memory-preference,review_before_chat_recall_or_application_analysis_context
c1d61c95035e43170241d9d3,1aba494c20482f7428d5ee38,FACT,test_score,0.8644753528620196,0,false,true,false,false,false,false,missing_preference_row,high,weak_metadata_only,missing_expiry_review,review_missing_memory_consent_preference,review,create-or-confirm-memory-preference,review_before_chat_recall_or_application_analysis_context
1513f915ead2c64a41e61157,db8b0894f820112628cf25d2,FACT,test_score,0.8643794644513507,0,false,true,false,false,false,false,missing_preference_row,high,weak_metadata_only,missing_expiry_review,review_missing_memory_consent_preference,review,create-or-confirm-memory-preference,review_before_chat_recall_or_application_analysis_context
e89cb8d5b35b02f1cde9057a,0454f0a72b2c094e6d6d7f71,FEEDBACK,improvement,0.544472215150218,0,false,true,false,false,false,false,missing_preference_row,medium,weak_metadata_only,missing_expiry_review,review_missing_memory_consent_preference,review,create-or-confirm-memory-preference,weak_state_only_until_source_consent_retention_review
0a6e438a7d59bb6122af25fb,b71a8640396eb8fdde726744,FACT,test_score,0.8150830033100109,0,false,true,false,false,false,false,missing_preference_row,high,weak_metadata_only,missing_expiry_review,review_missing_memory_consent_preference,review,create-or-confirm-memory-preference,review_before_chat_recall_or_application_analysis_context
dd3dcbc9b9e33991c2786001,7474e419a4cf4bf9fc35962c,FACT,test_score,0.8149836959923357,0,false,true,false,false,false,false,missing_preference_row,high,weak_metadata_only,missing_expiry_review,review_missing_memory_consent_preference,review,create-or-confirm-memory-preference,review_before_chat_recall_or_application_analysis_context
63580d3e30c94b23852c2bf0,a3e2396b71ceb51acb959fc6,FACT,test_score,0.8644752166416714,0,false,true,false,false,false,false,missing_preference_row,high,weak_metadata_only,missing_expiry_review,review_missing_memory_consent_preference,review,create-or-confirm-memory-preference,review_before_chat_recall_or_application_analysis_context
4c09e8f8cbc712c21b480025,db8b0894f820112628cf25d2,FACT,test_score,0.8149863521791151,0,false,true,false,false,false,false,missing_preference_row,high,weak_metadata_only,missing_expiry_review,review_missing_memory_consent_preference,review,create-or-confirm-memory-preference,review_before_chat_recall_or_application_analysis_context
0e8fe617c050151c2acd322e,0454f0a72b2c094e6d6d7f71,FEEDBACK,improvement,0.6914938139695043,0,false,true,false,false,false,false,missing_preference_row,medium,weak_metadata_only,missing_expiry_review,review_missing_memory_consent_preference,review,create-or-confirm-memory-preference,weak_state_only_until_source_consent_retention_review
937edecb7e4c7129b11af532,0454f0a72b2c094e6d6d7f71,FEEDBACK,improvement,0.6915037739010607,6,false,true,false,false,false,false,missing_preference_row,medium,weak_metadata_only,missing_expiry_review,review_missing_memory_consent_preference,review,create-or-confirm-memory-preference,weak_state_only_until_source_consent_retention_review
9ac646dc18921c6f66dda804,2e6eb3b3ab42be258b33e462,FACT,test_score,0.814974648076664,0,false,true,false,false,false,false,missing_preference_row,high,weak_metadata_only,missing_expiry_review,review_missing_memory_consent_preference,review,create-or-confirm-memory-preference,review_before_chat_recall_or_application_analysis_context
8d47f72668d0a56c22e87e52,43b601f05e9fbd065ec680a6,FACT,test_score,0.8150898255390702,0,false,true,false,false,false,false,missing_preference_row,high,weak_metadata_only,missing_expiry_review,review_missing_memory_consent_preference,review,create-or-confirm-memory-preference,review_before_chat_recall_or_application_analysis_context
fd991f80d9b91d2b2dc3f57a,b71a8640396eb8fdde726744,FACT,test_score,0.8644819732639165,0,false,true,false,false,false,false,missing_preference_row,high,weak_metadata_only,missing_expiry_review,review_missing_memory_consent_preference,review,create-or-confirm-memory-preference,review_before_chat_recall_or_application_analysis_context
07bad96b39aa47478ac8f8e3,7f2cc6c7372a4cd8e30d361f,FACT,test_score,0.8641270137720665,0,false,true,false,false,false,false,missing_preference_row,high,weak_metadata_only,missing_expiry_review,review_missing_memory_consent_preference,review,create-or-confirm-memory-preference,review_before_chat_recall_or_application_analysis_context
412dd3c0fc15a84672173ae0,407e7bc15345684ec7a464be,FACT,test_score,0.8643778293703046,0,false,true,false,false,false,false,missing_preference_row,high,weak_metadata_only,missing_expiry_review,review_missing_memory_consent_preference,review,create-or-confirm-memory-preference,review_before_chat_recall_or_application_analysis_context
ac1e5c6ccb61343e86afaadc,0454f0a72b2c094e6d6d7f71,DECISION,school_recommendation,0.8399775274366478,0,false,true,false,false,false,false,missing_preference_row,medium,weak_metadata_only,long_lived_allowed_by_type,review_missing_memory_consent_preference,review,create-or-confirm-memory-preference,weak_state_only_until_source_consent_retention_review
034fa96719d40248630e0204,407e7bc15345684ec7a464be,FACT,test_score,0.8149848102810684,0,false,true,false,false,false,false,missing_preference_row,high,weak_metadata_only,missing_expiry_review,review_missing_memory_consent_preference,review,create-or-confirm-memory-preference,review_before_chat_recall_or_application_analysis_context
63b5426edf05cade81def542,0454f0a72b2c094e6d6d7f71,FACT,profile_analysis,0.7527512503808046,6,false,true,false,false,false,false,missing_preference_row,high,weak_metadata_only,missing_expiry_review,review_missing_memory_consent_preference,review,create-or-confirm-memory-preference,review_before_chat_recall_or_application_analysis_context
6a75f75916974a21032e6866,cd7dfc6d1d52c73576458d4a,FACT,test_score,0.8147471209716145,0,false,true,false,false,false,false,missing_preference_row,high,weak_metadata_only,missing_expiry_review,review_missing_memory_consent_preference,review,create-or-confirm-memory-preference,review_before_chat_recall_or_application_analysis_context
4c2124547e06f9fa82fba860,065aeb4aed270a3fb5bc3066,FACT,test_score,0.8147408107165636,0,false,true,false,false,false,false,missing_preference_row,high,weak_metadata_only,missing_expiry_review,review_missing_memory_consent_preference,review,create-or-confirm-memory-preference,review_before_chat_recall_or_application_analysis_context
3e37c42812a94808c7154aa1,05f76a1a06f47fdd06f98eed,FACT,profile_analysis,0.7404383873543966,0,false,true,false,false,false,false,missing_preference_row,high,weak_metadata_only,missing_expiry_review,review_missing_memory_consent_preference,review,create-or-confirm-memory-preference,review_before_chat_recall_or_application_analysis_context
6d6844fbab5eacb8c0c36419,065aeb4aed270a3fb5bc3066,FACT,test_score,0.814740810709473,0,false,true,false,false,false,false,missing_preference_row,high,weak_metadata_only,missing_expiry_review,review_missing_memory_consent_preference,review,create-or-confirm-memory-preference,review_before_chat_recall_or_application_analysis_context
67c95bf32fde7588d8f40f69,af4d16871bab18c02c476281,FACT,test_score,0.8641153625682566,0,false,true,false,false,false,false,missing_preference_row,high,weak_metadata_only,missing_expiry_review,review_missing_memory_consent_preference,review,create-or-confirm-memory-preference,review_before_chat_recall_or_application_analysis_context
6c53d05cad6ee9467c5b26f2,62f272a076eb3fedcd156244,FACT,test_score,0.8147395128349392,0,false,true,false,false,false,false,missing_preference_row,high,weak_metadata_only,missing_expiry_review,review_missing_memory_consent_preference,review,create-or-confirm-memory-preference,review_before_chat_recall_or_application_analysis_context
a8fb24472adc9f2f7e60b1e6,1dfdbfd087703cc1a99b2d35,FACT,test_score,0.8147324115293292,0,false,true,false,false,false,false,missing_preference_row,high,weak_metadata_only,missing_expiry_review,review_missing_memory_consent_preference,review,create-or-confirm-memory-preference,review_before_chat_recall_or_application_analysis_context
b083147c5515933eacaefc17,4a04b8b8b13b2df960835d5f,FACT,test_score,0.8641209559574006,0,false,true,false,false,false,false,missing_preference_row,high,weak_metadata_only,missing_expiry_review,review_missing_memory_consent_preference,review,create-or-confirm-memory-preference,review_before_chat_recall_or_application_analysis_context
5e5fc51cb50514f76971dc2d,cd7dfc6d1d52c73576458d4a,FACT,test_score,0.8147471209928905,0,false,true,false,false,false,false,missing_preference_row,high,weak_metadata_only,missing_expiry_review,review_missing_memory_consent_preference,review,create-or-confirm-memory-preference,review_before_chat_recall_or_application_analysis_context
261a86397acdd180a4a36124,54ab78bf483821d29a9818e3,FACT,test_score,0.81474586063464,0,false,true,false,false,false,false,missing_preference_row,high,weak_metadata_only,missing_expiry_review,review_missing_memory_consent_preference,review,create-or-confirm-memory-preference,review_before_chat_recall_or_application_analysis_context
c5c5d1b51e4949a8f51c2207,05f76a1a06f47fdd06f98eed,FACT,profile,0.9872511102479021,4,false,true,false,false,false,false,missing_preference_row,high,weak_metadata_only,missing_expiry_review,review_missing_memory_consent_preference,review,create-or-confirm-memory-preference,review_before_chat_recall_or_application_analysis_context
6e86f3a4a7d90a1eef7afd18,0454f0a72b2c094e6d6d7f71,FACT,activity,0.5923649552544452,0,false,true,false,false,false,false,missing_preference_row,high,weak_metadata_only,missing_expiry_review,review_missing_memory_consent_preference,review,create-or-confirm-memory-preference,review_before_chat_recall_or_application_analysis_context
c2883201cc7811bb7847f066,1cdfdd327f086b21c0a050cc,FACT,test_score,0.8147472047780167,0,false,true,false,false,false,false,missing_preference_row,high,weak_metadata_only,missing_expiry_review,review_missing_memory_consent_preference,review,create-or-confirm-memory-preference,review_before_chat_recall_or_application_analysis_context
40c64bfd34c210c9a6b36b36,defc5a538542c67dd63a4ced,FACT,test_score,0.8147391119366852,0,false,true,false,false,false,false,missing_preference_row,high,weak_metadata_only,missing_expiry_review,review_missing_memory_consent_preference,review,create-or-confirm-memory-preference,review_before_chat_recall_or_application_analysis_context
ada4ca4546c0464d6f4ba319,54ab78bf483821d29a9818e3,FACT,test_score,0.8641243976992116,0,false,true,false,false,false,false,missing_preference_row,high,weak_metadata_only,missing_expiry_review,review_missing_memory_consent_preference,review,create-or-confirm-memory-preference,review_before_chat_recall_or_application_analysis_context
79a3072cbf389a006c3e5c8e,0454f0a72b2c094e6d6d7f71,PREFERENCE,profile,0.6912278200102827,41,false,true,false,false,false,false,missing_preference_row,high,weak_metadata_only,long_lived_allowed_by_type,review_missing_memory_consent_preference,review,create-or-confirm-memory-preference,review_before_chat_recall_or_application_analysis_context
50877600f7f7b33b8d0a548d,3e3af192cfccf4e327c91db5,FACT,test_score,0.8641163351668242,0,false,true,false,false,false,false,missing_preference_row,high,weak_metadata_only,missing_expiry_review,review_missing_memory_consent_preference,review,create-or-confirm-memory-preference,review_before_chat_recall_or_application_analysis_context
b4605bed82c47aa659a3b45f,86c26ab7d0e7f58bcff6874f,FACT,test_score,0.8147403411550869,0,false,true,false,false,false,false,missing_preference_row,high,weak_metadata_only,missing_expiry_review,review_missing_memory_consent_preference,review,create-or-confirm-memory-preference,review_before_chat_recall_or_application_analysis_context
cc341a4d3f243e8ea7071c65,ed170960ce51ed343e3cf334,FACT,test_score,0.8147450372099029,0,false,true,false,false,false,false,missing_preference_row,high,weak_metadata_only,missing_expiry_review,review_missing_memory_consent_preference,review,create-or-confirm-memory-preference,review_before_chat_recall_or_application_analysis_context
516c9c00f88de7b8274cf096,0454f0a72b2c094e6d6d7f71,FACT,essay,0.7998443955251682,45,false,true,false,false,false,false,missing_preference_row,high,weak_metadata_only,missing_expiry_review,review_missing_memory_consent_preference,review,create-or-confirm-memory-preference,review_before_chat_recall_or_application_analysis_context
7484eac5d4cfb748e38d1a1e,f975e72359a64f68806eb523,FACT,test_score,0.8147361743022133,0,false,true,false,false,false,false,missing_preference_row,high,weak_metadata_only,missing_expiry_review,review_missing_memory_consent_preference,review,create-or-confirm-memory-preference,review_before_chat_recall_or_application_analysis_context
9942334e91fac32476ffd731,f975e72359a64f68806eb523,FACT,test_score,0.8641141242899995,0,false,true,false,false,false,false,missing_preference_row,high,weak_metadata_only,missing_expiry_review,review_missing_memory_consent_preference,review,create-or-confirm-memory-preference,review_before_chat_recall_or_application_analysis_context
c6c38596b4861fc85b9df59c,f975e72359a64f68806eb523,FACT,test_score,0.8641141243012782,0,false,true,false,false,false,false,missing_preference_row,high,weak_metadata_only,missing_expiry_review,review_missing_memory_consent_preference,review,create-or-confirm-memory-preference,review_before_chat_recall_or_application_analysis_context
e6cde7dd8de9c3cc01c77c8e,0454f0a72b2c094e6d6d7f71,FEEDBACK,essay_review,0.572728103705893,17,false,true,true,false,false,false,missing_preference_row,high,source_linked,missing_expiry_review,review_missing_memory_consent_preference,review,create-or-confirm-memory-preference,review_before_chat_recall_or_application_analysis_context
e62385962f915efe0d4db014,b2c7d81c85d2ffe0c0868b5d,FACT,test_score,0.8147367719552769,0,false,true,false,false,false,false,missing_preference_row,high,weak_metadata_only,missing_expiry_review,review_missing_memory_consent_preference,review,create-or-confirm-memory-preference,review_before_chat_recall_or_application_analysis_context
9ec63e56990c361b5a88741d,4a04b8b8b13b2df960835d5f,FACT,test_score,0.8147426155957047,0,false,true,false,false,false,false,missing_preference_row,high,weak_metadata_only,missing_expiry_review,review_missing_memory_consent_preference,review,create-or-confirm-memory-preference,review_before_chat_recall_or_application_analysis_context
a5ec13a59246f48421d6a207,ed170960ce51ed343e3cf334,FACT,test_score,0.8641235243436185,0,false,true,false,false,false,false,missing_preference_row,high,weak_metadata_only,missing_expiry_review,review_missing_memory_consent_preference,review,create-or-confirm-memory-preference,review_before_chat_recall_or_application_analysis_context
277663712e5672b442f8b382,3b5474da76052a1f31796cae,FACT,test_score,0.8147400733166756,0,false,true,false,false,false,false,missing_preference_row,high,weak_metadata_only,missing_expiry_review,review_missing_memory_consent_preference,review,create-or-confirm-memory-preference,review_before_chat_recall_or_application_analysis_context
6a7620e85c87f9b325695e91,05f76a1a06f47fdd06f98eed,DECISION,timeline,0.7917759361427166,2,false,true,false,false,false,false,missing_preference_row,medium,weak_metadata_only,long_lived_allowed_by_type,review_missing_memory_consent_preference,review,create-or-confirm-memory-preference,weak_state_only_until_source_consent_retention_review
10f665ae689668b9626783f9,0454f0a72b2c094e6d6d7f71,FEEDBACK,essay_review,0.6971479576492953,45,false,true,true,false,false,false,missing_preference_row,high,source_linked,missing_expiry_review,review_missing_memory_consent_preference,review,create-or-confirm-memory-preference,review_before_chat_recall_or_application_analysis_context
2eb5bd0fd768efb314c5bbfe,0454f0a72b2c094e6d6d7f71,DECISION,school_recommendation,0.8608825830756279,11,false,true,false,false,false,false,missing_preference_row,medium,weak_metadata_only,long_lived_allowed_by_type,review_missing_memory_consent_preference,review,create-or-confirm-memory-preference,weak_state_only_until_source_consent_retention_review
9bdc8e76d686e788330cd92a,86c26ab7d0e7f58bcff6874f,FACT,test_score,0.8641185436606146,0,false,true,false,false,false,false,missing_preference_row,high,weak_metadata_only,missing_expiry_review,review_missing_memory_consent_preference,review,create-or-confirm-memory-preference,review_before_chat_recall_or_application_analysis_context
273c61d4effad7078ae75c25,1cdfdd327f086b21c0a050cc,FACT,test_score,0.8147472048028389,0,false,true,false,false,false,false,missing_preference_row,high,weak_metadata_only,missing_expiry_review,review_missing_memory_consent_preference,review,create-or-confirm-memory-preference,review_before_chat_recall_or_application_analysis_context
c381cd3ed71789ccf4bb2ed3,3f23c209039574839c05fc06,FACT,test_score,0.8147411571819538,0,false,true,false,false,false,false,missing_preference_row,high,weak_metadata_only,missing_expiry_review,review_missing_memory_consent_preference,review,create-or-confirm-memory-preference,review_before_chat_recall_or_application_analysis_context
5a015e324d56ad2211647865,7100aa16e640d480810a860b,FACT,test_score,0.7897991528825813,0,false,true,false,false,false,false,missing_preference_row,high,weak_metadata_only,missing_expiry_review,review_missing_memory_consent_preference,review,create-or-confirm-memory-preference,review_before_chat_recall_or_application_analysis_context
edb810edd42ee649a97f61c9,5512d4b5f5d6f60ac7c79413,FACT,test_score,0.8641105797258286,0,false,true,false,false,false,false,missing_preference_row,high,weak_metadata_only,missing_expiry_review,review_missing_memory_consent_preference,review,create-or-confirm-memory-preference,review_before_chat_recall_or_application_analysis_context
0a819c3a3634fc093780680f,62f272a076eb3fedcd156244,FACT,test_score,0.8147395128526648,0,false,true,false,false,false,false,missing_preference_row,high,weak_metadata_only,missing_expiry_review,review_missing_memory_consent_preference,review,create-or-confirm-memory-preference,review_before_chat_recall_or_application_analysis_context
d9289c181df6904fd3c58354,54ab78bf483821d29a9818e3,FACT,test_score,0.8641243976841686,0,false,true,false,false,false,false,missing_preference_row,high,weak_metadata_only,missing_expiry_review,review_missing_memory_consent_preference,review,create-or-confirm-memory-preference,review_before_chat_recall_or_application_analysis_context
847079e11c46f76d927a563f,3b5474da76052a1f31796cae,FACT,test_score,0.814740073341492,0,false,true,false,false,false,false,missing_preference_row,high,weak_metadata_only,missing_expiry_review,review_missing_memory_consent_preference,review,create-or-confirm-memory-preference,review_before_chat_recall_or_application_analysis_context
3a51a8a882f51ccbf27d4a37,115019e4b0f6a29ca0a22a9d,FACT,test_score,0.8147437899877866,0,false,true,false,false,false,false,missing_preference_row,high,weak_metadata_only,missing_expiry_review,review_missing_memory_consent_preference,review,create-or-confirm-memory-preference,review_before_chat_recall_or_application_analysis_context
88fc44243afa6f43d08f552a,5512d4b5f5d6f60ac7c79413,FACT,test_score,0.8147328323058356,0,false,true,false,false,false,false,missing_preference_row,high,weak_metadata_only,missing_expiry_review,review_missing_memory_consent_preference,review,create-or-confirm-memory-preference,review_before_chat_recall_or_application_analysis_context
6255c3117bf5a7bcc81c49f3,115019e4b0f6a29ca0a22a9d,FACT,test_score,0.8641222015962099,0,false,true,false,false,false,false,missing_preference_row,high,weak_metadata_only,missing_expiry_review,review_missing_memory_consent_preference,review,create-or-confirm-memory-preference,review_before_chat_recall_or_application_analysis_context
98a7b11015fcb9dfc180a2d5,1dfdbfd087703cc1a99b2d35,FACT,test_score,0.8641101327823629,0,false,true,false,false,false,false,missing_preference_row,high,weak_metadata_only,missing_expiry_review,review_missing_memory_consent_preference,review,create-or-confirm-memory-preference,review_before_chat_recall_or_application_analysis_context
4c16ede980d811be1fd38cfe,0454f0a72b2c094e6d6d7f71,FACT,profile_analysis,0.6912235440545692,0,false,true,false,false,false,false,missing_preference_row,high,weak_metadata_only,missing_expiry_review,review_missing_memory_consent_preference,review,create-or-confirm-memory-preference,review_before_chat_recall_or_application_analysis_context
05fd7266ebd9ae7befeb53c4,0454f0a72b2c094e6d6d7f71,FACT,award,0.6910924479012901,0,false,true,false,false,false,false,missing_preference_row,high,weak_metadata_only,missing_expiry_review,review_missing_memory_consent_preference,review,create-or-confirm-memory-preference,review_before_chat_recall_or_application_analysis_context
533b0d2a257ea59503264440,0454f0a72b2c094e6d6d7f71,FACT,profile_analysis,0.8195958958821782,139,false,true,false,false,false,false,missing_preference_row,high,weak_metadata_only,missing_expiry_review,review_missing_memory_consent_preference,review,create-or-confirm-memory-preference,review_before_chat_recall_or_application_analysis_context
af2b596679b323d37164b45c,defc5a538542c67dd63a4ced,FACT,test_score,0.8641172399516472,0,false,true,false,false,false,false,missing_preference_row,high,weak_metadata_only,missing_expiry_review,review_missing_memory_consent_preference,review,create-or-confirm-memory-preference,review_before_chat_recall_or_application_analysis_context
30440142fcfd84d8cce0a6f2,ed170960ce51ed343e3cf334,FACT,test_score,0.864123524336097,0,false,true,false,false,false,false,missing_preference_row,high,weak_metadata_only,missing_expiry_review,review_missing_memory_consent_preference,review,create-or-confirm-memory-preference,review_before_chat_recall_or_application_analysis_context
dd35d470be96e99c3479b531,4a04b8b8b13b2df960835d5f,FACT,test_score,0.8641209559686813,0,false,true,false,false,false,false,missing_preference_row,high,weak_metadata_only,missing_expiry_review,review_missing_memory_consent_preference,review,create-or-confirm-memory-preference,review_before_chat_recall_or_application_analysis_context
81713e617fea4a1659d201e9,05f76a1a06f47fdd06f98eed,FEEDBACK,essay_review,0.542988387056864,0,false,true,true,false,false,false,missing_preference_row,high,source_linked,missing_expiry_review,review_missing_memory_consent_preference,review,create-or-confirm-memory-preference,review_before_chat_recall_or_application_analysis_context
54e3b21a6e6fb1740a614caf,0454f0a72b2c094e6d6d7f71,FEEDBACK,essay_polish,0.4452134718328841,0,false,true,true,false,false,false,missing_preference_row,high,source_linked,missing_expiry_review,review_missing_memory_consent_preference,review,create-or-confirm-memory-preference,review_before_chat_recall_or_application_analysis_context
1ac7c94652c0142f7424e91a,0454f0a72b2c094e6d6d7f71,FACT,test_score,0.7898199401653405,0,false,true,false,false,false,false,missing_preference_row,high,weak_metadata_only,missing_expiry_review,review_missing_memory_consent_preference,review,create-or-confirm-memory-preference,review_before_chat_recall_or_application_analysis_context
c614614122489075b495b973,0454f0a72b2c094e6d6d7f71,DECISION,school_prediction,0.8195973019161829,17,false,true,false,false,false,false,missing_preference_row,high,weak_metadata_only,long_lived_allowed_by_type,review_missing_memory_consent_preference,review,create-or-confirm-memory-preference,review_before_chat_recall_or_application_analysis_context
bfd2cb402f6930373fb99ac4,3b5474da76052a1f31796cae,FACT,test_score,0.8641182596346927,0,false,true,false,false,false,false,missing_preference_row,high,weak_metadata_only,missing_expiry_review,review_missing_memory_consent_preference,review,create-or-confirm-memory-preference,review_before_chat_recall_or_application_analysis_context
439f8178d25aa30eb1a1e180,0454f0a72b2c094e6d6d7f71,FACT,test_score,0.789819940172161,0,false,true,false,false,false,false,missing_preference_row,high,weak_metadata_only,missing_expiry_review,review_missing_memory_consent_preference,review,create-or-confirm-memory-preference,review_before_chat_recall_or_application_analysis_context
95cc3290c8b3b340d6208a30,0454f0a72b2c094e6d6d7f71,FEEDBACK,improvement,0.6912235476810216,0,false,true,false,false,false,false,missing_preference_row,medium,weak_metadata_only,missing_expiry_review,review_missing_memory_consent_preference,review,create-or-confirm-memory-preference,weak_state_only_until_source_consent_retention_review
eca062b864e8b28c2dd6cd88,5512d4b5f5d6f60ac7c79413,FACT,test_score,0.8641105797371057,0,false,true,false,false,false,false,missing_preference_row,high,weak_metadata_only,missing_expiry_review,review_missing_memory_consent_preference,review,create-or-confirm-memory-preference,review_before_chat_recall_or_application_analysis_context
f52e7b0dc35c9ca74875ae4b,05f76a1a06f47fdd06f98eed,DECISION,school_recommendation,0.8470615137847327,4,false,true,false,false,false,false,missing_preference_row,medium,weak_metadata_only,long_lived_allowed_by_type,review_missing_memory_consent_preference,review,create-or-confirm-memory-preference,weak_state_only_until_source_consent_retention_review
d72f2331ebf2b89b54debed5,3b5474da76052a1f31796cae,FACT,test_score,0.8641182596346927,0,false,true,false,false,false,false,missing_preference_row,high,weak_metadata_only,missing_expiry_review,review_missing_memory_consent_preference,review,create-or-confirm-memory-preference,review_before_chat_recall_or_application_analysis_context
36d360a87c7f857aa5193032,ed170960ce51ed343e3cf334,FACT,test_score,0.8147450372276316,0,false,true,false,false,false,false,missing_preference_row,high,weak_metadata_only,missing_expiry_review,review_missing_memory_consent_preference,review,create-or-confirm-memory-preference,review_before_chat_recall_or_application_analysis_context
116b74ae123b99513660081d,0454f0a72b2c094e6d6d7f71,FEEDBACK,improvement,0.5726053923049372,100,false,true,false,false,false,false,missing_preference_row,medium,weak_metadata_only,missing_expiry_review,review_missing_memory_consent_preference,review,create-or-confirm-memory-preference,weak_state_only_until_source_consent_retention_review
31ce997a1f72c17924e3742c,cd7dfc6d1d52c73576458d4a,FACT,test_score,0.8641257344653783,0,false,true,false,false,false,false,missing_preference_row,high,weak_metadata_only,missing_expiry_review,review_missing_memory_consent_preference,review,create-or-confirm-memory-preference,review_before_chat_recall_or_application_analysis_context
69dbb0dfdfed59a5ff5c6605,62f272a076eb3fedcd156244,FACT,test_score,0.8641176651542855,0,false,true,false,false,false,false,missing_preference_row,high,weak_metadata_only,missing_expiry_review,review_missing_memory_consent_preference,review,create-or-confirm-memory-preference,review_before_chat_recall_or_application_analysis_context
b980f849d232ae0baa891ec9,0454f0a72b2c094e6d6d7f71,PREFERENCE,profile,0.789974651440323,121,false,true,false,false,false,false,missing_preference_row,high,weak_metadata_only,long_lived_allowed_by_type,review_missing_memory_consent_preference,review,create-or-confirm-memory-preference,review_before_chat_recall_or_application_analysis_context
8119f165c25c29038f4e50ed,face01130f6b42d7363d6543,FACT,test_score,0.8641229874137204,0,false,true,false,false,false,false,missing_preference_row,high,weak_metadata_only,missing_expiry_review,review_missing_memory_consent_preference,review,create-or-confirm-memory-preference,review_before_chat_recall_or_application_analysis_context
e8a04297070e423822e169d8,3e3af192cfccf4e327c91db5,FACT,test_score,0.8147382588042231,0,false,true,false,false,false,false,missing_preference_row,high,weak_metadata_only,missing_expiry_review,review_missing_memory_consent_preference,review,create-or-confirm-memory-preference,review_before_chat_recall_or_application_analysis_context
b71af2707d02d56bb6fe90e0,0454f0a72b2c094e6d6d7f71,PREFERENCE,profile,0.789970189948678,128,false,true,false,false,false,false,missing_preference_row,high,weak_metadata_only,long_lived_allowed_by_type,review_missing_memory_consent_preference,review,create-or-confirm-memory-preference,review_before_chat_recall_or_application_analysis_context
b6482bc204cbfdd21b7ef103,0454f0a72b2c094e6d6d7f71,PREFERENCE,profile,0.7899701920089687,128,false,true,false,false,false,false,missing_preference_row,high,weak_metadata_only,long_lived_allowed_by_type,review_missing_memory_consent_preference,review,create-or-confirm-memory-preference,review_before_chat_recall_or_application_analysis_context
f0b137003018e0786a857128,0454f0a72b2c094e6d6d7f71,FACT,profile_analysis,0.8194180584036382,18,false,true,false,false,false,false,missing_preference_row,high,weak_metadata_only,missing_expiry_review,review_missing_memory_consent_preference,review,create-or-confirm-memory-preference,review_before_chat_recall_or_application_analysis_context
76f84dbf79c295ca7bb37622,065aeb4aed270a3fb5bc3066,FACT,test_score,0.8641190416878828,0,false,true,false,false,false,false,missing_preference_row,high,weak_metadata_only,missing_expiry_review,review_missing_memory_consent_preference,review,create-or-confirm-memory-preference,review_before_chat_recall_or_application_analysis_context
1b4fd734b35038ed624458ba,05f76a1a06f47fdd06f98eed,PREFERENCE,school,0.7483368580590102,4,false,true,false,false,false,false,missing_preference_row,low,weak_metadata_only,long_lived_allowed_by_type,review_missing_memory_consent_preference,review,create-or-confirm-memory-preference,weak_state_only_until_source_consent_retention_review
31567c0ce56c2ed607f074bb,05f76a1a06f47fdd06f98eed,FACT,school_prediction,0.6436878768450498,1,false,true,true,false,false,false,missing_preference_row,high,source_linked,missing_expiry_review,review_missing_memory_consent_preference,review,create-or-confirm-memory-preference,review_before_chat_recall_or_application_analysis_context
840c55664bac146b29f5a677,af4d16871bab18c02c476281,FACT,test_score,0.8147373418358913,0,false,true,false,false,false,false,missing_preference_row,high,weak_metadata_only,missing_expiry_review,review_missing_memory_consent_preference,review,create-or-confirm-memory-preference,review_before_chat_recall_or_application_analysis_context
dec77a2acf80185a6c39fae3,3e3af192cfccf4e327c91db5,FACT,test_score,0.8147382588042231,0,false,true,false,false,false,false,missing_preference_row,high,weak_metadata_only,missing_expiry_review,review_missing_memory_consent_preference,review,create-or-confirm-memory-preference,review_before_chat_recall_or_application_analysis_context
222b013f0ef9077af55f1567,0454f0a72b2c094e6d6d7f71,FEEDBACK,improvement,0.7149246133489805,14,false,true,false,false,false,false,missing_preference_row,medium,weak_metadata_only,missing_expiry_review,review_missing_memory_consent_preference,review,create-or-confirm-memory-preference,weak_state_only_until_source_consent_retention_review
2cf050b617dcdb5efb36af9c,115019e4b0f6a29ca0a22a9d,FACT,test_score,0.8147437900267881,0,false,true,false,false,false,false,missing_preference_row,high,weak_metadata_only,missing_expiry_review,review_missing_memory_consent_preference,review,create-or-confirm-memory-preference,review_before_chat_recall_or_application_analysis_context
ff21ce8b839df653e982ee29,face01130f6b42d7363d6543,FACT,test_score,0.8147445309156198,0,false,true,false,false,false,false,missing_preference_row,high,weak_metadata_only,missing_expiry_review,review_missing_memory_consent_preference,review,create-or-confirm-memory-preference,review_before_chat_recall_or_application_analysis_context
22a2252574198f0ec4d6136e,b2c7d81c85d2ffe0c0868b5d,FACT,test_score,0.8641147581757402,0,false,true,false,false,false,false,missing_preference_row,high,weak_metadata_only,missing_expiry_review,review_missing_memory_consent_preference,review,create-or-confirm-memory-preference,review_before_chat_recall_or_application_analysis_context
95d4bd35a791a77dde36e68d,62f272a076eb3fedcd156244,FACT,test_score,0.8641176651618053,0,false,true,false,false,false,false,missing_preference_row,high,weak_metadata_only,missing_expiry_review,review_missing_memory_consent_preference,review,create-or-confirm-memory-preference,review_before_chat_recall_or_application_analysis_context
96df037b9d3adc59d57973db,0454f0a72b2c094e6d6d7f71,FACT,essay,0.8195931712621048,68,false,true,false,false,false,false,missing_preference_row,high,weak_metadata_only,missing_expiry_review,review_missing_memory_consent_preference,review,create-or-confirm-memory-preference,review_before_chat_recall_or_application_analysis_context
d0fac461ae472f340aaa525c,b2c7d81c85d2ffe0c0868b5d,FACT,test_score,0.814736771937553,0,false,true,false,false,false,false,missing_preference_row,high,weak_metadata_only,missing_expiry_review,review_missing_memory_consent_preference,review,create-or-confirm-memory-preference,review_before_chat_recall_or_application_analysis_context
ee0a570d943ca488bb39e3fe,05f76a1a06f47fdd06f98eed,FEEDBACK,improvement,0.5449626554983916,1,false,true,false,false,false,false,missing_preference_row,medium,weak_metadata_only,missing_expiry_review,review_missing_memory_consent_preference,review,create-or-confirm-memory-preference,weak_state_only_until_source_consent_retention_review
6d7fb05b3c8b496cfad579c6,3e3af192cfccf4e327c91db5,FACT,test_score,0.8641163351480252,0,false,true,false,false,false,false,missing_preference_row,high,weak_metadata_only,missing_expiry_review,review_missing_memory_consent_preference,review,create-or-confirm-memory-preference,review_before_chat_recall_or_application_analysis_context
7134c671d9907f6c6a73f2dc,b2c7d81c85d2ffe0c0868b5d,FACT,test_score,0.8641147581456635,0,false,true,false,false,false,false,missing_preference_row,high,weak_metadata_only,missing_expiry_review,review_missing_memory_consent_preference,review,create-or-confirm-memory-preference,review_before_chat_recall_or_application_analysis_context
d7a1654aae776730bb743e0b,face01130f6b42d7363d6543,FACT,test_score,0.814744530947531,0,false,true,false,false,false,false,missing_preference_row,high,weak_metadata_only,missing_expiry_review,review_missing_memory_consent_preference,review,create-or-confirm-memory-preference,review_before_chat_recall_or_application_analysis_context
61c7511ac4081c062579ade2,defc5a538542c67dd63a4ced,FACT,test_score,0.814739111922505,0,false,true,false,false,false,false,missing_preference_row,high,weak_metadata_only,missing_expiry_review,review_missing_memory_consent_preference,review,create-or-confirm-memory-preference,review_before_chat_recall_or_application_analysis_context
2d05def4cd064f90fa521dfa,f975e72359a64f68806eb523,FACT,test_score,0.8147361743305711,0,false,true,false,false,false,false,missing_preference_row,high,weak_metadata_only,missing_expiry_review,review_missing_memory_consent_preference,review,create-or-confirm-memory-preference,review_before_chat_recall_or_application_analysis_context
6dc480ac92a76acfdfd8cc77,065aeb4aed270a3fb5bc3066,FACT,test_score,0.8641190416878828,0,false,true,false,false,false,false,missing_preference_row,high,weak_metadata_only,missing_expiry_review,review_missing_memory_consent_preference,review,create-or-confirm-memory-preference,review_before_chat_recall_or_application_analysis_context
a1aa9777c72a8fbc3a49697e,cd7dfc6d1d52c73576458d4a,FACT,test_score,0.8641257344390519,0,false,true,false,false,false,false,missing_preference_row,high,weak_metadata_only,missing_expiry_review,review_missing_memory_consent_preference,review,create-or-confirm-memory-preference,review_before_chat_recall_or_application_analysis_context
d77249ec2e77d37db3c15c16,face01130f6b42d7363d6543,FACT,test_score,0.8641229874287627,0,false,true,false,false,false,false,missing_preference_row,high,weak_metadata_only,missing_expiry_review,review_missing_memory_consent_preference,review,create-or-confirm-memory-preference,review_before_chat_recall_or_application_analysis_context
6114653e18c973a4bca7d975,defc5a538542c67dd63a4ced,FACT,test_score,0.8641172399554071,0,false,true,false,false,false,false,missing_preference_row,high,weak_metadata_only,missing_expiry_review,review_missing_memory_consent_preference,review,create-or-confirm-memory-preference,review_before_chat_recall_or_application_analysis_context
5d4f8efc5382e76d6b87348e,5512d4b5f5d6f60ac7c79413,FACT,test_score,0.8147328322916585,0,false,true,false,false,false,false,missing_preference_row,high,weak_metadata_only,missing_expiry_review,review_missing_memory_consent_preference,review,create-or-confirm-memory-preference,review_before_chat_recall_or_application_analysis_context
1ef6f47d7b750b869b9121df,3f23c209039574839c05fc06,FACT,test_score,0.8641194091624567,0,false,true,false,false,false,false,missing_preference_row,high,weak_metadata_only,missing_expiry_review,review_missing_memory_consent_preference,review,create-or-confirm-memory-preference,review_before_chat_recall_or_application_analysis_context
fe85ad45c077aee4a2c763cf,0454f0a72b2c094e6d6d7f71,FACT,test_score,0.7898199403290298,18,false,true,false,false,false,false,missing_preference_row,high,weak_metadata_only,missing_expiry_review,review_missing_memory_consent_preference,review,create-or-confirm-memory-preference,review_before_chat_recall_or_application_analysis_context
213e93779a36d9b89044cd6b,54ab78bf483821d29a9818e3,FACT,test_score,0.8147458606062734,0,false,true,false,false,false,false,missing_preference_row,high,weak_metadata_only,missing_expiry_review,review_missing_memory_consent_preference,review,create-or-confirm-memory-preference,review_before_chat_recall_or_application_analysis_context
1241df696447bef812c7e4bd,3f23c209039574839c05fc06,FACT,test_score,0.8147411571996803,0,false,true,false,false,false,false,missing_preference_row,high,weak_metadata_only,missing_expiry_review,review_missing_memory_consent_preference,review,create-or-confirm-memory-preference,review_before_chat_recall_or_application_analysis_context
fe35b8abed9ca41ddc1744f4,115019e4b0f6a29ca0a22a9d,FACT,test_score,0.8641222015698865,0,false,true,false,false,false,false,missing_preference_row,high,weak_metadata_only,missing_expiry_review,review_missing_memory_consent_preference,review,create-or-confirm-memory-preference,review_before_chat_recall_or_application_analysis_context
d798cac287528def397d1a94,3f23c209039574839c05fc06,FACT,test_score,0.8641194091812575,0,false,true,false,false,false,false,missing_preference_row,high,weak_metadata_only,missing_expiry_review,review_missing_memory_consent_preference,review,create-or-confirm-memory-preference,review_before_chat_recall_or_application_analysis_context
9ca2dd620d4caf2822cb4b67,86c26ab7d0e7f58bcff6874f,FACT,test_score,0.814740341140906,0,false,true,false,false,false,false,missing_preference_row,high,weak_metadata_only,missing_expiry_review,review_missing_memory_consent_preference,review,create-or-confirm-memory-preference,review_before_chat_recall_or_application_analysis_context
6b5f3863b7d8c493ceeb79c8,4a04b8b8b13b2df960835d5f,FACT,test_score,0.8147426156134322,0,false,true,false,false,false,false,missing_preference_row,high,weak_metadata_only,missing_expiry_review,review_missing_memory_consent_preference,review,create-or-confirm-memory-preference,review_before_chat_recall_or_application_analysis_context
43e0021a1e302c22e5bf1a0f,9fcc153f1c7ad627a8246dd5,DECISION,school_prediction,0.8,0,false,true,false,false,false,false,missing_preference_row,high,weak_metadata_only,long_lived_allowed_by_type,review_missing_memory_consent_preference,review,create-or-confirm-memory-preference,review_before_chat_recall_or_application_analysis_context
ef37e580a66003d5d5d4c420,0c62cbf7f64dd5f11b72c27e,DECISION,school_prediction,0.8,0,false,true,false,false,false,false,missing_preference_row,high,weak_metadata_only,long_lived_allowed_by_type,review_missing_memory_consent_preference,review,create-or-confirm-memory-preference,review_before_chat_recall_or_application_analysis_context
18c1ab50008d3336b97a746f,0c62cbf7f64dd5f11b72c27e,DECISION,school_prediction,0.8,0,false,true,false,false,false,false,missing_preference_row,high,weak_metadata_only,long_lived_allowed_by_type,review_missing_memory_consent_preference,review,create-or-confirm-memory-preference,review_before_chat_recall_or_application_analysis_context
3e7b7965aad2ec35f9c299e7,0c62cbf7f64dd5f11b72c27e,DECISION,school_prediction,0.8520000000000001,1,false,true,false,false,false,false,missing_preference_row,high,weak_metadata_only,long_lived_allowed_by_type,review_missing_memory_consent_preference,review,create-or-confirm-memory-preference,review_before_chat_recall_or_application_analysis_context
c9414fc83a4fbe0aa7c648c8,0c62cbf7f64dd5f11b72c27e,DECISION,school_prediction,0.802,1,false,true,false,false,false,false,missing_preference_row,high,weak_metadata_only,long_lived_allowed_by_type,review_missing_memory_consent_preference,review,create-or-confirm-memory-preference,review_before_chat_recall_or_application_analysis_context
bb2d6efe327136937917a7f1,0c62cbf7f64dd5f11b72c27e,DECISION,school_prediction,0.812,6,false,true,false,false,false,false,missing_preference_row,high,weak_metadata_only,long_lived_allowed_by_type,review_missing_memory_consent_preference,review,create-or-confirm-memory-preference,review_before_chat_recall_or_application_analysis_context
f0cb02b490206afaaa6555e7,0c62cbf7f64dd5f11b72c27e,DECISION,school_prediction,0.81,5,false,true,false,false,false,false,missing_preference_row,high,weak_metadata_only,long_lived_allowed_by_type,review_missing_memory_consent_preference,review,create-or-confirm-memory-preference,review_before_chat_recall_or_application_analysis_context
2041ab5138c23a600c270487,aeb2692c7de7e50a47a8b49c,DECISION,school_prediction,0.804,2,false,true,false,false,false,false,missing_preference_row,high,weak_metadata_only,long_lived_allowed_by_type,review_missing_memory_consent_preference,review,create-or-confirm-memory-preference,review_before_chat_recall_or_application_analysis_context
59743ace1391668b26328b2b,aeb2692c7de7e50a47a8b49c,DECISION,school_prediction,0.802,1,false,true,false,false,false,false,missing_preference_row,high,weak_metadata_only,long_lived_allowed_by_type,review_missing_memory_consent_preference,review,create-or-confirm-memory-preference,review_before_chat_recall_or_application_analysis_context
5c9c37d47ef17d57f32ad2cd,0e9f87392b9b9b606232ed2b,DECISION,school_prediction,0.8,0,false,true,false,false,false,false,missing_preference_row,high,weak_metadata_only,long_lived_allowed_by_type,review_missing_memory_consent_preference,review,create-or-confirm-memory-preference,review_before_chat_recall_or_application_analysis_context
3b5095e66c47dc918146bc76,cdd9cb1621b54b6006778c26,DECISION,school_prediction,0.802,1,false,true,false,false,false,false,missing_preference_row,high,weak_metadata_only,long_lived_allowed_by_type,review_missing_memory_consent_preference,review,create-or-confirm-memory-preference,review_before_chat_recall_or_application_analysis_context
5bc27db87a1f7ec749d5f7d2,eacba37110048ea3cfdd5aaa,DECISION,school_prediction,0.8,0,false,true,false,false,false,false,missing_preference_row,high,weak_metadata_only,long_lived_allowed_by_type,review_missing_memory_consent_preference,review,create-or-confirm-memory-preference,review_before_chat_recall_or_application_analysis_context
ffcb58728253ed221b7fe375,ea696e05509efe4f8481de94,FACT,prediction_feedback,0.75,0,false,true,false,false,false,false,missing_preference_row,high,weak_metadata_only,missing_expiry_review,review_missing_memory_consent_preference,review,create-or-confirm-memory-preference,review_before_chat_recall_or_application_analysis_context
bc1a9940d15c87f050e48afb,e914a28783ea83919f0d20be,FACT,prediction_feedback,0.75,0,false,true,false,false,false,false,missing_preference_row,high,weak_metadata_only,missing_expiry_review,review_missing_memory_consent_preference,review,create-or-confirm-memory-preference,review_before_chat_recall_or_application_analysis_context
373f3d7e4395cfaa79a36ec7,cd1e5a0a3c63456ee9ceb2c8,FACT,prediction_feedback,0.75,0,false,true,false,false,false,false,missing_preference_row,high,weak_metadata_only,missing_expiry_review,review_missing_memory_consent_preference,review,create-or-confirm-memory-preference,review_before_chat_recall_or_application_analysis_context
a2a99711c082d04eebd7712b,1cdabdb89c2facaf18d17fee,FACT,prediction_feedback,0.75,0,false,true,false,false,false,false,missing_preference_row,high,weak_metadata_only,missing_expiry_review,review_missing_memory_consent_preference,review,create-or-confirm-memory-preference,review_before_chat_recall_or_application_analysis_context
