queue,status,recipientKey,campaignId,domain,action,gap,severity,route,title,content,cta,allowedChannels,liveChannelsDisabled,frequencyDedupeKey,suppressWhen,schoolId,schoolName
user_prompt,ready_for_in_app_admin_delivery,fbebd41cf5af26d73edb886c,profile-prompt-user-profile-gpa-anchor,profile,prompt-user,profile.gpa_anchor,critical,/profile?tab=gpa,Complete your GPA anchor,Add GPA and scale so predictions and school-list advice use your real academic baseline.,Update GPA,in_app_readiness_surface|dashboard,redis_notification_feed|remote_push|email,profile-readiness:profile-prompt-user-profile-gpa-anchor:fbebd41cf5af26d73edb886c,Profile has GPA value and GPA scale,,
user_prompt,ready_for_in_app_admin_delivery,819e264db561cad594fc3424,profile-prompt-user-profile-gpa-anchor,profile,prompt-user,profile.gpa_anchor,critical,/profile?tab=gpa,Complete your GPA anchor,Add GPA and scale so predictions and school-list advice use your real academic baseline.,Update GPA,in_app_readiness_surface|dashboard,redis_notification_feed|remote_push|email,profile-readiness:profile-prompt-user-profile-gpa-anchor:819e264db561cad594fc3424,Profile has GPA value and GPA scale,,
user_prompt,ready_for_in_app_admin_delivery,0894db086e3f4b4fc895f73a,profile-prompt-user-profile-gpa-anchor,profile,prompt-user,profile.gpa_anchor,critical,/profile?tab=gpa,Complete your GPA anchor,Add GPA and scale so predictions and school-list advice use your real academic baseline.,Update GPA,in_app_readiness_surface|dashboard,redis_notification_feed|remote_push|email,profile-readiness:profile-prompt-user-profile-gpa-anchor:0894db086e3f4b4fc895f73a,Profile has GPA value and GPA scale,,
user_prompt,ready_for_in_app_admin_delivery,ffd3d30f800c70b4474e17f0,profile-prompt-user-profile-gpa-anchor,profile,prompt-user,profile.gpa_anchor,critical,/profile?tab=gpa,Complete your GPA anchor,Add GPA and scale so predictions and school-list advice use your real academic baseline.,Update GPA,in_app_readiness_surface|dashboard,redis_notification_feed|remote_push|email,profile-readiness:profile-prompt-user-profile-gpa-anchor:ffd3d30f800c70b4474e17f0,Profile has GPA value and GPA scale,,
user_prompt,ready_for_in_app_admin_delivery,ab643620cb4c3d701bd65b74,profile-prompt-user-profile-gpa-anchor,profile,prompt-user,profile.gpa_anchor,critical,/profile?tab=gpa,Complete your GPA anchor,Add GPA and scale so predictions and school-list advice use your real academic baseline.,Update GPA,in_app_readiness_surface|dashboard,redis_notification_feed|remote_push|email,profile-readiness:profile-prompt-user-profile-gpa-anchor:ab643620cb4c3d701bd65b74,Profile has GPA value and GPA scale,,
user_prompt,ready_for_in_app_admin_delivery,c99677ed495aaf074082582c,profile-prompt-user-profile-gpa-anchor,profile,prompt-user,profile.gpa_anchor,critical,/profile?tab=gpa,Complete your GPA anchor,Add GPA and scale so predictions and school-list advice use your real academic baseline.,Update GPA,in_app_readiness_surface|dashboard,redis_notification_feed|remote_push|email,profile-readiness:profile-prompt-user-profile-gpa-anchor:c99677ed495aaf074082582c,Profile has GPA value and GPA scale,,
user_prompt,ready_for_in_app_admin_delivery,8758f245bb5b0e6bffd40998,profile-prompt-user-profile-gpa-anchor,profile,prompt-user,profile.gpa_anchor,critical,/profile?tab=gpa,Complete your GPA anchor,Add GPA and scale so predictions and school-list advice use your real academic baseline.,Update GPA,in_app_readiness_surface|dashboard,redis_notification_feed|remote_push|email,profile-readiness:profile-prompt-user-profile-gpa-anchor:8758f245bb5b0e6bffd40998,Profile has GPA value and GPA scale,,
user_prompt,ready_for_in_app_admin_delivery,742e79987159c980e75b20c7,profile-prompt-user-profile-gpa-anchor,profile,prompt-user,profile.gpa_anchor,critical,/profile?tab=gpa,Complete your GPA anchor,Add GPA and scale so predictions and school-list advice use your real academic baseline.,Update GPA,in_app_readiness_surface|dashboard,redis_notification_feed|remote_push|email,profile-readiness:profile-prompt-user-profile-gpa-anchor:742e79987159c980e75b20c7,Profile has GPA value and GPA scale,,
user_prompt,ready_for_in_app_admin_delivery,8af993107f24d792723e4fc1,profile-prompt-user-profile-gpa-anchor,profile,prompt-user,profile.gpa_anchor,critical,/profile?tab=gpa,Complete your GPA anchor,Add GPA and scale so predictions and school-list advice use your real academic baseline.,Update GPA,in_app_readiness_surface|dashboard,redis_notification_feed|remote_push|email,profile-readiness:profile-prompt-user-profile-gpa-anchor:8af993107f24d792723e4fc1,Profile has GPA value and GPA scale,,
user_prompt,ready_for_in_app_admin_delivery,023ef579e34956e6a8f61adb,profile-prompt-user-profile-gpa-anchor,profile,prompt-user,profile.gpa_anchor,critical,/profile?tab=gpa,Complete your GPA anchor,Add GPA and scale so predictions and school-list advice use your real academic baseline.,Update GPA,in_app_readiness_surface|dashboard,redis_notification_feed|remote_push|email,profile-readiness:profile-prompt-user-profile-gpa-anchor:023ef579e34956e6a8f61adb,Profile has GPA value and GPA scale,,
user_prompt,ready_for_in_app_admin_delivery,d74687608cda95b086d53cdc,profile-prompt-user-profile-gpa-anchor,profile,prompt-user,profile.gpa_anchor,critical,/profile?tab=gpa,Complete your GPA anchor,Add GPA and scale so predictions and school-list advice use your real academic baseline.,Update GPA,in_app_readiness_surface|dashboard,redis_notification_feed|remote_push|email,profile-readiness:profile-prompt-user-profile-gpa-anchor:d74687608cda95b086d53cdc,Profile has GPA value and GPA scale,,
user_prompt,ready_for_in_app_admin_delivery,138284095a25d1fae7337a3c,profile-prompt-user-profile-gpa-anchor,profile,prompt-user,profile.gpa_anchor,critical,/profile?tab=gpa,Complete your GPA anchor,Add GPA and scale so predictions and school-list advice use your real academic baseline.,Update GPA,in_app_readiness_surface|dashboard,redis_notification_feed|remote_push|email,profile-readiness:profile-prompt-user-profile-gpa-anchor:138284095a25d1fae7337a3c,Profile has GPA value and GPA scale,,
user_prompt,ready_for_in_app_admin_delivery,5de082603a9960cfa8117421,profile-prompt-user-profile-gpa-anchor,profile,prompt-user,profile.gpa_anchor,critical,/profile?tab=gpa,Complete your GPA anchor,Add GPA and scale so predictions and school-list advice use your real academic baseline.,Update GPA,in_app_readiness_surface|dashboard,redis_notification_feed|remote_push|email,profile-readiness:profile-prompt-user-profile-gpa-anchor:5de082603a9960cfa8117421,Profile has GPA value and GPA scale,,
user_prompt,ready_for_in_app_admin_delivery,06cab65bad990f73a0e2013e,profile-prompt-user-profile-gpa-anchor,profile,prompt-user,profile.gpa_anchor,critical,/profile?tab=gpa,Complete your GPA anchor,Add GPA and scale so predictions and school-list advice use your real academic baseline.,Update GPA,in_app_readiness_surface|dashboard,redis_notification_feed|remote_push|email,profile-readiness:profile-prompt-user-profile-gpa-anchor:06cab65bad990f73a0e2013e,Profile has GPA value and GPA scale,,
user_prompt,ready_for_in_app_admin_delivery,0bbf03a984664dce330f7155,profile-prompt-user-profile-gpa-anchor,profile,prompt-user,profile.gpa_anchor,critical,/profile?tab=gpa,Complete your GPA anchor,Add GPA and scale so predictions and school-list advice use your real academic baseline.,Update GPA,in_app_readiness_surface|dashboard,redis_notification_feed|remote_push|email,profile-readiness:profile-prompt-user-profile-gpa-anchor:0bbf03a984664dce330f7155,Profile has GPA value and GPA scale,,
user_prompt,ready_for_in_app_admin_delivery,0eb09c84fa76d4593c74706c,profile-prompt-user-profile-gpa-anchor,profile,prompt-user,profile.gpa_anchor,critical,/profile?tab=gpa,Complete your GPA anchor,Add GPA and scale so predictions and school-list advice use your real academic baseline.,Update GPA,in_app_readiness_surface|dashboard,redis_notification_feed|remote_push|email,profile-readiness:profile-prompt-user-profile-gpa-anchor:0eb09c84fa76d4593c74706c,Profile has GPA value and GPA scale,,
user_prompt,ready_for_in_app_admin_delivery,122faf6ff8256a49bad4e360,profile-prompt-user-profile-gpa-anchor,profile,prompt-user,profile.gpa_anchor,critical,/profile?tab=gpa,Complete your GPA anchor,Add GPA and scale so predictions and school-list advice use your real academic baseline.,Update GPA,in_app_readiness_surface|dashboard,redis_notification_feed|remote_push|email,profile-readiness:profile-prompt-user-profile-gpa-anchor:122faf6ff8256a49bad4e360,Profile has GPA value and GPA scale,,
user_prompt,ready_for_in_app_admin_delivery,3ad283595e8c8fc0b173911f,profile-prompt-user-profile-gpa-anchor,profile,prompt-user,profile.gpa_anchor,critical,/profile?tab=gpa,Complete your GPA anchor,Add GPA and scale so predictions and school-list advice use your real academic baseline.,Update GPA,in_app_readiness_surface|dashboard,redis_notification_feed|remote_push|email,profile-readiness:profile-prompt-user-profile-gpa-anchor:3ad283595e8c8fc0b173911f,Profile has GPA value and GPA scale,,
user_prompt,ready_for_in_app_admin_delivery,e0e634d85a0cf22c31cc8a35,profile-prompt-user-profile-gpa-anchor,profile,prompt-user,profile.gpa_anchor,critical,/profile?tab=gpa,Complete your GPA anchor,Add GPA and scale so predictions and school-list advice use your real academic baseline.,Update GPA,in_app_readiness_surface|dashboard,redis_notification_feed|remote_push|email,profile-readiness:profile-prompt-user-profile-gpa-anchor:e0e634d85a0cf22c31cc8a35,Profile has GPA value and GPA scale,,
user_prompt,ready_for_in_app_admin_delivery,832d3d67127cd463e2d158ef,profile-prompt-user-profile-gpa-anchor,profile,prompt-user,profile.gpa_anchor,critical,/profile?tab=gpa,Complete your GPA anchor,Add GPA and scale so predictions and school-list advice use your real academic baseline.,Update GPA,in_app_readiness_surface|dashboard,redis_notification_feed|remote_push|email,profile-readiness:profile-prompt-user-profile-gpa-anchor:832d3d67127cd463e2d158ef,Profile has GPA value and GPA scale,,
user_prompt,ready_for_in_app_admin_delivery,e77a4fa0fcedef43de0cb4bb,profile-prompt-user-profile-gpa-anchor,profile,prompt-user,profile.gpa_anchor,critical,/profile?tab=gpa,Complete your GPA anchor,Add GPA and scale so predictions and school-list advice use your real academic baseline.,Update GPA,in_app_readiness_surface|dashboard,redis_notification_feed|remote_push|email,profile-readiness:profile-prompt-user-profile-gpa-anchor:e77a4fa0fcedef43de0cb4bb,Profile has GPA value and GPA scale,,
user_prompt,ready_for_in_app_admin_delivery,10238acf3b2e2675d06ce76c,profile-prompt-user-profile-gpa-anchor,profile,prompt-user,profile.gpa_anchor,critical,/profile?tab=gpa,Complete your GPA anchor,Add GPA and scale so predictions and school-list advice use your real academic baseline.,Update GPA,in_app_readiness_surface|dashboard,redis_notification_feed|remote_push|email,profile-readiness:profile-prompt-user-profile-gpa-anchor:10238acf3b2e2675d06ce76c,Profile has GPA value and GPA scale,,
user_prompt,ready_for_in_app_admin_delivery,7819fedbfc32d7ad6de164f3,profile-prompt-user-profile-gpa-anchor,profile,prompt-user,profile.gpa_anchor,critical,/profile?tab=gpa,Complete your GPA anchor,Add GPA and scale so predictions and school-list advice use your real academic baseline.,Update GPA,in_app_readiness_surface|dashboard,redis_notification_feed|remote_push|email,profile-readiness:profile-prompt-user-profile-gpa-anchor:7819fedbfc32d7ad6de164f3,Profile has GPA value and GPA scale,,
user_prompt,ready_for_in_app_admin_delivery,4a947b901c3d9b7ce0481cf2,profile-prompt-user-profile-gpa-anchor,profile,prompt-user,profile.gpa_anchor,critical,/profile?tab=gpa,Complete your GPA anchor,Add GPA and scale so predictions and school-list advice use your real academic baseline.,Update GPA,in_app_readiness_surface|dashboard,redis_notification_feed|remote_push|email,profile-readiness:profile-prompt-user-profile-gpa-anchor:4a947b901c3d9b7ce0481cf2,Profile has GPA value and GPA scale,,
user_prompt,ready_for_in_app_admin_delivery,977aba20a74e363bcb348888,profile-prompt-user-profile-gpa-anchor,profile,prompt-user,profile.gpa_anchor,critical,/profile?tab=gpa,Complete your GPA anchor,Add GPA and scale so predictions and school-list advice use your real academic baseline.,Update GPA,in_app_readiness_surface|dashboard,redis_notification_feed|remote_push|email,profile-readiness:profile-prompt-user-profile-gpa-anchor:977aba20a74e363bcb348888,Profile has GPA value and GPA scale,,
user_prompt,ready_for_in_app_admin_delivery,bdfbfe398683d67d68f39557,profile-prompt-user-profile-gpa-anchor,profile,prompt-user,profile.gpa_anchor,critical,/profile?tab=gpa,Complete your GPA anchor,Add GPA and scale so predictions and school-list advice use your real academic baseline.,Update GPA,in_app_readiness_surface|dashboard,redis_notification_feed|remote_push|email,profile-readiness:profile-prompt-user-profile-gpa-anchor:bdfbfe398683d67d68f39557,Profile has GPA value and GPA scale,,
user_prompt,ready_for_in_app_admin_delivery,3f980c4c6e95243d6daa6974,profile-prompt-user-profile-gpa-anchor,profile,prompt-user,profile.gpa_anchor,critical,/profile?tab=gpa,Complete your GPA anchor,Add GPA and scale so predictions and school-list advice use your real academic baseline.,Update GPA,in_app_readiness_surface|dashboard,redis_notification_feed|remote_push|email,profile-readiness:profile-prompt-user-profile-gpa-anchor:3f980c4c6e95243d6daa6974,Profile has GPA value and GPA scale,,
user_prompt,ready_for_in_app_admin_delivery,95337d5e96446798743732c1,profile-prompt-user-profile-gpa-anchor,profile,prompt-user,profile.gpa_anchor,critical,/profile?tab=gpa,Complete your GPA anchor,Add GPA and scale so predictions and school-list advice use your real academic baseline.,Update GPA,in_app_readiness_surface|dashboard,redis_notification_feed|remote_push|email,profile-readiness:profile-prompt-user-profile-gpa-anchor:95337d5e96446798743732c1,Profile has GPA value and GPA scale,,
user_prompt,ready_for_in_app_admin_delivery,c1950cf2ac294babc3aadf4e,profile-prompt-user-profile-gpa-anchor,profile,prompt-user,profile.gpa_anchor,critical,/profile?tab=gpa,Complete your GPA anchor,Add GPA and scale so predictions and school-list advice use your real academic baseline.,Update GPA,in_app_readiness_surface|dashboard,redis_notification_feed|remote_push|email,profile-readiness:profile-prompt-user-profile-gpa-anchor:c1950cf2ac294babc3aadf4e,Profile has GPA value and GPA scale,,
user_prompt,ready_for_in_app_admin_delivery,566af6ea3815e2e9d4ec7b10,profile-prompt-user-profile-gpa-anchor,profile,prompt-user,profile.gpa_anchor,critical,/profile?tab=gpa,Complete your GPA anchor,Add GPA and scale so predictions and school-list advice use your real academic baseline.,Update GPA,in_app_readiness_surface|dashboard,redis_notification_feed|remote_push|email,profile-readiness:profile-prompt-user-profile-gpa-anchor:566af6ea3815e2e9d4ec7b10,Profile has GPA value and GPA scale,,
user_prompt,ready_for_in_app_admin_delivery,b49b375f2ecd18e1d3e2c548,profile-prompt-user-profile-gpa-anchor,profile,prompt-user,profile.gpa_anchor,critical,/profile?tab=gpa,Complete your GPA anchor,Add GPA and scale so predictions and school-list advice use your real academic baseline.,Update GPA,in_app_readiness_surface|dashboard,redis_notification_feed|remote_push|email,profile-readiness:profile-prompt-user-profile-gpa-anchor:b49b375f2ecd18e1d3e2c548,Profile has GPA value and GPA scale,,
user_prompt,ready_for_in_app_admin_delivery,4cab3e79c7dd8e492a909e7f,profile-prompt-user-profile-gpa-anchor,profile,prompt-user,profile.gpa_anchor,critical,/profile?tab=gpa,Complete your GPA anchor,Add GPA and scale so predictions and school-list advice use your real academic baseline.,Update GPA,in_app_readiness_surface|dashboard,redis_notification_feed|remote_push|email,profile-readiness:profile-prompt-user-profile-gpa-anchor:4cab3e79c7dd8e492a909e7f,Profile has GPA value and GPA scale,,
user_prompt,ready_for_in_app_admin_delivery,fae66721875e65f51507bf27,profile-prompt-user-profile-gpa-anchor,profile,prompt-user,profile.gpa_anchor,critical,/profile?tab=gpa,Complete your GPA anchor,Add GPA and scale so predictions and school-list advice use your real academic baseline.,Update GPA,in_app_readiness_surface|dashboard,redis_notification_feed|remote_push|email,profile-readiness:profile-prompt-user-profile-gpa-anchor:fae66721875e65f51507bf27,Profile has GPA value and GPA scale,,
user_prompt,ready_for_in_app_admin_delivery,7c8c8ff6a81333ff3e9a04a6,profile-prompt-user-profile-gpa-anchor,profile,prompt-user,profile.gpa_anchor,critical,/profile?tab=gpa,Complete your GPA anchor,Add GPA and scale so predictions and school-list advice use your real academic baseline.,Update GPA,in_app_readiness_surface|dashboard,redis_notification_feed|remote_push|email,profile-readiness:profile-prompt-user-profile-gpa-anchor:7c8c8ff6a81333ff3e9a04a6,Profile has GPA value and GPA scale,,
user_prompt,ready_for_in_app_admin_delivery,2317f70b9e80abca4ad0824d,profile-prompt-user-profile-gpa-anchor,profile,prompt-user,profile.gpa_anchor,critical,/profile?tab=gpa,Complete your GPA anchor,Add GPA and scale so predictions and school-list advice use your real academic baseline.,Update GPA,in_app_readiness_surface|dashboard,redis_notification_feed|remote_push|email,profile-readiness:profile-prompt-user-profile-gpa-anchor:2317f70b9e80abca4ad0824d,Profile has GPA value and GPA scale,,
user_prompt,ready_for_in_app_admin_delivery,53abd2f8c90243ba345fa599,profile-prompt-user-profile-gpa-anchor,profile,prompt-user,profile.gpa_anchor,critical,/profile?tab=gpa,Complete your GPA anchor,Add GPA and scale so predictions and school-list advice use your real academic baseline.,Update GPA,in_app_readiness_surface|dashboard,redis_notification_feed|remote_push|email,profile-readiness:profile-prompt-user-profile-gpa-anchor:53abd2f8c90243ba345fa599,Profile has GPA value and GPA scale,,
user_prompt,ready_for_in_app_admin_delivery,b4a7670b022c83cb17a856df,profile-prompt-user-profile-gpa-anchor,profile,prompt-user,profile.gpa_anchor,critical,/profile?tab=gpa,Complete your GPA anchor,Add GPA and scale so predictions and school-list advice use your real academic baseline.,Update GPA,in_app_readiness_surface|dashboard,redis_notification_feed|remote_push|email,profile-readiness:profile-prompt-user-profile-gpa-anchor:b4a7670b022c83cb17a856df,Profile has GPA value and GPA scale,,
user_prompt,ready_for_in_app_admin_delivery,9814382a1d3be3e627c28c80,profile-prompt-user-profile-gpa-anchor,profile,prompt-user,profile.gpa_anchor,critical,/profile?tab=gpa,Complete your GPA anchor,Add GPA and scale so predictions and school-list advice use your real academic baseline.,Update GPA,in_app_readiness_surface|dashboard,redis_notification_feed|remote_push|email,profile-readiness:profile-prompt-user-profile-gpa-anchor:9814382a1d3be3e627c28c80,Profile has GPA value and GPA scale,,
user_prompt,ready_for_in_app_admin_delivery,d4e514871d10cb9f36b65d29,profile-prompt-user-profile-gpa-anchor,profile,prompt-user,profile.gpa_anchor,critical,/profile?tab=gpa,Complete your GPA anchor,Add GPA and scale so predictions and school-list advice use your real academic baseline.,Update GPA,in_app_readiness_surface|dashboard,redis_notification_feed|remote_push|email,profile-readiness:profile-prompt-user-profile-gpa-anchor:d4e514871d10cb9f36b65d29,Profile has GPA value and GPA scale,,
user_prompt,ready_for_in_app_admin_delivery,1d0c77f67037725ac9e941b2,profile-prompt-user-profile-gpa-anchor,profile,prompt-user,profile.gpa_anchor,critical,/profile?tab=gpa,Complete your GPA anchor,Add GPA and scale so predictions and school-list advice use your real academic baseline.,Update GPA,in_app_readiness_surface|dashboard,redis_notification_feed|remote_push|email,profile-readiness:profile-prompt-user-profile-gpa-anchor:1d0c77f67037725ac9e941b2,Profile has GPA value and GPA scale,,
user_prompt,ready_for_in_app_admin_delivery,556224a224a1c7679127d097,profile-prompt-user-profile-gpa-anchor,profile,prompt-user,profile.gpa_anchor,critical,/profile?tab=gpa,Complete your GPA anchor,Add GPA and scale so predictions and school-list advice use your real academic baseline.,Update GPA,in_app_readiness_surface|dashboard,redis_notification_feed|remote_push|email,profile-readiness:profile-prompt-user-profile-gpa-anchor:556224a224a1c7679127d097,Profile has GPA value and GPA scale,,
user_prompt,ready_for_in_app_admin_delivery,f371531d3d25666bda7eafeb,profile-prompt-user-profile-gpa-anchor,profile,prompt-user,profile.gpa_anchor,critical,/profile?tab=gpa,Complete your GPA anchor,Add GPA and scale so predictions and school-list advice use your real academic baseline.,Update GPA,in_app_readiness_surface|dashboard,redis_notification_feed|remote_push|email,profile-readiness:profile-prompt-user-profile-gpa-anchor:f371531d3d25666bda7eafeb,Profile has GPA value and GPA scale,,
user_prompt,ready_for_in_app_admin_delivery,a2d3062f8e09c9cc2ddbd88d,profile-prompt-user-profile-gpa-anchor,profile,prompt-user,profile.gpa_anchor,critical,/profile?tab=gpa,Complete your GPA anchor,Add GPA and scale so predictions and school-list advice use your real academic baseline.,Update GPA,in_app_readiness_surface|dashboard,redis_notification_feed|remote_push|email,profile-readiness:profile-prompt-user-profile-gpa-anchor:a2d3062f8e09c9cc2ddbd88d,Profile has GPA value and GPA scale,,
user_prompt,ready_for_in_app_admin_delivery,5424d5ace64e813a2f73dceb,profile-prompt-user-profile-gpa-anchor,profile,prompt-user,profile.gpa_anchor,critical,/profile?tab=gpa,Complete your GPA anchor,Add GPA and scale so predictions and school-list advice use your real academic baseline.,Update GPA,in_app_readiness_surface|dashboard,redis_notification_feed|remote_push|email,profile-readiness:profile-prompt-user-profile-gpa-anchor:5424d5ace64e813a2f73dceb,Profile has GPA value and GPA scale,,
user_prompt,ready_for_in_app_admin_delivery,67db31e10f819cc055ebc5e6,profile-prompt-user-profile-gpa-anchor,profile,prompt-user,profile.gpa_anchor,critical,/profile?tab=gpa,Complete your GPA anchor,Add GPA and scale so predictions and school-list advice use your real academic baseline.,Update GPA,in_app_readiness_surface|dashboard,redis_notification_feed|remote_push|email,profile-readiness:profile-prompt-user-profile-gpa-anchor:67db31e10f819cc055ebc5e6,Profile has GPA value and GPA scale,,
user_prompt,ready_for_in_app_admin_delivery,21453a247f2c36664ca1f4e7,profile-prompt-user-profile-gpa-anchor,profile,prompt-user,profile.gpa_anchor,critical,/profile?tab=gpa,Complete your GPA anchor,Add GPA and scale so predictions and school-list advice use your real academic baseline.,Update GPA,in_app_readiness_surface|dashboard,redis_notification_feed|remote_push|email,profile-readiness:profile-prompt-user-profile-gpa-anchor:21453a247f2c36664ca1f4e7,Profile has GPA value and GPA scale,,
user_prompt,ready_for_in_app_admin_delivery,bc78a5a24d4822c1254deb2d,profile-prompt-user-profile-gpa-anchor,profile,prompt-user,profile.gpa_anchor,critical,/profile?tab=gpa,Complete your GPA anchor,Add GPA and scale so predictions and school-list advice use your real academic baseline.,Update GPA,in_app_readiness_surface|dashboard,redis_notification_feed|remote_push|email,profile-readiness:profile-prompt-user-profile-gpa-anchor:bc78a5a24d4822c1254deb2d,Profile has GPA value and GPA scale,,
user_prompt,ready_for_in_app_admin_delivery,9d929fa72ae2cc1c5f3d8d82,profile-prompt-user-profile-gpa-anchor,profile,prompt-user,profile.gpa_anchor,critical,/profile?tab=gpa,Complete your GPA anchor,Add GPA and scale so predictions and school-list advice use your real academic baseline.,Update GPA,in_app_readiness_surface|dashboard,redis_notification_feed|remote_push|email,profile-readiness:profile-prompt-user-profile-gpa-anchor:9d929fa72ae2cc1c5f3d8d82,Profile has GPA value and GPA scale,,
user_prompt,ready_for_in_app_admin_delivery,8c13a70fc5c14aacfa48572e,profile-prompt-user-profile-gpa-anchor,profile,prompt-user,profile.gpa_anchor,critical,/profile?tab=gpa,Complete your GPA anchor,Add GPA and scale so predictions and school-list advice use your real academic baseline.,Update GPA,in_app_readiness_surface|dashboard,redis_notification_feed|remote_push|email,profile-readiness:profile-prompt-user-profile-gpa-anchor:8c13a70fc5c14aacfa48572e,Profile has GPA value and GPA scale,,
user_prompt,ready_for_in_app_admin_delivery,5e71abdcb6160d9592741988,profile-prompt-user-profile-gpa-anchor,profile,prompt-user,profile.gpa_anchor,critical,/profile?tab=gpa,Complete your GPA anchor,Add GPA and scale so predictions and school-list advice use your real academic baseline.,Update GPA,in_app_readiness_surface|dashboard,redis_notification_feed|remote_push|email,profile-readiness:profile-prompt-user-profile-gpa-anchor:5e71abdcb6160d9592741988,Profile has GPA value and GPA scale,,
user_prompt,ready_for_in_app_admin_delivery,8d2ae0fbd6efab48cb0052c2,profile-prompt-user-profile-gpa-anchor,profile,prompt-user,profile.gpa_anchor,critical,/profile?tab=gpa,Complete your GPA anchor,Add GPA and scale so predictions and school-list advice use your real academic baseline.,Update GPA,in_app_readiness_surface|dashboard,redis_notification_feed|remote_push|email,profile-readiness:profile-prompt-user-profile-gpa-anchor:8d2ae0fbd6efab48cb0052c2,Profile has GPA value and GPA scale,,
user_prompt,ready_for_in_app_admin_delivery,adb916c3e591190afd9b45f8,profile-prompt-user-profile-gpa-anchor,profile,prompt-user,profile.gpa_anchor,critical,/profile?tab=gpa,Complete your GPA anchor,Add GPA and scale so predictions and school-list advice use your real academic baseline.,Update GPA,in_app_readiness_surface|dashboard,redis_notification_feed|remote_push|email,profile-readiness:profile-prompt-user-profile-gpa-anchor:adb916c3e591190afd9b45f8,Profile has GPA value and GPA scale,,
user_prompt,ready_for_in_app_admin_delivery,00c69013a76020fd12b4db56,profile-prompt-user-profile-gpa-anchor,profile,prompt-user,profile.gpa_anchor,critical,/profile?tab=gpa,Complete your GPA anchor,Add GPA and scale so predictions and school-list advice use your real academic baseline.,Update GPA,in_app_readiness_surface|dashboard,redis_notification_feed|remote_push|email,profile-readiness:profile-prompt-user-profile-gpa-anchor:00c69013a76020fd12b4db56,Profile has GPA value and GPA scale,,
user_prompt,ready_for_in_app_admin_delivery,1fcb3fd1f8acdc0e2e312acc,profile-prompt-user-profile-gpa-anchor,profile,prompt-user,profile.gpa_anchor,critical,/profile?tab=gpa,Complete your GPA anchor,Add GPA and scale so predictions and school-list advice use your real academic baseline.,Update GPA,in_app_readiness_surface|dashboard,redis_notification_feed|remote_push|email,profile-readiness:profile-prompt-user-profile-gpa-anchor:1fcb3fd1f8acdc0e2e312acc,Profile has GPA value and GPA scale,,
user_prompt,ready_for_in_app_admin_delivery,805c5da5dfebc142dddca509,profile-prompt-user-profile-gpa-anchor,profile,prompt-user,profile.gpa_anchor,critical,/profile?tab=gpa,Complete your GPA anchor,Add GPA and scale so predictions and school-list advice use your real academic baseline.,Update GPA,in_app_readiness_surface|dashboard,redis_notification_feed|remote_push|email,profile-readiness:profile-prompt-user-profile-gpa-anchor:805c5da5dfebc142dddca509,Profile has GPA value and GPA scale,,
user_prompt,ready_for_in_app_admin_delivery,176643ab074df2c6330bdc05,profile-prompt-user-profile-gpa-anchor,profile,prompt-user,profile.gpa_anchor,critical,/profile?tab=gpa,Complete your GPA anchor,Add GPA and scale so predictions and school-list advice use your real academic baseline.,Update GPA,in_app_readiness_surface|dashboard,redis_notification_feed|remote_push|email,profile-readiness:profile-prompt-user-profile-gpa-anchor:176643ab074df2c6330bdc05,Profile has GPA value and GPA scale,,
user_prompt,ready_for_in_app_admin_delivery,c33c10777a45726a21deed93,profile-prompt-user-profile-gpa-anchor,profile,prompt-user,profile.gpa_anchor,critical,/profile?tab=gpa,Complete your GPA anchor,Add GPA and scale so predictions and school-list advice use your real academic baseline.,Update GPA,in_app_readiness_surface|dashboard,redis_notification_feed|remote_push|email,profile-readiness:profile-prompt-user-profile-gpa-anchor:c33c10777a45726a21deed93,Profile has GPA value and GPA scale,,
user_prompt,ready_for_in_app_admin_delivery,ee27103855fd947a0585e587,profile-prompt-user-profile-gpa-anchor,profile,prompt-user,profile.gpa_anchor,critical,/profile?tab=gpa,Complete your GPA anchor,Add GPA and scale so predictions and school-list advice use your real academic baseline.,Update GPA,in_app_readiness_surface|dashboard,redis_notification_feed|remote_push|email,profile-readiness:profile-prompt-user-profile-gpa-anchor:ee27103855fd947a0585e587,Profile has GPA value and GPA scale,,
user_prompt,ready_for_in_app_admin_delivery,d0b967b32741d9ec6459f774,profile-prompt-user-profile-gpa-anchor,profile,prompt-user,profile.gpa_anchor,critical,/profile?tab=gpa,Complete your GPA anchor,Add GPA and scale so predictions and school-list advice use your real academic baseline.,Update GPA,in_app_readiness_surface|dashboard,redis_notification_feed|remote_push|email,profile-readiness:profile-prompt-user-profile-gpa-anchor:d0b967b32741d9ec6459f774,Profile has GPA value and GPA scale,,
user_prompt,ready_for_in_app_admin_delivery,f0dca2416b19d212b3180e2a,profile-prompt-user-profile-gpa-anchor,profile,prompt-user,profile.gpa_anchor,critical,/profile?tab=gpa,Complete your GPA anchor,Add GPA and scale so predictions and school-list advice use your real academic baseline.,Update GPA,in_app_readiness_surface|dashboard,redis_notification_feed|remote_push|email,profile-readiness:profile-prompt-user-profile-gpa-anchor:f0dca2416b19d212b3180e2a,Profile has GPA value and GPA scale,,
user_prompt,ready_for_in_app_admin_delivery,3d0f9da60e8980d06930b481,profile-prompt-user-profile-gpa-anchor,profile,prompt-user,profile.gpa_anchor,critical,/profile?tab=gpa,Complete your GPA anchor,Add GPA and scale so predictions and school-list advice use your real academic baseline.,Update GPA,in_app_readiness_surface|dashboard,redis_notification_feed|remote_push|email,profile-readiness:profile-prompt-user-profile-gpa-anchor:3d0f9da60e8980d06930b481,Profile has GPA value and GPA scale,,
user_prompt,ready_for_in_app_admin_delivery,ca5eb63722908f440c293dc4,profile-prompt-user-profile-gpa-anchor,profile,prompt-user,profile.gpa_anchor,critical,/profile?tab=gpa,Complete your GPA anchor,Add GPA and scale so predictions and school-list advice use your real academic baseline.,Update GPA,in_app_readiness_surface|dashboard,redis_notification_feed|remote_push|email,profile-readiness:profile-prompt-user-profile-gpa-anchor:ca5eb63722908f440c293dc4,Profile has GPA value and GPA scale,,
user_prompt,ready_for_in_app_admin_delivery,9f15e7b53f10db2c2e0f4099,profile-prompt-user-profile-gpa-anchor,profile,prompt-user,profile.gpa_anchor,critical,/profile?tab=gpa,Complete your GPA anchor,Add GPA and scale so predictions and school-list advice use your real academic baseline.,Update GPA,in_app_readiness_surface|dashboard,redis_notification_feed|remote_push|email,profile-readiness:profile-prompt-user-profile-gpa-anchor:9f15e7b53f10db2c2e0f4099,Profile has GPA value and GPA scale,,
user_prompt,ready_for_in_app_admin_delivery,33c78f08811b5c66f475a7f1,profile-prompt-user-profile-gpa-anchor,profile,prompt-user,profile.gpa_anchor,critical,/profile?tab=gpa,Complete your GPA anchor,Add GPA and scale so predictions and school-list advice use your real academic baseline.,Update GPA,in_app_readiness_surface|dashboard,redis_notification_feed|remote_push|email,profile-readiness:profile-prompt-user-profile-gpa-anchor:33c78f08811b5c66f475a7f1,Profile has GPA value and GPA scale,,
user_prompt,ready_for_in_app_admin_delivery,cd0e333cdda02719666fbe49,profile-prompt-user-profile-gpa-anchor,profile,prompt-user,profile.gpa_anchor,critical,/profile?tab=gpa,Complete your GPA anchor,Add GPA and scale so predictions and school-list advice use your real academic baseline.,Update GPA,in_app_readiness_surface|dashboard,redis_notification_feed|remote_push|email,profile-readiness:profile-prompt-user-profile-gpa-anchor:cd0e333cdda02719666fbe49,Profile has GPA value and GPA scale,,
user_prompt,ready_for_in_app_admin_delivery,980eac363cffa8fdead3089a,profile-prompt-user-profile-gpa-anchor,profile,prompt-user,profile.gpa_anchor,critical,/profile?tab=gpa,Complete your GPA anchor,Add GPA and scale so predictions and school-list advice use your real academic baseline.,Update GPA,in_app_readiness_surface|dashboard,redis_notification_feed|remote_push|email,profile-readiness:profile-prompt-user-profile-gpa-anchor:980eac363cffa8fdead3089a,Profile has GPA value and GPA scale,,
user_prompt,ready_for_in_app_admin_delivery,4dff462899d7fb76f8396bdd,profile-prompt-user-profile-gpa-anchor,profile,prompt-user,profile.gpa_anchor,critical,/profile?tab=gpa,Complete your GPA anchor,Add GPA and scale so predictions and school-list advice use your real academic baseline.,Update GPA,in_app_readiness_surface|dashboard,redis_notification_feed|remote_push|email,profile-readiness:profile-prompt-user-profile-gpa-anchor:4dff462899d7fb76f8396bdd,Profile has GPA value and GPA scale,,
user_prompt,ready_for_in_app_admin_delivery,95516cf74b0d570a8bd7faf3,profile-prompt-user-profile-gpa-anchor,profile,prompt-user,profile.gpa_anchor,critical,/profile?tab=gpa,Complete your GPA anchor,Add GPA and scale so predictions and school-list advice use your real academic baseline.,Update GPA,in_app_readiness_surface|dashboard,redis_notification_feed|remote_push|email,profile-readiness:profile-prompt-user-profile-gpa-anchor:95516cf74b0d570a8bd7faf3,Profile has GPA value and GPA scale,,
user_prompt,ready_for_in_app_admin_delivery,b8c3f50120c9a5d54a39ddb5,profile-prompt-user-profile-gpa-anchor,profile,prompt-user,profile.gpa_anchor,critical,/profile?tab=gpa,Complete your GPA anchor,Add GPA and scale so predictions and school-list advice use your real academic baseline.,Update GPA,in_app_readiness_surface|dashboard,redis_notification_feed|remote_push|email,profile-readiness:profile-prompt-user-profile-gpa-anchor:b8c3f50120c9a5d54a39ddb5,Profile has GPA value and GPA scale,,
user_prompt,ready_for_in_app_admin_delivery,e6ac6819060422a01033b7c2,profile-prompt-user-profile-gpa-anchor,profile,prompt-user,profile.gpa_anchor,critical,/profile?tab=gpa,Complete your GPA anchor,Add GPA and scale so predictions and school-list advice use your real academic baseline.,Update GPA,in_app_readiness_surface|dashboard,redis_notification_feed|remote_push|email,profile-readiness:profile-prompt-user-profile-gpa-anchor:e6ac6819060422a01033b7c2,Profile has GPA value and GPA scale,,
user_prompt,ready_for_in_app_admin_delivery,0487162eb16fe3731a2dcd5f,profile-prompt-user-profile-gpa-anchor,profile,prompt-user,profile.gpa_anchor,critical,/profile?tab=gpa,Complete your GPA anchor,Add GPA and scale so predictions and school-list advice use your real academic baseline.,Update GPA,in_app_readiness_surface|dashboard,redis_notification_feed|remote_push|email,profile-readiness:profile-prompt-user-profile-gpa-anchor:0487162eb16fe3731a2dcd5f,Profile has GPA value and GPA scale,,
user_prompt,ready_for_in_app_admin_delivery,625571854e8fb624c0e36346,profile-prompt-user-profile-gpa-anchor,profile,prompt-user,profile.gpa_anchor,critical,/profile?tab=gpa,Complete your GPA anchor,Add GPA and scale so predictions and school-list advice use your real academic baseline.,Update GPA,in_app_readiness_surface|dashboard,redis_notification_feed|remote_push|email,profile-readiness:profile-prompt-user-profile-gpa-anchor:625571854e8fb624c0e36346,Profile has GPA value and GPA scale,,
user_prompt,ready_for_in_app_admin_delivery,8f44cd19e12bead2f651a52f,profile-prompt-user-profile-gpa-anchor,profile,prompt-user,profile.gpa_anchor,critical,/profile?tab=gpa,Complete your GPA anchor,Add GPA and scale so predictions and school-list advice use your real academic baseline.,Update GPA,in_app_readiness_surface|dashboard,redis_notification_feed|remote_push|email,profile-readiness:profile-prompt-user-profile-gpa-anchor:8f44cd19e12bead2f651a52f,Profile has GPA value and GPA scale,,
user_prompt,ready_for_in_app_admin_delivery,12d9095e28814d34280ce5f8,profile-prompt-user-profile-gpa-anchor,profile,prompt-user,profile.gpa_anchor,critical,/profile?tab=gpa,Complete your GPA anchor,Add GPA and scale so predictions and school-list advice use your real academic baseline.,Update GPA,in_app_readiness_surface|dashboard,redis_notification_feed|remote_push|email,profile-readiness:profile-prompt-user-profile-gpa-anchor:12d9095e28814d34280ce5f8,Profile has GPA value and GPA scale,,
user_prompt,ready_for_in_app_admin_delivery,512557be39aeec8a261e16f5,profile-prompt-user-profile-gpa-anchor,profile,prompt-user,profile.gpa_anchor,critical,/profile?tab=gpa,Complete your GPA anchor,Add GPA and scale so predictions and school-list advice use your real academic baseline.,Update GPA,in_app_readiness_surface|dashboard,redis_notification_feed|remote_push|email,profile-readiness:profile-prompt-user-profile-gpa-anchor:512557be39aeec8a261e16f5,Profile has GPA value and GPA scale,,
user_prompt,ready_for_in_app_admin_delivery,8a9894f022079555414c8aeb,profile-prompt-user-profile-gpa-anchor,profile,prompt-user,profile.gpa_anchor,critical,/profile?tab=gpa,Complete your GPA anchor,Add GPA and scale so predictions and school-list advice use your real academic baseline.,Update GPA,in_app_readiness_surface|dashboard,redis_notification_feed|remote_push|email,profile-readiness:profile-prompt-user-profile-gpa-anchor:8a9894f022079555414c8aeb,Profile has GPA value and GPA scale,,
user_prompt,ready_for_in_app_admin_delivery,6174b3d014f4f619a3ff6b72,profile-prompt-user-profile-gpa-anchor,profile,prompt-user,profile.gpa_anchor,critical,/profile?tab=gpa,Complete your GPA anchor,Add GPA and scale so predictions and school-list advice use your real academic baseline.,Update GPA,in_app_readiness_surface|dashboard,redis_notification_feed|remote_push|email,profile-readiness:profile-prompt-user-profile-gpa-anchor:6174b3d014f4f619a3ff6b72,Profile has GPA value and GPA scale,,
user_prompt,ready_for_in_app_admin_delivery,ef468fe3f9990bb15e47ad28,profile-prompt-user-profile-gpa-anchor,profile,prompt-user,profile.gpa_anchor,critical,/profile?tab=gpa,Complete your GPA anchor,Add GPA and scale so predictions and school-list advice use your real academic baseline.,Update GPA,in_app_readiness_surface|dashboard,redis_notification_feed|remote_push|email,profile-readiness:profile-prompt-user-profile-gpa-anchor:ef468fe3f9990bb15e47ad28,Profile has GPA value and GPA scale,,
user_prompt,ready_for_in_app_admin_delivery,120e94098a641151055e7401,profile-prompt-user-profile-gpa-anchor,profile,prompt-user,profile.gpa_anchor,critical,/profile?tab=gpa,Complete your GPA anchor,Add GPA and scale so predictions and school-list advice use your real academic baseline.,Update GPA,in_app_readiness_surface|dashboard,redis_notification_feed|remote_push|email,profile-readiness:profile-prompt-user-profile-gpa-anchor:120e94098a641151055e7401,Profile has GPA value and GPA scale,,
user_prompt,ready_for_in_app_admin_delivery,d9259906488359e282745726,profile-prompt-user-profile-gpa-anchor,profile,prompt-user,profile.gpa_anchor,critical,/profile?tab=gpa,Complete your GPA anchor,Add GPA and scale so predictions and school-list advice use your real academic baseline.,Update GPA,in_app_readiness_surface|dashboard,redis_notification_feed|remote_push|email,profile-readiness:profile-prompt-user-profile-gpa-anchor:d9259906488359e282745726,Profile has GPA value and GPA scale,,
user_prompt,ready_for_in_app_admin_delivery,beeae0f88a46824bd6e36f90,profile-prompt-user-profile-gpa-anchor,profile,prompt-user,profile.gpa_anchor,critical,/profile?tab=gpa,Complete your GPA anchor,Add GPA and scale so predictions and school-list advice use your real academic baseline.,Update GPA,in_app_readiness_surface|dashboard,redis_notification_feed|remote_push|email,profile-readiness:profile-prompt-user-profile-gpa-anchor:beeae0f88a46824bd6e36f90,Profile has GPA value and GPA scale,,
user_prompt,ready_for_in_app_admin_delivery,962fe005af82e4f313bedb2d,profile-prompt-user-profile-gpa-anchor,profile,prompt-user,profile.gpa_anchor,critical,/profile?tab=gpa,Complete your GPA anchor,Add GPA and scale so predictions and school-list advice use your real academic baseline.,Update GPA,in_app_readiness_surface|dashboard,redis_notification_feed|remote_push|email,profile-readiness:profile-prompt-user-profile-gpa-anchor:962fe005af82e4f313bedb2d,Profile has GPA value and GPA scale,,
user_prompt,ready_for_in_app_admin_delivery,e2d4f5f8fc21d9e4dd7d2df2,profile-prompt-user-profile-gpa-anchor,profile,prompt-user,profile.gpa_anchor,critical,/profile?tab=gpa,Complete your GPA anchor,Add GPA and scale so predictions and school-list advice use your real academic baseline.,Update GPA,in_app_readiness_surface|dashboard,redis_notification_feed|remote_push|email,profile-readiness:profile-prompt-user-profile-gpa-anchor:e2d4f5f8fc21d9e4dd7d2df2,Profile has GPA value and GPA scale,,
user_prompt,ready_for_in_app_admin_delivery,dcade48028aa7004b2e2b982,profile-prompt-user-profile-gpa-anchor,profile,prompt-user,profile.gpa_anchor,critical,/profile?tab=gpa,Complete your GPA anchor,Add GPA and scale so predictions and school-list advice use your real academic baseline.,Update GPA,in_app_readiness_surface|dashboard,redis_notification_feed|remote_push|email,profile-readiness:profile-prompt-user-profile-gpa-anchor:dcade48028aa7004b2e2b982,Profile has GPA value and GPA scale,,
user_prompt,ready_for_in_app_admin_delivery,da83d1a201eb1e0112b7eec4,profile-prompt-user-profile-gpa-anchor,profile,prompt-user,profile.gpa_anchor,critical,/profile?tab=gpa,Complete your GPA anchor,Add GPA and scale so predictions and school-list advice use your real academic baseline.,Update GPA,in_app_readiness_surface|dashboard,redis_notification_feed|remote_push|email,profile-readiness:profile-prompt-user-profile-gpa-anchor:da83d1a201eb1e0112b7eec4,Profile has GPA value and GPA scale,,
user_prompt,ready_for_in_app_admin_delivery,0f06d8ca1b23d3a1dc68a6eb,profile-prompt-user-profile-gpa-anchor,profile,prompt-user,profile.gpa_anchor,critical,/profile?tab=gpa,Complete your GPA anchor,Add GPA and scale so predictions and school-list advice use your real academic baseline.,Update GPA,in_app_readiness_surface|dashboard,redis_notification_feed|remote_push|email,profile-readiness:profile-prompt-user-profile-gpa-anchor:0f06d8ca1b23d3a1dc68a6eb,Profile has GPA value and GPA scale,,
user_prompt,ready_for_in_app_admin_delivery,473c4613d839068ba7855d82,profile-prompt-user-profile-gpa-anchor,profile,prompt-user,profile.gpa_anchor,critical,/profile?tab=gpa,Complete your GPA anchor,Add GPA and scale so predictions and school-list advice use your real academic baseline.,Update GPA,in_app_readiness_surface|dashboard,redis_notification_feed|remote_push|email,profile-readiness:profile-prompt-user-profile-gpa-anchor:473c4613d839068ba7855d82,Profile has GPA value and GPA scale,,
user_prompt,ready_for_in_app_admin_delivery,30644d4d38a7469292f1c5ee,profile-prompt-user-profile-gpa-anchor,profile,prompt-user,profile.gpa_anchor,critical,/profile?tab=gpa,Complete your GPA anchor,Add GPA and scale so predictions and school-list advice use your real academic baseline.,Update GPA,in_app_readiness_surface|dashboard,redis_notification_feed|remote_push|email,profile-readiness:profile-prompt-user-profile-gpa-anchor:30644d4d38a7469292f1c5ee,Profile has GPA value and GPA scale,,
user_prompt,ready_for_in_app_admin_delivery,0defed87eef77bb11270748d,profile-prompt-user-profile-gpa-anchor,profile,prompt-user,profile.gpa_anchor,critical,/profile?tab=gpa,Complete your GPA anchor,Add GPA and scale so predictions and school-list advice use your real academic baseline.,Update GPA,in_app_readiness_surface|dashboard,redis_notification_feed|remote_push|email,profile-readiness:profile-prompt-user-profile-gpa-anchor:0defed87eef77bb11270748d,Profile has GPA value and GPA scale,,
user_prompt,ready_for_in_app_admin_delivery,cc241cedf886e14bf508182b,profile-prompt-user-profile-gpa-anchor,profile,prompt-user,profile.gpa_anchor,critical,/profile?tab=gpa,Complete your GPA anchor,Add GPA and scale so predictions and school-list advice use your real academic baseline.,Update GPA,in_app_readiness_surface|dashboard,redis_notification_feed|remote_push|email,profile-readiness:profile-prompt-user-profile-gpa-anchor:cc241cedf886e14bf508182b,Profile has GPA value and GPA scale,,
user_prompt,ready_for_in_app_admin_delivery,85490fb37f0bdf02f563ea85,profile-prompt-user-profile-gpa-anchor,profile,prompt-user,profile.gpa_anchor,critical,/profile?tab=gpa,Complete your GPA anchor,Add GPA and scale so predictions and school-list advice use your real academic baseline.,Update GPA,in_app_readiness_surface|dashboard,redis_notification_feed|remote_push|email,profile-readiness:profile-prompt-user-profile-gpa-anchor:85490fb37f0bdf02f563ea85,Profile has GPA value and GPA scale,,
user_prompt,ready_for_in_app_admin_delivery,12c0646647db687d1a65aed0,profile-prompt-user-profile-gpa-anchor,profile,prompt-user,profile.gpa_anchor,critical,/profile?tab=gpa,Complete your GPA anchor,Add GPA and scale so predictions and school-list advice use your real academic baseline.,Update GPA,in_app_readiness_surface|dashboard,redis_notification_feed|remote_push|email,profile-readiness:profile-prompt-user-profile-gpa-anchor:12c0646647db687d1a65aed0,Profile has GPA value and GPA scale,,
user_prompt,ready_for_in_app_admin_delivery,a11417640be59bed20bc3a98,profile-prompt-user-profile-gpa-anchor,profile,prompt-user,profile.gpa_anchor,critical,/profile?tab=gpa,Complete your GPA anchor,Add GPA and scale so predictions and school-list advice use your real academic baseline.,Update GPA,in_app_readiness_surface|dashboard,redis_notification_feed|remote_push|email,profile-readiness:profile-prompt-user-profile-gpa-anchor:a11417640be59bed20bc3a98,Profile has GPA value and GPA scale,,
user_prompt,ready_for_in_app_admin_delivery,8f66d4f73209fbaccd3033bf,profile-prompt-user-profile-gpa-anchor,profile,prompt-user,profile.gpa_anchor,critical,/profile?tab=gpa,Complete your GPA anchor,Add GPA and scale so predictions and school-list advice use your real academic baseline.,Update GPA,in_app_readiness_surface|dashboard,redis_notification_feed|remote_push|email,profile-readiness:profile-prompt-user-profile-gpa-anchor:8f66d4f73209fbaccd3033bf,Profile has GPA value and GPA scale,,
user_prompt,ready_for_in_app_admin_delivery,c20f861a8c401467478f1ff8,profile-prompt-user-profile-gpa-anchor,profile,prompt-user,profile.gpa_anchor,critical,/profile?tab=gpa,Complete your GPA anchor,Add GPA and scale so predictions and school-list advice use your real academic baseline.,Update GPA,in_app_readiness_surface|dashboard,redis_notification_feed|remote_push|email,profile-readiness:profile-prompt-user-profile-gpa-anchor:c20f861a8c401467478f1ff8,Profile has GPA value and GPA scale,,
user_prompt,ready_for_in_app_admin_delivery,3e9f49d50ab7d023f1a8e39e,profile-prompt-user-profile-gpa-anchor,profile,prompt-user,profile.gpa_anchor,critical,/profile?tab=gpa,Complete your GPA anchor,Add GPA and scale so predictions and school-list advice use your real academic baseline.,Update GPA,in_app_readiness_surface|dashboard,redis_notification_feed|remote_push|email,profile-readiness:profile-prompt-user-profile-gpa-anchor:3e9f49d50ab7d023f1a8e39e,Profile has GPA value and GPA scale,,
user_prompt,ready_for_in_app_admin_delivery,8e31c7196b60b7f62dbf3e4d,profile-prompt-user-profile-gpa-anchor,profile,prompt-user,profile.gpa_anchor,critical,/profile?tab=gpa,Complete your GPA anchor,Add GPA and scale so predictions and school-list advice use your real academic baseline.,Update GPA,in_app_readiness_surface|dashboard,redis_notification_feed|remote_push|email,profile-readiness:profile-prompt-user-profile-gpa-anchor:8e31c7196b60b7f62dbf3e4d,Profile has GPA value and GPA scale,,
user_prompt,ready_for_in_app_admin_delivery,8965a5653322427763446164,profile-prompt-user-profile-gpa-anchor,profile,prompt-user,profile.gpa_anchor,critical,/profile?tab=gpa,Complete your GPA anchor,Add GPA and scale so predictions and school-list advice use your real academic baseline.,Update GPA,in_app_readiness_surface|dashboard,redis_notification_feed|remote_push|email,profile-readiness:profile-prompt-user-profile-gpa-anchor:8965a5653322427763446164,Profile has GPA value and GPA scale,,
user_prompt,ready_for_in_app_admin_delivery,efedd357e0c8b9536160f8f6,profile-prompt-user-profile-gpa-anchor,profile,prompt-user,profile.gpa_anchor,critical,/profile?tab=gpa,Complete your GPA anchor,Add GPA and scale so predictions and school-list advice use your real academic baseline.,Update GPA,in_app_readiness_surface|dashboard,redis_notification_feed|remote_push|email,profile-readiness:profile-prompt-user-profile-gpa-anchor:efedd357e0c8b9536160f8f6,Profile has GPA value and GPA scale,,
user_prompt,ready_for_in_app_admin_delivery,b29d033421d2c8ab0fa5c69b,profile-prompt-user-profile-gpa-anchor,profile,prompt-user,profile.gpa_anchor,critical,/profile?tab=gpa,Complete your GPA anchor,Add GPA and scale so predictions and school-list advice use your real academic baseline.,Update GPA,in_app_readiness_surface|dashboard,redis_notification_feed|remote_push|email,profile-readiness:profile-prompt-user-profile-gpa-anchor:b29d033421d2c8ab0fa5c69b,Profile has GPA value and GPA scale,,
user_prompt,ready_for_in_app_admin_delivery,1af5029e2c9cee54b3aa5379,profile-prompt-user-profile-gpa-anchor,profile,prompt-user,profile.gpa_anchor,critical,/profile?tab=gpa,Complete your GPA anchor,Add GPA and scale so predictions and school-list advice use your real academic baseline.,Update GPA,in_app_readiness_surface|dashboard,redis_notification_feed|remote_push|email,profile-readiness:profile-prompt-user-profile-gpa-anchor:1af5029e2c9cee54b3aa5379,Profile has GPA value and GPA scale,,
user_prompt,ready_for_in_app_admin_delivery,32824a404947ef3550d69a72,profile-prompt-user-profile-gpa-anchor,profile,prompt-user,profile.gpa_anchor,critical,/profile?tab=gpa,Complete your GPA anchor,Add GPA and scale so predictions and school-list advice use your real academic baseline.,Update GPA,in_app_readiness_surface|dashboard,redis_notification_feed|remote_push|email,profile-readiness:profile-prompt-user-profile-gpa-anchor:32824a404947ef3550d69a72,Profile has GPA value and GPA scale,,
user_prompt,ready_for_in_app_admin_delivery,a2676b11991f59fc253f6d0a,profile-prompt-user-profile-gpa-anchor,profile,prompt-user,profile.gpa_anchor,critical,/profile?tab=gpa,Complete your GPA anchor,Add GPA and scale so predictions and school-list advice use your real academic baseline.,Update GPA,in_app_readiness_surface|dashboard,redis_notification_feed|remote_push|email,profile-readiness:profile-prompt-user-profile-gpa-anchor:a2676b11991f59fc253f6d0a,Profile has GPA value and GPA scale,,
user_prompt,ready_for_in_app_admin_delivery,e90f73773879c88c915125d3,profile-prompt-user-profile-gpa-anchor,profile,prompt-user,profile.gpa_anchor,critical,/profile?tab=gpa,Complete your GPA anchor,Add GPA and scale so predictions and school-list advice use your real academic baseline.,Update GPA,in_app_readiness_surface|dashboard,redis_notification_feed|remote_push|email,profile-readiness:profile-prompt-user-profile-gpa-anchor:e90f73773879c88c915125d3,Profile has GPA value and GPA scale,,
user_prompt,ready_for_in_app_admin_delivery,241e0447f0aa4ae8bec24164,profile-prompt-user-profile-gpa-anchor,profile,prompt-user,profile.gpa_anchor,critical,/profile?tab=gpa,Complete your GPA anchor,Add GPA and scale so predictions and school-list advice use your real academic baseline.,Update GPA,in_app_readiness_surface|dashboard,redis_notification_feed|remote_push|email,profile-readiness:profile-prompt-user-profile-gpa-anchor:241e0447f0aa4ae8bec24164,Profile has GPA value and GPA scale,,
user_prompt,ready_for_in_app_admin_delivery,8677b59c1c43ffabba1f2edb,profile-prompt-user-profile-gpa-anchor,profile,prompt-user,profile.gpa_anchor,critical,/profile?tab=gpa,Complete your GPA anchor,Add GPA and scale so predictions and school-list advice use your real academic baseline.,Update GPA,in_app_readiness_surface|dashboard,redis_notification_feed|remote_push|email,profile-readiness:profile-prompt-user-profile-gpa-anchor:8677b59c1c43ffabba1f2edb,Profile has GPA value and GPA scale,,
user_prompt,ready_for_in_app_admin_delivery,f21afb7cbab11118d600aaf0,profile-prompt-user-profile-gpa-anchor,profile,prompt-user,profile.gpa_anchor,critical,/profile?tab=gpa,Complete your GPA anchor,Add GPA and scale so predictions and school-list advice use your real academic baseline.,Update GPA,in_app_readiness_surface|dashboard,redis_notification_feed|remote_push|email,profile-readiness:profile-prompt-user-profile-gpa-anchor:f21afb7cbab11118d600aaf0,Profile has GPA value and GPA scale,,
user_prompt,ready_for_in_app_admin_delivery,36cf7e859f087f74b75589c8,profile-prompt-user-profile-gpa-anchor,profile,prompt-user,profile.gpa_anchor,critical,/profile?tab=gpa,Complete your GPA anchor,Add GPA and scale so predictions and school-list advice use your real academic baseline.,Update GPA,in_app_readiness_surface|dashboard,redis_notification_feed|remote_push|email,profile-readiness:profile-prompt-user-profile-gpa-anchor:36cf7e859f087f74b75589c8,Profile has GPA value and GPA scale,,
user_prompt,ready_for_in_app_admin_delivery,de62d0f8511b17551ee7c676,profile-prompt-user-profile-gpa-anchor,profile,prompt-user,profile.gpa_anchor,critical,/profile?tab=gpa,Complete your GPA anchor,Add GPA and scale so predictions and school-list advice use your real academic baseline.,Update GPA,in_app_readiness_surface|dashboard,redis_notification_feed|remote_push|email,profile-readiness:profile-prompt-user-profile-gpa-anchor:de62d0f8511b17551ee7c676,Profile has GPA value and GPA scale,,
user_prompt,ready_for_in_app_admin_delivery,01ab33b5a74e8087d440a72b,profile-prompt-user-profile-gpa-anchor,profile,prompt-user,profile.gpa_anchor,critical,/profile?tab=gpa,Complete your GPA anchor,Add GPA and scale so predictions and school-list advice use your real academic baseline.,Update GPA,in_app_readiness_surface|dashboard,redis_notification_feed|remote_push|email,profile-readiness:profile-prompt-user-profile-gpa-anchor:01ab33b5a74e8087d440a72b,Profile has GPA value and GPA scale,,
user_prompt,ready_for_in_app_admin_delivery,31259b62c40c42e489b70961,profile-prompt-user-profile-gpa-anchor,profile,prompt-user,profile.gpa_anchor,critical,/profile?tab=gpa,Complete your GPA anchor,Add GPA and scale so predictions and school-list advice use your real academic baseline.,Update GPA,in_app_readiness_surface|dashboard,redis_notification_feed|remote_push|email,profile-readiness:profile-prompt-user-profile-gpa-anchor:31259b62c40c42e489b70961,Profile has GPA value and GPA scale,,
user_prompt,ready_for_in_app_admin_delivery,2b9fd436eb1380dafdc8bb61,profile-prompt-user-profile-gpa-anchor,profile,prompt-user,profile.gpa_anchor,critical,/profile?tab=gpa,Complete your GPA anchor,Add GPA and scale so predictions and school-list advice use your real academic baseline.,Update GPA,in_app_readiness_surface|dashboard,redis_notification_feed|remote_push|email,profile-readiness:profile-prompt-user-profile-gpa-anchor:2b9fd436eb1380dafdc8bb61,Profile has GPA value and GPA scale,,
user_prompt,ready_for_in_app_admin_delivery,82c25cdac81c232afa19074b,profile-prompt-user-profile-gpa-anchor,profile,prompt-user,profile.gpa_anchor,critical,/profile?tab=gpa,Complete your GPA anchor,Add GPA and scale so predictions and school-list advice use your real academic baseline.,Update GPA,in_app_readiness_surface|dashboard,redis_notification_feed|remote_push|email,profile-readiness:profile-prompt-user-profile-gpa-anchor:82c25cdac81c232afa19074b,Profile has GPA value and GPA scale,,
user_prompt,ready_for_in_app_admin_delivery,c64128137c011d1b7f7475ea,profile-prompt-user-profile-gpa-anchor,profile,prompt-user,profile.gpa_anchor,critical,/profile?tab=gpa,Complete your GPA anchor,Add GPA and scale so predictions and school-list advice use your real academic baseline.,Update GPA,in_app_readiness_surface|dashboard,redis_notification_feed|remote_push|email,profile-readiness:profile-prompt-user-profile-gpa-anchor:c64128137c011d1b7f7475ea,Profile has GPA value and GPA scale,,
user_prompt,ready_for_in_app_admin_delivery,c63f68036b2ddca06dc47664,profile-prompt-user-profile-gpa-anchor,profile,prompt-user,profile.gpa_anchor,critical,/profile?tab=gpa,Complete your GPA anchor,Add GPA and scale so predictions and school-list advice use your real academic baseline.,Update GPA,in_app_readiness_surface|dashboard,redis_notification_feed|remote_push|email,profile-readiness:profile-prompt-user-profile-gpa-anchor:c63f68036b2ddca06dc47664,Profile has GPA value and GPA scale,,
user_prompt,ready_for_in_app_admin_delivery,d1c0998ca351dc0a975ebd0a,profile-prompt-user-profile-gpa-anchor,profile,prompt-user,profile.gpa_anchor,critical,/profile?tab=gpa,Complete your GPA anchor,Add GPA and scale so predictions and school-list advice use your real academic baseline.,Update GPA,in_app_readiness_surface|dashboard,redis_notification_feed|remote_push|email,profile-readiness:profile-prompt-user-profile-gpa-anchor:d1c0998ca351dc0a975ebd0a,Profile has GPA value and GPA scale,,
user_prompt,ready_for_in_app_admin_delivery,b60798c40c1e2e577ce53ab4,profile-prompt-user-profile-gpa-anchor,profile,prompt-user,profile.gpa_anchor,critical,/profile?tab=gpa,Complete your GPA anchor,Add GPA and scale so predictions and school-list advice use your real academic baseline.,Update GPA,in_app_readiness_surface|dashboard,redis_notification_feed|remote_push|email,profile-readiness:profile-prompt-user-profile-gpa-anchor:b60798c40c1e2e577ce53ab4,Profile has GPA value and GPA scale,,
user_prompt,ready_for_in_app_admin_delivery,d128a2740df50dbab9cec084,profile-prompt-user-profile-gpa-anchor,profile,prompt-user,profile.gpa_anchor,critical,/profile?tab=gpa,Complete your GPA anchor,Add GPA and scale so predictions and school-list advice use your real academic baseline.,Update GPA,in_app_readiness_surface|dashboard,redis_notification_feed|remote_push|email,profile-readiness:profile-prompt-user-profile-gpa-anchor:d128a2740df50dbab9cec084,Profile has GPA value and GPA scale,,
user_prompt,ready_for_in_app_admin_delivery,7f6bb489de56e832f9e52127,profile-prompt-user-profile-gpa-anchor,profile,prompt-user,profile.gpa_anchor,critical,/profile?tab=gpa,Complete your GPA anchor,Add GPA and scale so predictions and school-list advice use your real academic baseline.,Update GPA,in_app_readiness_surface|dashboard,redis_notification_feed|remote_push|email,profile-readiness:profile-prompt-user-profile-gpa-anchor:7f6bb489de56e832f9e52127,Profile has GPA value and GPA scale,,
user_prompt,ready_for_in_app_admin_delivery,14c7de94a7e7ca1cdc53342f,profile-prompt-user-profile-gpa-anchor,profile,prompt-user,profile.gpa_anchor,critical,/profile?tab=gpa,Complete your GPA anchor,Add GPA and scale so predictions and school-list advice use your real academic baseline.,Update GPA,in_app_readiness_surface|dashboard,redis_notification_feed|remote_push|email,profile-readiness:profile-prompt-user-profile-gpa-anchor:14c7de94a7e7ca1cdc53342f,Profile has GPA value and GPA scale,,
user_prompt,ready_for_in_app_admin_delivery,0e8b80ea37c6c962912efbfe,profile-prompt-user-profile-gpa-anchor,profile,prompt-user,profile.gpa_anchor,critical,/profile?tab=gpa,Complete your GPA anchor,Add GPA and scale so predictions and school-list advice use your real academic baseline.,Update GPA,in_app_readiness_surface|dashboard,redis_notification_feed|remote_push|email,profile-readiness:profile-prompt-user-profile-gpa-anchor:0e8b80ea37c6c962912efbfe,Profile has GPA value and GPA scale,,
user_prompt,ready_for_in_app_admin_delivery,e8ec5713bb02702e3aeb2112,profile-prompt-user-profile-gpa-anchor,profile,prompt-user,profile.gpa_anchor,critical,/profile?tab=gpa,Complete your GPA anchor,Add GPA and scale so predictions and school-list advice use your real academic baseline.,Update GPA,in_app_readiness_surface|dashboard,redis_notification_feed|remote_push|email,profile-readiness:profile-prompt-user-profile-gpa-anchor:e8ec5713bb02702e3aeb2112,Profile has GPA value and GPA scale,,
user_prompt,ready_for_in_app_admin_delivery,ed4d86d4f0df5dbe3d418f2a,profile-prompt-user-profile-gpa-anchor,profile,prompt-user,profile.gpa_anchor,critical,/profile?tab=gpa,Complete your GPA anchor,Add GPA and scale so predictions and school-list advice use your real academic baseline.,Update GPA,in_app_readiness_surface|dashboard,redis_notification_feed|remote_push|email,profile-readiness:profile-prompt-user-profile-gpa-anchor:ed4d86d4f0df5dbe3d418f2a,Profile has GPA value and GPA scale,,
user_prompt,ready_for_in_app_admin_delivery,da498548b275de7c66eb51c4,profile-prompt-user-profile-gpa-anchor,profile,prompt-user,profile.gpa_anchor,critical,/profile?tab=gpa,Complete your GPA anchor,Add GPA and scale so predictions and school-list advice use your real academic baseline.,Update GPA,in_app_readiness_surface|dashboard,redis_notification_feed|remote_push|email,profile-readiness:profile-prompt-user-profile-gpa-anchor:da498548b275de7c66eb51c4,Profile has GPA value and GPA scale,,
user_prompt,ready_for_in_app_admin_delivery,c1ee26c6e5d5fc22a5ab6a68,profile-prompt-user-profile-gpa-anchor,profile,prompt-user,profile.gpa_anchor,critical,/profile?tab=gpa,Complete your GPA anchor,Add GPA and scale so predictions and school-list advice use your real academic baseline.,Update GPA,in_app_readiness_surface|dashboard,redis_notification_feed|remote_push|email,profile-readiness:profile-prompt-user-profile-gpa-anchor:c1ee26c6e5d5fc22a5ab6a68,Profile has GPA value and GPA scale,,
user_prompt,ready_for_in_app_admin_delivery,1f7d5b3f21061af17d61866b,profile-prompt-user-profile-gpa-anchor,profile,prompt-user,profile.gpa_anchor,critical,/profile?tab=gpa,Complete your GPA anchor,Add GPA and scale so predictions and school-list advice use your real academic baseline.,Update GPA,in_app_readiness_surface|dashboard,redis_notification_feed|remote_push|email,profile-readiness:profile-prompt-user-profile-gpa-anchor:1f7d5b3f21061af17d61866b,Profile has GPA value and GPA scale,,
user_prompt,ready_for_in_app_admin_delivery,27ae69e1f0abb0ad7feeb352,profile-prompt-user-profile-gpa-anchor,profile,prompt-user,profile.gpa_anchor,critical,/profile?tab=gpa,Complete your GPA anchor,Add GPA and scale so predictions and school-list advice use your real academic baseline.,Update GPA,in_app_readiness_surface|dashboard,redis_notification_feed|remote_push|email,profile-readiness:profile-prompt-user-profile-gpa-anchor:27ae69e1f0abb0ad7feeb352,Profile has GPA value and GPA scale,,
user_prompt,ready_for_in_app_admin_delivery,6a53d4fad2e59ce4a60c5ae2,profile-prompt-user-profile-gpa-anchor,profile,prompt-user,profile.gpa_anchor,critical,/profile?tab=gpa,Complete your GPA anchor,Add GPA and scale so predictions and school-list advice use your real academic baseline.,Update GPA,in_app_readiness_surface|dashboard,redis_notification_feed|remote_push|email,profile-readiness:profile-prompt-user-profile-gpa-anchor:6a53d4fad2e59ce4a60c5ae2,Profile has GPA value and GPA scale,,
user_prompt,ready_for_in_app_admin_delivery,055d9e308db51968e031377f,profile-prompt-user-profile-major,profile,prompt-user,profile.major,critical,/profile?tab=basic,Add your intended major,Your major helps recommendations and application analysis compare the right programs.,Add major,in_app_readiness_surface|dashboard,redis_notification_feed|remote_push|email,profile-readiness:profile-prompt-user-profile-major:055d9e308db51968e031377f,Profile intendedMajor or targetMajor is set,,
user_prompt,ready_for_in_app_admin_delivery,fbebd41cf5af26d73edb886c,profile-prompt-user-profile-major,profile,prompt-user,profile.major,critical,/profile?tab=basic,Add your intended major,Your major helps recommendations and application analysis compare the right programs.,Add major,in_app_readiness_surface|dashboard,redis_notification_feed|remote_push|email,profile-readiness:profile-prompt-user-profile-major:fbebd41cf5af26d73edb886c,Profile intendedMajor or targetMajor is set,,
user_prompt,ready_for_in_app_admin_delivery,819e264db561cad594fc3424,profile-prompt-user-profile-major,profile,prompt-user,profile.major,critical,/profile?tab=basic,Add your intended major,Your major helps recommendations and application analysis compare the right programs.,Add major,in_app_readiness_surface|dashboard,redis_notification_feed|remote_push|email,profile-readiness:profile-prompt-user-profile-major:819e264db561cad594fc3424,Profile intendedMajor or targetMajor is set,,
user_prompt,ready_for_in_app_admin_delivery,0894db086e3f4b4fc895f73a,profile-prompt-user-profile-major,profile,prompt-user,profile.major,critical,/profile?tab=basic,Add your intended major,Your major helps recommendations and application analysis compare the right programs.,Add major,in_app_readiness_surface|dashboard,redis_notification_feed|remote_push|email,profile-readiness:profile-prompt-user-profile-major:0894db086e3f4b4fc895f73a,Profile intendedMajor or targetMajor is set,,
user_prompt,ready_for_in_app_admin_delivery,ffd3d30f800c70b4474e17f0,profile-prompt-user-profile-major,profile,prompt-user,profile.major,critical,/profile?tab=basic,Add your intended major,Your major helps recommendations and application analysis compare the right programs.,Add major,in_app_readiness_surface|dashboard,redis_notification_feed|remote_push|email,profile-readiness:profile-prompt-user-profile-major:ffd3d30f800c70b4474e17f0,Profile intendedMajor or targetMajor is set,,
user_prompt,ready_for_in_app_admin_delivery,ab643620cb4c3d701bd65b74,profile-prompt-user-profile-major,profile,prompt-user,profile.major,critical,/profile?tab=basic,Add your intended major,Your major helps recommendations and application analysis compare the right programs.,Add major,in_app_readiness_surface|dashboard,redis_notification_feed|remote_push|email,profile-readiness:profile-prompt-user-profile-major:ab643620cb4c3d701bd65b74,Profile intendedMajor or targetMajor is set,,
user_prompt,ready_for_in_app_admin_delivery,c99677ed495aaf074082582c,profile-prompt-user-profile-major,profile,prompt-user,profile.major,critical,/profile?tab=basic,Add your intended major,Your major helps recommendations and application analysis compare the right programs.,Add major,in_app_readiness_surface|dashboard,redis_notification_feed|remote_push|email,profile-readiness:profile-prompt-user-profile-major:c99677ed495aaf074082582c,Profile intendedMajor or targetMajor is set,,
user_prompt,ready_for_in_app_admin_delivery,8758f245bb5b0e6bffd40998,profile-prompt-user-profile-major,profile,prompt-user,profile.major,critical,/profile?tab=basic,Add your intended major,Your major helps recommendations and application analysis compare the right programs.,Add major,in_app_readiness_surface|dashboard,redis_notification_feed|remote_push|email,profile-readiness:profile-prompt-user-profile-major:8758f245bb5b0e6bffd40998,Profile intendedMajor or targetMajor is set,,
user_prompt,ready_for_in_app_admin_delivery,742e79987159c980e75b20c7,profile-prompt-user-profile-major,profile,prompt-user,profile.major,critical,/profile?tab=basic,Add your intended major,Your major helps recommendations and application analysis compare the right programs.,Add major,in_app_readiness_surface|dashboard,redis_notification_feed|remote_push|email,profile-readiness:profile-prompt-user-profile-major:742e79987159c980e75b20c7,Profile intendedMajor or targetMajor is set,,
user_prompt,ready_for_in_app_admin_delivery,8af993107f24d792723e4fc1,profile-prompt-user-profile-major,profile,prompt-user,profile.major,critical,/profile?tab=basic,Add your intended major,Your major helps recommendations and application analysis compare the right programs.,Add major,in_app_readiness_surface|dashboard,redis_notification_feed|remote_push|email,profile-readiness:profile-prompt-user-profile-major:8af993107f24d792723e4fc1,Profile intendedMajor or targetMajor is set,,
user_prompt,ready_for_in_app_admin_delivery,023ef579e34956e6a8f61adb,profile-prompt-user-profile-major,profile,prompt-user,profile.major,critical,/profile?tab=basic,Add your intended major,Your major helps recommendations and application analysis compare the right programs.,Add major,in_app_readiness_surface|dashboard,redis_notification_feed|remote_push|email,profile-readiness:profile-prompt-user-profile-major:023ef579e34956e6a8f61adb,Profile intendedMajor or targetMajor is set,,
user_prompt,ready_for_in_app_admin_delivery,d74687608cda95b086d53cdc,profile-prompt-user-profile-major,profile,prompt-user,profile.major,critical,/profile?tab=basic,Add your intended major,Your major helps recommendations and application analysis compare the right programs.,Add major,in_app_readiness_surface|dashboard,redis_notification_feed|remote_push|email,profile-readiness:profile-prompt-user-profile-major:d74687608cda95b086d53cdc,Profile intendedMajor or targetMajor is set,,
user_prompt,ready_for_in_app_admin_delivery,138284095a25d1fae7337a3c,profile-prompt-user-profile-major,profile,prompt-user,profile.major,critical,/profile?tab=basic,Add your intended major,Your major helps recommendations and application analysis compare the right programs.,Add major,in_app_readiness_surface|dashboard,redis_notification_feed|remote_push|email,profile-readiness:profile-prompt-user-profile-major:138284095a25d1fae7337a3c,Profile intendedMajor or targetMajor is set,,
user_prompt,ready_for_in_app_admin_delivery,5de082603a9960cfa8117421,profile-prompt-user-profile-major,profile,prompt-user,profile.major,critical,/profile?tab=basic,Add your intended major,Your major helps recommendations and application analysis compare the right programs.,Add major,in_app_readiness_surface|dashboard,redis_notification_feed|remote_push|email,profile-readiness:profile-prompt-user-profile-major:5de082603a9960cfa8117421,Profile intendedMajor or targetMajor is set,,
user_prompt,ready_for_in_app_admin_delivery,06cab65bad990f73a0e2013e,profile-prompt-user-profile-major,profile,prompt-user,profile.major,critical,/profile?tab=basic,Add your intended major,Your major helps recommendations and application analysis compare the right programs.,Add major,in_app_readiness_surface|dashboard,redis_notification_feed|remote_push|email,profile-readiness:profile-prompt-user-profile-major:06cab65bad990f73a0e2013e,Profile intendedMajor or targetMajor is set,,
user_prompt,ready_for_in_app_admin_delivery,0bbf03a984664dce330f7155,profile-prompt-user-profile-major,profile,prompt-user,profile.major,critical,/profile?tab=basic,Add your intended major,Your major helps recommendations and application analysis compare the right programs.,Add major,in_app_readiness_surface|dashboard,redis_notification_feed|remote_push|email,profile-readiness:profile-prompt-user-profile-major:0bbf03a984664dce330f7155,Profile intendedMajor or targetMajor is set,,
user_prompt,ready_for_in_app_admin_delivery,0eb09c84fa76d4593c74706c,profile-prompt-user-profile-major,profile,prompt-user,profile.major,critical,/profile?tab=basic,Add your intended major,Your major helps recommendations and application analysis compare the right programs.,Add major,in_app_readiness_surface|dashboard,redis_notification_feed|remote_push|email,profile-readiness:profile-prompt-user-profile-major:0eb09c84fa76d4593c74706c,Profile intendedMajor or targetMajor is set,,
user_prompt,ready_for_in_app_admin_delivery,122faf6ff8256a49bad4e360,profile-prompt-user-profile-major,profile,prompt-user,profile.major,critical,/profile?tab=basic,Add your intended major,Your major helps recommendations and application analysis compare the right programs.,Add major,in_app_readiness_surface|dashboard,redis_notification_feed|remote_push|email,profile-readiness:profile-prompt-user-profile-major:122faf6ff8256a49bad4e360,Profile intendedMajor or targetMajor is set,,
user_prompt,ready_for_in_app_admin_delivery,3ad283595e8c8fc0b173911f,profile-prompt-user-profile-major,profile,prompt-user,profile.major,critical,/profile?tab=basic,Add your intended major,Your major helps recommendations and application analysis compare the right programs.,Add major,in_app_readiness_surface|dashboard,redis_notification_feed|remote_push|email,profile-readiness:profile-prompt-user-profile-major:3ad283595e8c8fc0b173911f,Profile intendedMajor or targetMajor is set,,
user_prompt,ready_for_in_app_admin_delivery,e0e634d85a0cf22c31cc8a35,profile-prompt-user-profile-major,profile,prompt-user,profile.major,critical,/profile?tab=basic,Add your intended major,Your major helps recommendations and application analysis compare the right programs.,Add major,in_app_readiness_surface|dashboard,redis_notification_feed|remote_push|email,profile-readiness:profile-prompt-user-profile-major:e0e634d85a0cf22c31cc8a35,Profile intendedMajor or targetMajor is set,,
user_prompt,ready_for_in_app_admin_delivery,832d3d67127cd463e2d158ef,profile-prompt-user-profile-major,profile,prompt-user,profile.major,critical,/profile?tab=basic,Add your intended major,Your major helps recommendations and application analysis compare the right programs.,Add major,in_app_readiness_surface|dashboard,redis_notification_feed|remote_push|email,profile-readiness:profile-prompt-user-profile-major:832d3d67127cd463e2d158ef,Profile intendedMajor or targetMajor is set,,
user_prompt,ready_for_in_app_admin_delivery,e77a4fa0fcedef43de0cb4bb,profile-prompt-user-profile-major,profile,prompt-user,profile.major,critical,/profile?tab=basic,Add your intended major,Your major helps recommendations and application analysis compare the right programs.,Add major,in_app_readiness_surface|dashboard,redis_notification_feed|remote_push|email,profile-readiness:profile-prompt-user-profile-major:e77a4fa0fcedef43de0cb4bb,Profile intendedMajor or targetMajor is set,,
user_prompt,ready_for_in_app_admin_delivery,10238acf3b2e2675d06ce76c,profile-prompt-user-profile-major,profile,prompt-user,profile.major,critical,/profile?tab=basic,Add your intended major,Your major helps recommendations and application analysis compare the right programs.,Add major,in_app_readiness_surface|dashboard,redis_notification_feed|remote_push|email,profile-readiness:profile-prompt-user-profile-major:10238acf3b2e2675d06ce76c,Profile intendedMajor or targetMajor is set,,
user_prompt,ready_for_in_app_admin_delivery,7819fedbfc32d7ad6de164f3,profile-prompt-user-profile-major,profile,prompt-user,profile.major,critical,/profile?tab=basic,Add your intended major,Your major helps recommendations and application analysis compare the right programs.,Add major,in_app_readiness_surface|dashboard,redis_notification_feed|remote_push|email,profile-readiness:profile-prompt-user-profile-major:7819fedbfc32d7ad6de164f3,Profile intendedMajor or targetMajor is set,,
user_prompt,ready_for_in_app_admin_delivery,4a947b901c3d9b7ce0481cf2,profile-prompt-user-profile-major,profile,prompt-user,profile.major,critical,/profile?tab=basic,Add your intended major,Your major helps recommendations and application analysis compare the right programs.,Add major,in_app_readiness_surface|dashboard,redis_notification_feed|remote_push|email,profile-readiness:profile-prompt-user-profile-major:4a947b901c3d9b7ce0481cf2,Profile intendedMajor or targetMajor is set,,
user_prompt,ready_for_in_app_admin_delivery,977aba20a74e363bcb348888,profile-prompt-user-profile-major,profile,prompt-user,profile.major,critical,/profile?tab=basic,Add your intended major,Your major helps recommendations and application analysis compare the right programs.,Add major,in_app_readiness_surface|dashboard,redis_notification_feed|remote_push|email,profile-readiness:profile-prompt-user-profile-major:977aba20a74e363bcb348888,Profile intendedMajor or targetMajor is set,,
user_prompt,ready_for_in_app_admin_delivery,bdfbfe398683d67d68f39557,profile-prompt-user-profile-major,profile,prompt-user,profile.major,critical,/profile?tab=basic,Add your intended major,Your major helps recommendations and application analysis compare the right programs.,Add major,in_app_readiness_surface|dashboard,redis_notification_feed|remote_push|email,profile-readiness:profile-prompt-user-profile-major:bdfbfe398683d67d68f39557,Profile intendedMajor or targetMajor is set,,
user_prompt,ready_for_in_app_admin_delivery,3f980c4c6e95243d6daa6974,profile-prompt-user-profile-major,profile,prompt-user,profile.major,critical,/profile?tab=basic,Add your intended major,Your major helps recommendations and application analysis compare the right programs.,Add major,in_app_readiness_surface|dashboard,redis_notification_feed|remote_push|email,profile-readiness:profile-prompt-user-profile-major:3f980c4c6e95243d6daa6974,Profile intendedMajor or targetMajor is set,,
user_prompt,ready_for_in_app_admin_delivery,95337d5e96446798743732c1,profile-prompt-user-profile-major,profile,prompt-user,profile.major,critical,/profile?tab=basic,Add your intended major,Your major helps recommendations and application analysis compare the right programs.,Add major,in_app_readiness_surface|dashboard,redis_notification_feed|remote_push|email,profile-readiness:profile-prompt-user-profile-major:95337d5e96446798743732c1,Profile intendedMajor or targetMajor is set,,
user_prompt,ready_for_in_app_admin_delivery,c1950cf2ac294babc3aadf4e,profile-prompt-user-profile-major,profile,prompt-user,profile.major,critical,/profile?tab=basic,Add your intended major,Your major helps recommendations and application analysis compare the right programs.,Add major,in_app_readiness_surface|dashboard,redis_notification_feed|remote_push|email,profile-readiness:profile-prompt-user-profile-major:c1950cf2ac294babc3aadf4e,Profile intendedMajor or targetMajor is set,,
user_prompt,ready_for_in_app_admin_delivery,566af6ea3815e2e9d4ec7b10,profile-prompt-user-profile-major,profile,prompt-user,profile.major,critical,/profile?tab=basic,Add your intended major,Your major helps recommendations and application analysis compare the right programs.,Add major,in_app_readiness_surface|dashboard,redis_notification_feed|remote_push|email,profile-readiness:profile-prompt-user-profile-major:566af6ea3815e2e9d4ec7b10,Profile intendedMajor or targetMajor is set,,
user_prompt,ready_for_in_app_admin_delivery,b49b375f2ecd18e1d3e2c548,profile-prompt-user-profile-major,profile,prompt-user,profile.major,critical,/profile?tab=basic,Add your intended major,Your major helps recommendations and application analysis compare the right programs.,Add major,in_app_readiness_surface|dashboard,redis_notification_feed|remote_push|email,profile-readiness:profile-prompt-user-profile-major:b49b375f2ecd18e1d3e2c548,Profile intendedMajor or targetMajor is set,,
user_prompt,ready_for_in_app_admin_delivery,4cab3e79c7dd8e492a909e7f,profile-prompt-user-profile-major,profile,prompt-user,profile.major,critical,/profile?tab=basic,Add your intended major,Your major helps recommendations and application analysis compare the right programs.,Add major,in_app_readiness_surface|dashboard,redis_notification_feed|remote_push|email,profile-readiness:profile-prompt-user-profile-major:4cab3e79c7dd8e492a909e7f,Profile intendedMajor or targetMajor is set,,
user_prompt,ready_for_in_app_admin_delivery,fae66721875e65f51507bf27,profile-prompt-user-profile-major,profile,prompt-user,profile.major,critical,/profile?tab=basic,Add your intended major,Your major helps recommendations and application analysis compare the right programs.,Add major,in_app_readiness_surface|dashboard,redis_notification_feed|remote_push|email,profile-readiness:profile-prompt-user-profile-major:fae66721875e65f51507bf27,Profile intendedMajor or targetMajor is set,,
user_prompt,ready_for_in_app_admin_delivery,7c8c8ff6a81333ff3e9a04a6,profile-prompt-user-profile-major,profile,prompt-user,profile.major,critical,/profile?tab=basic,Add your intended major,Your major helps recommendations and application analysis compare the right programs.,Add major,in_app_readiness_surface|dashboard,redis_notification_feed|remote_push|email,profile-readiness:profile-prompt-user-profile-major:7c8c8ff6a81333ff3e9a04a6,Profile intendedMajor or targetMajor is set,,
user_prompt,ready_for_in_app_admin_delivery,2317f70b9e80abca4ad0824d,profile-prompt-user-profile-major,profile,prompt-user,profile.major,critical,/profile?tab=basic,Add your intended major,Your major helps recommendations and application analysis compare the right programs.,Add major,in_app_readiness_surface|dashboard,redis_notification_feed|remote_push|email,profile-readiness:profile-prompt-user-profile-major:2317f70b9e80abca4ad0824d,Profile intendedMajor or targetMajor is set,,
user_prompt,ready_for_in_app_admin_delivery,53abd2f8c90243ba345fa599,profile-prompt-user-profile-major,profile,prompt-user,profile.major,critical,/profile?tab=basic,Add your intended major,Your major helps recommendations and application analysis compare the right programs.,Add major,in_app_readiness_surface|dashboard,redis_notification_feed|remote_push|email,profile-readiness:profile-prompt-user-profile-major:53abd2f8c90243ba345fa599,Profile intendedMajor or targetMajor is set,,
user_prompt,ready_for_in_app_admin_delivery,b4a7670b022c83cb17a856df,profile-prompt-user-profile-major,profile,prompt-user,profile.major,critical,/profile?tab=basic,Add your intended major,Your major helps recommendations and application analysis compare the right programs.,Add major,in_app_readiness_surface|dashboard,redis_notification_feed|remote_push|email,profile-readiness:profile-prompt-user-profile-major:b4a7670b022c83cb17a856df,Profile intendedMajor or targetMajor is set,,
user_prompt,ready_for_in_app_admin_delivery,9814382a1d3be3e627c28c80,profile-prompt-user-profile-major,profile,prompt-user,profile.major,critical,/profile?tab=basic,Add your intended major,Your major helps recommendations and application analysis compare the right programs.,Add major,in_app_readiness_surface|dashboard,redis_notification_feed|remote_push|email,profile-readiness:profile-prompt-user-profile-major:9814382a1d3be3e627c28c80,Profile intendedMajor or targetMajor is set,,
user_prompt,ready_for_in_app_admin_delivery,d4e514871d10cb9f36b65d29,profile-prompt-user-profile-major,profile,prompt-user,profile.major,critical,/profile?tab=basic,Add your intended major,Your major helps recommendations and application analysis compare the right programs.,Add major,in_app_readiness_surface|dashboard,redis_notification_feed|remote_push|email,profile-readiness:profile-prompt-user-profile-major:d4e514871d10cb9f36b65d29,Profile intendedMajor or targetMajor is set,,
user_prompt,ready_for_in_app_admin_delivery,1d0c77f67037725ac9e941b2,profile-prompt-user-profile-major,profile,prompt-user,profile.major,critical,/profile?tab=basic,Add your intended major,Your major helps recommendations and application analysis compare the right programs.,Add major,in_app_readiness_surface|dashboard,redis_notification_feed|remote_push|email,profile-readiness:profile-prompt-user-profile-major:1d0c77f67037725ac9e941b2,Profile intendedMajor or targetMajor is set,,
user_prompt,ready_for_in_app_admin_delivery,556224a224a1c7679127d097,profile-prompt-user-profile-major,profile,prompt-user,profile.major,critical,/profile?tab=basic,Add your intended major,Your major helps recommendations and application analysis compare the right programs.,Add major,in_app_readiness_surface|dashboard,redis_notification_feed|remote_push|email,profile-readiness:profile-prompt-user-profile-major:556224a224a1c7679127d097,Profile intendedMajor or targetMajor is set,,
user_prompt,ready_for_in_app_admin_delivery,f371531d3d25666bda7eafeb,profile-prompt-user-profile-major,profile,prompt-user,profile.major,critical,/profile?tab=basic,Add your intended major,Your major helps recommendations and application analysis compare the right programs.,Add major,in_app_readiness_surface|dashboard,redis_notification_feed|remote_push|email,profile-readiness:profile-prompt-user-profile-major:f371531d3d25666bda7eafeb,Profile intendedMajor or targetMajor is set,,
user_prompt,ready_for_in_app_admin_delivery,a2d3062f8e09c9cc2ddbd88d,profile-prompt-user-profile-major,profile,prompt-user,profile.major,critical,/profile?tab=basic,Add your intended major,Your major helps recommendations and application analysis compare the right programs.,Add major,in_app_readiness_surface|dashboard,redis_notification_feed|remote_push|email,profile-readiness:profile-prompt-user-profile-major:a2d3062f8e09c9cc2ddbd88d,Profile intendedMajor or targetMajor is set,,
user_prompt,ready_for_in_app_admin_delivery,5424d5ace64e813a2f73dceb,profile-prompt-user-profile-major,profile,prompt-user,profile.major,critical,/profile?tab=basic,Add your intended major,Your major helps recommendations and application analysis compare the right programs.,Add major,in_app_readiness_surface|dashboard,redis_notification_feed|remote_push|email,profile-readiness:profile-prompt-user-profile-major:5424d5ace64e813a2f73dceb,Profile intendedMajor or targetMajor is set,,
user_prompt,ready_for_in_app_admin_delivery,67db31e10f819cc055ebc5e6,profile-prompt-user-profile-major,profile,prompt-user,profile.major,critical,/profile?tab=basic,Add your intended major,Your major helps recommendations and application analysis compare the right programs.,Add major,in_app_readiness_surface|dashboard,redis_notification_feed|remote_push|email,profile-readiness:profile-prompt-user-profile-major:67db31e10f819cc055ebc5e6,Profile intendedMajor or targetMajor is set,,
user_prompt,ready_for_in_app_admin_delivery,21453a247f2c36664ca1f4e7,profile-prompt-user-profile-major,profile,prompt-user,profile.major,critical,/profile?tab=basic,Add your intended major,Your major helps recommendations and application analysis compare the right programs.,Add major,in_app_readiness_surface|dashboard,redis_notification_feed|remote_push|email,profile-readiness:profile-prompt-user-profile-major:21453a247f2c36664ca1f4e7,Profile intendedMajor or targetMajor is set,,
user_prompt,ready_for_in_app_admin_delivery,bc78a5a24d4822c1254deb2d,profile-prompt-user-profile-major,profile,prompt-user,profile.major,critical,/profile?tab=basic,Add your intended major,Your major helps recommendations and application analysis compare the right programs.,Add major,in_app_readiness_surface|dashboard,redis_notification_feed|remote_push|email,profile-readiness:profile-prompt-user-profile-major:bc78a5a24d4822c1254deb2d,Profile intendedMajor or targetMajor is set,,
user_prompt,ready_for_in_app_admin_delivery,9d929fa72ae2cc1c5f3d8d82,profile-prompt-user-profile-major,profile,prompt-user,profile.major,critical,/profile?tab=basic,Add your intended major,Your major helps recommendations and application analysis compare the right programs.,Add major,in_app_readiness_surface|dashboard,redis_notification_feed|remote_push|email,profile-readiness:profile-prompt-user-profile-major:9d929fa72ae2cc1c5f3d8d82,Profile intendedMajor or targetMajor is set,,
user_prompt,ready_for_in_app_admin_delivery,8c13a70fc5c14aacfa48572e,profile-prompt-user-profile-major,profile,prompt-user,profile.major,critical,/profile?tab=basic,Add your intended major,Your major helps recommendations and application analysis compare the right programs.,Add major,in_app_readiness_surface|dashboard,redis_notification_feed|remote_push|email,profile-readiness:profile-prompt-user-profile-major:8c13a70fc5c14aacfa48572e,Profile intendedMajor or targetMajor is set,,
user_prompt,ready_for_in_app_admin_delivery,5e71abdcb6160d9592741988,profile-prompt-user-profile-major,profile,prompt-user,profile.major,critical,/profile?tab=basic,Add your intended major,Your major helps recommendations and application analysis compare the right programs.,Add major,in_app_readiness_surface|dashboard,redis_notification_feed|remote_push|email,profile-readiness:profile-prompt-user-profile-major:5e71abdcb6160d9592741988,Profile intendedMajor or targetMajor is set,,
user_prompt,ready_for_in_app_admin_delivery,8d2ae0fbd6efab48cb0052c2,profile-prompt-user-profile-major,profile,prompt-user,profile.major,critical,/profile?tab=basic,Add your intended major,Your major helps recommendations and application analysis compare the right programs.,Add major,in_app_readiness_surface|dashboard,redis_notification_feed|remote_push|email,profile-readiness:profile-prompt-user-profile-major:8d2ae0fbd6efab48cb0052c2,Profile intendedMajor or targetMajor is set,,
user_prompt,ready_for_in_app_admin_delivery,adb916c3e591190afd9b45f8,profile-prompt-user-profile-major,profile,prompt-user,profile.major,critical,/profile?tab=basic,Add your intended major,Your major helps recommendations and application analysis compare the right programs.,Add major,in_app_readiness_surface|dashboard,redis_notification_feed|remote_push|email,profile-readiness:profile-prompt-user-profile-major:adb916c3e591190afd9b45f8,Profile intendedMajor or targetMajor is set,,
user_prompt,ready_for_in_app_admin_delivery,00c69013a76020fd12b4db56,profile-prompt-user-profile-major,profile,prompt-user,profile.major,critical,/profile?tab=basic,Add your intended major,Your major helps recommendations and application analysis compare the right programs.,Add major,in_app_readiness_surface|dashboard,redis_notification_feed|remote_push|email,profile-readiness:profile-prompt-user-profile-major:00c69013a76020fd12b4db56,Profile intendedMajor or targetMajor is set,,
user_prompt,ready_for_in_app_admin_delivery,1fcb3fd1f8acdc0e2e312acc,profile-prompt-user-profile-major,profile,prompt-user,profile.major,critical,/profile?tab=basic,Add your intended major,Your major helps recommendations and application analysis compare the right programs.,Add major,in_app_readiness_surface|dashboard,redis_notification_feed|remote_push|email,profile-readiness:profile-prompt-user-profile-major:1fcb3fd1f8acdc0e2e312acc,Profile intendedMajor or targetMajor is set,,
user_prompt,ready_for_in_app_admin_delivery,805c5da5dfebc142dddca509,profile-prompt-user-profile-major,profile,prompt-user,profile.major,critical,/profile?tab=basic,Add your intended major,Your major helps recommendations and application analysis compare the right programs.,Add major,in_app_readiness_surface|dashboard,redis_notification_feed|remote_push|email,profile-readiness:profile-prompt-user-profile-major:805c5da5dfebc142dddca509,Profile intendedMajor or targetMajor is set,,
user_prompt,ready_for_in_app_admin_delivery,176643ab074df2c6330bdc05,profile-prompt-user-profile-major,profile,prompt-user,profile.major,critical,/profile?tab=basic,Add your intended major,Your major helps recommendations and application analysis compare the right programs.,Add major,in_app_readiness_surface|dashboard,redis_notification_feed|remote_push|email,profile-readiness:profile-prompt-user-profile-major:176643ab074df2c6330bdc05,Profile intendedMajor or targetMajor is set,,
user_prompt,ready_for_in_app_admin_delivery,c33c10777a45726a21deed93,profile-prompt-user-profile-major,profile,prompt-user,profile.major,critical,/profile?tab=basic,Add your intended major,Your major helps recommendations and application analysis compare the right programs.,Add major,in_app_readiness_surface|dashboard,redis_notification_feed|remote_push|email,profile-readiness:profile-prompt-user-profile-major:c33c10777a45726a21deed93,Profile intendedMajor or targetMajor is set,,
user_prompt,ready_for_in_app_admin_delivery,ee27103855fd947a0585e587,profile-prompt-user-profile-major,profile,prompt-user,profile.major,critical,/profile?tab=basic,Add your intended major,Your major helps recommendations and application analysis compare the right programs.,Add major,in_app_readiness_surface|dashboard,redis_notification_feed|remote_push|email,profile-readiness:profile-prompt-user-profile-major:ee27103855fd947a0585e587,Profile intendedMajor or targetMajor is set,,
user_prompt,ready_for_in_app_admin_delivery,d0b967b32741d9ec6459f774,profile-prompt-user-profile-major,profile,prompt-user,profile.major,critical,/profile?tab=basic,Add your intended major,Your major helps recommendations and application analysis compare the right programs.,Add major,in_app_readiness_surface|dashboard,redis_notification_feed|remote_push|email,profile-readiness:profile-prompt-user-profile-major:d0b967b32741d9ec6459f774,Profile intendedMajor or targetMajor is set,,
user_prompt,ready_for_in_app_admin_delivery,f0dca2416b19d212b3180e2a,profile-prompt-user-profile-major,profile,prompt-user,profile.major,critical,/profile?tab=basic,Add your intended major,Your major helps recommendations and application analysis compare the right programs.,Add major,in_app_readiness_surface|dashboard,redis_notification_feed|remote_push|email,profile-readiness:profile-prompt-user-profile-major:f0dca2416b19d212b3180e2a,Profile intendedMajor or targetMajor is set,,
user_prompt,ready_for_in_app_admin_delivery,3d0f9da60e8980d06930b481,profile-prompt-user-profile-major,profile,prompt-user,profile.major,critical,/profile?tab=basic,Add your intended major,Your major helps recommendations and application analysis compare the right programs.,Add major,in_app_readiness_surface|dashboard,redis_notification_feed|remote_push|email,profile-readiness:profile-prompt-user-profile-major:3d0f9da60e8980d06930b481,Profile intendedMajor or targetMajor is set,,
user_prompt,ready_for_in_app_admin_delivery,ca5eb63722908f440c293dc4,profile-prompt-user-profile-major,profile,prompt-user,profile.major,critical,/profile?tab=basic,Add your intended major,Your major helps recommendations and application analysis compare the right programs.,Add major,in_app_readiness_surface|dashboard,redis_notification_feed|remote_push|email,profile-readiness:profile-prompt-user-profile-major:ca5eb63722908f440c293dc4,Profile intendedMajor or targetMajor is set,,
user_prompt,ready_for_in_app_admin_delivery,9f15e7b53f10db2c2e0f4099,profile-prompt-user-profile-major,profile,prompt-user,profile.major,critical,/profile?tab=basic,Add your intended major,Your major helps recommendations and application analysis compare the right programs.,Add major,in_app_readiness_surface|dashboard,redis_notification_feed|remote_push|email,profile-readiness:profile-prompt-user-profile-major:9f15e7b53f10db2c2e0f4099,Profile intendedMajor or targetMajor is set,,
user_prompt,ready_for_in_app_admin_delivery,33c78f08811b5c66f475a7f1,profile-prompt-user-profile-major,profile,prompt-user,profile.major,critical,/profile?tab=basic,Add your intended major,Your major helps recommendations and application analysis compare the right programs.,Add major,in_app_readiness_surface|dashboard,redis_notification_feed|remote_push|email,profile-readiness:profile-prompt-user-profile-major:33c78f08811b5c66f475a7f1,Profile intendedMajor or targetMajor is set,,
user_prompt,ready_for_in_app_admin_delivery,cd0e333cdda02719666fbe49,profile-prompt-user-profile-major,profile,prompt-user,profile.major,critical,/profile?tab=basic,Add your intended major,Your major helps recommendations and application analysis compare the right programs.,Add major,in_app_readiness_surface|dashboard,redis_notification_feed|remote_push|email,profile-readiness:profile-prompt-user-profile-major:cd0e333cdda02719666fbe49,Profile intendedMajor or targetMajor is set,,
user_prompt,ready_for_in_app_admin_delivery,980eac363cffa8fdead3089a,profile-prompt-user-profile-major,profile,prompt-user,profile.major,critical,/profile?tab=basic,Add your intended major,Your major helps recommendations and application analysis compare the right programs.,Add major,in_app_readiness_surface|dashboard,redis_notification_feed|remote_push|email,profile-readiness:profile-prompt-user-profile-major:980eac363cffa8fdead3089a,Profile intendedMajor or targetMajor is set,,
user_prompt,ready_for_in_app_admin_delivery,4dff462899d7fb76f8396bdd,profile-prompt-user-profile-major,profile,prompt-user,profile.major,critical,/profile?tab=basic,Add your intended major,Your major helps recommendations and application analysis compare the right programs.,Add major,in_app_readiness_surface|dashboard,redis_notification_feed|remote_push|email,profile-readiness:profile-prompt-user-profile-major:4dff462899d7fb76f8396bdd,Profile intendedMajor or targetMajor is set,,
user_prompt,ready_for_in_app_admin_delivery,95516cf74b0d570a8bd7faf3,profile-prompt-user-profile-major,profile,prompt-user,profile.major,critical,/profile?tab=basic,Add your intended major,Your major helps recommendations and application analysis compare the right programs.,Add major,in_app_readiness_surface|dashboard,redis_notification_feed|remote_push|email,profile-readiness:profile-prompt-user-profile-major:95516cf74b0d570a8bd7faf3,Profile intendedMajor or targetMajor is set,,
user_prompt,ready_for_in_app_admin_delivery,b8c3f50120c9a5d54a39ddb5,profile-prompt-user-profile-major,profile,prompt-user,profile.major,critical,/profile?tab=basic,Add your intended major,Your major helps recommendations and application analysis compare the right programs.,Add major,in_app_readiness_surface|dashboard,redis_notification_feed|remote_push|email,profile-readiness:profile-prompt-user-profile-major:b8c3f50120c9a5d54a39ddb5,Profile intendedMajor or targetMajor is set,,
user_prompt,ready_for_in_app_admin_delivery,e6ac6819060422a01033b7c2,profile-prompt-user-profile-major,profile,prompt-user,profile.major,critical,/profile?tab=basic,Add your intended major,Your major helps recommendations and application analysis compare the right programs.,Add major,in_app_readiness_surface|dashboard,redis_notification_feed|remote_push|email,profile-readiness:profile-prompt-user-profile-major:e6ac6819060422a01033b7c2,Profile intendedMajor or targetMajor is set,,
user_prompt,ready_for_in_app_admin_delivery,0487162eb16fe3731a2dcd5f,profile-prompt-user-profile-major,profile,prompt-user,profile.major,critical,/profile?tab=basic,Add your intended major,Your major helps recommendations and application analysis compare the right programs.,Add major,in_app_readiness_surface|dashboard,redis_notification_feed|remote_push|email,profile-readiness:profile-prompt-user-profile-major:0487162eb16fe3731a2dcd5f,Profile intendedMajor or targetMajor is set,,
user_prompt,ready_for_in_app_admin_delivery,625571854e8fb624c0e36346,profile-prompt-user-profile-major,profile,prompt-user,profile.major,critical,/profile?tab=basic,Add your intended major,Your major helps recommendations and application analysis compare the right programs.,Add major,in_app_readiness_surface|dashboard,redis_notification_feed|remote_push|email,profile-readiness:profile-prompt-user-profile-major:625571854e8fb624c0e36346,Profile intendedMajor or targetMajor is set,,
user_prompt,ready_for_in_app_admin_delivery,8f44cd19e12bead2f651a52f,profile-prompt-user-profile-major,profile,prompt-user,profile.major,critical,/profile?tab=basic,Add your intended major,Your major helps recommendations and application analysis compare the right programs.,Add major,in_app_readiness_surface|dashboard,redis_notification_feed|remote_push|email,profile-readiness:profile-prompt-user-profile-major:8f44cd19e12bead2f651a52f,Profile intendedMajor or targetMajor is set,,
user_prompt,ready_for_in_app_admin_delivery,12d9095e28814d34280ce5f8,profile-prompt-user-profile-major,profile,prompt-user,profile.major,critical,/profile?tab=basic,Add your intended major,Your major helps recommendations and application analysis compare the right programs.,Add major,in_app_readiness_surface|dashboard,redis_notification_feed|remote_push|email,profile-readiness:profile-prompt-user-profile-major:12d9095e28814d34280ce5f8,Profile intendedMajor or targetMajor is set,,
user_prompt,ready_for_in_app_admin_delivery,512557be39aeec8a261e16f5,profile-prompt-user-profile-major,profile,prompt-user,profile.major,critical,/profile?tab=basic,Add your intended major,Your major helps recommendations and application analysis compare the right programs.,Add major,in_app_readiness_surface|dashboard,redis_notification_feed|remote_push|email,profile-readiness:profile-prompt-user-profile-major:512557be39aeec8a261e16f5,Profile intendedMajor or targetMajor is set,,
user_prompt,ready_for_in_app_admin_delivery,8a9894f022079555414c8aeb,profile-prompt-user-profile-major,profile,prompt-user,profile.major,critical,/profile?tab=basic,Add your intended major,Your major helps recommendations and application analysis compare the right programs.,Add major,in_app_readiness_surface|dashboard,redis_notification_feed|remote_push|email,profile-readiness:profile-prompt-user-profile-major:8a9894f022079555414c8aeb,Profile intendedMajor or targetMajor is set,,
user_prompt,ready_for_in_app_admin_delivery,6174b3d014f4f619a3ff6b72,profile-prompt-user-profile-major,profile,prompt-user,profile.major,critical,/profile?tab=basic,Add your intended major,Your major helps recommendations and application analysis compare the right programs.,Add major,in_app_readiness_surface|dashboard,redis_notification_feed|remote_push|email,profile-readiness:profile-prompt-user-profile-major:6174b3d014f4f619a3ff6b72,Profile intendedMajor or targetMajor is set,,
user_prompt,ready_for_in_app_admin_delivery,ef468fe3f9990bb15e47ad28,profile-prompt-user-profile-major,profile,prompt-user,profile.major,critical,/profile?tab=basic,Add your intended major,Your major helps recommendations and application analysis compare the right programs.,Add major,in_app_readiness_surface|dashboard,redis_notification_feed|remote_push|email,profile-readiness:profile-prompt-user-profile-major:ef468fe3f9990bb15e47ad28,Profile intendedMajor or targetMajor is set,,
user_prompt,ready_for_in_app_admin_delivery,120e94098a641151055e7401,profile-prompt-user-profile-major,profile,prompt-user,profile.major,critical,/profile?tab=basic,Add your intended major,Your major helps recommendations and application analysis compare the right programs.,Add major,in_app_readiness_surface|dashboard,redis_notification_feed|remote_push|email,profile-readiness:profile-prompt-user-profile-major:120e94098a641151055e7401,Profile intendedMajor or targetMajor is set,,
user_prompt,ready_for_in_app_admin_delivery,d9259906488359e282745726,profile-prompt-user-profile-major,profile,prompt-user,profile.major,critical,/profile?tab=basic,Add your intended major,Your major helps recommendations and application analysis compare the right programs.,Add major,in_app_readiness_surface|dashboard,redis_notification_feed|remote_push|email,profile-readiness:profile-prompt-user-profile-major:d9259906488359e282745726,Profile intendedMajor or targetMajor is set,,
user_prompt,ready_for_in_app_admin_delivery,beeae0f88a46824bd6e36f90,profile-prompt-user-profile-major,profile,prompt-user,profile.major,critical,/profile?tab=basic,Add your intended major,Your major helps recommendations and application analysis compare the right programs.,Add major,in_app_readiness_surface|dashboard,redis_notification_feed|remote_push|email,profile-readiness:profile-prompt-user-profile-major:beeae0f88a46824bd6e36f90,Profile intendedMajor or targetMajor is set,,
user_prompt,ready_for_in_app_admin_delivery,962fe005af82e4f313bedb2d,profile-prompt-user-profile-major,profile,prompt-user,profile.major,critical,/profile?tab=basic,Add your intended major,Your major helps recommendations and application analysis compare the right programs.,Add major,in_app_readiness_surface|dashboard,redis_notification_feed|remote_push|email,profile-readiness:profile-prompt-user-profile-major:962fe005af82e4f313bedb2d,Profile intendedMajor or targetMajor is set,,
user_prompt,ready_for_in_app_admin_delivery,e2d4f5f8fc21d9e4dd7d2df2,profile-prompt-user-profile-major,profile,prompt-user,profile.major,critical,/profile?tab=basic,Add your intended major,Your major helps recommendations and application analysis compare the right programs.,Add major,in_app_readiness_surface|dashboard,redis_notification_feed|remote_push|email,profile-readiness:profile-prompt-user-profile-major:e2d4f5f8fc21d9e4dd7d2df2,Profile intendedMajor or targetMajor is set,,
user_prompt,ready_for_in_app_admin_delivery,dcade48028aa7004b2e2b982,profile-prompt-user-profile-major,profile,prompt-user,profile.major,critical,/profile?tab=basic,Add your intended major,Your major helps recommendations and application analysis compare the right programs.,Add major,in_app_readiness_surface|dashboard,redis_notification_feed|remote_push|email,profile-readiness:profile-prompt-user-profile-major:dcade48028aa7004b2e2b982,Profile intendedMajor or targetMajor is set,,
user_prompt,ready_for_in_app_admin_delivery,da83d1a201eb1e0112b7eec4,profile-prompt-user-profile-major,profile,prompt-user,profile.major,critical,/profile?tab=basic,Add your intended major,Your major helps recommendations and application analysis compare the right programs.,Add major,in_app_readiness_surface|dashboard,redis_notification_feed|remote_push|email,profile-readiness:profile-prompt-user-profile-major:da83d1a201eb1e0112b7eec4,Profile intendedMajor or targetMajor is set,,
user_prompt,ready_for_in_app_admin_delivery,0f06d8ca1b23d3a1dc68a6eb,profile-prompt-user-profile-major,profile,prompt-user,profile.major,critical,/profile?tab=basic,Add your intended major,Your major helps recommendations and application analysis compare the right programs.,Add major,in_app_readiness_surface|dashboard,redis_notification_feed|remote_push|email,profile-readiness:profile-prompt-user-profile-major:0f06d8ca1b23d3a1dc68a6eb,Profile intendedMajor or targetMajor is set,,
user_prompt,ready_for_in_app_admin_delivery,473c4613d839068ba7855d82,profile-prompt-user-profile-major,profile,prompt-user,profile.major,critical,/profile?tab=basic,Add your intended major,Your major helps recommendations and application analysis compare the right programs.,Add major,in_app_readiness_surface|dashboard,redis_notification_feed|remote_push|email,profile-readiness:profile-prompt-user-profile-major:473c4613d839068ba7855d82,Profile intendedMajor or targetMajor is set,,
user_prompt,ready_for_in_app_admin_delivery,30644d4d38a7469292f1c5ee,profile-prompt-user-profile-major,profile,prompt-user,profile.major,critical,/profile?tab=basic,Add your intended major,Your major helps recommendations and application analysis compare the right programs.,Add major,in_app_readiness_surface|dashboard,redis_notification_feed|remote_push|email,profile-readiness:profile-prompt-user-profile-major:30644d4d38a7469292f1c5ee,Profile intendedMajor or targetMajor is set,,
user_prompt,ready_for_in_app_admin_delivery,0defed87eef77bb11270748d,profile-prompt-user-profile-major,profile,prompt-user,profile.major,critical,/profile?tab=basic,Add your intended major,Your major helps recommendations and application analysis compare the right programs.,Add major,in_app_readiness_surface|dashboard,redis_notification_feed|remote_push|email,profile-readiness:profile-prompt-user-profile-major:0defed87eef77bb11270748d,Profile intendedMajor or targetMajor is set,,
user_prompt,ready_for_in_app_admin_delivery,cc241cedf886e14bf508182b,profile-prompt-user-profile-major,profile,prompt-user,profile.major,critical,/profile?tab=basic,Add your intended major,Your major helps recommendations and application analysis compare the right programs.,Add major,in_app_readiness_surface|dashboard,redis_notification_feed|remote_push|email,profile-readiness:profile-prompt-user-profile-major:cc241cedf886e14bf508182b,Profile intendedMajor or targetMajor is set,,
user_prompt,ready_for_in_app_admin_delivery,85490fb37f0bdf02f563ea85,profile-prompt-user-profile-major,profile,prompt-user,profile.major,critical,/profile?tab=basic,Add your intended major,Your major helps recommendations and application analysis compare the right programs.,Add major,in_app_readiness_surface|dashboard,redis_notification_feed|remote_push|email,profile-readiness:profile-prompt-user-profile-major:85490fb37f0bdf02f563ea85,Profile intendedMajor or targetMajor is set,,
user_prompt,ready_for_in_app_admin_delivery,12c0646647db687d1a65aed0,profile-prompt-user-profile-major,profile,prompt-user,profile.major,critical,/profile?tab=basic,Add your intended major,Your major helps recommendations and application analysis compare the right programs.,Add major,in_app_readiness_surface|dashboard,redis_notification_feed|remote_push|email,profile-readiness:profile-prompt-user-profile-major:12c0646647db687d1a65aed0,Profile intendedMajor or targetMajor is set,,
user_prompt,ready_for_in_app_admin_delivery,a11417640be59bed20bc3a98,profile-prompt-user-profile-major,profile,prompt-user,profile.major,critical,/profile?tab=basic,Add your intended major,Your major helps recommendations and application analysis compare the right programs.,Add major,in_app_readiness_surface|dashboard,redis_notification_feed|remote_push|email,profile-readiness:profile-prompt-user-profile-major:a11417640be59bed20bc3a98,Profile intendedMajor or targetMajor is set,,
user_prompt,ready_for_in_app_admin_delivery,8f66d4f73209fbaccd3033bf,profile-prompt-user-profile-major,profile,prompt-user,profile.major,critical,/profile?tab=basic,Add your intended major,Your major helps recommendations and application analysis compare the right programs.,Add major,in_app_readiness_surface|dashboard,redis_notification_feed|remote_push|email,profile-readiness:profile-prompt-user-profile-major:8f66d4f73209fbaccd3033bf,Profile intendedMajor or targetMajor is set,,
user_prompt,ready_for_in_app_admin_delivery,c20f861a8c401467478f1ff8,profile-prompt-user-profile-major,profile,prompt-user,profile.major,critical,/profile?tab=basic,Add your intended major,Your major helps recommendations and application analysis compare the right programs.,Add major,in_app_readiness_surface|dashboard,redis_notification_feed|remote_push|email,profile-readiness:profile-prompt-user-profile-major:c20f861a8c401467478f1ff8,Profile intendedMajor or targetMajor is set,,
user_prompt,ready_for_in_app_admin_delivery,3e9f49d50ab7d023f1a8e39e,profile-prompt-user-profile-major,profile,prompt-user,profile.major,critical,/profile?tab=basic,Add your intended major,Your major helps recommendations and application analysis compare the right programs.,Add major,in_app_readiness_surface|dashboard,redis_notification_feed|remote_push|email,profile-readiness:profile-prompt-user-profile-major:3e9f49d50ab7d023f1a8e39e,Profile intendedMajor or targetMajor is set,,
user_prompt,ready_for_in_app_admin_delivery,8e31c7196b60b7f62dbf3e4d,profile-prompt-user-profile-major,profile,prompt-user,profile.major,critical,/profile?tab=basic,Add your intended major,Your major helps recommendations and application analysis compare the right programs.,Add major,in_app_readiness_surface|dashboard,redis_notification_feed|remote_push|email,profile-readiness:profile-prompt-user-profile-major:8e31c7196b60b7f62dbf3e4d,Profile intendedMajor or targetMajor is set,,
user_prompt,ready_for_in_app_admin_delivery,8965a5653322427763446164,profile-prompt-user-profile-major,profile,prompt-user,profile.major,critical,/profile?tab=basic,Add your intended major,Your major helps recommendations and application analysis compare the right programs.,Add major,in_app_readiness_surface|dashboard,redis_notification_feed|remote_push|email,profile-readiness:profile-prompt-user-profile-major:8965a5653322427763446164,Profile intendedMajor or targetMajor is set,,
user_prompt,ready_for_in_app_admin_delivery,6e2f97d15c122bdca8b5f6e9,profile-prompt-user-profile-missing,profile,prompt-user,profile.missing,critical,/profile,Create your profile,"A profile is required before predictions, school planning, essays, and timelines can become personalized.",Create profile,in_app_readiness_surface|dashboard,redis_notification_feed|remote_push|email,profile-readiness:profile-prompt-user-profile-missing:6e2f97d15c122bdca8b5f6e9,Profile row exists for user,,
user_prompt,ready_for_in_app_admin_delivery,beeb858786a6a35924e90fa8,profile-prompt-user-profile-missing,profile,prompt-user,profile.missing,critical,/profile,Create your profile,"A profile is required before predictions, school planning, essays, and timelines can become personalized.",Create profile,in_app_readiness_surface|dashboard,redis_notification_feed|remote_push|email,profile-readiness:profile-prompt-user-profile-missing:beeb858786a6a35924e90fa8,Profile row exists for user,,
user_prompt,ready_for_in_app_admin_delivery,3c3c2347076efa2874b00015,profile-prompt-user-profile-missing,profile,prompt-user,profile.missing,critical,/profile,Create your profile,"A profile is required before predictions, school planning, essays, and timelines can become personalized.",Create profile,in_app_readiness_surface|dashboard,redis_notification_feed|remote_push|email,profile-readiness:profile-prompt-user-profile-missing:3c3c2347076efa2874b00015,Profile row exists for user,,
user_prompt,ready_for_in_app_admin_delivery,7a4f5720bd6266841ef5544e,profile-prompt-user-profile-missing,profile,prompt-user,profile.missing,critical,/profile,Create your profile,"A profile is required before predictions, school planning, essays, and timelines can become personalized.",Create profile,in_app_readiness_surface|dashboard,redis_notification_feed|remote_push|email,profile-readiness:profile-prompt-user-profile-missing:7a4f5720bd6266841ef5544e,Profile row exists for user,,
user_prompt,ready_for_in_app_admin_delivery,7a29e78a2be76e25d6e24374,profile-prompt-user-profile-test-strategy,profile,prompt-user,profile.test_strategy,critical,/profile?tab=scores,Set your test strategy,"Tell us whether you have scores, plan to test, or are applying test-optional.",Update scores,in_app_readiness_surface|dashboard,redis_notification_feed|remote_push|email,profile-readiness:profile-prompt-user-profile-test-strategy:7a29e78a2be76e25d6e24374,Profile has test scores or explicit test plan,,
user_prompt,ready_for_in_app_admin_delivery,a76676d472710aa2483a96c4,profile-prompt-user-profile-test-strategy,profile,prompt-user,profile.test_strategy,critical,/profile?tab=scores,Set your test strategy,"Tell us whether you have scores, plan to test, or are applying test-optional.",Update scores,in_app_readiness_surface|dashboard,redis_notification_feed|remote_push|email,profile-readiness:profile-prompt-user-profile-test-strategy:a76676d472710aa2483a96c4,Profile has test scores or explicit test plan,,
user_prompt,ready_for_in_app_admin_delivery,8b6443ed32abc9d51922f7b4,profile-prompt-user-profile-test-strategy,profile,prompt-user,profile.test_strategy,critical,/profile?tab=scores,Set your test strategy,"Tell us whether you have scores, plan to test, or are applying test-optional.",Update scores,in_app_readiness_surface|dashboard,redis_notification_feed|remote_push|email,profile-readiness:profile-prompt-user-profile-test-strategy:8b6443ed32abc9d51922f7b4,Profile has test scores or explicit test plan,,
user_prompt,ready_for_in_app_admin_delivery,ffddc1934c2544d68ce63314,profile-prompt-user-profile-test-strategy,profile,prompt-user,profile.test_strategy,critical,/profile?tab=scores,Set your test strategy,"Tell us whether you have scores, plan to test, or are applying test-optional.",Update scores,in_app_readiness_surface|dashboard,redis_notification_feed|remote_push|email,profile-readiness:profile-prompt-user-profile-test-strategy:ffddc1934c2544d68ce63314,Profile has test scores or explicit test plan,,
user_prompt,ready_for_in_app_admin_delivery,f1365adaa12cdb38d8e7055e,profile-prompt-user-profile-test-strategy,profile,prompt-user,profile.test_strategy,critical,/profile?tab=scores,Set your test strategy,"Tell us whether you have scores, plan to test, or are applying test-optional.",Update scores,in_app_readiness_surface|dashboard,redis_notification_feed|remote_push|email,profile-readiness:profile-prompt-user-profile-test-strategy:f1365adaa12cdb38d8e7055e,Profile has test scores or explicit test plan,,
user_prompt,ready_for_in_app_admin_delivery,be27f8a18041d6d00d7af95b,profile-prompt-user-profile-test-strategy,profile,prompt-user,profile.test_strategy,critical,/profile?tab=scores,Set your test strategy,"Tell us whether you have scores, plan to test, or are applying test-optional.",Update scores,in_app_readiness_surface|dashboard,redis_notification_feed|remote_push|email,profile-readiness:profile-prompt-user-profile-test-strategy:be27f8a18041d6d00d7af95b,Profile has test scores or explicit test plan,,
user_prompt,ready_for_in_app_admin_delivery,fbebd41cf5af26d73edb886c,profile-prompt-user-profile-test-strategy,profile,prompt-user,profile.test_strategy,critical,/profile?tab=scores,Set your test strategy,"Tell us whether you have scores, plan to test, or are applying test-optional.",Update scores,in_app_readiness_surface|dashboard,redis_notification_feed|remote_push|email,profile-readiness:profile-prompt-user-profile-test-strategy:fbebd41cf5af26d73edb886c,Profile has test scores or explicit test plan,,
user_prompt,ready_for_in_app_admin_delivery,819e264db561cad594fc3424,profile-prompt-user-profile-test-strategy,profile,prompt-user,profile.test_strategy,critical,/profile?tab=scores,Set your test strategy,"Tell us whether you have scores, plan to test, or are applying test-optional.",Update scores,in_app_readiness_surface|dashboard,redis_notification_feed|remote_push|email,profile-readiness:profile-prompt-user-profile-test-strategy:819e264db561cad594fc3424,Profile has test scores or explicit test plan,,
user_prompt,ready_for_in_app_admin_delivery,0894db086e3f4b4fc895f73a,profile-prompt-user-profile-test-strategy,profile,prompt-user,profile.test_strategy,critical,/profile?tab=scores,Set your test strategy,"Tell us whether you have scores, plan to test, or are applying test-optional.",Update scores,in_app_readiness_surface|dashboard,redis_notification_feed|remote_push|email,profile-readiness:profile-prompt-user-profile-test-strategy:0894db086e3f4b4fc895f73a,Profile has test scores or explicit test plan,,
user_prompt,ready_for_in_app_admin_delivery,ffd3d30f800c70b4474e17f0,profile-prompt-user-profile-test-strategy,profile,prompt-user,profile.test_strategy,critical,/profile?tab=scores,Set your test strategy,"Tell us whether you have scores, plan to test, or are applying test-optional.",Update scores,in_app_readiness_surface|dashboard,redis_notification_feed|remote_push|email,profile-readiness:profile-prompt-user-profile-test-strategy:ffd3d30f800c70b4474e17f0,Profile has test scores or explicit test plan,,
user_prompt,ready_for_in_app_admin_delivery,ab643620cb4c3d701bd65b74,profile-prompt-user-profile-test-strategy,profile,prompt-user,profile.test_strategy,critical,/profile?tab=scores,Set your test strategy,"Tell us whether you have scores, plan to test, or are applying test-optional.",Update scores,in_app_readiness_surface|dashboard,redis_notification_feed|remote_push|email,profile-readiness:profile-prompt-user-profile-test-strategy:ab643620cb4c3d701bd65b74,Profile has test scores or explicit test plan,,
user_prompt,ready_for_in_app_admin_delivery,c99677ed495aaf074082582c,profile-prompt-user-profile-test-strategy,profile,prompt-user,profile.test_strategy,critical,/profile?tab=scores,Set your test strategy,"Tell us whether you have scores, plan to test, or are applying test-optional.",Update scores,in_app_readiness_surface|dashboard,redis_notification_feed|remote_push|email,profile-readiness:profile-prompt-user-profile-test-strategy:c99677ed495aaf074082582c,Profile has test scores or explicit test plan,,
user_prompt,ready_for_in_app_admin_delivery,8758f245bb5b0e6bffd40998,profile-prompt-user-profile-test-strategy,profile,prompt-user,profile.test_strategy,critical,/profile?tab=scores,Set your test strategy,"Tell us whether you have scores, plan to test, or are applying test-optional.",Update scores,in_app_readiness_surface|dashboard,redis_notification_feed|remote_push|email,profile-readiness:profile-prompt-user-profile-test-strategy:8758f245bb5b0e6bffd40998,Profile has test scores or explicit test plan,,
user_prompt,ready_for_in_app_admin_delivery,742e79987159c980e75b20c7,profile-prompt-user-profile-test-strategy,profile,prompt-user,profile.test_strategy,critical,/profile?tab=scores,Set your test strategy,"Tell us whether you have scores, plan to test, or are applying test-optional.",Update scores,in_app_readiness_surface|dashboard,redis_notification_feed|remote_push|email,profile-readiness:profile-prompt-user-profile-test-strategy:742e79987159c980e75b20c7,Profile has test scores or explicit test plan,,
user_prompt,ready_for_in_app_admin_delivery,8af993107f24d792723e4fc1,profile-prompt-user-profile-test-strategy,profile,prompt-user,profile.test_strategy,critical,/profile?tab=scores,Set your test strategy,"Tell us whether you have scores, plan to test, or are applying test-optional.",Update scores,in_app_readiness_surface|dashboard,redis_notification_feed|remote_push|email,profile-readiness:profile-prompt-user-profile-test-strategy:8af993107f24d792723e4fc1,Profile has test scores or explicit test plan,,
user_prompt,ready_for_in_app_admin_delivery,023ef579e34956e6a8f61adb,profile-prompt-user-profile-test-strategy,profile,prompt-user,profile.test_strategy,critical,/profile?tab=scores,Set your test strategy,"Tell us whether you have scores, plan to test, or are applying test-optional.",Update scores,in_app_readiness_surface|dashboard,redis_notification_feed|remote_push|email,profile-readiness:profile-prompt-user-profile-test-strategy:023ef579e34956e6a8f61adb,Profile has test scores or explicit test plan,,
user_prompt,ready_for_in_app_admin_delivery,d74687608cda95b086d53cdc,profile-prompt-user-profile-test-strategy,profile,prompt-user,profile.test_strategy,critical,/profile?tab=scores,Set your test strategy,"Tell us whether you have scores, plan to test, or are applying test-optional.",Update scores,in_app_readiness_surface|dashboard,redis_notification_feed|remote_push|email,profile-readiness:profile-prompt-user-profile-test-strategy:d74687608cda95b086d53cdc,Profile has test scores or explicit test plan,,
user_prompt,ready_for_in_app_admin_delivery,138284095a25d1fae7337a3c,profile-prompt-user-profile-test-strategy,profile,prompt-user,profile.test_strategy,critical,/profile?tab=scores,Set your test strategy,"Tell us whether you have scores, plan to test, or are applying test-optional.",Update scores,in_app_readiness_surface|dashboard,redis_notification_feed|remote_push|email,profile-readiness:profile-prompt-user-profile-test-strategy:138284095a25d1fae7337a3c,Profile has test scores or explicit test plan,,
user_prompt,ready_for_in_app_admin_delivery,5de082603a9960cfa8117421,profile-prompt-user-profile-test-strategy,profile,prompt-user,profile.test_strategy,critical,/profile?tab=scores,Set your test strategy,"Tell us whether you have scores, plan to test, or are applying test-optional.",Update scores,in_app_readiness_surface|dashboard,redis_notification_feed|remote_push|email,profile-readiness:profile-prompt-user-profile-test-strategy:5de082603a9960cfa8117421,Profile has test scores or explicit test plan,,
user_prompt,ready_for_in_app_admin_delivery,06cab65bad990f73a0e2013e,profile-prompt-user-profile-test-strategy,profile,prompt-user,profile.test_strategy,critical,/profile?tab=scores,Set your test strategy,"Tell us whether you have scores, plan to test, or are applying test-optional.",Update scores,in_app_readiness_surface|dashboard,redis_notification_feed|remote_push|email,profile-readiness:profile-prompt-user-profile-test-strategy:06cab65bad990f73a0e2013e,Profile has test scores or explicit test plan,,
user_prompt,ready_for_in_app_admin_delivery,0bbf03a984664dce330f7155,profile-prompt-user-profile-test-strategy,profile,prompt-user,profile.test_strategy,critical,/profile?tab=scores,Set your test strategy,"Tell us whether you have scores, plan to test, or are applying test-optional.",Update scores,in_app_readiness_surface|dashboard,redis_notification_feed|remote_push|email,profile-readiness:profile-prompt-user-profile-test-strategy:0bbf03a984664dce330f7155,Profile has test scores or explicit test plan,,
user_prompt,ready_for_in_app_admin_delivery,0eb09c84fa76d4593c74706c,profile-prompt-user-profile-test-strategy,profile,prompt-user,profile.test_strategy,critical,/profile?tab=scores,Set your test strategy,"Tell us whether you have scores, plan to test, or are applying test-optional.",Update scores,in_app_readiness_surface|dashboard,redis_notification_feed|remote_push|email,profile-readiness:profile-prompt-user-profile-test-strategy:0eb09c84fa76d4593c74706c,Profile has test scores or explicit test plan,,
user_prompt,ready_for_in_app_admin_delivery,122faf6ff8256a49bad4e360,profile-prompt-user-profile-test-strategy,profile,prompt-user,profile.test_strategy,critical,/profile?tab=scores,Set your test strategy,"Tell us whether you have scores, plan to test, or are applying test-optional.",Update scores,in_app_readiness_surface|dashboard,redis_notification_feed|remote_push|email,profile-readiness:profile-prompt-user-profile-test-strategy:122faf6ff8256a49bad4e360,Profile has test scores or explicit test plan,,
user_prompt,ready_for_in_app_admin_delivery,3ad283595e8c8fc0b173911f,profile-prompt-user-profile-test-strategy,profile,prompt-user,profile.test_strategy,critical,/profile?tab=scores,Set your test strategy,"Tell us whether you have scores, plan to test, or are applying test-optional.",Update scores,in_app_readiness_surface|dashboard,redis_notification_feed|remote_push|email,profile-readiness:profile-prompt-user-profile-test-strategy:3ad283595e8c8fc0b173911f,Profile has test scores or explicit test plan,,
user_prompt,ready_for_in_app_admin_delivery,e0e634d85a0cf22c31cc8a35,profile-prompt-user-profile-test-strategy,profile,prompt-user,profile.test_strategy,critical,/profile?tab=scores,Set your test strategy,"Tell us whether you have scores, plan to test, or are applying test-optional.",Update scores,in_app_readiness_surface|dashboard,redis_notification_feed|remote_push|email,profile-readiness:profile-prompt-user-profile-test-strategy:e0e634d85a0cf22c31cc8a35,Profile has test scores or explicit test plan,,
user_prompt,ready_for_in_app_admin_delivery,832d3d67127cd463e2d158ef,profile-prompt-user-profile-test-strategy,profile,prompt-user,profile.test_strategy,critical,/profile?tab=scores,Set your test strategy,"Tell us whether you have scores, plan to test, or are applying test-optional.",Update scores,in_app_readiness_surface|dashboard,redis_notification_feed|remote_push|email,profile-readiness:profile-prompt-user-profile-test-strategy:832d3d67127cd463e2d158ef,Profile has test scores or explicit test plan,,
user_prompt,ready_for_in_app_admin_delivery,e77a4fa0fcedef43de0cb4bb,profile-prompt-user-profile-test-strategy,profile,prompt-user,profile.test_strategy,critical,/profile?tab=scores,Set your test strategy,"Tell us whether you have scores, plan to test, or are applying test-optional.",Update scores,in_app_readiness_surface|dashboard,redis_notification_feed|remote_push|email,profile-readiness:profile-prompt-user-profile-test-strategy:e77a4fa0fcedef43de0cb4bb,Profile has test scores or explicit test plan,,
user_prompt,ready_for_in_app_admin_delivery,10238acf3b2e2675d06ce76c,profile-prompt-user-profile-test-strategy,profile,prompt-user,profile.test_strategy,critical,/profile?tab=scores,Set your test strategy,"Tell us whether you have scores, plan to test, or are applying test-optional.",Update scores,in_app_readiness_surface|dashboard,redis_notification_feed|remote_push|email,profile-readiness:profile-prompt-user-profile-test-strategy:10238acf3b2e2675d06ce76c,Profile has test scores or explicit test plan,,
user_prompt,ready_for_in_app_admin_delivery,7819fedbfc32d7ad6de164f3,profile-prompt-user-profile-test-strategy,profile,prompt-user,profile.test_strategy,critical,/profile?tab=scores,Set your test strategy,"Tell us whether you have scores, plan to test, or are applying test-optional.",Update scores,in_app_readiness_surface|dashboard,redis_notification_feed|remote_push|email,profile-readiness:profile-prompt-user-profile-test-strategy:7819fedbfc32d7ad6de164f3,Profile has test scores or explicit test plan,,
user_prompt,ready_for_in_app_admin_delivery,4a947b901c3d9b7ce0481cf2,profile-prompt-user-profile-test-strategy,profile,prompt-user,profile.test_strategy,critical,/profile?tab=scores,Set your test strategy,"Tell us whether you have scores, plan to test, or are applying test-optional.",Update scores,in_app_readiness_surface|dashboard,redis_notification_feed|remote_push|email,profile-readiness:profile-prompt-user-profile-test-strategy:4a947b901c3d9b7ce0481cf2,Profile has test scores or explicit test plan,,
user_prompt,ready_for_in_app_admin_delivery,977aba20a74e363bcb348888,profile-prompt-user-profile-test-strategy,profile,prompt-user,profile.test_strategy,critical,/profile?tab=scores,Set your test strategy,"Tell us whether you have scores, plan to test, or are applying test-optional.",Update scores,in_app_readiness_surface|dashboard,redis_notification_feed|remote_push|email,profile-readiness:profile-prompt-user-profile-test-strategy:977aba20a74e363bcb348888,Profile has test scores or explicit test plan,,
user_prompt,ready_for_in_app_admin_delivery,bdfbfe398683d67d68f39557,profile-prompt-user-profile-test-strategy,profile,prompt-user,profile.test_strategy,critical,/profile?tab=scores,Set your test strategy,"Tell us whether you have scores, plan to test, or are applying test-optional.",Update scores,in_app_readiness_surface|dashboard,redis_notification_feed|remote_push|email,profile-readiness:profile-prompt-user-profile-test-strategy:bdfbfe398683d67d68f39557,Profile has test scores or explicit test plan,,
user_prompt,ready_for_in_app_admin_delivery,3f980c4c6e95243d6daa6974,profile-prompt-user-profile-test-strategy,profile,prompt-user,profile.test_strategy,critical,/profile?tab=scores,Set your test strategy,"Tell us whether you have scores, plan to test, or are applying test-optional.",Update scores,in_app_readiness_surface|dashboard,redis_notification_feed|remote_push|email,profile-readiness:profile-prompt-user-profile-test-strategy:3f980c4c6e95243d6daa6974,Profile has test scores or explicit test plan,,
user_prompt,ready_for_in_app_admin_delivery,95337d5e96446798743732c1,profile-prompt-user-profile-test-strategy,profile,prompt-user,profile.test_strategy,critical,/profile?tab=scores,Set your test strategy,"Tell us whether you have scores, plan to test, or are applying test-optional.",Update scores,in_app_readiness_surface|dashboard,redis_notification_feed|remote_push|email,profile-readiness:profile-prompt-user-profile-test-strategy:95337d5e96446798743732c1,Profile has test scores or explicit test plan,,
user_prompt,ready_for_in_app_admin_delivery,c1950cf2ac294babc3aadf4e,profile-prompt-user-profile-test-strategy,profile,prompt-user,profile.test_strategy,critical,/profile?tab=scores,Set your test strategy,"Tell us whether you have scores, plan to test, or are applying test-optional.",Update scores,in_app_readiness_surface|dashboard,redis_notification_feed|remote_push|email,profile-readiness:profile-prompt-user-profile-test-strategy:c1950cf2ac294babc3aadf4e,Profile has test scores or explicit test plan,,
user_prompt,ready_for_in_app_admin_delivery,566af6ea3815e2e9d4ec7b10,profile-prompt-user-profile-test-strategy,profile,prompt-user,profile.test_strategy,critical,/profile?tab=scores,Set your test strategy,"Tell us whether you have scores, plan to test, or are applying test-optional.",Update scores,in_app_readiness_surface|dashboard,redis_notification_feed|remote_push|email,profile-readiness:profile-prompt-user-profile-test-strategy:566af6ea3815e2e9d4ec7b10,Profile has test scores or explicit test plan,,
user_prompt,ready_for_in_app_admin_delivery,b49b375f2ecd18e1d3e2c548,profile-prompt-user-profile-test-strategy,profile,prompt-user,profile.test_strategy,critical,/profile?tab=scores,Set your test strategy,"Tell us whether you have scores, plan to test, or are applying test-optional.",Update scores,in_app_readiness_surface|dashboard,redis_notification_feed|remote_push|email,profile-readiness:profile-prompt-user-profile-test-strategy:b49b375f2ecd18e1d3e2c548,Profile has test scores or explicit test plan,,
user_prompt,ready_for_in_app_admin_delivery,4cab3e79c7dd8e492a909e7f,profile-prompt-user-profile-test-strategy,profile,prompt-user,profile.test_strategy,critical,/profile?tab=scores,Set your test strategy,"Tell us whether you have scores, plan to test, or are applying test-optional.",Update scores,in_app_readiness_surface|dashboard,redis_notification_feed|remote_push|email,profile-readiness:profile-prompt-user-profile-test-strategy:4cab3e79c7dd8e492a909e7f,Profile has test scores or explicit test plan,,
user_prompt,ready_for_in_app_admin_delivery,fae66721875e65f51507bf27,profile-prompt-user-profile-test-strategy,profile,prompt-user,profile.test_strategy,critical,/profile?tab=scores,Set your test strategy,"Tell us whether you have scores, plan to test, or are applying test-optional.",Update scores,in_app_readiness_surface|dashboard,redis_notification_feed|remote_push|email,profile-readiness:profile-prompt-user-profile-test-strategy:fae66721875e65f51507bf27,Profile has test scores or explicit test plan,,
user_prompt,ready_for_in_app_admin_delivery,7c8c8ff6a81333ff3e9a04a6,profile-prompt-user-profile-test-strategy,profile,prompt-user,profile.test_strategy,critical,/profile?tab=scores,Set your test strategy,"Tell us whether you have scores, plan to test, or are applying test-optional.",Update scores,in_app_readiness_surface|dashboard,redis_notification_feed|remote_push|email,profile-readiness:profile-prompt-user-profile-test-strategy:7c8c8ff6a81333ff3e9a04a6,Profile has test scores or explicit test plan,,
user_prompt,ready_for_in_app_admin_delivery,2317f70b9e80abca4ad0824d,profile-prompt-user-profile-test-strategy,profile,prompt-user,profile.test_strategy,critical,/profile?tab=scores,Set your test strategy,"Tell us whether you have scores, plan to test, or are applying test-optional.",Update scores,in_app_readiness_surface|dashboard,redis_notification_feed|remote_push|email,profile-readiness:profile-prompt-user-profile-test-strategy:2317f70b9e80abca4ad0824d,Profile has test scores or explicit test plan,,
user_prompt,ready_for_in_app_admin_delivery,53abd2f8c90243ba345fa599,profile-prompt-user-profile-test-strategy,profile,prompt-user,profile.test_strategy,critical,/profile?tab=scores,Set your test strategy,"Tell us whether you have scores, plan to test, or are applying test-optional.",Update scores,in_app_readiness_surface|dashboard,redis_notification_feed|remote_push|email,profile-readiness:profile-prompt-user-profile-test-strategy:53abd2f8c90243ba345fa599,Profile has test scores or explicit test plan,,
user_prompt,ready_for_in_app_admin_delivery,b4a7670b022c83cb17a856df,profile-prompt-user-profile-test-strategy,profile,prompt-user,profile.test_strategy,critical,/profile?tab=scores,Set your test strategy,"Tell us whether you have scores, plan to test, or are applying test-optional.",Update scores,in_app_readiness_surface|dashboard,redis_notification_feed|remote_push|email,profile-readiness:profile-prompt-user-profile-test-strategy:b4a7670b022c83cb17a856df,Profile has test scores or explicit test plan,,
user_prompt,ready_for_in_app_admin_delivery,9814382a1d3be3e627c28c80,profile-prompt-user-profile-test-strategy,profile,prompt-user,profile.test_strategy,critical,/profile?tab=scores,Set your test strategy,"Tell us whether you have scores, plan to test, or are applying test-optional.",Update scores,in_app_readiness_surface|dashboard,redis_notification_feed|remote_push|email,profile-readiness:profile-prompt-user-profile-test-strategy:9814382a1d3be3e627c28c80,Profile has test scores or explicit test plan,,
user_prompt,ready_for_in_app_admin_delivery,d4e514871d10cb9f36b65d29,profile-prompt-user-profile-test-strategy,profile,prompt-user,profile.test_strategy,critical,/profile?tab=scores,Set your test strategy,"Tell us whether you have scores, plan to test, or are applying test-optional.",Update scores,in_app_readiness_surface|dashboard,redis_notification_feed|remote_push|email,profile-readiness:profile-prompt-user-profile-test-strategy:d4e514871d10cb9f36b65d29,Profile has test scores or explicit test plan,,
user_prompt,ready_for_in_app_admin_delivery,1d0c77f67037725ac9e941b2,profile-prompt-user-profile-test-strategy,profile,prompt-user,profile.test_strategy,critical,/profile?tab=scores,Set your test strategy,"Tell us whether you have scores, plan to test, or are applying test-optional.",Update scores,in_app_readiness_surface|dashboard,redis_notification_feed|remote_push|email,profile-readiness:profile-prompt-user-profile-test-strategy:1d0c77f67037725ac9e941b2,Profile has test scores or explicit test plan,,
user_prompt,ready_for_in_app_admin_delivery,556224a224a1c7679127d097,profile-prompt-user-profile-test-strategy,profile,prompt-user,profile.test_strategy,critical,/profile?tab=scores,Set your test strategy,"Tell us whether you have scores, plan to test, or are applying test-optional.",Update scores,in_app_readiness_surface|dashboard,redis_notification_feed|remote_push|email,profile-readiness:profile-prompt-user-profile-test-strategy:556224a224a1c7679127d097,Profile has test scores or explicit test plan,,
user_prompt,ready_for_in_app_admin_delivery,f371531d3d25666bda7eafeb,profile-prompt-user-profile-test-strategy,profile,prompt-user,profile.test_strategy,critical,/profile?tab=scores,Set your test strategy,"Tell us whether you have scores, plan to test, or are applying test-optional.",Update scores,in_app_readiness_surface|dashboard,redis_notification_feed|remote_push|email,profile-readiness:profile-prompt-user-profile-test-strategy:f371531d3d25666bda7eafeb,Profile has test scores or explicit test plan,,
user_prompt,ready_for_in_app_admin_delivery,a2d3062f8e09c9cc2ddbd88d,profile-prompt-user-profile-test-strategy,profile,prompt-user,profile.test_strategy,critical,/profile?tab=scores,Set your test strategy,"Tell us whether you have scores, plan to test, or are applying test-optional.",Update scores,in_app_readiness_surface|dashboard,redis_notification_feed|remote_push|email,profile-readiness:profile-prompt-user-profile-test-strategy:a2d3062f8e09c9cc2ddbd88d,Profile has test scores or explicit test plan,,
user_prompt,ready_for_in_app_admin_delivery,5424d5ace64e813a2f73dceb,profile-prompt-user-profile-test-strategy,profile,prompt-user,profile.test_strategy,critical,/profile?tab=scores,Set your test strategy,"Tell us whether you have scores, plan to test, or are applying test-optional.",Update scores,in_app_readiness_surface|dashboard,redis_notification_feed|remote_push|email,profile-readiness:profile-prompt-user-profile-test-strategy:5424d5ace64e813a2f73dceb,Profile has test scores or explicit test plan,,
user_prompt,ready_for_in_app_admin_delivery,67db31e10f819cc055ebc5e6,profile-prompt-user-profile-test-strategy,profile,prompt-user,profile.test_strategy,critical,/profile?tab=scores,Set your test strategy,"Tell us whether you have scores, plan to test, or are applying test-optional.",Update scores,in_app_readiness_surface|dashboard,redis_notification_feed|remote_push|email,profile-readiness:profile-prompt-user-profile-test-strategy:67db31e10f819cc055ebc5e6,Profile has test scores or explicit test plan,,
user_prompt,ready_for_in_app_admin_delivery,21453a247f2c36664ca1f4e7,profile-prompt-user-profile-test-strategy,profile,prompt-user,profile.test_strategy,critical,/profile?tab=scores,Set your test strategy,"Tell us whether you have scores, plan to test, or are applying test-optional.",Update scores,in_app_readiness_surface|dashboard,redis_notification_feed|remote_push|email,profile-readiness:profile-prompt-user-profile-test-strategy:21453a247f2c36664ca1f4e7,Profile has test scores or explicit test plan,,
user_prompt,ready_for_in_app_admin_delivery,bc78a5a24d4822c1254deb2d,profile-prompt-user-profile-test-strategy,profile,prompt-user,profile.test_strategy,critical,/profile?tab=scores,Set your test strategy,"Tell us whether you have scores, plan to test, or are applying test-optional.",Update scores,in_app_readiness_surface|dashboard,redis_notification_feed|remote_push|email,profile-readiness:profile-prompt-user-profile-test-strategy:bc78a5a24d4822c1254deb2d,Profile has test scores or explicit test plan,,
user_prompt,ready_for_in_app_admin_delivery,9d929fa72ae2cc1c5f3d8d82,profile-prompt-user-profile-test-strategy,profile,prompt-user,profile.test_strategy,critical,/profile?tab=scores,Set your test strategy,"Tell us whether you have scores, plan to test, or are applying test-optional.",Update scores,in_app_readiness_surface|dashboard,redis_notification_feed|remote_push|email,profile-readiness:profile-prompt-user-profile-test-strategy:9d929fa72ae2cc1c5f3d8d82,Profile has test scores or explicit test plan,,
user_prompt,ready_for_in_app_admin_delivery,8c13a70fc5c14aacfa48572e,profile-prompt-user-profile-test-strategy,profile,prompt-user,profile.test_strategy,critical,/profile?tab=scores,Set your test strategy,"Tell us whether you have scores, plan to test, or are applying test-optional.",Update scores,in_app_readiness_surface|dashboard,redis_notification_feed|remote_push|email,profile-readiness:profile-prompt-user-profile-test-strategy:8c13a70fc5c14aacfa48572e,Profile has test scores or explicit test plan,,
user_prompt,ready_for_in_app_admin_delivery,5e71abdcb6160d9592741988,profile-prompt-user-profile-test-strategy,profile,prompt-user,profile.test_strategy,critical,/profile?tab=scores,Set your test strategy,"Tell us whether you have scores, plan to test, or are applying test-optional.",Update scores,in_app_readiness_surface|dashboard,redis_notification_feed|remote_push|email,profile-readiness:profile-prompt-user-profile-test-strategy:5e71abdcb6160d9592741988,Profile has test scores or explicit test plan,,
user_prompt,ready_for_in_app_admin_delivery,8d2ae0fbd6efab48cb0052c2,profile-prompt-user-profile-test-strategy,profile,prompt-user,profile.test_strategy,critical,/profile?tab=scores,Set your test strategy,"Tell us whether you have scores, plan to test, or are applying test-optional.",Update scores,in_app_readiness_surface|dashboard,redis_notification_feed|remote_push|email,profile-readiness:profile-prompt-user-profile-test-strategy:8d2ae0fbd6efab48cb0052c2,Profile has test scores or explicit test plan,,
user_prompt,ready_for_in_app_admin_delivery,adb916c3e591190afd9b45f8,profile-prompt-user-profile-test-strategy,profile,prompt-user,profile.test_strategy,critical,/profile?tab=scores,Set your test strategy,"Tell us whether you have scores, plan to test, or are applying test-optional.",Update scores,in_app_readiness_surface|dashboard,redis_notification_feed|remote_push|email,profile-readiness:profile-prompt-user-profile-test-strategy:adb916c3e591190afd9b45f8,Profile has test scores or explicit test plan,,
user_prompt,ready_for_in_app_admin_delivery,00c69013a76020fd12b4db56,profile-prompt-user-profile-test-strategy,profile,prompt-user,profile.test_strategy,critical,/profile?tab=scores,Set your test strategy,"Tell us whether you have scores, plan to test, or are applying test-optional.",Update scores,in_app_readiness_surface|dashboard,redis_notification_feed|remote_push|email,profile-readiness:profile-prompt-user-profile-test-strategy:00c69013a76020fd12b4db56,Profile has test scores or explicit test plan,,
user_prompt,ready_for_in_app_admin_delivery,1fcb3fd1f8acdc0e2e312acc,profile-prompt-user-profile-test-strategy,profile,prompt-user,profile.test_strategy,critical,/profile?tab=scores,Set your test strategy,"Tell us whether you have scores, plan to test, or are applying test-optional.",Update scores,in_app_readiness_surface|dashboard,redis_notification_feed|remote_push|email,profile-readiness:profile-prompt-user-profile-test-strategy:1fcb3fd1f8acdc0e2e312acc,Profile has test scores or explicit test plan,,
user_prompt,ready_for_in_app_admin_delivery,805c5da5dfebc142dddca509,profile-prompt-user-profile-test-strategy,profile,prompt-user,profile.test_strategy,critical,/profile?tab=scores,Set your test strategy,"Tell us whether you have scores, plan to test, or are applying test-optional.",Update scores,in_app_readiness_surface|dashboard,redis_notification_feed|remote_push|email,profile-readiness:profile-prompt-user-profile-test-strategy:805c5da5dfebc142dddca509,Profile has test scores or explicit test plan,,
user_prompt,ready_for_in_app_admin_delivery,176643ab074df2c6330bdc05,profile-prompt-user-profile-test-strategy,profile,prompt-user,profile.test_strategy,critical,/profile?tab=scores,Set your test strategy,"Tell us whether you have scores, plan to test, or are applying test-optional.",Update scores,in_app_readiness_surface|dashboard,redis_notification_feed|remote_push|email,profile-readiness:profile-prompt-user-profile-test-strategy:176643ab074df2c6330bdc05,Profile has test scores or explicit test plan,,
user_prompt,ready_for_in_app_admin_delivery,c33c10777a45726a21deed93,profile-prompt-user-profile-test-strategy,profile,prompt-user,profile.test_strategy,critical,/profile?tab=scores,Set your test strategy,"Tell us whether you have scores, plan to test, or are applying test-optional.",Update scores,in_app_readiness_surface|dashboard,redis_notification_feed|remote_push|email,profile-readiness:profile-prompt-user-profile-test-strategy:c33c10777a45726a21deed93,Profile has test scores or explicit test plan,,
user_prompt,ready_for_in_app_admin_delivery,ee27103855fd947a0585e587,profile-prompt-user-profile-test-strategy,profile,prompt-user,profile.test_strategy,critical,/profile?tab=scores,Set your test strategy,"Tell us whether you have scores, plan to test, or are applying test-optional.",Update scores,in_app_readiness_surface|dashboard,redis_notification_feed|remote_push|email,profile-readiness:profile-prompt-user-profile-test-strategy:ee27103855fd947a0585e587,Profile has test scores or explicit test plan,,
user_prompt,ready_for_in_app_admin_delivery,efedd357e0c8b9536160f8f6,profile-prompt-user-profile-test-strategy,profile,prompt-user,profile.test_strategy,critical,/profile?tab=scores,Set your test strategy,"Tell us whether you have scores, plan to test, or are applying test-optional.",Update scores,in_app_readiness_surface|dashboard,redis_notification_feed|remote_push|email,profile-readiness:profile-prompt-user-profile-test-strategy:efedd357e0c8b9536160f8f6,Profile has test scores or explicit test plan,,
user_prompt,ready_for_in_app_admin_delivery,b29d033421d2c8ab0fa5c69b,profile-prompt-user-profile-test-strategy,profile,prompt-user,profile.test_strategy,critical,/profile?tab=scores,Set your test strategy,"Tell us whether you have scores, plan to test, or are applying test-optional.",Update scores,in_app_readiness_surface|dashboard,redis_notification_feed|remote_push|email,profile-readiness:profile-prompt-user-profile-test-strategy:b29d033421d2c8ab0fa5c69b,Profile has test scores or explicit test plan,,
user_prompt,ready_for_in_app_admin_delivery,1af5029e2c9cee54b3aa5379,profile-prompt-user-profile-test-strategy,profile,prompt-user,profile.test_strategy,critical,/profile?tab=scores,Set your test strategy,"Tell us whether you have scores, plan to test, or are applying test-optional.",Update scores,in_app_readiness_surface|dashboard,redis_notification_feed|remote_push|email,profile-readiness:profile-prompt-user-profile-test-strategy:1af5029e2c9cee54b3aa5379,Profile has test scores or explicit test plan,,
user_prompt,ready_for_in_app_admin_delivery,32824a404947ef3550d69a72,profile-prompt-user-profile-test-strategy,profile,prompt-user,profile.test_strategy,critical,/profile?tab=scores,Set your test strategy,"Tell us whether you have scores, plan to test, or are applying test-optional.",Update scores,in_app_readiness_surface|dashboard,redis_notification_feed|remote_push|email,profile-readiness:profile-prompt-user-profile-test-strategy:32824a404947ef3550d69a72,Profile has test scores or explicit test plan,,
user_prompt,ready_for_in_app_admin_delivery,a2676b11991f59fc253f6d0a,profile-prompt-user-profile-test-strategy,profile,prompt-user,profile.test_strategy,critical,/profile?tab=scores,Set your test strategy,"Tell us whether you have scores, plan to test, or are applying test-optional.",Update scores,in_app_readiness_surface|dashboard,redis_notification_feed|remote_push|email,profile-readiness:profile-prompt-user-profile-test-strategy:a2676b11991f59fc253f6d0a,Profile has test scores or explicit test plan,,
user_prompt,ready_for_in_app_admin_delivery,e90f73773879c88c915125d3,profile-prompt-user-profile-test-strategy,profile,prompt-user,profile.test_strategy,critical,/profile?tab=scores,Set your test strategy,"Tell us whether you have scores, plan to test, or are applying test-optional.",Update scores,in_app_readiness_surface|dashboard,redis_notification_feed|remote_push|email,profile-readiness:profile-prompt-user-profile-test-strategy:e90f73773879c88c915125d3,Profile has test scores or explicit test plan,,
user_prompt,ready_for_in_app_admin_delivery,241e0447f0aa4ae8bec24164,profile-prompt-user-profile-test-strategy,profile,prompt-user,profile.test_strategy,critical,/profile?tab=scores,Set your test strategy,"Tell us whether you have scores, plan to test, or are applying test-optional.",Update scores,in_app_readiness_surface|dashboard,redis_notification_feed|remote_push|email,profile-readiness:profile-prompt-user-profile-test-strategy:241e0447f0aa4ae8bec24164,Profile has test scores or explicit test plan,,
user_prompt,ready_for_in_app_admin_delivery,8677b59c1c43ffabba1f2edb,profile-prompt-user-profile-test-strategy,profile,prompt-user,profile.test_strategy,critical,/profile?tab=scores,Set your test strategy,"Tell us whether you have scores, plan to test, or are applying test-optional.",Update scores,in_app_readiness_surface|dashboard,redis_notification_feed|remote_push|email,profile-readiness:profile-prompt-user-profile-test-strategy:8677b59c1c43ffabba1f2edb,Profile has test scores or explicit test plan,,
user_prompt,ready_for_in_app_admin_delivery,f21afb7cbab11118d600aaf0,profile-prompt-user-profile-test-strategy,profile,prompt-user,profile.test_strategy,critical,/profile?tab=scores,Set your test strategy,"Tell us whether you have scores, plan to test, or are applying test-optional.",Update scores,in_app_readiness_surface|dashboard,redis_notification_feed|remote_push|email,profile-readiness:profile-prompt-user-profile-test-strategy:f21afb7cbab11118d600aaf0,Profile has test scores or explicit test plan,,
user_prompt,ready_for_in_app_admin_delivery,36cf7e859f087f74b75589c8,profile-prompt-user-profile-test-strategy,profile,prompt-user,profile.test_strategy,critical,/profile?tab=scores,Set your test strategy,"Tell us whether you have scores, plan to test, or are applying test-optional.",Update scores,in_app_readiness_surface|dashboard,redis_notification_feed|remote_push|email,profile-readiness:profile-prompt-user-profile-test-strategy:36cf7e859f087f74b75589c8,Profile has test scores or explicit test plan,,
user_prompt,ready_for_in_app_admin_delivery,de62d0f8511b17551ee7c676,profile-prompt-user-profile-test-strategy,profile,prompt-user,profile.test_strategy,critical,/profile?tab=scores,Set your test strategy,"Tell us whether you have scores, plan to test, or are applying test-optional.",Update scores,in_app_readiness_surface|dashboard,redis_notification_feed|remote_push|email,profile-readiness:profile-prompt-user-profile-test-strategy:de62d0f8511b17551ee7c676,Profile has test scores or explicit test plan,,
user_prompt,ready_for_in_app_admin_delivery,01ab33b5a74e8087d440a72b,profile-prompt-user-profile-test-strategy,profile,prompt-user,profile.test_strategy,critical,/profile?tab=scores,Set your test strategy,"Tell us whether you have scores, plan to test, or are applying test-optional.",Update scores,in_app_readiness_surface|dashboard,redis_notification_feed|remote_push|email,profile-readiness:profile-prompt-user-profile-test-strategy:01ab33b5a74e8087d440a72b,Profile has test scores or explicit test plan,,
user_prompt,ready_for_in_app_admin_delivery,31259b62c40c42e489b70961,profile-prompt-user-profile-test-strategy,profile,prompt-user,profile.test_strategy,critical,/profile?tab=scores,Set your test strategy,"Tell us whether you have scores, plan to test, or are applying test-optional.",Update scores,in_app_readiness_surface|dashboard,redis_notification_feed|remote_push|email,profile-readiness:profile-prompt-user-profile-test-strategy:31259b62c40c42e489b70961,Profile has test scores or explicit test plan,,
user_prompt,ready_for_in_app_admin_delivery,2b9fd436eb1380dafdc8bb61,profile-prompt-user-profile-test-strategy,profile,prompt-user,profile.test_strategy,critical,/profile?tab=scores,Set your test strategy,"Tell us whether you have scores, plan to test, or are applying test-optional.",Update scores,in_app_readiness_surface|dashboard,redis_notification_feed|remote_push|email,profile-readiness:profile-prompt-user-profile-test-strategy:2b9fd436eb1380dafdc8bb61,Profile has test scores or explicit test plan,,
user_prompt,ready_for_in_app_admin_delivery,82c25cdac81c232afa19074b,profile-prompt-user-profile-test-strategy,profile,prompt-user,profile.test_strategy,critical,/profile?tab=scores,Set your test strategy,"Tell us whether you have scores, plan to test, or are applying test-optional.",Update scores,in_app_readiness_surface|dashboard,redis_notification_feed|remote_push|email,profile-readiness:profile-prompt-user-profile-test-strategy:82c25cdac81c232afa19074b,Profile has test scores or explicit test plan,,
user_prompt,ready_for_in_app_admin_delivery,c64128137c011d1b7f7475ea,profile-prompt-user-profile-test-strategy,profile,prompt-user,profile.test_strategy,critical,/profile?tab=scores,Set your test strategy,"Tell us whether you have scores, plan to test, or are applying test-optional.",Update scores,in_app_readiness_surface|dashboard,redis_notification_feed|remote_push|email,profile-readiness:profile-prompt-user-profile-test-strategy:c64128137c011d1b7f7475ea,Profile has test scores or explicit test plan,,
user_prompt,ready_for_in_app_admin_delivery,c63f68036b2ddca06dc47664,profile-prompt-user-profile-test-strategy,profile,prompt-user,profile.test_strategy,critical,/profile?tab=scores,Set your test strategy,"Tell us whether you have scores, plan to test, or are applying test-optional.",Update scores,in_app_readiness_surface|dashboard,redis_notification_feed|remote_push|email,profile-readiness:profile-prompt-user-profile-test-strategy:c63f68036b2ddca06dc47664,Profile has test scores or explicit test plan,,
user_prompt,ready_for_in_app_admin_delivery,d1c0998ca351dc0a975ebd0a,profile-prompt-user-profile-test-strategy,profile,prompt-user,profile.test_strategy,critical,/profile?tab=scores,Set your test strategy,"Tell us whether you have scores, plan to test, or are applying test-optional.",Update scores,in_app_readiness_surface|dashboard,redis_notification_feed|remote_push|email,profile-readiness:profile-prompt-user-profile-test-strategy:d1c0998ca351dc0a975ebd0a,Profile has test scores or explicit test plan,,
user_prompt,ready_for_in_app_admin_delivery,b60798c40c1e2e577ce53ab4,profile-prompt-user-profile-test-strategy,profile,prompt-user,profile.test_strategy,critical,/profile?tab=scores,Set your test strategy,"Tell us whether you have scores, plan to test, or are applying test-optional.",Update scores,in_app_readiness_surface|dashboard,redis_notification_feed|remote_push|email,profile-readiness:profile-prompt-user-profile-test-strategy:b60798c40c1e2e577ce53ab4,Profile has test scores or explicit test plan,,
user_prompt,ready_for_in_app_admin_delivery,d128a2740df50dbab9cec084,profile-prompt-user-profile-test-strategy,profile,prompt-user,profile.test_strategy,critical,/profile?tab=scores,Set your test strategy,"Tell us whether you have scores, plan to test, or are applying test-optional.",Update scores,in_app_readiness_surface|dashboard,redis_notification_feed|remote_push|email,profile-readiness:profile-prompt-user-profile-test-strategy:d128a2740df50dbab9cec084,Profile has test scores or explicit test plan,,
user_prompt,ready_for_in_app_admin_delivery,7f6bb489de56e832f9e52127,profile-prompt-user-profile-test-strategy,profile,prompt-user,profile.test_strategy,critical,/profile?tab=scores,Set your test strategy,"Tell us whether you have scores, plan to test, or are applying test-optional.",Update scores,in_app_readiness_surface|dashboard,redis_notification_feed|remote_push|email,profile-readiness:profile-prompt-user-profile-test-strategy:7f6bb489de56e832f9e52127,Profile has test scores or explicit test plan,,
user_prompt,ready_for_in_app_admin_delivery,14c7de94a7e7ca1cdc53342f,profile-prompt-user-profile-test-strategy,profile,prompt-user,profile.test_strategy,critical,/profile?tab=scores,Set your test strategy,"Tell us whether you have scores, plan to test, or are applying test-optional.",Update scores,in_app_readiness_surface|dashboard,redis_notification_feed|remote_push|email,profile-readiness:profile-prompt-user-profile-test-strategy:14c7de94a7e7ca1cdc53342f,Profile has test scores or explicit test plan,,
user_prompt,ready_for_in_app_admin_delivery,0e8b80ea37c6c962912efbfe,profile-prompt-user-profile-test-strategy,profile,prompt-user,profile.test_strategy,critical,/profile?tab=scores,Set your test strategy,"Tell us whether you have scores, plan to test, or are applying test-optional.",Update scores,in_app_readiness_surface|dashboard,redis_notification_feed|remote_push|email,profile-readiness:profile-prompt-user-profile-test-strategy:0e8b80ea37c6c962912efbfe,Profile has test scores or explicit test plan,,
user_prompt,ready_for_in_app_admin_delivery,e8ec5713bb02702e3aeb2112,profile-prompt-user-profile-test-strategy,profile,prompt-user,profile.test_strategy,critical,/profile?tab=scores,Set your test strategy,"Tell us whether you have scores, plan to test, or are applying test-optional.",Update scores,in_app_readiness_surface|dashboard,redis_notification_feed|remote_push|email,profile-readiness:profile-prompt-user-profile-test-strategy:e8ec5713bb02702e3aeb2112,Profile has test scores or explicit test plan,,
user_prompt,ready_for_in_app_admin_delivery,ed4d86d4f0df5dbe3d418f2a,profile-prompt-user-profile-test-strategy,profile,prompt-user,profile.test_strategy,critical,/profile?tab=scores,Set your test strategy,"Tell us whether you have scores, plan to test, or are applying test-optional.",Update scores,in_app_readiness_surface|dashboard,redis_notification_feed|remote_push|email,profile-readiness:profile-prompt-user-profile-test-strategy:ed4d86d4f0df5dbe3d418f2a,Profile has test scores or explicit test plan,,
user_prompt,ready_for_in_app_admin_delivery,da498548b275de7c66eb51c4,profile-prompt-user-profile-test-strategy,profile,prompt-user,profile.test_strategy,critical,/profile?tab=scores,Set your test strategy,"Tell us whether you have scores, plan to test, or are applying test-optional.",Update scores,in_app_readiness_surface|dashboard,redis_notification_feed|remote_push|email,profile-readiness:profile-prompt-user-profile-test-strategy:da498548b275de7c66eb51c4,Profile has test scores or explicit test plan,,
user_prompt,ready_for_in_app_admin_delivery,c1ee26c6e5d5fc22a5ab6a68,profile-prompt-user-profile-test-strategy,profile,prompt-user,profile.test_strategy,critical,/profile?tab=scores,Set your test strategy,"Tell us whether you have scores, plan to test, or are applying test-optional.",Update scores,in_app_readiness_surface|dashboard,redis_notification_feed|remote_push|email,profile-readiness:profile-prompt-user-profile-test-strategy:c1ee26c6e5d5fc22a5ab6a68,Profile has test scores or explicit test plan,,
user_prompt,ready_for_in_app_admin_delivery,1f7d5b3f21061af17d61866b,profile-prompt-user-profile-test-strategy,profile,prompt-user,profile.test_strategy,critical,/profile?tab=scores,Set your test strategy,"Tell us whether you have scores, plan to test, or are applying test-optional.",Update scores,in_app_readiness_surface|dashboard,redis_notification_feed|remote_push|email,profile-readiness:profile-prompt-user-profile-test-strategy:1f7d5b3f21061af17d61866b,Profile has test scores or explicit test plan,,
user_prompt,ready_for_in_app_admin_delivery,27ae69e1f0abb0ad7feeb352,profile-prompt-user-profile-test-strategy,profile,prompt-user,profile.test_strategy,critical,/profile?tab=scores,Set your test strategy,"Tell us whether you have scores, plan to test, or are applying test-optional.",Update scores,in_app_readiness_surface|dashboard,redis_notification_feed|remote_push|email,profile-readiness:profile-prompt-user-profile-test-strategy:27ae69e1f0abb0ad7feeb352,Profile has test scores or explicit test plan,,
user_prompt,ready_for_in_app_admin_delivery,6a53d4fad2e59ce4a60c5ae2,profile-prompt-user-profile-test-strategy,profile,prompt-user,profile.test_strategy,critical,/profile?tab=scores,Set your test strategy,"Tell us whether you have scores, plan to test, or are applying test-optional.",Update scores,in_app_readiness_surface|dashboard,redis_notification_feed|remote_push|email,profile-readiness:profile-prompt-user-profile-test-strategy:6a53d4fad2e59ce4a60c5ae2,Profile has test scores or explicit test plan,,
user_prompt,ready_for_in_app_admin_delivery,7a29e78a2be76e25d6e24374,school-list-prompt-user-school-list-add-first,school_list,prompt-user,school_list.add_first,critical,/schools,Add your first target school,"A school list unlocks school-specific readiness, deadlines, predictions, and essays.",Add schools,in_app_readiness_surface|dashboard,redis_notification_feed|remote_push|email,profile-readiness:school-list-prompt-user-school-list-add-first:7a29e78a2be76e25d6e24374,SchoolListItem count > 0,,
user_prompt,ready_for_in_app_admin_delivery,a76676d472710aa2483a96c4,school-list-prompt-user-school-list-add-first,school_list,prompt-user,school_list.add_first,critical,/schools,Add your first target school,"A school list unlocks school-specific readiness, deadlines, predictions, and essays.",Add schools,in_app_readiness_surface|dashboard,redis_notification_feed|remote_push|email,profile-readiness:school-list-prompt-user-school-list-add-first:a76676d472710aa2483a96c4,SchoolListItem count > 0,,
user_prompt,ready_for_in_app_admin_delivery,8b6443ed32abc9d51922f7b4,school-list-prompt-user-school-list-add-first,school_list,prompt-user,school_list.add_first,critical,/schools,Add your first target school,"A school list unlocks school-specific readiness, deadlines, predictions, and essays.",Add schools,in_app_readiness_surface|dashboard,redis_notification_feed|remote_push|email,profile-readiness:school-list-prompt-user-school-list-add-first:8b6443ed32abc9d51922f7b4,SchoolListItem count > 0,,
user_prompt,ready_for_in_app_admin_delivery,ffddc1934c2544d68ce63314,school-list-prompt-user-school-list-add-first,school_list,prompt-user,school_list.add_first,critical,/schools,Add your first target school,"A school list unlocks school-specific readiness, deadlines, predictions, and essays.",Add schools,in_app_readiness_surface|dashboard,redis_notification_feed|remote_push|email,profile-readiness:school-list-prompt-user-school-list-add-first:ffddc1934c2544d68ce63314,SchoolListItem count > 0,,
user_prompt,ready_for_in_app_admin_delivery,b9967b9b5171217045f25da8,school-list-prompt-user-school-list-add-first,school_list,prompt-user,school_list.add_first,critical,/schools,Add your first target school,"A school list unlocks school-specific readiness, deadlines, predictions, and essays.",Add schools,in_app_readiness_surface|dashboard,redis_notification_feed|remote_push|email,profile-readiness:school-list-prompt-user-school-list-add-first:b9967b9b5171217045f25da8,SchoolListItem count > 0,,
user_prompt,ready_for_in_app_admin_delivery,f1365adaa12cdb38d8e7055e,school-list-prompt-user-school-list-add-first,school_list,prompt-user,school_list.add_first,critical,/schools,Add your first target school,"A school list unlocks school-specific readiness, deadlines, predictions, and essays.",Add schools,in_app_readiness_surface|dashboard,redis_notification_feed|remote_push|email,profile-readiness:school-list-prompt-user-school-list-add-first:f1365adaa12cdb38d8e7055e,SchoolListItem count > 0,,
user_prompt,ready_for_in_app_admin_delivery,be27f8a18041d6d00d7af95b,school-list-prompt-user-school-list-add-first,school_list,prompt-user,school_list.add_first,critical,/schools,Add your first target school,"A school list unlocks school-specific readiness, deadlines, predictions, and essays.",Add schools,in_app_readiness_surface|dashboard,redis_notification_feed|remote_push|email,profile-readiness:school-list-prompt-user-school-list-add-first:be27f8a18041d6d00d7af95b,SchoolListItem count > 0,,
user_prompt,ready_for_in_app_admin_delivery,fbebd41cf5af26d73edb886c,school-list-prompt-user-school-list-add-first,school_list,prompt-user,school_list.add_first,critical,/schools,Add your first target school,"A school list unlocks school-specific readiness, deadlines, predictions, and essays.",Add schools,in_app_readiness_surface|dashboard,redis_notification_feed|remote_push|email,profile-readiness:school-list-prompt-user-school-list-add-first:fbebd41cf5af26d73edb886c,SchoolListItem count > 0,,
user_prompt,ready_for_in_app_admin_delivery,819e264db561cad594fc3424,school-list-prompt-user-school-list-add-first,school_list,prompt-user,school_list.add_first,critical,/schools,Add your first target school,"A school list unlocks school-specific readiness, deadlines, predictions, and essays.",Add schools,in_app_readiness_surface|dashboard,redis_notification_feed|remote_push|email,profile-readiness:school-list-prompt-user-school-list-add-first:819e264db561cad594fc3424,SchoolListItem count > 0,,
user_prompt,ready_for_in_app_admin_delivery,0894db086e3f4b4fc895f73a,school-list-prompt-user-school-list-add-first,school_list,prompt-user,school_list.add_first,critical,/schools,Add your first target school,"A school list unlocks school-specific readiness, deadlines, predictions, and essays.",Add schools,in_app_readiness_surface|dashboard,redis_notification_feed|remote_push|email,profile-readiness:school-list-prompt-user-school-list-add-first:0894db086e3f4b4fc895f73a,SchoolListItem count > 0,,
user_prompt,ready_for_in_app_admin_delivery,ffd3d30f800c70b4474e17f0,school-list-prompt-user-school-list-add-first,school_list,prompt-user,school_list.add_first,critical,/schools,Add your first target school,"A school list unlocks school-specific readiness, deadlines, predictions, and essays.",Add schools,in_app_readiness_surface|dashboard,redis_notification_feed|remote_push|email,profile-readiness:school-list-prompt-user-school-list-add-first:ffd3d30f800c70b4474e17f0,SchoolListItem count > 0,,
user_prompt,ready_for_in_app_admin_delivery,ab643620cb4c3d701bd65b74,school-list-prompt-user-school-list-add-first,school_list,prompt-user,school_list.add_first,critical,/schools,Add your first target school,"A school list unlocks school-specific readiness, deadlines, predictions, and essays.",Add schools,in_app_readiness_surface|dashboard,redis_notification_feed|remote_push|email,profile-readiness:school-list-prompt-user-school-list-add-first:ab643620cb4c3d701bd65b74,SchoolListItem count > 0,,
user_prompt,ready_for_in_app_admin_delivery,c99677ed495aaf074082582c,school-list-prompt-user-school-list-add-first,school_list,prompt-user,school_list.add_first,critical,/schools,Add your first target school,"A school list unlocks school-specific readiness, deadlines, predictions, and essays.",Add schools,in_app_readiness_surface|dashboard,redis_notification_feed|remote_push|email,profile-readiness:school-list-prompt-user-school-list-add-first:c99677ed495aaf074082582c,SchoolListItem count > 0,,
user_prompt,ready_for_in_app_admin_delivery,8758f245bb5b0e6bffd40998,school-list-prompt-user-school-list-add-first,school_list,prompt-user,school_list.add_first,critical,/schools,Add your first target school,"A school list unlocks school-specific readiness, deadlines, predictions, and essays.",Add schools,in_app_readiness_surface|dashboard,redis_notification_feed|remote_push|email,profile-readiness:school-list-prompt-user-school-list-add-first:8758f245bb5b0e6bffd40998,SchoolListItem count > 0,,
user_prompt,ready_for_in_app_admin_delivery,742e79987159c980e75b20c7,school-list-prompt-user-school-list-add-first,school_list,prompt-user,school_list.add_first,critical,/schools,Add your first target school,"A school list unlocks school-specific readiness, deadlines, predictions, and essays.",Add schools,in_app_readiness_surface|dashboard,redis_notification_feed|remote_push|email,profile-readiness:school-list-prompt-user-school-list-add-first:742e79987159c980e75b20c7,SchoolListItem count > 0,,
user_prompt,ready_for_in_app_admin_delivery,8af993107f24d792723e4fc1,school-list-prompt-user-school-list-add-first,school_list,prompt-user,school_list.add_first,critical,/schools,Add your first target school,"A school list unlocks school-specific readiness, deadlines, predictions, and essays.",Add schools,in_app_readiness_surface|dashboard,redis_notification_feed|remote_push|email,profile-readiness:school-list-prompt-user-school-list-add-first:8af993107f24d792723e4fc1,SchoolListItem count > 0,,
user_prompt,ready_for_in_app_admin_delivery,023ef579e34956e6a8f61adb,school-list-prompt-user-school-list-add-first,school_list,prompt-user,school_list.add_first,critical,/schools,Add your first target school,"A school list unlocks school-specific readiness, deadlines, predictions, and essays.",Add schools,in_app_readiness_surface|dashboard,redis_notification_feed|remote_push|email,profile-readiness:school-list-prompt-user-school-list-add-first:023ef579e34956e6a8f61adb,SchoolListItem count > 0,,
user_prompt,ready_for_in_app_admin_delivery,d74687608cda95b086d53cdc,school-list-prompt-user-school-list-add-first,school_list,prompt-user,school_list.add_first,critical,/schools,Add your first target school,"A school list unlocks school-specific readiness, deadlines, predictions, and essays.",Add schools,in_app_readiness_surface|dashboard,redis_notification_feed|remote_push|email,profile-readiness:school-list-prompt-user-school-list-add-first:d74687608cda95b086d53cdc,SchoolListItem count > 0,,
user_prompt,ready_for_in_app_admin_delivery,138284095a25d1fae7337a3c,school-list-prompt-user-school-list-add-first,school_list,prompt-user,school_list.add_first,critical,/schools,Add your first target school,"A school list unlocks school-specific readiness, deadlines, predictions, and essays.",Add schools,in_app_readiness_surface|dashboard,redis_notification_feed|remote_push|email,profile-readiness:school-list-prompt-user-school-list-add-first:138284095a25d1fae7337a3c,SchoolListItem count > 0,,
user_prompt,ready_for_in_app_admin_delivery,5de082603a9960cfa8117421,school-list-prompt-user-school-list-add-first,school_list,prompt-user,school_list.add_first,critical,/schools,Add your first target school,"A school list unlocks school-specific readiness, deadlines, predictions, and essays.",Add schools,in_app_readiness_surface|dashboard,redis_notification_feed|remote_push|email,profile-readiness:school-list-prompt-user-school-list-add-first:5de082603a9960cfa8117421,SchoolListItem count > 0,,
user_prompt,ready_for_in_app_admin_delivery,06cab65bad990f73a0e2013e,school-list-prompt-user-school-list-add-first,school_list,prompt-user,school_list.add_first,critical,/schools,Add your first target school,"A school list unlocks school-specific readiness, deadlines, predictions, and essays.",Add schools,in_app_readiness_surface|dashboard,redis_notification_feed|remote_push|email,profile-readiness:school-list-prompt-user-school-list-add-first:06cab65bad990f73a0e2013e,SchoolListItem count > 0,,
user_prompt,ready_for_in_app_admin_delivery,0bbf03a984664dce330f7155,school-list-prompt-user-school-list-add-first,school_list,prompt-user,school_list.add_first,critical,/schools,Add your first target school,"A school list unlocks school-specific readiness, deadlines, predictions, and essays.",Add schools,in_app_readiness_surface|dashboard,redis_notification_feed|remote_push|email,profile-readiness:school-list-prompt-user-school-list-add-first:0bbf03a984664dce330f7155,SchoolListItem count > 0,,
user_prompt,ready_for_in_app_admin_delivery,0eb09c84fa76d4593c74706c,school-list-prompt-user-school-list-add-first,school_list,prompt-user,school_list.add_first,critical,/schools,Add your first target school,"A school list unlocks school-specific readiness, deadlines, predictions, and essays.",Add schools,in_app_readiness_surface|dashboard,redis_notification_feed|remote_push|email,profile-readiness:school-list-prompt-user-school-list-add-first:0eb09c84fa76d4593c74706c,SchoolListItem count > 0,,
user_prompt,ready_for_in_app_admin_delivery,122faf6ff8256a49bad4e360,school-list-prompt-user-school-list-add-first,school_list,prompt-user,school_list.add_first,critical,/schools,Add your first target school,"A school list unlocks school-specific readiness, deadlines, predictions, and essays.",Add schools,in_app_readiness_surface|dashboard,redis_notification_feed|remote_push|email,profile-readiness:school-list-prompt-user-school-list-add-first:122faf6ff8256a49bad4e360,SchoolListItem count > 0,,
user_prompt,ready_for_in_app_admin_delivery,3ad283595e8c8fc0b173911f,school-list-prompt-user-school-list-add-first,school_list,prompt-user,school_list.add_first,critical,/schools,Add your first target school,"A school list unlocks school-specific readiness, deadlines, predictions, and essays.",Add schools,in_app_readiness_surface|dashboard,redis_notification_feed|remote_push|email,profile-readiness:school-list-prompt-user-school-list-add-first:3ad283595e8c8fc0b173911f,SchoolListItem count > 0,,
user_prompt,ready_for_in_app_admin_delivery,e0e634d85a0cf22c31cc8a35,school-list-prompt-user-school-list-add-first,school_list,prompt-user,school_list.add_first,critical,/schools,Add your first target school,"A school list unlocks school-specific readiness, deadlines, predictions, and essays.",Add schools,in_app_readiness_surface|dashboard,redis_notification_feed|remote_push|email,profile-readiness:school-list-prompt-user-school-list-add-first:e0e634d85a0cf22c31cc8a35,SchoolListItem count > 0,,
user_prompt,ready_for_in_app_admin_delivery,832d3d67127cd463e2d158ef,school-list-prompt-user-school-list-add-first,school_list,prompt-user,school_list.add_first,critical,/schools,Add your first target school,"A school list unlocks school-specific readiness, deadlines, predictions, and essays.",Add schools,in_app_readiness_surface|dashboard,redis_notification_feed|remote_push|email,profile-readiness:school-list-prompt-user-school-list-add-first:832d3d67127cd463e2d158ef,SchoolListItem count > 0,,
user_prompt,ready_for_in_app_admin_delivery,cf27088d6e9f6b8654edfc1b,school-list-prompt-user-school-list-add-first,school_list,prompt-user,school_list.add_first,critical,/schools,Add your first target school,"A school list unlocks school-specific readiness, deadlines, predictions, and essays.",Add schools,in_app_readiness_surface|dashboard,redis_notification_feed|remote_push|email,profile-readiness:school-list-prompt-user-school-list-add-first:cf27088d6e9f6b8654edfc1b,SchoolListItem count > 0,,
user_prompt,ready_for_in_app_admin_delivery,66a64079cf88a7d41a17d7d0,school-list-prompt-user-school-list-add-first,school_list,prompt-user,school_list.add_first,critical,/schools,Add your first target school,"A school list unlocks school-specific readiness, deadlines, predictions, and essays.",Add schools,in_app_readiness_surface|dashboard,redis_notification_feed|remote_push|email,profile-readiness:school-list-prompt-user-school-list-add-first:66a64079cf88a7d41a17d7d0,SchoolListItem count > 0,,
user_prompt,ready_for_in_app_admin_delivery,11eddca546f63d3d58c39515,school-list-prompt-user-school-list-add-first,school_list,prompt-user,school_list.add_first,critical,/schools,Add your first target school,"A school list unlocks school-specific readiness, deadlines, predictions, and essays.",Add schools,in_app_readiness_surface|dashboard,redis_notification_feed|remote_push|email,profile-readiness:school-list-prompt-user-school-list-add-first:11eddca546f63d3d58c39515,SchoolListItem count > 0,,
user_prompt,ready_for_in_app_admin_delivery,fb3746bf1583a3a638ae650b,school-list-prompt-user-school-list-add-first,school_list,prompt-user,school_list.add_first,critical,/schools,Add your first target school,"A school list unlocks school-specific readiness, deadlines, predictions, and essays.",Add schools,in_app_readiness_surface|dashboard,redis_notification_feed|remote_push|email,profile-readiness:school-list-prompt-user-school-list-add-first:fb3746bf1583a3a638ae650b,SchoolListItem count > 0,,
user_prompt,ready_for_in_app_admin_delivery,e77a4fa0fcedef43de0cb4bb,school-list-prompt-user-school-list-add-first,school_list,prompt-user,school_list.add_first,critical,/schools,Add your first target school,"A school list unlocks school-specific readiness, deadlines, predictions, and essays.",Add schools,in_app_readiness_surface|dashboard,redis_notification_feed|remote_push|email,profile-readiness:school-list-prompt-user-school-list-add-first:e77a4fa0fcedef43de0cb4bb,SchoolListItem count > 0,,
user_prompt,ready_for_in_app_admin_delivery,10238acf3b2e2675d06ce76c,school-list-prompt-user-school-list-add-first,school_list,prompt-user,school_list.add_first,critical,/schools,Add your first target school,"A school list unlocks school-specific readiness, deadlines, predictions, and essays.",Add schools,in_app_readiness_surface|dashboard,redis_notification_feed|remote_push|email,profile-readiness:school-list-prompt-user-school-list-add-first:10238acf3b2e2675d06ce76c,SchoolListItem count > 0,,
user_prompt,ready_for_in_app_admin_delivery,7819fedbfc32d7ad6de164f3,school-list-prompt-user-school-list-add-first,school_list,prompt-user,school_list.add_first,critical,/schools,Add your first target school,"A school list unlocks school-specific readiness, deadlines, predictions, and essays.",Add schools,in_app_readiness_surface|dashboard,redis_notification_feed|remote_push|email,profile-readiness:school-list-prompt-user-school-list-add-first:7819fedbfc32d7ad6de164f3,SchoolListItem count > 0,,
user_prompt,ready_for_in_app_admin_delivery,4a947b901c3d9b7ce0481cf2,school-list-prompt-user-school-list-add-first,school_list,prompt-user,school_list.add_first,critical,/schools,Add your first target school,"A school list unlocks school-specific readiness, deadlines, predictions, and essays.",Add schools,in_app_readiness_surface|dashboard,redis_notification_feed|remote_push|email,profile-readiness:school-list-prompt-user-school-list-add-first:4a947b901c3d9b7ce0481cf2,SchoolListItem count > 0,,
user_prompt,ready_for_in_app_admin_delivery,977aba20a74e363bcb348888,school-list-prompt-user-school-list-add-first,school_list,prompt-user,school_list.add_first,critical,/schools,Add your first target school,"A school list unlocks school-specific readiness, deadlines, predictions, and essays.",Add schools,in_app_readiness_surface|dashboard,redis_notification_feed|remote_push|email,profile-readiness:school-list-prompt-user-school-list-add-first:977aba20a74e363bcb348888,SchoolListItem count > 0,,
user_prompt,ready_for_in_app_admin_delivery,bdfbfe398683d67d68f39557,school-list-prompt-user-school-list-add-first,school_list,prompt-user,school_list.add_first,critical,/schools,Add your first target school,"A school list unlocks school-specific readiness, deadlines, predictions, and essays.",Add schools,in_app_readiness_surface|dashboard,redis_notification_feed|remote_push|email,profile-readiness:school-list-prompt-user-school-list-add-first:bdfbfe398683d67d68f39557,SchoolListItem count > 0,,
user_prompt,ready_for_in_app_admin_delivery,3f980c4c6e95243d6daa6974,school-list-prompt-user-school-list-add-first,school_list,prompt-user,school_list.add_first,critical,/schools,Add your first target school,"A school list unlocks school-specific readiness, deadlines, predictions, and essays.",Add schools,in_app_readiness_surface|dashboard,redis_notification_feed|remote_push|email,profile-readiness:school-list-prompt-user-school-list-add-first:3f980c4c6e95243d6daa6974,SchoolListItem count > 0,,
user_prompt,ready_for_in_app_admin_delivery,95337d5e96446798743732c1,school-list-prompt-user-school-list-add-first,school_list,prompt-user,school_list.add_first,critical,/schools,Add your first target school,"A school list unlocks school-specific readiness, deadlines, predictions, and essays.",Add schools,in_app_readiness_surface|dashboard,redis_notification_feed|remote_push|email,profile-readiness:school-list-prompt-user-school-list-add-first:95337d5e96446798743732c1,SchoolListItem count > 0,,
user_prompt,ready_for_in_app_admin_delivery,c1950cf2ac294babc3aadf4e,school-list-prompt-user-school-list-add-first,school_list,prompt-user,school_list.add_first,critical,/schools,Add your first target school,"A school list unlocks school-specific readiness, deadlines, predictions, and essays.",Add schools,in_app_readiness_surface|dashboard,redis_notification_feed|remote_push|email,profile-readiness:school-list-prompt-user-school-list-add-first:c1950cf2ac294babc3aadf4e,SchoolListItem count > 0,,
user_prompt,ready_for_in_app_admin_delivery,566af6ea3815e2e9d4ec7b10,school-list-prompt-user-school-list-add-first,school_list,prompt-user,school_list.add_first,critical,/schools,Add your first target school,"A school list unlocks school-specific readiness, deadlines, predictions, and essays.",Add schools,in_app_readiness_surface|dashboard,redis_notification_feed|remote_push|email,profile-readiness:school-list-prompt-user-school-list-add-first:566af6ea3815e2e9d4ec7b10,SchoolListItem count > 0,,
user_prompt,ready_for_in_app_admin_delivery,b49b375f2ecd18e1d3e2c548,school-list-prompt-user-school-list-add-first,school_list,prompt-user,school_list.add_first,critical,/schools,Add your first target school,"A school list unlocks school-specific readiness, deadlines, predictions, and essays.",Add schools,in_app_readiness_surface|dashboard,redis_notification_feed|remote_push|email,profile-readiness:school-list-prompt-user-school-list-add-first:b49b375f2ecd18e1d3e2c548,SchoolListItem count > 0,,
user_prompt,ready_for_in_app_admin_delivery,4cab3e79c7dd8e492a909e7f,school-list-prompt-user-school-list-add-first,school_list,prompt-user,school_list.add_first,critical,/schools,Add your first target school,"A school list unlocks school-specific readiness, deadlines, predictions, and essays.",Add schools,in_app_readiness_surface|dashboard,redis_notification_feed|remote_push|email,profile-readiness:school-list-prompt-user-school-list-add-first:4cab3e79c7dd8e492a909e7f,SchoolListItem count > 0,,
user_prompt,ready_for_in_app_admin_delivery,fae66721875e65f51507bf27,school-list-prompt-user-school-list-add-first,school_list,prompt-user,school_list.add_first,critical,/schools,Add your first target school,"A school list unlocks school-specific readiness, deadlines, predictions, and essays.",Add schools,in_app_readiness_surface|dashboard,redis_notification_feed|remote_push|email,profile-readiness:school-list-prompt-user-school-list-add-first:fae66721875e65f51507bf27,SchoolListItem count > 0,,
user_prompt,ready_for_in_app_admin_delivery,7c8c8ff6a81333ff3e9a04a6,school-list-prompt-user-school-list-add-first,school_list,prompt-user,school_list.add_first,critical,/schools,Add your first target school,"A school list unlocks school-specific readiness, deadlines, predictions, and essays.",Add schools,in_app_readiness_surface|dashboard,redis_notification_feed|remote_push|email,profile-readiness:school-list-prompt-user-school-list-add-first:7c8c8ff6a81333ff3e9a04a6,SchoolListItem count > 0,,
user_prompt,ready_for_in_app_admin_delivery,2317f70b9e80abca4ad0824d,school-list-prompt-user-school-list-add-first,school_list,prompt-user,school_list.add_first,critical,/schools,Add your first target school,"A school list unlocks school-specific readiness, deadlines, predictions, and essays.",Add schools,in_app_readiness_surface|dashboard,redis_notification_feed|remote_push|email,profile-readiness:school-list-prompt-user-school-list-add-first:2317f70b9e80abca4ad0824d,SchoolListItem count > 0,,
user_prompt,ready_for_in_app_admin_delivery,53abd2f8c90243ba345fa599,school-list-prompt-user-school-list-add-first,school_list,prompt-user,school_list.add_first,critical,/schools,Add your first target school,"A school list unlocks school-specific readiness, deadlines, predictions, and essays.",Add schools,in_app_readiness_surface|dashboard,redis_notification_feed|remote_push|email,profile-readiness:school-list-prompt-user-school-list-add-first:53abd2f8c90243ba345fa599,SchoolListItem count > 0,,
user_prompt,ready_for_in_app_admin_delivery,b4a7670b022c83cb17a856df,school-list-prompt-user-school-list-add-first,school_list,prompt-user,school_list.add_first,critical,/schools,Add your first target school,"A school list unlocks school-specific readiness, deadlines, predictions, and essays.",Add schools,in_app_readiness_surface|dashboard,redis_notification_feed|remote_push|email,profile-readiness:school-list-prompt-user-school-list-add-first:b4a7670b022c83cb17a856df,SchoolListItem count > 0,,
user_prompt,ready_for_in_app_admin_delivery,9814382a1d3be3e627c28c80,school-list-prompt-user-school-list-add-first,school_list,prompt-user,school_list.add_first,critical,/schools,Add your first target school,"A school list unlocks school-specific readiness, deadlines, predictions, and essays.",Add schools,in_app_readiness_surface|dashboard,redis_notification_feed|remote_push|email,profile-readiness:school-list-prompt-user-school-list-add-first:9814382a1d3be3e627c28c80,SchoolListItem count > 0,,
user_prompt,ready_for_in_app_admin_delivery,d4e514871d10cb9f36b65d29,school-list-prompt-user-school-list-add-first,school_list,prompt-user,school_list.add_first,critical,/schools,Add your first target school,"A school list unlocks school-specific readiness, deadlines, predictions, and essays.",Add schools,in_app_readiness_surface|dashboard,redis_notification_feed|remote_push|email,profile-readiness:school-list-prompt-user-school-list-add-first:d4e514871d10cb9f36b65d29,SchoolListItem count > 0,,
user_prompt,ready_for_in_app_admin_delivery,1d0c77f67037725ac9e941b2,school-list-prompt-user-school-list-add-first,school_list,prompt-user,school_list.add_first,critical,/schools,Add your first target school,"A school list unlocks school-specific readiness, deadlines, predictions, and essays.",Add schools,in_app_readiness_surface|dashboard,redis_notification_feed|remote_push|email,profile-readiness:school-list-prompt-user-school-list-add-first:1d0c77f67037725ac9e941b2,SchoolListItem count > 0,,
user_prompt,ready_for_in_app_admin_delivery,556224a224a1c7679127d097,school-list-prompt-user-school-list-add-first,school_list,prompt-user,school_list.add_first,critical,/schools,Add your first target school,"A school list unlocks school-specific readiness, deadlines, predictions, and essays.",Add schools,in_app_readiness_surface|dashboard,redis_notification_feed|remote_push|email,profile-readiness:school-list-prompt-user-school-list-add-first:556224a224a1c7679127d097,SchoolListItem count > 0,,
user_prompt,ready_for_in_app_admin_delivery,f371531d3d25666bda7eafeb,school-list-prompt-user-school-list-add-first,school_list,prompt-user,school_list.add_first,critical,/schools,Add your first target school,"A school list unlocks school-specific readiness, deadlines, predictions, and essays.",Add schools,in_app_readiness_surface|dashboard,redis_notification_feed|remote_push|email,profile-readiness:school-list-prompt-user-school-list-add-first:f371531d3d25666bda7eafeb,SchoolListItem count > 0,,
user_prompt,ready_for_in_app_admin_delivery,a2d3062f8e09c9cc2ddbd88d,school-list-prompt-user-school-list-add-first,school_list,prompt-user,school_list.add_first,critical,/schools,Add your first target school,"A school list unlocks school-specific readiness, deadlines, predictions, and essays.",Add schools,in_app_readiness_surface|dashboard,redis_notification_feed|remote_push|email,profile-readiness:school-list-prompt-user-school-list-add-first:a2d3062f8e09c9cc2ddbd88d,SchoolListItem count > 0,,
user_prompt,ready_for_in_app_admin_delivery,5424d5ace64e813a2f73dceb,school-list-prompt-user-school-list-add-first,school_list,prompt-user,school_list.add_first,critical,/schools,Add your first target school,"A school list unlocks school-specific readiness, deadlines, predictions, and essays.",Add schools,in_app_readiness_surface|dashboard,redis_notification_feed|remote_push|email,profile-readiness:school-list-prompt-user-school-list-add-first:5424d5ace64e813a2f73dceb,SchoolListItem count > 0,,
user_prompt,ready_for_in_app_admin_delivery,67db31e10f819cc055ebc5e6,school-list-prompt-user-school-list-add-first,school_list,prompt-user,school_list.add_first,critical,/schools,Add your first target school,"A school list unlocks school-specific readiness, deadlines, predictions, and essays.",Add schools,in_app_readiness_surface|dashboard,redis_notification_feed|remote_push|email,profile-readiness:school-list-prompt-user-school-list-add-first:67db31e10f819cc055ebc5e6,SchoolListItem count > 0,,
user_prompt,ready_for_in_app_admin_delivery,21453a247f2c36664ca1f4e7,school-list-prompt-user-school-list-add-first,school_list,prompt-user,school_list.add_first,critical,/schools,Add your first target school,"A school list unlocks school-specific readiness, deadlines, predictions, and essays.",Add schools,in_app_readiness_surface|dashboard,redis_notification_feed|remote_push|email,profile-readiness:school-list-prompt-user-school-list-add-first:21453a247f2c36664ca1f4e7,SchoolListItem count > 0,,
user_prompt,ready_for_in_app_admin_delivery,bc78a5a24d4822c1254deb2d,school-list-prompt-user-school-list-add-first,school_list,prompt-user,school_list.add_first,critical,/schools,Add your first target school,"A school list unlocks school-specific readiness, deadlines, predictions, and essays.",Add schools,in_app_readiness_surface|dashboard,redis_notification_feed|remote_push|email,profile-readiness:school-list-prompt-user-school-list-add-first:bc78a5a24d4822c1254deb2d,SchoolListItem count > 0,,
user_prompt,ready_for_in_app_admin_delivery,9d929fa72ae2cc1c5f3d8d82,school-list-prompt-user-school-list-add-first,school_list,prompt-user,school_list.add_first,critical,/schools,Add your first target school,"A school list unlocks school-specific readiness, deadlines, predictions, and essays.",Add schools,in_app_readiness_surface|dashboard,redis_notification_feed|remote_push|email,profile-readiness:school-list-prompt-user-school-list-add-first:9d929fa72ae2cc1c5f3d8d82,SchoolListItem count > 0,,
user_prompt,ready_for_in_app_admin_delivery,8c13a70fc5c14aacfa48572e,school-list-prompt-user-school-list-add-first,school_list,prompt-user,school_list.add_first,critical,/schools,Add your first target school,"A school list unlocks school-specific readiness, deadlines, predictions, and essays.",Add schools,in_app_readiness_surface|dashboard,redis_notification_feed|remote_push|email,profile-readiness:school-list-prompt-user-school-list-add-first:8c13a70fc5c14aacfa48572e,SchoolListItem count > 0,,
user_prompt,ready_for_in_app_admin_delivery,5e71abdcb6160d9592741988,school-list-prompt-user-school-list-add-first,school_list,prompt-user,school_list.add_first,critical,/schools,Add your first target school,"A school list unlocks school-specific readiness, deadlines, predictions, and essays.",Add schools,in_app_readiness_surface|dashboard,redis_notification_feed|remote_push|email,profile-readiness:school-list-prompt-user-school-list-add-first:5e71abdcb6160d9592741988,SchoolListItem count > 0,,
user_prompt,ready_for_in_app_admin_delivery,8d2ae0fbd6efab48cb0052c2,school-list-prompt-user-school-list-add-first,school_list,prompt-user,school_list.add_first,critical,/schools,Add your first target school,"A school list unlocks school-specific readiness, deadlines, predictions, and essays.",Add schools,in_app_readiness_surface|dashboard,redis_notification_feed|remote_push|email,profile-readiness:school-list-prompt-user-school-list-add-first:8d2ae0fbd6efab48cb0052c2,SchoolListItem count > 0,,
user_prompt,ready_for_in_app_admin_delivery,adb916c3e591190afd9b45f8,school-list-prompt-user-school-list-add-first,school_list,prompt-user,school_list.add_first,critical,/schools,Add your first target school,"A school list unlocks school-specific readiness, deadlines, predictions, and essays.",Add schools,in_app_readiness_surface|dashboard,redis_notification_feed|remote_push|email,profile-readiness:school-list-prompt-user-school-list-add-first:adb916c3e591190afd9b45f8,SchoolListItem count > 0,,
user_prompt,ready_for_in_app_admin_delivery,00c69013a76020fd12b4db56,school-list-prompt-user-school-list-add-first,school_list,prompt-user,school_list.add_first,critical,/schools,Add your first target school,"A school list unlocks school-specific readiness, deadlines, predictions, and essays.",Add schools,in_app_readiness_surface|dashboard,redis_notification_feed|remote_push|email,profile-readiness:school-list-prompt-user-school-list-add-first:00c69013a76020fd12b4db56,SchoolListItem count > 0,,
user_prompt,ready_for_in_app_admin_delivery,1fcb3fd1f8acdc0e2e312acc,school-list-prompt-user-school-list-add-first,school_list,prompt-user,school_list.add_first,critical,/schools,Add your first target school,"A school list unlocks school-specific readiness, deadlines, predictions, and essays.",Add schools,in_app_readiness_surface|dashboard,redis_notification_feed|remote_push|email,profile-readiness:school-list-prompt-user-school-list-add-first:1fcb3fd1f8acdc0e2e312acc,SchoolListItem count > 0,,
user_prompt,ready_for_in_app_admin_delivery,805c5da5dfebc142dddca509,school-list-prompt-user-school-list-add-first,school_list,prompt-user,school_list.add_first,critical,/schools,Add your first target school,"A school list unlocks school-specific readiness, deadlines, predictions, and essays.",Add schools,in_app_readiness_surface|dashboard,redis_notification_feed|remote_push|email,profile-readiness:school-list-prompt-user-school-list-add-first:805c5da5dfebc142dddca509,SchoolListItem count > 0,,
user_prompt,ready_for_in_app_admin_delivery,176643ab074df2c6330bdc05,school-list-prompt-user-school-list-add-first,school_list,prompt-user,school_list.add_first,critical,/schools,Add your first target school,"A school list unlocks school-specific readiness, deadlines, predictions, and essays.",Add schools,in_app_readiness_surface|dashboard,redis_notification_feed|remote_push|email,profile-readiness:school-list-prompt-user-school-list-add-first:176643ab074df2c6330bdc05,SchoolListItem count > 0,,
user_prompt,ready_for_in_app_admin_delivery,c33c10777a45726a21deed93,school-list-prompt-user-school-list-add-first,school_list,prompt-user,school_list.add_first,critical,/schools,Add your first target school,"A school list unlocks school-specific readiness, deadlines, predictions, and essays.",Add schools,in_app_readiness_surface|dashboard,redis_notification_feed|remote_push|email,profile-readiness:school-list-prompt-user-school-list-add-first:c33c10777a45726a21deed93,SchoolListItem count > 0,,
user_prompt,ready_for_in_app_admin_delivery,ee27103855fd947a0585e587,school-list-prompt-user-school-list-add-first,school_list,prompt-user,school_list.add_first,critical,/schools,Add your first target school,"A school list unlocks school-specific readiness, deadlines, predictions, and essays.",Add schools,in_app_readiness_surface|dashboard,redis_notification_feed|remote_push|email,profile-readiness:school-list-prompt-user-school-list-add-first:ee27103855fd947a0585e587,SchoolListItem count > 0,,
user_prompt,ready_for_in_app_admin_delivery,d0b967b32741d9ec6459f774,school-list-prompt-user-school-list-add-first,school_list,prompt-user,school_list.add_first,critical,/schools,Add your first target school,"A school list unlocks school-specific readiness, deadlines, predictions, and essays.",Add schools,in_app_readiness_surface|dashboard,redis_notification_feed|remote_push|email,profile-readiness:school-list-prompt-user-school-list-add-first:d0b967b32741d9ec6459f774,SchoolListItem count > 0,,
user_prompt,ready_for_in_app_admin_delivery,f0dca2416b19d212b3180e2a,school-list-prompt-user-school-list-add-first,school_list,prompt-user,school_list.add_first,critical,/schools,Add your first target school,"A school list unlocks school-specific readiness, deadlines, predictions, and essays.",Add schools,in_app_readiness_surface|dashboard,redis_notification_feed|remote_push|email,profile-readiness:school-list-prompt-user-school-list-add-first:f0dca2416b19d212b3180e2a,SchoolListItem count > 0,,
user_prompt,ready_for_in_app_admin_delivery,3d0f9da60e8980d06930b481,school-list-prompt-user-school-list-add-first,school_list,prompt-user,school_list.add_first,critical,/schools,Add your first target school,"A school list unlocks school-specific readiness, deadlines, predictions, and essays.",Add schools,in_app_readiness_surface|dashboard,redis_notification_feed|remote_push|email,profile-readiness:school-list-prompt-user-school-list-add-first:3d0f9da60e8980d06930b481,SchoolListItem count > 0,,
user_prompt,ready_for_in_app_admin_delivery,ca5eb63722908f440c293dc4,school-list-prompt-user-school-list-add-first,school_list,prompt-user,school_list.add_first,critical,/schools,Add your first target school,"A school list unlocks school-specific readiness, deadlines, predictions, and essays.",Add schools,in_app_readiness_surface|dashboard,redis_notification_feed|remote_push|email,profile-readiness:school-list-prompt-user-school-list-add-first:ca5eb63722908f440c293dc4,SchoolListItem count > 0,,
user_prompt,ready_for_in_app_admin_delivery,9f15e7b53f10db2c2e0f4099,school-list-prompt-user-school-list-add-first,school_list,prompt-user,school_list.add_first,critical,/schools,Add your first target school,"A school list unlocks school-specific readiness, deadlines, predictions, and essays.",Add schools,in_app_readiness_surface|dashboard,redis_notification_feed|remote_push|email,profile-readiness:school-list-prompt-user-school-list-add-first:9f15e7b53f10db2c2e0f4099,SchoolListItem count > 0,,
user_prompt,ready_for_in_app_admin_delivery,33c78f08811b5c66f475a7f1,school-list-prompt-user-school-list-add-first,school_list,prompt-user,school_list.add_first,critical,/schools,Add your first target school,"A school list unlocks school-specific readiness, deadlines, predictions, and essays.",Add schools,in_app_readiness_surface|dashboard,redis_notification_feed|remote_push|email,profile-readiness:school-list-prompt-user-school-list-add-first:33c78f08811b5c66f475a7f1,SchoolListItem count > 0,,
user_prompt,ready_for_in_app_admin_delivery,cd0e333cdda02719666fbe49,school-list-prompt-user-school-list-add-first,school_list,prompt-user,school_list.add_first,critical,/schools,Add your first target school,"A school list unlocks school-specific readiness, deadlines, predictions, and essays.",Add schools,in_app_readiness_surface|dashboard,redis_notification_feed|remote_push|email,profile-readiness:school-list-prompt-user-school-list-add-first:cd0e333cdda02719666fbe49,SchoolListItem count > 0,,
user_prompt,ready_for_in_app_admin_delivery,980eac363cffa8fdead3089a,school-list-prompt-user-school-list-add-first,school_list,prompt-user,school_list.add_first,critical,/schools,Add your first target school,"A school list unlocks school-specific readiness, deadlines, predictions, and essays.",Add schools,in_app_readiness_surface|dashboard,redis_notification_feed|remote_push|email,profile-readiness:school-list-prompt-user-school-list-add-first:980eac363cffa8fdead3089a,SchoolListItem count > 0,,
user_prompt,ready_for_in_app_admin_delivery,4dff462899d7fb76f8396bdd,school-list-prompt-user-school-list-add-first,school_list,prompt-user,school_list.add_first,critical,/schools,Add your first target school,"A school list unlocks school-specific readiness, deadlines, predictions, and essays.",Add schools,in_app_readiness_surface|dashboard,redis_notification_feed|remote_push|email,profile-readiness:school-list-prompt-user-school-list-add-first:4dff462899d7fb76f8396bdd,SchoolListItem count > 0,,
user_prompt,ready_for_in_app_admin_delivery,95516cf74b0d570a8bd7faf3,school-list-prompt-user-school-list-add-first,school_list,prompt-user,school_list.add_first,critical,/schools,Add your first target school,"A school list unlocks school-specific readiness, deadlines, predictions, and essays.",Add schools,in_app_readiness_surface|dashboard,redis_notification_feed|remote_push|email,profile-readiness:school-list-prompt-user-school-list-add-first:95516cf74b0d570a8bd7faf3,SchoolListItem count > 0,,
user_prompt,ready_for_in_app_admin_delivery,b8c3f50120c9a5d54a39ddb5,school-list-prompt-user-school-list-add-first,school_list,prompt-user,school_list.add_first,critical,/schools,Add your first target school,"A school list unlocks school-specific readiness, deadlines, predictions, and essays.",Add schools,in_app_readiness_surface|dashboard,redis_notification_feed|remote_push|email,profile-readiness:school-list-prompt-user-school-list-add-first:b8c3f50120c9a5d54a39ddb5,SchoolListItem count > 0,,
user_prompt,ready_for_in_app_admin_delivery,e6ac6819060422a01033b7c2,school-list-prompt-user-school-list-add-first,school_list,prompt-user,school_list.add_first,critical,/schools,Add your first target school,"A school list unlocks school-specific readiness, deadlines, predictions, and essays.",Add schools,in_app_readiness_surface|dashboard,redis_notification_feed|remote_push|email,profile-readiness:school-list-prompt-user-school-list-add-first:e6ac6819060422a01033b7c2,SchoolListItem count > 0,,
user_prompt,ready_for_in_app_admin_delivery,0487162eb16fe3731a2dcd5f,school-list-prompt-user-school-list-add-first,school_list,prompt-user,school_list.add_first,critical,/schools,Add your first target school,"A school list unlocks school-specific readiness, deadlines, predictions, and essays.",Add schools,in_app_readiness_surface|dashboard,redis_notification_feed|remote_push|email,profile-readiness:school-list-prompt-user-school-list-add-first:0487162eb16fe3731a2dcd5f,SchoolListItem count > 0,,
user_prompt,ready_for_in_app_admin_delivery,625571854e8fb624c0e36346,school-list-prompt-user-school-list-add-first,school_list,prompt-user,school_list.add_first,critical,/schools,Add your first target school,"A school list unlocks school-specific readiness, deadlines, predictions, and essays.",Add schools,in_app_readiness_surface|dashboard,redis_notification_feed|remote_push|email,profile-readiness:school-list-prompt-user-school-list-add-first:625571854e8fb624c0e36346,SchoolListItem count > 0,,
user_prompt,ready_for_in_app_admin_delivery,8f44cd19e12bead2f651a52f,school-list-prompt-user-school-list-add-first,school_list,prompt-user,school_list.add_first,critical,/schools,Add your first target school,"A school list unlocks school-specific readiness, deadlines, predictions, and essays.",Add schools,in_app_readiness_surface|dashboard,redis_notification_feed|remote_push|email,profile-readiness:school-list-prompt-user-school-list-add-first:8f44cd19e12bead2f651a52f,SchoolListItem count > 0,,
user_prompt,ready_for_in_app_admin_delivery,12d9095e28814d34280ce5f8,school-list-prompt-user-school-list-add-first,school_list,prompt-user,school_list.add_first,critical,/schools,Add your first target school,"A school list unlocks school-specific readiness, deadlines, predictions, and essays.",Add schools,in_app_readiness_surface|dashboard,redis_notification_feed|remote_push|email,profile-readiness:school-list-prompt-user-school-list-add-first:12d9095e28814d34280ce5f8,SchoolListItem count > 0,,
user_prompt,ready_for_in_app_admin_delivery,512557be39aeec8a261e16f5,school-list-prompt-user-school-list-add-first,school_list,prompt-user,school_list.add_first,critical,/schools,Add your first target school,"A school list unlocks school-specific readiness, deadlines, predictions, and essays.",Add schools,in_app_readiness_surface|dashboard,redis_notification_feed|remote_push|email,profile-readiness:school-list-prompt-user-school-list-add-first:512557be39aeec8a261e16f5,SchoolListItem count > 0,,
user_prompt,ready_for_in_app_admin_delivery,8a9894f022079555414c8aeb,school-list-prompt-user-school-list-add-first,school_list,prompt-user,school_list.add_first,critical,/schools,Add your first target school,"A school list unlocks school-specific readiness, deadlines, predictions, and essays.",Add schools,in_app_readiness_surface|dashboard,redis_notification_feed|remote_push|email,profile-readiness:school-list-prompt-user-school-list-add-first:8a9894f022079555414c8aeb,SchoolListItem count > 0,,
user_prompt,ready_for_in_app_admin_delivery,6174b3d014f4f619a3ff6b72,school-list-prompt-user-school-list-add-first,school_list,prompt-user,school_list.add_first,critical,/schools,Add your first target school,"A school list unlocks school-specific readiness, deadlines, predictions, and essays.",Add schools,in_app_readiness_surface|dashboard,redis_notification_feed|remote_push|email,profile-readiness:school-list-prompt-user-school-list-add-first:6174b3d014f4f619a3ff6b72,SchoolListItem count > 0,,
user_prompt,ready_for_in_app_admin_delivery,ef468fe3f9990bb15e47ad28,school-list-prompt-user-school-list-add-first,school_list,prompt-user,school_list.add_first,critical,/schools,Add your first target school,"A school list unlocks school-specific readiness, deadlines, predictions, and essays.",Add schools,in_app_readiness_surface|dashboard,redis_notification_feed|remote_push|email,profile-readiness:school-list-prompt-user-school-list-add-first:ef468fe3f9990bb15e47ad28,SchoolListItem count > 0,,
user_prompt,ready_for_in_app_admin_delivery,120e94098a641151055e7401,school-list-prompt-user-school-list-add-first,school_list,prompt-user,school_list.add_first,critical,/schools,Add your first target school,"A school list unlocks school-specific readiness, deadlines, predictions, and essays.",Add schools,in_app_readiness_surface|dashboard,redis_notification_feed|remote_push|email,profile-readiness:school-list-prompt-user-school-list-add-first:120e94098a641151055e7401,SchoolListItem count > 0,,
user_prompt,ready_for_in_app_admin_delivery,d9259906488359e282745726,school-list-prompt-user-school-list-add-first,school_list,prompt-user,school_list.add_first,critical,/schools,Add your first target school,"A school list unlocks school-specific readiness, deadlines, predictions, and essays.",Add schools,in_app_readiness_surface|dashboard,redis_notification_feed|remote_push|email,profile-readiness:school-list-prompt-user-school-list-add-first:d9259906488359e282745726,SchoolListItem count > 0,,
user_prompt,ready_for_in_app_admin_delivery,beeae0f88a46824bd6e36f90,school-list-prompt-user-school-list-add-first,school_list,prompt-user,school_list.add_first,critical,/schools,Add your first target school,"A school list unlocks school-specific readiness, deadlines, predictions, and essays.",Add schools,in_app_readiness_surface|dashboard,redis_notification_feed|remote_push|email,profile-readiness:school-list-prompt-user-school-list-add-first:beeae0f88a46824bd6e36f90,SchoolListItem count > 0,,
user_prompt,ready_for_in_app_admin_delivery,962fe005af82e4f313bedb2d,school-list-prompt-user-school-list-add-first,school_list,prompt-user,school_list.add_first,critical,/schools,Add your first target school,"A school list unlocks school-specific readiness, deadlines, predictions, and essays.",Add schools,in_app_readiness_surface|dashboard,redis_notification_feed|remote_push|email,profile-readiness:school-list-prompt-user-school-list-add-first:962fe005af82e4f313bedb2d,SchoolListItem count > 0,,
user_prompt,ready_for_in_app_admin_delivery,e2d4f5f8fc21d9e4dd7d2df2,school-list-prompt-user-school-list-add-first,school_list,prompt-user,school_list.add_first,critical,/schools,Add your first target school,"A school list unlocks school-specific readiness, deadlines, predictions, and essays.",Add schools,in_app_readiness_surface|dashboard,redis_notification_feed|remote_push|email,profile-readiness:school-list-prompt-user-school-list-add-first:e2d4f5f8fc21d9e4dd7d2df2,SchoolListItem count > 0,,
user_prompt,ready_for_in_app_admin_delivery,dcade48028aa7004b2e2b982,school-list-prompt-user-school-list-add-first,school_list,prompt-user,school_list.add_first,critical,/schools,Add your first target school,"A school list unlocks school-specific readiness, deadlines, predictions, and essays.",Add schools,in_app_readiness_surface|dashboard,redis_notification_feed|remote_push|email,profile-readiness:school-list-prompt-user-school-list-add-first:dcade48028aa7004b2e2b982,SchoolListItem count > 0,,
user_prompt,ready_for_in_app_admin_delivery,da83d1a201eb1e0112b7eec4,school-list-prompt-user-school-list-add-first,school_list,prompt-user,school_list.add_first,critical,/schools,Add your first target school,"A school list unlocks school-specific readiness, deadlines, predictions, and essays.",Add schools,in_app_readiness_surface|dashboard,redis_notification_feed|remote_push|email,profile-readiness:school-list-prompt-user-school-list-add-first:da83d1a201eb1e0112b7eec4,SchoolListItem count > 0,,
user_prompt,ready_for_in_app_admin_delivery,0f06d8ca1b23d3a1dc68a6eb,school-list-prompt-user-school-list-add-first,school_list,prompt-user,school_list.add_first,critical,/schools,Add your first target school,"A school list unlocks school-specific readiness, deadlines, predictions, and essays.",Add schools,in_app_readiness_surface|dashboard,redis_notification_feed|remote_push|email,profile-readiness:school-list-prompt-user-school-list-add-first:0f06d8ca1b23d3a1dc68a6eb,SchoolListItem count > 0,,
user_prompt,ready_for_in_app_admin_delivery,473c4613d839068ba7855d82,school-list-prompt-user-school-list-add-first,school_list,prompt-user,school_list.add_first,critical,/schools,Add your first target school,"A school list unlocks school-specific readiness, deadlines, predictions, and essays.",Add schools,in_app_readiness_surface|dashboard,redis_notification_feed|remote_push|email,profile-readiness:school-list-prompt-user-school-list-add-first:473c4613d839068ba7855d82,SchoolListItem count > 0,,
user_prompt,ready_for_in_app_admin_delivery,30644d4d38a7469292f1c5ee,school-list-prompt-user-school-list-add-first,school_list,prompt-user,school_list.add_first,critical,/schools,Add your first target school,"A school list unlocks school-specific readiness, deadlines, predictions, and essays.",Add schools,in_app_readiness_surface|dashboard,redis_notification_feed|remote_push|email,profile-readiness:school-list-prompt-user-school-list-add-first:30644d4d38a7469292f1c5ee,SchoolListItem count > 0,,
user_prompt,ready_for_in_app_admin_delivery,0defed87eef77bb11270748d,school-list-prompt-user-school-list-add-first,school_list,prompt-user,school_list.add_first,critical,/schools,Add your first target school,"A school list unlocks school-specific readiness, deadlines, predictions, and essays.",Add schools,in_app_readiness_surface|dashboard,redis_notification_feed|remote_push|email,profile-readiness:school-list-prompt-user-school-list-add-first:0defed87eef77bb11270748d,SchoolListItem count > 0,,
user_prompt,ready_for_in_app_admin_delivery,cc241cedf886e14bf508182b,school-list-prompt-user-school-list-add-first,school_list,prompt-user,school_list.add_first,critical,/schools,Add your first target school,"A school list unlocks school-specific readiness, deadlines, predictions, and essays.",Add schools,in_app_readiness_surface|dashboard,redis_notification_feed|remote_push|email,profile-readiness:school-list-prompt-user-school-list-add-first:cc241cedf886e14bf508182b,SchoolListItem count > 0,,
user_prompt,ready_for_in_app_admin_delivery,85490fb37f0bdf02f563ea85,school-list-prompt-user-school-list-add-first,school_list,prompt-user,school_list.add_first,critical,/schools,Add your first target school,"A school list unlocks school-specific readiness, deadlines, predictions, and essays.",Add schools,in_app_readiness_surface|dashboard,redis_notification_feed|remote_push|email,profile-readiness:school-list-prompt-user-school-list-add-first:85490fb37f0bdf02f563ea85,SchoolListItem count > 0,,
user_prompt,ready_for_in_app_admin_delivery,6e2f97d15c122bdca8b5f6e9,school-list-prompt-user-school-list-add-first,school_list,prompt-user,school_list.add_first,critical,/schools,Add your first target school,"A school list unlocks school-specific readiness, deadlines, predictions, and essays.",Add schools,in_app_readiness_surface|dashboard,redis_notification_feed|remote_push|email,profile-readiness:school-list-prompt-user-school-list-add-first:6e2f97d15c122bdca8b5f6e9,SchoolListItem count > 0,,
user_prompt,ready_for_in_app_admin_delivery,12c0646647db687d1a65aed0,school-list-prompt-user-school-list-add-first,school_list,prompt-user,school_list.add_first,critical,/schools,Add your first target school,"A school list unlocks school-specific readiness, deadlines, predictions, and essays.",Add schools,in_app_readiness_surface|dashboard,redis_notification_feed|remote_push|email,profile-readiness:school-list-prompt-user-school-list-add-first:12c0646647db687d1a65aed0,SchoolListItem count > 0,,
user_prompt,ready_for_in_app_admin_delivery,beeb858786a6a35924e90fa8,school-list-prompt-user-school-list-add-first,school_list,prompt-user,school_list.add_first,critical,/schools,Add your first target school,"A school list unlocks school-specific readiness, deadlines, predictions, and essays.",Add schools,in_app_readiness_surface|dashboard,redis_notification_feed|remote_push|email,profile-readiness:school-list-prompt-user-school-list-add-first:beeb858786a6a35924e90fa8,SchoolListItem count > 0,,
user_prompt,ready_for_in_app_admin_delivery,a11417640be59bed20bc3a98,school-list-prompt-user-school-list-add-first,school_list,prompt-user,school_list.add_first,critical,/schools,Add your first target school,"A school list unlocks school-specific readiness, deadlines, predictions, and essays.",Add schools,in_app_readiness_surface|dashboard,redis_notification_feed|remote_push|email,profile-readiness:school-list-prompt-user-school-list-add-first:a11417640be59bed20bc3a98,SchoolListItem count > 0,,
user_prompt,ready_for_in_app_admin_delivery,3c3c2347076efa2874b00015,school-list-prompt-user-school-list-add-first,school_list,prompt-user,school_list.add_first,critical,/schools,Add your first target school,"A school list unlocks school-specific readiness, deadlines, predictions, and essays.",Add schools,in_app_readiness_surface|dashboard,redis_notification_feed|remote_push|email,profile-readiness:school-list-prompt-user-school-list-add-first:3c3c2347076efa2874b00015,SchoolListItem count > 0,,
user_prompt,ready_for_in_app_admin_delivery,8f66d4f73209fbaccd3033bf,school-list-prompt-user-school-list-add-first,school_list,prompt-user,school_list.add_first,critical,/schools,Add your first target school,"A school list unlocks school-specific readiness, deadlines, predictions, and essays.",Add schools,in_app_readiness_surface|dashboard,redis_notification_feed|remote_push|email,profile-readiness:school-list-prompt-user-school-list-add-first:8f66d4f73209fbaccd3033bf,SchoolListItem count > 0,,
user_prompt,ready_for_in_app_admin_delivery,c20f861a8c401467478f1ff8,school-list-prompt-user-school-list-add-first,school_list,prompt-user,school_list.add_first,critical,/schools,Add your first target school,"A school list unlocks school-specific readiness, deadlines, predictions, and essays.",Add schools,in_app_readiness_surface|dashboard,redis_notification_feed|remote_push|email,profile-readiness:school-list-prompt-user-school-list-add-first:c20f861a8c401467478f1ff8,SchoolListItem count > 0,,
user_prompt,ready_for_in_app_admin_delivery,3e9f49d50ab7d023f1a8e39e,school-list-prompt-user-school-list-add-first,school_list,prompt-user,school_list.add_first,critical,/schools,Add your first target school,"A school list unlocks school-specific readiness, deadlines, predictions, and essays.",Add schools,in_app_readiness_surface|dashboard,redis_notification_feed|remote_push|email,profile-readiness:school-list-prompt-user-school-list-add-first:3e9f49d50ab7d023f1a8e39e,SchoolListItem count > 0,,
user_prompt,ready_for_in_app_admin_delivery,8e31c7196b60b7f62dbf3e4d,school-list-prompt-user-school-list-add-first,school_list,prompt-user,school_list.add_first,critical,/schools,Add your first target school,"A school list unlocks school-specific readiness, deadlines, predictions, and essays.",Add schools,in_app_readiness_surface|dashboard,redis_notification_feed|remote_push|email,profile-readiness:school-list-prompt-user-school-list-add-first:8e31c7196b60b7f62dbf3e4d,SchoolListItem count > 0,,
user_prompt,ready_for_in_app_admin_delivery,8965a5653322427763446164,school-list-prompt-user-school-list-add-first,school_list,prompt-user,school_list.add_first,critical,/schools,Add your first target school,"A school list unlocks school-specific readiness, deadlines, predictions, and essays.",Add schools,in_app_readiness_surface|dashboard,redis_notification_feed|remote_push|email,profile-readiness:school-list-prompt-user-school-list-add-first:8965a5653322427763446164,SchoolListItem count > 0,,
user_prompt,ready_for_in_app_admin_delivery,cd35ea99c3d252c12d4d8c07,school-list-prompt-user-school-list-add-first,school_list,prompt-user,school_list.add_first,critical,/schools,Add your first target school,"A school list unlocks school-specific readiness, deadlines, predictions, and essays.",Add schools,in_app_readiness_surface|dashboard,redis_notification_feed|remote_push|email,profile-readiness:school-list-prompt-user-school-list-add-first:cd35ea99c3d252c12d4d8c07,SchoolListItem count > 0,,
user_prompt,ready_for_in_app_admin_delivery,7a4f5720bd6266841ef5544e,school-list-prompt-user-school-list-add-first,school_list,prompt-user,school_list.add_first,critical,/schools,Add your first target school,"A school list unlocks school-specific readiness, deadlines, predictions, and essays.",Add schools,in_app_readiness_surface|dashboard,redis_notification_feed|remote_push|email,profile-readiness:school-list-prompt-user-school-list-add-first:7a4f5720bd6266841ef5544e,SchoolListItem count > 0,,
user_prompt,ready_for_in_app_admin_delivery,e49e1cd8f6e246e9230a418b,school-list-prompt-user-school-list-add-first,school_list,prompt-user,school_list.add_first,critical,/schools,Add your first target school,"A school list unlocks school-specific readiness, deadlines, predictions, and essays.",Add schools,in_app_readiness_surface|dashboard,redis_notification_feed|remote_push|email,profile-readiness:school-list-prompt-user-school-list-add-first:e49e1cd8f6e246e9230a418b,SchoolListItem count > 0,,
user_prompt,ready_for_in_app_admin_delivery,e0a0b6bb4a576cd6c527d28c,school-list-prompt-user-school-list-add-first,school_list,prompt-user,school_list.add_first,critical,/schools,Add your first target school,"A school list unlocks school-specific readiness, deadlines, predictions, and essays.",Add schools,in_app_readiness_surface|dashboard,redis_notification_feed|remote_push|email,profile-readiness:school-list-prompt-user-school-list-add-first:e0a0b6bb4a576cd6c527d28c,SchoolListItem count > 0,,
user_prompt,ready_for_in_app_admin_delivery,ac2c023316430f730db17894,school-list-prompt-user-school-list-add-first,school_list,prompt-user,school_list.add_first,critical,/schools,Add your first target school,"A school list unlocks school-specific readiness, deadlines, predictions, and essays.",Add schools,in_app_readiness_surface|dashboard,redis_notification_feed|remote_push|email,profile-readiness:school-list-prompt-user-school-list-add-first:ac2c023316430f730db17894,SchoolListItem count > 0,,
user_prompt,ready_for_in_app_admin_delivery,c55f20f3b89df5b634961f1e,school-list-prompt-user-school-list-add-first,school_list,prompt-user,school_list.add_first,critical,/schools,Add your first target school,"A school list unlocks school-specific readiness, deadlines, predictions, and essays.",Add schools,in_app_readiness_surface|dashboard,redis_notification_feed|remote_push|email,profile-readiness:school-list-prompt-user-school-list-add-first:c55f20f3b89df5b634961f1e,SchoolListItem count > 0,,
user_prompt,ready_for_in_app_admin_delivery,7df532744d1a3bafc3330adc,school-list-prompt-user-school-list-add-first,school_list,prompt-user,school_list.add_first,critical,/schools,Add your first target school,"A school list unlocks school-specific readiness, deadlines, predictions, and essays.",Add schools,in_app_readiness_surface|dashboard,redis_notification_feed|remote_push|email,profile-readiness:school-list-prompt-user-school-list-add-first:7df532744d1a3bafc3330adc,SchoolListItem count > 0,,
user_prompt,ready_for_in_app_admin_delivery,a55ab6c1a78d611492aa7abb,school-list-prompt-user-school-list-add-first,school_list,prompt-user,school_list.add_first,critical,/schools,Add your first target school,"A school list unlocks school-specific readiness, deadlines, predictions, and essays.",Add schools,in_app_readiness_surface|dashboard,redis_notification_feed|remote_push|email,profile-readiness:school-list-prompt-user-school-list-add-first:a55ab6c1a78d611492aa7abb,SchoolListItem count > 0,,
user_prompt,ready_for_in_app_admin_delivery,a3d322ab4b6665e9ae55153b,school-list-prompt-user-school-list-add-first,school_list,prompt-user,school_list.add_first,critical,/schools,Add your first target school,"A school list unlocks school-specific readiness, deadlines, predictions, and essays.",Add schools,in_app_readiness_surface|dashboard,redis_notification_feed|remote_push|email,profile-readiness:school-list-prompt-user-school-list-add-first:a3d322ab4b6665e9ae55153b,SchoolListItem count > 0,,
user_prompt,ready_for_in_app_admin_delivery,ae7152deb8b5ace78d0988b5,school-list-prompt-user-school-list-add-first,school_list,prompt-user,school_list.add_first,critical,/schools,Add your first target school,"A school list unlocks school-specific readiness, deadlines, predictions, and essays.",Add schools,in_app_readiness_surface|dashboard,redis_notification_feed|remote_push|email,profile-readiness:school-list-prompt-user-school-list-add-first:ae7152deb8b5ace78d0988b5,SchoolListItem count > 0,,
user_prompt,ready_for_in_app_admin_delivery,3512b2c610d4daef63decaa6,school-list-prompt-user-school-list-add-first,school_list,prompt-user,school_list.add_first,critical,/schools,Add your first target school,"A school list unlocks school-specific readiness, deadlines, predictions, and essays.",Add schools,in_app_readiness_surface|dashboard,redis_notification_feed|remote_push|email,profile-readiness:school-list-prompt-user-school-list-add-first:3512b2c610d4daef63decaa6,SchoolListItem count > 0,,
user_prompt,ready_for_in_app_admin_delivery,a1040538ac4757f6a01af3c6,school-list-prompt-user-school-list-add-first,school_list,prompt-user,school_list.add_first,critical,/schools,Add your first target school,"A school list unlocks school-specific readiness, deadlines, predictions, and essays.",Add schools,in_app_readiness_surface|dashboard,redis_notification_feed|remote_push|email,profile-readiness:school-list-prompt-user-school-list-add-first:a1040538ac4757f6a01af3c6,SchoolListItem count > 0,,
user_prompt,ready_for_in_app_admin_delivery,dbc8709e2fca3a7750e035bd,school-list-prompt-user-school-list-add-first,school_list,prompt-user,school_list.add_first,critical,/schools,Add your first target school,"A school list unlocks school-specific readiness, deadlines, predictions, and essays.",Add schools,in_app_readiness_surface|dashboard,redis_notification_feed|remote_push|email,profile-readiness:school-list-prompt-user-school-list-add-first:dbc8709e2fca3a7750e035bd,SchoolListItem count > 0,,
user_prompt,ready_for_in_app_admin_delivery,a5d338339df45749fb087e9b,school-list-prompt-user-school-list-add-first,school_list,prompt-user,school_list.add_first,critical,/schools,Add your first target school,"A school list unlocks school-specific readiness, deadlines, predictions, and essays.",Add schools,in_app_readiness_surface|dashboard,redis_notification_feed|remote_push|email,profile-readiness:school-list-prompt-user-school-list-add-first:a5d338339df45749fb087e9b,SchoolListItem count > 0,,
user_prompt,ready_for_in_app_admin_delivery,f0c5fc6faa1df34435ff29e2,school-list-prompt-user-school-list-add-first,school_list,prompt-user,school_list.add_first,critical,/schools,Add your first target school,"A school list unlocks school-specific readiness, deadlines, predictions, and essays.",Add schools,in_app_readiness_surface|dashboard,redis_notification_feed|remote_push|email,profile-readiness:school-list-prompt-user-school-list-add-first:f0c5fc6faa1df34435ff29e2,SchoolListItem count > 0,,
user_prompt,ready_for_in_app_admin_delivery,ef10e256980dcebb77dfd621,school-list-prompt-user-school-list-add-first,school_list,prompt-user,school_list.add_first,critical,/schools,Add your first target school,"A school list unlocks school-specific readiness, deadlines, predictions, and essays.",Add schools,in_app_readiness_surface|dashboard,redis_notification_feed|remote_push|email,profile-readiness:school-list-prompt-user-school-list-add-first:ef10e256980dcebb77dfd621,SchoolListItem count > 0,,
user_prompt,ready_for_in_app_admin_delivery,a365f08979a29f52d46a610c,school-list-prompt-user-school-list-add-first,school_list,prompt-user,school_list.add_first,critical,/schools,Add your first target school,"A school list unlocks school-specific readiness, deadlines, predictions, and essays.",Add schools,in_app_readiness_surface|dashboard,redis_notification_feed|remote_push|email,profile-readiness:school-list-prompt-user-school-list-add-first:a365f08979a29f52d46a610c,SchoolListItem count > 0,,
user_prompt,ready_for_in_app_admin_delivery,151da5994495423f1806b2f0,school-list-prompt-user-school-list-add-first,school_list,prompt-user,school_list.add_first,critical,/schools,Add your first target school,"A school list unlocks school-specific readiness, deadlines, predictions, and essays.",Add schools,in_app_readiness_surface|dashboard,redis_notification_feed|remote_push|email,profile-readiness:school-list-prompt-user-school-list-add-first:151da5994495423f1806b2f0,SchoolListItem count > 0,,
user_prompt,ready_for_in_app_admin_delivery,090d8e54b0e955027644958a,school-list-prompt-user-school-list-add-first,school_list,prompt-user,school_list.add_first,critical,/schools,Add your first target school,"A school list unlocks school-specific readiness, deadlines, predictions, and essays.",Add schools,in_app_readiness_surface|dashboard,redis_notification_feed|remote_push|email,profile-readiness:school-list-prompt-user-school-list-add-first:090d8e54b0e955027644958a,SchoolListItem count > 0,,
user_prompt,ready_for_in_app_admin_delivery,6f95063993edc2d69b750760,school-list-prompt-user-school-list-add-first,school_list,prompt-user,school_list.add_first,critical,/schools,Add your first target school,"A school list unlocks school-specific readiness, deadlines, predictions, and essays.",Add schools,in_app_readiness_surface|dashboard,redis_notification_feed|remote_push|email,profile-readiness:school-list-prompt-user-school-list-add-first:6f95063993edc2d69b750760,SchoolListItem count > 0,,
user_prompt,ready_for_in_app_admin_delivery,efedd357e0c8b9536160f8f6,school-list-prompt-user-school-list-add-first,school_list,prompt-user,school_list.add_first,critical,/schools,Add your first target school,"A school list unlocks school-specific readiness, deadlines, predictions, and essays.",Add schools,in_app_readiness_surface|dashboard,redis_notification_feed|remote_push|email,profile-readiness:school-list-prompt-user-school-list-add-first:efedd357e0c8b9536160f8f6,SchoolListItem count > 0,,
user_prompt,ready_for_in_app_admin_delivery,b29d033421d2c8ab0fa5c69b,school-list-prompt-user-school-list-add-first,school_list,prompt-user,school_list.add_first,critical,/schools,Add your first target school,"A school list unlocks school-specific readiness, deadlines, predictions, and essays.",Add schools,in_app_readiness_surface|dashboard,redis_notification_feed|remote_push|email,profile-readiness:school-list-prompt-user-school-list-add-first:b29d033421d2c8ab0fa5c69b,SchoolListItem count > 0,,
user_prompt,ready_for_in_app_admin_delivery,1af5029e2c9cee54b3aa5379,school-list-prompt-user-school-list-add-first,school_list,prompt-user,school_list.add_first,critical,/schools,Add your first target school,"A school list unlocks school-specific readiness, deadlines, predictions, and essays.",Add schools,in_app_readiness_surface|dashboard,redis_notification_feed|remote_push|email,profile-readiness:school-list-prompt-user-school-list-add-first:1af5029e2c9cee54b3aa5379,SchoolListItem count > 0,,
user_prompt,ready_for_in_app_admin_delivery,32824a404947ef3550d69a72,school-list-prompt-user-school-list-add-first,school_list,prompt-user,school_list.add_first,critical,/schools,Add your first target school,"A school list unlocks school-specific readiness, deadlines, predictions, and essays.",Add schools,in_app_readiness_surface|dashboard,redis_notification_feed|remote_push|email,profile-readiness:school-list-prompt-user-school-list-add-first:32824a404947ef3550d69a72,SchoolListItem count > 0,,
user_prompt,ready_for_in_app_admin_delivery,a2676b11991f59fc253f6d0a,school-list-prompt-user-school-list-add-first,school_list,prompt-user,school_list.add_first,critical,/schools,Add your first target school,"A school list unlocks school-specific readiness, deadlines, predictions, and essays.",Add schools,in_app_readiness_surface|dashboard,redis_notification_feed|remote_push|email,profile-readiness:school-list-prompt-user-school-list-add-first:a2676b11991f59fc253f6d0a,SchoolListItem count > 0,,
user_prompt,ready_for_in_app_admin_delivery,e90f73773879c88c915125d3,school-list-prompt-user-school-list-add-first,school_list,prompt-user,school_list.add_first,critical,/schools,Add your first target school,"A school list unlocks school-specific readiness, deadlines, predictions, and essays.",Add schools,in_app_readiness_surface|dashboard,redis_notification_feed|remote_push|email,profile-readiness:school-list-prompt-user-school-list-add-first:e90f73773879c88c915125d3,SchoolListItem count > 0,,
user_prompt,ready_for_in_app_admin_delivery,241e0447f0aa4ae8bec24164,school-list-prompt-user-school-list-add-first,school_list,prompt-user,school_list.add_first,critical,/schools,Add your first target school,"A school list unlocks school-specific readiness, deadlines, predictions, and essays.",Add schools,in_app_readiness_surface|dashboard,redis_notification_feed|remote_push|email,profile-readiness:school-list-prompt-user-school-list-add-first:241e0447f0aa4ae8bec24164,SchoolListItem count > 0,,
user_prompt,ready_for_in_app_admin_delivery,8677b59c1c43ffabba1f2edb,school-list-prompt-user-school-list-add-first,school_list,prompt-user,school_list.add_first,critical,/schools,Add your first target school,"A school list unlocks school-specific readiness, deadlines, predictions, and essays.",Add schools,in_app_readiness_surface|dashboard,redis_notification_feed|remote_push|email,profile-readiness:school-list-prompt-user-school-list-add-first:8677b59c1c43ffabba1f2edb,SchoolListItem count > 0,,
user_prompt,ready_for_in_app_admin_delivery,f21afb7cbab11118d600aaf0,school-list-prompt-user-school-list-add-first,school_list,prompt-user,school_list.add_first,critical,/schools,Add your first target school,"A school list unlocks school-specific readiness, deadlines, predictions, and essays.",Add schools,in_app_readiness_surface|dashboard,redis_notification_feed|remote_push|email,profile-readiness:school-list-prompt-user-school-list-add-first:f21afb7cbab11118d600aaf0,SchoolListItem count > 0,,
user_prompt,ready_for_in_app_admin_delivery,36cf7e859f087f74b75589c8,school-list-prompt-user-school-list-add-first,school_list,prompt-user,school_list.add_first,critical,/schools,Add your first target school,"A school list unlocks school-specific readiness, deadlines, predictions, and essays.",Add schools,in_app_readiness_surface|dashboard,redis_notification_feed|remote_push|email,profile-readiness:school-list-prompt-user-school-list-add-first:36cf7e859f087f74b75589c8,SchoolListItem count > 0,,
user_prompt,ready_for_in_app_admin_delivery,de62d0f8511b17551ee7c676,school-list-prompt-user-school-list-add-first,school_list,prompt-user,school_list.add_first,critical,/schools,Add your first target school,"A school list unlocks school-specific readiness, deadlines, predictions, and essays.",Add schools,in_app_readiness_surface|dashboard,redis_notification_feed|remote_push|email,profile-readiness:school-list-prompt-user-school-list-add-first:de62d0f8511b17551ee7c676,SchoolListItem count > 0,,
user_prompt,ready_for_in_app_admin_delivery,01ab33b5a74e8087d440a72b,school-list-prompt-user-school-list-add-first,school_list,prompt-user,school_list.add_first,critical,/schools,Add your first target school,"A school list unlocks school-specific readiness, deadlines, predictions, and essays.",Add schools,in_app_readiness_surface|dashboard,redis_notification_feed|remote_push|email,profile-readiness:school-list-prompt-user-school-list-add-first:01ab33b5a74e8087d440a72b,SchoolListItem count > 0,,
user_prompt,ready_for_in_app_admin_delivery,31259b62c40c42e489b70961,school-list-prompt-user-school-list-add-first,school_list,prompt-user,school_list.add_first,critical,/schools,Add your first target school,"A school list unlocks school-specific readiness, deadlines, predictions, and essays.",Add schools,in_app_readiness_surface|dashboard,redis_notification_feed|remote_push|email,profile-readiness:school-list-prompt-user-school-list-add-first:31259b62c40c42e489b70961,SchoolListItem count > 0,,
user_prompt,ready_for_in_app_admin_delivery,2b9fd436eb1380dafdc8bb61,school-list-prompt-user-school-list-add-first,school_list,prompt-user,school_list.add_first,critical,/schools,Add your first target school,"A school list unlocks school-specific readiness, deadlines, predictions, and essays.",Add schools,in_app_readiness_surface|dashboard,redis_notification_feed|remote_push|email,profile-readiness:school-list-prompt-user-school-list-add-first:2b9fd436eb1380dafdc8bb61,SchoolListItem count > 0,,
user_prompt,ready_for_in_app_admin_delivery,82c25cdac81c232afa19074b,school-list-prompt-user-school-list-add-first,school_list,prompt-user,school_list.add_first,critical,/schools,Add your first target school,"A school list unlocks school-specific readiness, deadlines, predictions, and essays.",Add schools,in_app_readiness_surface|dashboard,redis_notification_feed|remote_push|email,profile-readiness:school-list-prompt-user-school-list-add-first:82c25cdac81c232afa19074b,SchoolListItem count > 0,,
user_prompt,ready_for_in_app_admin_delivery,c64128137c011d1b7f7475ea,school-list-prompt-user-school-list-add-first,school_list,prompt-user,school_list.add_first,critical,/schools,Add your first target school,"A school list unlocks school-specific readiness, deadlines, predictions, and essays.",Add schools,in_app_readiness_surface|dashboard,redis_notification_feed|remote_push|email,profile-readiness:school-list-prompt-user-school-list-add-first:c64128137c011d1b7f7475ea,SchoolListItem count > 0,,
user_prompt,ready_for_in_app_admin_delivery,c63f68036b2ddca06dc47664,school-list-prompt-user-school-list-add-first,school_list,prompt-user,school_list.add_first,critical,/schools,Add your first target school,"A school list unlocks school-specific readiness, deadlines, predictions, and essays.",Add schools,in_app_readiness_surface|dashboard,redis_notification_feed|remote_push|email,profile-readiness:school-list-prompt-user-school-list-add-first:c63f68036b2ddca06dc47664,SchoolListItem count > 0,,
user_prompt,ready_for_in_app_admin_delivery,d1c0998ca351dc0a975ebd0a,school-list-prompt-user-school-list-add-first,school_list,prompt-user,school_list.add_first,critical,/schools,Add your first target school,"A school list unlocks school-specific readiness, deadlines, predictions, and essays.",Add schools,in_app_readiness_surface|dashboard,redis_notification_feed|remote_push|email,profile-readiness:school-list-prompt-user-school-list-add-first:d1c0998ca351dc0a975ebd0a,SchoolListItem count > 0,,
user_prompt,ready_for_in_app_admin_delivery,b60798c40c1e2e577ce53ab4,school-list-prompt-user-school-list-add-first,school_list,prompt-user,school_list.add_first,critical,/schools,Add your first target school,"A school list unlocks school-specific readiness, deadlines, predictions, and essays.",Add schools,in_app_readiness_surface|dashboard,redis_notification_feed|remote_push|email,profile-readiness:school-list-prompt-user-school-list-add-first:b60798c40c1e2e577ce53ab4,SchoolListItem count > 0,,
user_prompt,ready_for_in_app_admin_delivery,d128a2740df50dbab9cec084,school-list-prompt-user-school-list-add-first,school_list,prompt-user,school_list.add_first,critical,/schools,Add your first target school,"A school list unlocks school-specific readiness, deadlines, predictions, and essays.",Add schools,in_app_readiness_surface|dashboard,redis_notification_feed|remote_push|email,profile-readiness:school-list-prompt-user-school-list-add-first:d128a2740df50dbab9cec084,SchoolListItem count > 0,,
user_prompt,ready_for_in_app_admin_delivery,7f6bb489de56e832f9e52127,school-list-prompt-user-school-list-add-first,school_list,prompt-user,school_list.add_first,critical,/schools,Add your first target school,"A school list unlocks school-specific readiness, deadlines, predictions, and essays.",Add schools,in_app_readiness_surface|dashboard,redis_notification_feed|remote_push|email,profile-readiness:school-list-prompt-user-school-list-add-first:7f6bb489de56e832f9e52127,SchoolListItem count > 0,,
user_prompt,ready_for_in_app_admin_delivery,14c7de94a7e7ca1cdc53342f,school-list-prompt-user-school-list-add-first,school_list,prompt-user,school_list.add_first,critical,/schools,Add your first target school,"A school list unlocks school-specific readiness, deadlines, predictions, and essays.",Add schools,in_app_readiness_surface|dashboard,redis_notification_feed|remote_push|email,profile-readiness:school-list-prompt-user-school-list-add-first:14c7de94a7e7ca1cdc53342f,SchoolListItem count > 0,,
user_prompt,ready_for_in_app_admin_delivery,0e8b80ea37c6c962912efbfe,school-list-prompt-user-school-list-add-first,school_list,prompt-user,school_list.add_first,critical,/schools,Add your first target school,"A school list unlocks school-specific readiness, deadlines, predictions, and essays.",Add schools,in_app_readiness_surface|dashboard,redis_notification_feed|remote_push|email,profile-readiness:school-list-prompt-user-school-list-add-first:0e8b80ea37c6c962912efbfe,SchoolListItem count > 0,,
user_prompt,ready_for_in_app_admin_delivery,e8ec5713bb02702e3aeb2112,school-list-prompt-user-school-list-add-first,school_list,prompt-user,school_list.add_first,critical,/schools,Add your first target school,"A school list unlocks school-specific readiness, deadlines, predictions, and essays.",Add schools,in_app_readiness_surface|dashboard,redis_notification_feed|remote_push|email,profile-readiness:school-list-prompt-user-school-list-add-first:e8ec5713bb02702e3aeb2112,SchoolListItem count > 0,,
user_prompt,ready_for_in_app_admin_delivery,ed4d86d4f0df5dbe3d418f2a,school-list-prompt-user-school-list-add-first,school_list,prompt-user,school_list.add_first,critical,/schools,Add your first target school,"A school list unlocks school-specific readiness, deadlines, predictions, and essays.",Add schools,in_app_readiness_surface|dashboard,redis_notification_feed|remote_push|email,profile-readiness:school-list-prompt-user-school-list-add-first:ed4d86d4f0df5dbe3d418f2a,SchoolListItem count > 0,,
user_prompt,ready_for_in_app_admin_delivery,da498548b275de7c66eb51c4,school-list-prompt-user-school-list-add-first,school_list,prompt-user,school_list.add_first,critical,/schools,Add your first target school,"A school list unlocks school-specific readiness, deadlines, predictions, and essays.",Add schools,in_app_readiness_surface|dashboard,redis_notification_feed|remote_push|email,profile-readiness:school-list-prompt-user-school-list-add-first:da498548b275de7c66eb51c4,SchoolListItem count > 0,,
user_prompt,ready_for_in_app_admin_delivery,c1ee26c6e5d5fc22a5ab6a68,school-list-prompt-user-school-list-add-first,school_list,prompt-user,school_list.add_first,critical,/schools,Add your first target school,"A school list unlocks school-specific readiness, deadlines, predictions, and essays.",Add schools,in_app_readiness_surface|dashboard,redis_notification_feed|remote_push|email,profile-readiness:school-list-prompt-user-school-list-add-first:c1ee26c6e5d5fc22a5ab6a68,SchoolListItem count > 0,,
user_prompt,ready_for_in_app_admin_delivery,1f7d5b3f21061af17d61866b,school-list-prompt-user-school-list-add-first,school_list,prompt-user,school_list.add_first,critical,/schools,Add your first target school,"A school list unlocks school-specific readiness, deadlines, predictions, and essays.",Add schools,in_app_readiness_surface|dashboard,redis_notification_feed|remote_push|email,profile-readiness:school-list-prompt-user-school-list-add-first:1f7d5b3f21061af17d61866b,SchoolListItem count > 0,,
user_prompt,ready_for_in_app_admin_delivery,27ae69e1f0abb0ad7feeb352,school-list-prompt-user-school-list-add-first,school_list,prompt-user,school_list.add_first,critical,/schools,Add your first target school,"A school list unlocks school-specific readiness, deadlines, predictions, and essays.",Add schools,in_app_readiness_surface|dashboard,redis_notification_feed|remote_push|email,profile-readiness:school-list-prompt-user-school-list-add-first:27ae69e1f0abb0ad7feeb352,SchoolListItem count > 0,,
user_prompt,ready_for_in_app_admin_delivery,6a53d4fad2e59ce4a60c5ae2,school-list-prompt-user-school-list-add-first,school_list,prompt-user,school_list.add_first,critical,/schools,Add your first target school,"A school list unlocks school-specific readiness, deadlines, predictions, and essays.",Add schools,in_app_readiness_surface|dashboard,redis_notification_feed|remote_push|email,profile-readiness:school-list-prompt-user-school-list-add-first:6a53d4fad2e59ce4a60c5ae2,SchoolListItem count > 0,,
user_prompt,ready_for_in_app_admin_delivery,49d7694af58affd0f130bcae,school-list-prompt-user-school-list-add-first,school_list,prompt-user,school_list.add_first,critical,/schools,Add your first target school,"A school list unlocks school-specific readiness, deadlines, predictions, and essays.",Add schools,in_app_readiness_surface|dashboard,redis_notification_feed|remote_push|email,profile-readiness:school-list-prompt-user-school-list-add-first:49d7694af58affd0f130bcae,SchoolListItem count > 0,,
user_prompt,ready_for_in_app_admin_delivery,220b9db20712a950a9b77b12,school-list-prompt-user-school-list-add-first,school_list,prompt-user,school_list.add_first,critical,/schools,Add your first target school,"A school list unlocks school-specific readiness, deadlines, predictions, and essays.",Add schools,in_app_readiness_surface|dashboard,redis_notification_feed|remote_push|email,profile-readiness:school-list-prompt-user-school-list-add-first:220b9db20712a950a9b77b12,SchoolListItem count > 0,,
user_prompt,ready_for_in_app_admin_delivery,c8f04079c9635234dcac71c3,school-list-prompt-user-school-list-add-first,school_list,prompt-user,school_list.add_first,critical,/schools,Add your first target school,"A school list unlocks school-specific readiness, deadlines, predictions, and essays.",Add schools,in_app_readiness_surface|dashboard,redis_notification_feed|remote_push|email,profile-readiness:school-list-prompt-user-school-list-add-first:c8f04079c9635234dcac71c3,SchoolListItem count > 0,,
user_prompt,ready_for_in_app_admin_delivery,1588484e9c43a3c90218c532,school-list-prompt-user-school-list-add-first,school_list,prompt-user,school_list.add_first,critical,/schools,Add your first target school,"A school list unlocks school-specific readiness, deadlines, predictions, and essays.",Add schools,in_app_readiness_surface|dashboard,redis_notification_feed|remote_push|email,profile-readiness:school-list-prompt-user-school-list-add-first:1588484e9c43a3c90218c532,SchoolListItem count > 0,,
user_prompt,ready_for_in_app_admin_delivery,97d38830683f5a612a219f6e,school-list-prompt-user-school-list-add-first,school_list,prompt-user,school_list.add_first,critical,/schools,Add your first target school,"A school list unlocks school-specific readiness, deadlines, predictions, and essays.",Add schools,in_app_readiness_surface|dashboard,redis_notification_feed|remote_push|email,profile-readiness:school-list-prompt-user-school-list-add-first:97d38830683f5a612a219f6e,SchoolListItem count > 0,,
system_generation,ready_for_system_generation,cd4c24d8fe3e08fda3d08c11,application-analysis-run-prediction-application-analysis-predictions-required,application_analysis,run-prediction,application_analysis.predictions_required,warning,/prediction,,,,admin_queue,redis_notification_feed|remote_push|email,,Fresh authoritative prediction exists for selected schools,,
operator_review,ready_for_operator_review,52fc44e64057db34b5c2120d,deadline-review-deadline-source-deadline-round-missing,deadline,review-deadline-source,deadline.round_missing,warning,/timeline,,,,admin_queue,redis_notification_feed|remote_push|email,,Deadline evidence confirms the selected school round,cmn1htkpe0010vqf2xzzjz779,University of Illinois Urbana-Champaign
operator_review,ready_for_operator_review,5e07c7724824ddb82aee1eee,deadline-review-deadline-source-deadline-round-missing,deadline,review-deadline-source,deadline.round_missing,warning,/timeline,,,,admin_queue,redis_notification_feed|remote_push|email,,Deadline evidence confirms the selected school round,cmn1htknv000evqf29yjvrstt,"University of California, Berkeley"
system_generation,ready_for_system_generation,cd4c24d8fe3e08fda3d08c11,prediction-run-prediction-prediction-missing,prediction,run-prediction,prediction.missing,warning,/prediction,,,,admin_queue,redis_notification_feed|remote_push|email,,Fresh authoritative prediction exists for selected schools,cmn1htknv000evqf29yjvrstt,"University of California, Berkeley"
system_generation,ready_for_system_generation,cd4c24d8fe3e08fda3d08c11,prediction-run-prediction-prediction-missing,prediction,run-prediction,prediction.missing,warning,/prediction,,,,admin_queue,redis_notification_feed|remote_push|email,,Fresh authoritative prediction exists for selected schools,cmn1htkny000fvqf2jlmz8ej1,"University of California, Los Angeles"
system_generation,ready_for_system_generation,cd4c24d8fe3e08fda3d08c11,prediction-run-prediction-prediction-missing,prediction,run-prediction,prediction.missing,warning,/prediction,,,,admin_queue,redis_notification_feed|remote_push|email,,Fresh authoritative prediction exists for selected schools,cmn1htkou000svqf2356l4yfj,"University of California, San Diego"
system_generation,ready_for_system_generation,cd4c24d8fe3e08fda3d08c11,prediction-run-prediction-prediction-missing,prediction,run-prediction,prediction.missing,warning,/prediction,,,,admin_queue,redis_notification_feed|remote_push|email,,Fresh authoritative prediction exists for selected schools,cmn1htkor000rvqf282ibd6kz,"University of California, Davis"
system_generation,ready_for_system_generation,cd4c24d8fe3e08fda3d08c11,prediction-run-prediction-prediction-missing,prediction,run-prediction,prediction.missing,warning,/prediction,,,,admin_queue,redis_notification_feed|remote_push|email,,Fresh authoritative prediction exists for selected schools,cmn1htkpb000zvqf2645ltfg6,"University of California, Santa Barbara"
user_prompt,ready_for_in_app_admin_delivery,7a29e78a2be76e25d6e24374,profile-prompt-user-profile-activities,profile,prompt-user,profile.activities,warning,/profile?tab=activities,Add activities,Activities make profile analysis and school fit less generic.,Add activities,in_app_readiness_surface|dashboard,redis_notification_feed|remote_push|email,profile-readiness:profile-prompt-user-profile-activities:7a29e78a2be76e25d6e24374,User has at least one activity row,,
user_prompt,ready_for_in_app_admin_delivery,055d9e308db51968e031377f,profile-prompt-user-profile-activities,profile,prompt-user,profile.activities,warning,/profile?tab=activities,Add activities,Activities make profile analysis and school fit less generic.,Add activities,in_app_readiness_surface|dashboard,redis_notification_feed|remote_push|email,profile-readiness:profile-prompt-user-profile-activities:055d9e308db51968e031377f,User has at least one activity row,,
user_prompt,ready_for_in_app_admin_delivery,a76676d472710aa2483a96c4,profile-prompt-user-profile-activities,profile,prompt-user,profile.activities,warning,/profile?tab=activities,Add activities,Activities make profile analysis and school fit less generic.,Add activities,in_app_readiness_surface|dashboard,redis_notification_feed|remote_push|email,profile-readiness:profile-prompt-user-profile-activities:a76676d472710aa2483a96c4,User has at least one activity row,,
user_prompt,ready_for_in_app_admin_delivery,8b6443ed32abc9d51922f7b4,profile-prompt-user-profile-activities,profile,prompt-user,profile.activities,warning,/profile?tab=activities,Add activities,Activities make profile analysis and school fit less generic.,Add activities,in_app_readiness_surface|dashboard,redis_notification_feed|remote_push|email,profile-readiness:profile-prompt-user-profile-activities:8b6443ed32abc9d51922f7b4,User has at least one activity row,,
user_prompt,ready_for_in_app_admin_delivery,ffddc1934c2544d68ce63314,profile-prompt-user-profile-activities,profile,prompt-user,profile.activities,warning,/profile?tab=activities,Add activities,Activities make profile analysis and school fit less generic.,Add activities,in_app_readiness_surface|dashboard,redis_notification_feed|remote_push|email,profile-readiness:profile-prompt-user-profile-activities:ffddc1934c2544d68ce63314,User has at least one activity row,,
user_prompt,ready_for_in_app_admin_delivery,b9967b9b5171217045f25da8,profile-prompt-user-profile-activities,profile,prompt-user,profile.activities,warning,/profile?tab=activities,Add activities,Activities make profile analysis and school fit less generic.,Add activities,in_app_readiness_surface|dashboard,redis_notification_feed|remote_push|email,profile-readiness:profile-prompt-user-profile-activities:b9967b9b5171217045f25da8,User has at least one activity row,,
user_prompt,ready_for_in_app_admin_delivery,f1365adaa12cdb38d8e7055e,profile-prompt-user-profile-activities,profile,prompt-user,profile.activities,warning,/profile?tab=activities,Add activities,Activities make profile analysis and school fit less generic.,Add activities,in_app_readiness_surface|dashboard,redis_notification_feed|remote_push|email,profile-readiness:profile-prompt-user-profile-activities:f1365adaa12cdb38d8e7055e,User has at least one activity row,,
user_prompt,ready_for_in_app_admin_delivery,be27f8a18041d6d00d7af95b,profile-prompt-user-profile-activities,profile,prompt-user,profile.activities,warning,/profile?tab=activities,Add activities,Activities make profile analysis and school fit less generic.,Add activities,in_app_readiness_surface|dashboard,redis_notification_feed|remote_push|email,profile-readiness:profile-prompt-user-profile-activities:be27f8a18041d6d00d7af95b,User has at least one activity row,,
user_prompt,ready_for_in_app_admin_delivery,fbebd41cf5af26d73edb886c,profile-prompt-user-profile-activities,profile,prompt-user,profile.activities,warning,/profile?tab=activities,Add activities,Activities make profile analysis and school fit less generic.,Add activities,in_app_readiness_surface|dashboard,redis_notification_feed|remote_push|email,profile-readiness:profile-prompt-user-profile-activities:fbebd41cf5af26d73edb886c,User has at least one activity row,,
user_prompt,ready_for_in_app_admin_delivery,819e264db561cad594fc3424,profile-prompt-user-profile-activities,profile,prompt-user,profile.activities,warning,/profile?tab=activities,Add activities,Activities make profile analysis and school fit less generic.,Add activities,in_app_readiness_surface|dashboard,redis_notification_feed|remote_push|email,profile-readiness:profile-prompt-user-profile-activities:819e264db561cad594fc3424,User has at least one activity row,,
user_prompt,ready_for_in_app_admin_delivery,0894db086e3f4b4fc895f73a,profile-prompt-user-profile-activities,profile,prompt-user,profile.activities,warning,/profile?tab=activities,Add activities,Activities make profile analysis and school fit less generic.,Add activities,in_app_readiness_surface|dashboard,redis_notification_feed|remote_push|email,profile-readiness:profile-prompt-user-profile-activities:0894db086e3f4b4fc895f73a,User has at least one activity row,,
user_prompt,ready_for_in_app_admin_delivery,ffd3d30f800c70b4474e17f0,profile-prompt-user-profile-activities,profile,prompt-user,profile.activities,warning,/profile?tab=activities,Add activities,Activities make profile analysis and school fit less generic.,Add activities,in_app_readiness_surface|dashboard,redis_notification_feed|remote_push|email,profile-readiness:profile-prompt-user-profile-activities:ffd3d30f800c70b4474e17f0,User has at least one activity row,,
user_prompt,ready_for_in_app_admin_delivery,ab643620cb4c3d701bd65b74,profile-prompt-user-profile-activities,profile,prompt-user,profile.activities,warning,/profile?tab=activities,Add activities,Activities make profile analysis and school fit less generic.,Add activities,in_app_readiness_surface|dashboard,redis_notification_feed|remote_push|email,profile-readiness:profile-prompt-user-profile-activities:ab643620cb4c3d701bd65b74,User has at least one activity row,,
user_prompt,ready_for_in_app_admin_delivery,c99677ed495aaf074082582c,profile-prompt-user-profile-activities,profile,prompt-user,profile.activities,warning,/profile?tab=activities,Add activities,Activities make profile analysis and school fit less generic.,Add activities,in_app_readiness_surface|dashboard,redis_notification_feed|remote_push|email,profile-readiness:profile-prompt-user-profile-activities:c99677ed495aaf074082582c,User has at least one activity row,,
user_prompt,ready_for_in_app_admin_delivery,8758f245bb5b0e6bffd40998,profile-prompt-user-profile-activities,profile,prompt-user,profile.activities,warning,/profile?tab=activities,Add activities,Activities make profile analysis and school fit less generic.,Add activities,in_app_readiness_surface|dashboard,redis_notification_feed|remote_push|email,profile-readiness:profile-prompt-user-profile-activities:8758f245bb5b0e6bffd40998,User has at least one activity row,,
user_prompt,ready_for_in_app_admin_delivery,742e79987159c980e75b20c7,profile-prompt-user-profile-activities,profile,prompt-user,profile.activities,warning,/profile?tab=activities,Add activities,Activities make profile analysis and school fit less generic.,Add activities,in_app_readiness_surface|dashboard,redis_notification_feed|remote_push|email,profile-readiness:profile-prompt-user-profile-activities:742e79987159c980e75b20c7,User has at least one activity row,,
user_prompt,ready_for_in_app_admin_delivery,8af993107f24d792723e4fc1,profile-prompt-user-profile-activities,profile,prompt-user,profile.activities,warning,/profile?tab=activities,Add activities,Activities make profile analysis and school fit less generic.,Add activities,in_app_readiness_surface|dashboard,redis_notification_feed|remote_push|email,profile-readiness:profile-prompt-user-profile-activities:8af993107f24d792723e4fc1,User has at least one activity row,,
user_prompt,ready_for_in_app_admin_delivery,023ef579e34956e6a8f61adb,profile-prompt-user-profile-activities,profile,prompt-user,profile.activities,warning,/profile?tab=activities,Add activities,Activities make profile analysis and school fit less generic.,Add activities,in_app_readiness_surface|dashboard,redis_notification_feed|remote_push|email,profile-readiness:profile-prompt-user-profile-activities:023ef579e34956e6a8f61adb,User has at least one activity row,,
user_prompt,ready_for_in_app_admin_delivery,d74687608cda95b086d53cdc,profile-prompt-user-profile-activities,profile,prompt-user,profile.activities,warning,/profile?tab=activities,Add activities,Activities make profile analysis and school fit less generic.,Add activities,in_app_readiness_surface|dashboard,redis_notification_feed|remote_push|email,profile-readiness:profile-prompt-user-profile-activities:d74687608cda95b086d53cdc,User has at least one activity row,,
user_prompt,ready_for_in_app_admin_delivery,138284095a25d1fae7337a3c,profile-prompt-user-profile-activities,profile,prompt-user,profile.activities,warning,/profile?tab=activities,Add activities,Activities make profile analysis and school fit less generic.,Add activities,in_app_readiness_surface|dashboard,redis_notification_feed|remote_push|email,profile-readiness:profile-prompt-user-profile-activities:138284095a25d1fae7337a3c,User has at least one activity row,,
user_prompt,ready_for_in_app_admin_delivery,5de082603a9960cfa8117421,profile-prompt-user-profile-activities,profile,prompt-user,profile.activities,warning,/profile?tab=activities,Add activities,Activities make profile analysis and school fit less generic.,Add activities,in_app_readiness_surface|dashboard,redis_notification_feed|remote_push|email,profile-readiness:profile-prompt-user-profile-activities:5de082603a9960cfa8117421,User has at least one activity row,,
user_prompt,ready_for_in_app_admin_delivery,06cab65bad990f73a0e2013e,profile-prompt-user-profile-activities,profile,prompt-user,profile.activities,warning,/profile?tab=activities,Add activities,Activities make profile analysis and school fit less generic.,Add activities,in_app_readiness_surface|dashboard,redis_notification_feed|remote_push|email,profile-readiness:profile-prompt-user-profile-activities:06cab65bad990f73a0e2013e,User has at least one activity row,,
user_prompt,ready_for_in_app_admin_delivery,0bbf03a984664dce330f7155,profile-prompt-user-profile-activities,profile,prompt-user,profile.activities,warning,/profile?tab=activities,Add activities,Activities make profile analysis and school fit less generic.,Add activities,in_app_readiness_surface|dashboard,redis_notification_feed|remote_push|email,profile-readiness:profile-prompt-user-profile-activities:0bbf03a984664dce330f7155,User has at least one activity row,,
user_prompt,ready_for_in_app_admin_delivery,0eb09c84fa76d4593c74706c,profile-prompt-user-profile-activities,profile,prompt-user,profile.activities,warning,/profile?tab=activities,Add activities,Activities make profile analysis and school fit less generic.,Add activities,in_app_readiness_surface|dashboard,redis_notification_feed|remote_push|email,profile-readiness:profile-prompt-user-profile-activities:0eb09c84fa76d4593c74706c,User has at least one activity row,,
user_prompt,ready_for_in_app_admin_delivery,122faf6ff8256a49bad4e360,profile-prompt-user-profile-activities,profile,prompt-user,profile.activities,warning,/profile?tab=activities,Add activities,Activities make profile analysis and school fit less generic.,Add activities,in_app_readiness_surface|dashboard,redis_notification_feed|remote_push|email,profile-readiness:profile-prompt-user-profile-activities:122faf6ff8256a49bad4e360,User has at least one activity row,,
user_prompt,ready_for_in_app_admin_delivery,3ad283595e8c8fc0b173911f,profile-prompt-user-profile-activities,profile,prompt-user,profile.activities,warning,/profile?tab=activities,Add activities,Activities make profile analysis and school fit less generic.,Add activities,in_app_readiness_surface|dashboard,redis_notification_feed|remote_push|email,profile-readiness:profile-prompt-user-profile-activities:3ad283595e8c8fc0b173911f,User has at least one activity row,,
user_prompt,ready_for_in_app_admin_delivery,e0e634d85a0cf22c31cc8a35,profile-prompt-user-profile-activities,profile,prompt-user,profile.activities,warning,/profile?tab=activities,Add activities,Activities make profile analysis and school fit less generic.,Add activities,in_app_readiness_surface|dashboard,redis_notification_feed|remote_push|email,profile-readiness:profile-prompt-user-profile-activities:e0e634d85a0cf22c31cc8a35,User has at least one activity row,,
user_prompt,ready_for_in_app_admin_delivery,832d3d67127cd463e2d158ef,profile-prompt-user-profile-activities,profile,prompt-user,profile.activities,warning,/profile?tab=activities,Add activities,Activities make profile analysis and school fit less generic.,Add activities,in_app_readiness_surface|dashboard,redis_notification_feed|remote_push|email,profile-readiness:profile-prompt-user-profile-activities:832d3d67127cd463e2d158ef,User has at least one activity row,,
user_prompt,ready_for_in_app_admin_delivery,e77a4fa0fcedef43de0cb4bb,profile-prompt-user-profile-activities,profile,prompt-user,profile.activities,warning,/profile?tab=activities,Add activities,Activities make profile analysis and school fit less generic.,Add activities,in_app_readiness_surface|dashboard,redis_notification_feed|remote_push|email,profile-readiness:profile-prompt-user-profile-activities:e77a4fa0fcedef43de0cb4bb,User has at least one activity row,,
user_prompt,ready_for_in_app_admin_delivery,10238acf3b2e2675d06ce76c,profile-prompt-user-profile-activities,profile,prompt-user,profile.activities,warning,/profile?tab=activities,Add activities,Activities make profile analysis and school fit less generic.,Add activities,in_app_readiness_surface|dashboard,redis_notification_feed|remote_push|email,profile-readiness:profile-prompt-user-profile-activities:10238acf3b2e2675d06ce76c,User has at least one activity row,,
user_prompt,ready_for_in_app_admin_delivery,7819fedbfc32d7ad6de164f3,profile-prompt-user-profile-activities,profile,prompt-user,profile.activities,warning,/profile?tab=activities,Add activities,Activities make profile analysis and school fit less generic.,Add activities,in_app_readiness_surface|dashboard,redis_notification_feed|remote_push|email,profile-readiness:profile-prompt-user-profile-activities:7819fedbfc32d7ad6de164f3,User has at least one activity row,,
user_prompt,ready_for_in_app_admin_delivery,4a947b901c3d9b7ce0481cf2,profile-prompt-user-profile-activities,profile,prompt-user,profile.activities,warning,/profile?tab=activities,Add activities,Activities make profile analysis and school fit less generic.,Add activities,in_app_readiness_surface|dashboard,redis_notification_feed|remote_push|email,profile-readiness:profile-prompt-user-profile-activities:4a947b901c3d9b7ce0481cf2,User has at least one activity row,,
user_prompt,ready_for_in_app_admin_delivery,977aba20a74e363bcb348888,profile-prompt-user-profile-activities,profile,prompt-user,profile.activities,warning,/profile?tab=activities,Add activities,Activities make profile analysis and school fit less generic.,Add activities,in_app_readiness_surface|dashboard,redis_notification_feed|remote_push|email,profile-readiness:profile-prompt-user-profile-activities:977aba20a74e363bcb348888,User has at least one activity row,,
user_prompt,ready_for_in_app_admin_delivery,bdfbfe398683d67d68f39557,profile-prompt-user-profile-activities,profile,prompt-user,profile.activities,warning,/profile?tab=activities,Add activities,Activities make profile analysis and school fit less generic.,Add activities,in_app_readiness_surface|dashboard,redis_notification_feed|remote_push|email,profile-readiness:profile-prompt-user-profile-activities:bdfbfe398683d67d68f39557,User has at least one activity row,,
user_prompt,ready_for_in_app_admin_delivery,3f980c4c6e95243d6daa6974,profile-prompt-user-profile-activities,profile,prompt-user,profile.activities,warning,/profile?tab=activities,Add activities,Activities make profile analysis and school fit less generic.,Add activities,in_app_readiness_surface|dashboard,redis_notification_feed|remote_push|email,profile-readiness:profile-prompt-user-profile-activities:3f980c4c6e95243d6daa6974,User has at least one activity row,,
user_prompt,ready_for_in_app_admin_delivery,95337d5e96446798743732c1,profile-prompt-user-profile-activities,profile,prompt-user,profile.activities,warning,/profile?tab=activities,Add activities,Activities make profile analysis and school fit less generic.,Add activities,in_app_readiness_surface|dashboard,redis_notification_feed|remote_push|email,profile-readiness:profile-prompt-user-profile-activities:95337d5e96446798743732c1,User has at least one activity row,,
user_prompt,ready_for_in_app_admin_delivery,c1950cf2ac294babc3aadf4e,profile-prompt-user-profile-activities,profile,prompt-user,profile.activities,warning,/profile?tab=activities,Add activities,Activities make profile analysis and school fit less generic.,Add activities,in_app_readiness_surface|dashboard,redis_notification_feed|remote_push|email,profile-readiness:profile-prompt-user-profile-activities:c1950cf2ac294babc3aadf4e,User has at least one activity row,,
user_prompt,ready_for_in_app_admin_delivery,566af6ea3815e2e9d4ec7b10,profile-prompt-user-profile-activities,profile,prompt-user,profile.activities,warning,/profile?tab=activities,Add activities,Activities make profile analysis and school fit less generic.,Add activities,in_app_readiness_surface|dashboard,redis_notification_feed|remote_push|email,profile-readiness:profile-prompt-user-profile-activities:566af6ea3815e2e9d4ec7b10,User has at least one activity row,,
user_prompt,ready_for_in_app_admin_delivery,b49b375f2ecd18e1d3e2c548,profile-prompt-user-profile-activities,profile,prompt-user,profile.activities,warning,/profile?tab=activities,Add activities,Activities make profile analysis and school fit less generic.,Add activities,in_app_readiness_surface|dashboard,redis_notification_feed|remote_push|email,profile-readiness:profile-prompt-user-profile-activities:b49b375f2ecd18e1d3e2c548,User has at least one activity row,,
user_prompt,ready_for_in_app_admin_delivery,4cab3e79c7dd8e492a909e7f,profile-prompt-user-profile-activities,profile,prompt-user,profile.activities,warning,/profile?tab=activities,Add activities,Activities make profile analysis and school fit less generic.,Add activities,in_app_readiness_surface|dashboard,redis_notification_feed|remote_push|email,profile-readiness:profile-prompt-user-profile-activities:4cab3e79c7dd8e492a909e7f,User has at least one activity row,,
user_prompt,ready_for_in_app_admin_delivery,fae66721875e65f51507bf27,profile-prompt-user-profile-activities,profile,prompt-user,profile.activities,warning,/profile?tab=activities,Add activities,Activities make profile analysis and school fit less generic.,Add activities,in_app_readiness_surface|dashboard,redis_notification_feed|remote_push|email,profile-readiness:profile-prompt-user-profile-activities:fae66721875e65f51507bf27,User has at least one activity row,,
user_prompt,ready_for_in_app_admin_delivery,7c8c8ff6a81333ff3e9a04a6,profile-prompt-user-profile-activities,profile,prompt-user,profile.activities,warning,/profile?tab=activities,Add activities,Activities make profile analysis and school fit less generic.,Add activities,in_app_readiness_surface|dashboard,redis_notification_feed|remote_push|email,profile-readiness:profile-prompt-user-profile-activities:7c8c8ff6a81333ff3e9a04a6,User has at least one activity row,,
user_prompt,ready_for_in_app_admin_delivery,2317f70b9e80abca4ad0824d,profile-prompt-user-profile-activities,profile,prompt-user,profile.activities,warning,/profile?tab=activities,Add activities,Activities make profile analysis and school fit less generic.,Add activities,in_app_readiness_surface|dashboard,redis_notification_feed|remote_push|email,profile-readiness:profile-prompt-user-profile-activities:2317f70b9e80abca4ad0824d,User has at least one activity row,,
user_prompt,ready_for_in_app_admin_delivery,53abd2f8c90243ba345fa599,profile-prompt-user-profile-activities,profile,prompt-user,profile.activities,warning,/profile?tab=activities,Add activities,Activities make profile analysis and school fit less generic.,Add activities,in_app_readiness_surface|dashboard,redis_notification_feed|remote_push|email,profile-readiness:profile-prompt-user-profile-activities:53abd2f8c90243ba345fa599,User has at least one activity row,,
user_prompt,ready_for_in_app_admin_delivery,b4a7670b022c83cb17a856df,profile-prompt-user-profile-activities,profile,prompt-user,profile.activities,warning,/profile?tab=activities,Add activities,Activities make profile analysis and school fit less generic.,Add activities,in_app_readiness_surface|dashboard,redis_notification_feed|remote_push|email,profile-readiness:profile-prompt-user-profile-activities:b4a7670b022c83cb17a856df,User has at least one activity row,,
user_prompt,ready_for_in_app_admin_delivery,9814382a1d3be3e627c28c80,profile-prompt-user-profile-activities,profile,prompt-user,profile.activities,warning,/profile?tab=activities,Add activities,Activities make profile analysis and school fit less generic.,Add activities,in_app_readiness_surface|dashboard,redis_notification_feed|remote_push|email,profile-readiness:profile-prompt-user-profile-activities:9814382a1d3be3e627c28c80,User has at least one activity row,,
user_prompt,ready_for_in_app_admin_delivery,d4e514871d10cb9f36b65d29,profile-prompt-user-profile-activities,profile,prompt-user,profile.activities,warning,/profile?tab=activities,Add activities,Activities make profile analysis and school fit less generic.,Add activities,in_app_readiness_surface|dashboard,redis_notification_feed|remote_push|email,profile-readiness:profile-prompt-user-profile-activities:d4e514871d10cb9f36b65d29,User has at least one activity row,,
user_prompt,ready_for_in_app_admin_delivery,1d0c77f67037725ac9e941b2,profile-prompt-user-profile-activities,profile,prompt-user,profile.activities,warning,/profile?tab=activities,Add activities,Activities make profile analysis and school fit less generic.,Add activities,in_app_readiness_surface|dashboard,redis_notification_feed|remote_push|email,profile-readiness:profile-prompt-user-profile-activities:1d0c77f67037725ac9e941b2,User has at least one activity row,,
user_prompt,ready_for_in_app_admin_delivery,556224a224a1c7679127d097,profile-prompt-user-profile-activities,profile,prompt-user,profile.activities,warning,/profile?tab=activities,Add activities,Activities make profile analysis and school fit less generic.,Add activities,in_app_readiness_surface|dashboard,redis_notification_feed|remote_push|email,profile-readiness:profile-prompt-user-profile-activities:556224a224a1c7679127d097,User has at least one activity row,,
user_prompt,ready_for_in_app_admin_delivery,f371531d3d25666bda7eafeb,profile-prompt-user-profile-activities,profile,prompt-user,profile.activities,warning,/profile?tab=activities,Add activities,Activities make profile analysis and school fit less generic.,Add activities,in_app_readiness_surface|dashboard,redis_notification_feed|remote_push|email,profile-readiness:profile-prompt-user-profile-activities:f371531d3d25666bda7eafeb,User has at least one activity row,,
user_prompt,ready_for_in_app_admin_delivery,a2d3062f8e09c9cc2ddbd88d,profile-prompt-user-profile-activities,profile,prompt-user,profile.activities,warning,/profile?tab=activities,Add activities,Activities make profile analysis and school fit less generic.,Add activities,in_app_readiness_surface|dashboard,redis_notification_feed|remote_push|email,profile-readiness:profile-prompt-user-profile-activities:a2d3062f8e09c9cc2ddbd88d,User has at least one activity row,,
user_prompt,ready_for_in_app_admin_delivery,5424d5ace64e813a2f73dceb,profile-prompt-user-profile-activities,profile,prompt-user,profile.activities,warning,/profile?tab=activities,Add activities,Activities make profile analysis and school fit less generic.,Add activities,in_app_readiness_surface|dashboard,redis_notification_feed|remote_push|email,profile-readiness:profile-prompt-user-profile-activities:5424d5ace64e813a2f73dceb,User has at least one activity row,,
user_prompt,ready_for_in_app_admin_delivery,67db31e10f819cc055ebc5e6,profile-prompt-user-profile-activities,profile,prompt-user,profile.activities,warning,/profile?tab=activities,Add activities,Activities make profile analysis and school fit less generic.,Add activities,in_app_readiness_surface|dashboard,redis_notification_feed|remote_push|email,profile-readiness:profile-prompt-user-profile-activities:67db31e10f819cc055ebc5e6,User has at least one activity row,,
user_prompt,ready_for_in_app_admin_delivery,21453a247f2c36664ca1f4e7,profile-prompt-user-profile-activities,profile,prompt-user,profile.activities,warning,/profile?tab=activities,Add activities,Activities make profile analysis and school fit less generic.,Add activities,in_app_readiness_surface|dashboard,redis_notification_feed|remote_push|email,profile-readiness:profile-prompt-user-profile-activities:21453a247f2c36664ca1f4e7,User has at least one activity row,,
user_prompt,ready_for_in_app_admin_delivery,bc78a5a24d4822c1254deb2d,profile-prompt-user-profile-activities,profile,prompt-user,profile.activities,warning,/profile?tab=activities,Add activities,Activities make profile analysis and school fit less generic.,Add activities,in_app_readiness_surface|dashboard,redis_notification_feed|remote_push|email,profile-readiness:profile-prompt-user-profile-activities:bc78a5a24d4822c1254deb2d,User has at least one activity row,,
user_prompt,ready_for_in_app_admin_delivery,9d929fa72ae2cc1c5f3d8d82,profile-prompt-user-profile-activities,profile,prompt-user,profile.activities,warning,/profile?tab=activities,Add activities,Activities make profile analysis and school fit less generic.,Add activities,in_app_readiness_surface|dashboard,redis_notification_feed|remote_push|email,profile-readiness:profile-prompt-user-profile-activities:9d929fa72ae2cc1c5f3d8d82,User has at least one activity row,,
user_prompt,ready_for_in_app_admin_delivery,8c13a70fc5c14aacfa48572e,profile-prompt-user-profile-activities,profile,prompt-user,profile.activities,warning,/profile?tab=activities,Add activities,Activities make profile analysis and school fit less generic.,Add activities,in_app_readiness_surface|dashboard,redis_notification_feed|remote_push|email,profile-readiness:profile-prompt-user-profile-activities:8c13a70fc5c14aacfa48572e,User has at least one activity row,,
user_prompt,ready_for_in_app_admin_delivery,5e71abdcb6160d9592741988,profile-prompt-user-profile-activities,profile,prompt-user,profile.activities,warning,/profile?tab=activities,Add activities,Activities make profile analysis and school fit less generic.,Add activities,in_app_readiness_surface|dashboard,redis_notification_feed|remote_push|email,profile-readiness:profile-prompt-user-profile-activities:5e71abdcb6160d9592741988,User has at least one activity row,,
user_prompt,ready_for_in_app_admin_delivery,8d2ae0fbd6efab48cb0052c2,profile-prompt-user-profile-activities,profile,prompt-user,profile.activities,warning,/profile?tab=activities,Add activities,Activities make profile analysis and school fit less generic.,Add activities,in_app_readiness_surface|dashboard,redis_notification_feed|remote_push|email,profile-readiness:profile-prompt-user-profile-activities:8d2ae0fbd6efab48cb0052c2,User has at least one activity row,,
user_prompt,ready_for_in_app_admin_delivery,adb916c3e591190afd9b45f8,profile-prompt-user-profile-activities,profile,prompt-user,profile.activities,warning,/profile?tab=activities,Add activities,Activities make profile analysis and school fit less generic.,Add activities,in_app_readiness_surface|dashboard,redis_notification_feed|remote_push|email,profile-readiness:profile-prompt-user-profile-activities:adb916c3e591190afd9b45f8,User has at least one activity row,,
user_prompt,ready_for_in_app_admin_delivery,00c69013a76020fd12b4db56,profile-prompt-user-profile-activities,profile,prompt-user,profile.activities,warning,/profile?tab=activities,Add activities,Activities make profile analysis and school fit less generic.,Add activities,in_app_readiness_surface|dashboard,redis_notification_feed|remote_push|email,profile-readiness:profile-prompt-user-profile-activities:00c69013a76020fd12b4db56,User has at least one activity row,,
user_prompt,ready_for_in_app_admin_delivery,1fcb3fd1f8acdc0e2e312acc,profile-prompt-user-profile-activities,profile,prompt-user,profile.activities,warning,/profile?tab=activities,Add activities,Activities make profile analysis and school fit less generic.,Add activities,in_app_readiness_surface|dashboard,redis_notification_feed|remote_push|email,profile-readiness:profile-prompt-user-profile-activities:1fcb3fd1f8acdc0e2e312acc,User has at least one activity row,,
user_prompt,ready_for_in_app_admin_delivery,805c5da5dfebc142dddca509,profile-prompt-user-profile-activities,profile,prompt-user,profile.activities,warning,/profile?tab=activities,Add activities,Activities make profile analysis and school fit less generic.,Add activities,in_app_readiness_surface|dashboard,redis_notification_feed|remote_push|email,profile-readiness:profile-prompt-user-profile-activities:805c5da5dfebc142dddca509,User has at least one activity row,,
user_prompt,ready_for_in_app_admin_delivery,176643ab074df2c6330bdc05,profile-prompt-user-profile-activities,profile,prompt-user,profile.activities,warning,/profile?tab=activities,Add activities,Activities make profile analysis and school fit less generic.,Add activities,in_app_readiness_surface|dashboard,redis_notification_feed|remote_push|email,profile-readiness:profile-prompt-user-profile-activities:176643ab074df2c6330bdc05,User has at least one activity row,,
user_prompt,ready_for_in_app_admin_delivery,c33c10777a45726a21deed93,profile-prompt-user-profile-activities,profile,prompt-user,profile.activities,warning,/profile?tab=activities,Add activities,Activities make profile analysis and school fit less generic.,Add activities,in_app_readiness_surface|dashboard,redis_notification_feed|remote_push|email,profile-readiness:profile-prompt-user-profile-activities:c33c10777a45726a21deed93,User has at least one activity row,,
user_prompt,ready_for_in_app_admin_delivery,ee27103855fd947a0585e587,profile-prompt-user-profile-activities,profile,prompt-user,profile.activities,warning,/profile?tab=activities,Add activities,Activities make profile analysis and school fit less generic.,Add activities,in_app_readiness_surface|dashboard,redis_notification_feed|remote_push|email,profile-readiness:profile-prompt-user-profile-activities:ee27103855fd947a0585e587,User has at least one activity row,,
user_prompt,ready_for_in_app_admin_delivery,d0b967b32741d9ec6459f774,profile-prompt-user-profile-activities,profile,prompt-user,profile.activities,warning,/profile?tab=activities,Add activities,Activities make profile analysis and school fit less generic.,Add activities,in_app_readiness_surface|dashboard,redis_notification_feed|remote_push|email,profile-readiness:profile-prompt-user-profile-activities:d0b967b32741d9ec6459f774,User has at least one activity row,,
user_prompt,ready_for_in_app_admin_delivery,f0dca2416b19d212b3180e2a,profile-prompt-user-profile-activities,profile,prompt-user,profile.activities,warning,/profile?tab=activities,Add activities,Activities make profile analysis and school fit less generic.,Add activities,in_app_readiness_surface|dashboard,redis_notification_feed|remote_push|email,profile-readiness:profile-prompt-user-profile-activities:f0dca2416b19d212b3180e2a,User has at least one activity row,,
user_prompt,ready_for_in_app_admin_delivery,3d0f9da60e8980d06930b481,profile-prompt-user-profile-activities,profile,prompt-user,profile.activities,warning,/profile?tab=activities,Add activities,Activities make profile analysis and school fit less generic.,Add activities,in_app_readiness_surface|dashboard,redis_notification_feed|remote_push|email,profile-readiness:profile-prompt-user-profile-activities:3d0f9da60e8980d06930b481,User has at least one activity row,,
user_prompt,ready_for_in_app_admin_delivery,ca5eb63722908f440c293dc4,profile-prompt-user-profile-activities,profile,prompt-user,profile.activities,warning,/profile?tab=activities,Add activities,Activities make profile analysis and school fit less generic.,Add activities,in_app_readiness_surface|dashboard,redis_notification_feed|remote_push|email,profile-readiness:profile-prompt-user-profile-activities:ca5eb63722908f440c293dc4,User has at least one activity row,,
user_prompt,ready_for_in_app_admin_delivery,9f15e7b53f10db2c2e0f4099,profile-prompt-user-profile-activities,profile,prompt-user,profile.activities,warning,/profile?tab=activities,Add activities,Activities make profile analysis and school fit less generic.,Add activities,in_app_readiness_surface|dashboard,redis_notification_feed|remote_push|email,profile-readiness:profile-prompt-user-profile-activities:9f15e7b53f10db2c2e0f4099,User has at least one activity row,,
user_prompt,ready_for_in_app_admin_delivery,33c78f08811b5c66f475a7f1,profile-prompt-user-profile-activities,profile,prompt-user,profile.activities,warning,/profile?tab=activities,Add activities,Activities make profile analysis and school fit less generic.,Add activities,in_app_readiness_surface|dashboard,redis_notification_feed|remote_push|email,profile-readiness:profile-prompt-user-profile-activities:33c78f08811b5c66f475a7f1,User has at least one activity row,,
user_prompt,ready_for_in_app_admin_delivery,cd0e333cdda02719666fbe49,profile-prompt-user-profile-activities,profile,prompt-user,profile.activities,warning,/profile?tab=activities,Add activities,Activities make profile analysis and school fit less generic.,Add activities,in_app_readiness_surface|dashboard,redis_notification_feed|remote_push|email,profile-readiness:profile-prompt-user-profile-activities:cd0e333cdda02719666fbe49,User has at least one activity row,,
user_prompt,ready_for_in_app_admin_delivery,980eac363cffa8fdead3089a,profile-prompt-user-profile-activities,profile,prompt-user,profile.activities,warning,/profile?tab=activities,Add activities,Activities make profile analysis and school fit less generic.,Add activities,in_app_readiness_surface|dashboard,redis_notification_feed|remote_push|email,profile-readiness:profile-prompt-user-profile-activities:980eac363cffa8fdead3089a,User has at least one activity row,,
user_prompt,ready_for_in_app_admin_delivery,4dff462899d7fb76f8396bdd,profile-prompt-user-profile-activities,profile,prompt-user,profile.activities,warning,/profile?tab=activities,Add activities,Activities make profile analysis and school fit less generic.,Add activities,in_app_readiness_surface|dashboard,redis_notification_feed|remote_push|email,profile-readiness:profile-prompt-user-profile-activities:4dff462899d7fb76f8396bdd,User has at least one activity row,,
user_prompt,ready_for_in_app_admin_delivery,95516cf74b0d570a8bd7faf3,profile-prompt-user-profile-activities,profile,prompt-user,profile.activities,warning,/profile?tab=activities,Add activities,Activities make profile analysis and school fit less generic.,Add activities,in_app_readiness_surface|dashboard,redis_notification_feed|remote_push|email,profile-readiness:profile-prompt-user-profile-activities:95516cf74b0d570a8bd7faf3,User has at least one activity row,,
user_prompt,ready_for_in_app_admin_delivery,b8c3f50120c9a5d54a39ddb5,profile-prompt-user-profile-activities,profile,prompt-user,profile.activities,warning,/profile?tab=activities,Add activities,Activities make profile analysis and school fit less generic.,Add activities,in_app_readiness_surface|dashboard,redis_notification_feed|remote_push|email,profile-readiness:profile-prompt-user-profile-activities:b8c3f50120c9a5d54a39ddb5,User has at least one activity row,,
user_prompt,ready_for_in_app_admin_delivery,e6ac6819060422a01033b7c2,profile-prompt-user-profile-activities,profile,prompt-user,profile.activities,warning,/profile?tab=activities,Add activities,Activities make profile analysis and school fit less generic.,Add activities,in_app_readiness_surface|dashboard,redis_notification_feed|remote_push|email,profile-readiness:profile-prompt-user-profile-activities:e6ac6819060422a01033b7c2,User has at least one activity row,,
user_prompt,ready_for_in_app_admin_delivery,0487162eb16fe3731a2dcd5f,profile-prompt-user-profile-activities,profile,prompt-user,profile.activities,warning,/profile?tab=activities,Add activities,Activities make profile analysis and school fit less generic.,Add activities,in_app_readiness_surface|dashboard,redis_notification_feed|remote_push|email,profile-readiness:profile-prompt-user-profile-activities:0487162eb16fe3731a2dcd5f,User has at least one activity row,,
user_prompt,ready_for_in_app_admin_delivery,625571854e8fb624c0e36346,profile-prompt-user-profile-activities,profile,prompt-user,profile.activities,warning,/profile?tab=activities,Add activities,Activities make profile analysis and school fit less generic.,Add activities,in_app_readiness_surface|dashboard,redis_notification_feed|remote_push|email,profile-readiness:profile-prompt-user-profile-activities:625571854e8fb624c0e36346,User has at least one activity row,,
user_prompt,ready_for_in_app_admin_delivery,8f44cd19e12bead2f651a52f,profile-prompt-user-profile-activities,profile,prompt-user,profile.activities,warning,/profile?tab=activities,Add activities,Activities make profile analysis and school fit less generic.,Add activities,in_app_readiness_surface|dashboard,redis_notification_feed|remote_push|email,profile-readiness:profile-prompt-user-profile-activities:8f44cd19e12bead2f651a52f,User has at least one activity row,,
user_prompt,ready_for_in_app_admin_delivery,12d9095e28814d34280ce5f8,profile-prompt-user-profile-activities,profile,prompt-user,profile.activities,warning,/profile?tab=activities,Add activities,Activities make profile analysis and school fit less generic.,Add activities,in_app_readiness_surface|dashboard,redis_notification_feed|remote_push|email,profile-readiness:profile-prompt-user-profile-activities:12d9095e28814d34280ce5f8,User has at least one activity row,,
user_prompt,ready_for_in_app_admin_delivery,512557be39aeec8a261e16f5,profile-prompt-user-profile-activities,profile,prompt-user,profile.activities,warning,/profile?tab=activities,Add activities,Activities make profile analysis and school fit less generic.,Add activities,in_app_readiness_surface|dashboard,redis_notification_feed|remote_push|email,profile-readiness:profile-prompt-user-profile-activities:512557be39aeec8a261e16f5,User has at least one activity row,,
user_prompt,ready_for_in_app_admin_delivery,8a9894f022079555414c8aeb,profile-prompt-user-profile-activities,profile,prompt-user,profile.activities,warning,/profile?tab=activities,Add activities,Activities make profile analysis and school fit less generic.,Add activities,in_app_readiness_surface|dashboard,redis_notification_feed|remote_push|email,profile-readiness:profile-prompt-user-profile-activities:8a9894f022079555414c8aeb,User has at least one activity row,,
user_prompt,ready_for_in_app_admin_delivery,6174b3d014f4f619a3ff6b72,profile-prompt-user-profile-activities,profile,prompt-user,profile.activities,warning,/profile?tab=activities,Add activities,Activities make profile analysis and school fit less generic.,Add activities,in_app_readiness_surface|dashboard,redis_notification_feed|remote_push|email,profile-readiness:profile-prompt-user-profile-activities:6174b3d014f4f619a3ff6b72,User has at least one activity row,,
user_prompt,ready_for_in_app_admin_delivery,ef468fe3f9990bb15e47ad28,profile-prompt-user-profile-activities,profile,prompt-user,profile.activities,warning,/profile?tab=activities,Add activities,Activities make profile analysis and school fit less generic.,Add activities,in_app_readiness_surface|dashboard,redis_notification_feed|remote_push|email,profile-readiness:profile-prompt-user-profile-activities:ef468fe3f9990bb15e47ad28,User has at least one activity row,,
user_prompt,ready_for_in_app_admin_delivery,120e94098a641151055e7401,profile-prompt-user-profile-activities,profile,prompt-user,profile.activities,warning,/profile?tab=activities,Add activities,Activities make profile analysis and school fit less generic.,Add activities,in_app_readiness_surface|dashboard,redis_notification_feed|remote_push|email,profile-readiness:profile-prompt-user-profile-activities:120e94098a641151055e7401,User has at least one activity row,,
user_prompt,ready_for_in_app_admin_delivery,d9259906488359e282745726,profile-prompt-user-profile-activities,profile,prompt-user,profile.activities,warning,/profile?tab=activities,Add activities,Activities make profile analysis and school fit less generic.,Add activities,in_app_readiness_surface|dashboard,redis_notification_feed|remote_push|email,profile-readiness:profile-prompt-user-profile-activities:d9259906488359e282745726,User has at least one activity row,,
user_prompt,ready_for_in_app_admin_delivery,beeae0f88a46824bd6e36f90,profile-prompt-user-profile-activities,profile,prompt-user,profile.activities,warning,/profile?tab=activities,Add activities,Activities make profile analysis and school fit less generic.,Add activities,in_app_readiness_surface|dashboard,redis_notification_feed|remote_push|email,profile-readiness:profile-prompt-user-profile-activities:beeae0f88a46824bd6e36f90,User has at least one activity row,,
user_prompt,ready_for_in_app_admin_delivery,962fe005af82e4f313bedb2d,profile-prompt-user-profile-activities,profile,prompt-user,profile.activities,warning,/profile?tab=activities,Add activities,Activities make profile analysis and school fit less generic.,Add activities,in_app_readiness_surface|dashboard,redis_notification_feed|remote_push|email,profile-readiness:profile-prompt-user-profile-activities:962fe005af82e4f313bedb2d,User has at least one activity row,,
user_prompt,ready_for_in_app_admin_delivery,e2d4f5f8fc21d9e4dd7d2df2,profile-prompt-user-profile-activities,profile,prompt-user,profile.activities,warning,/profile?tab=activities,Add activities,Activities make profile analysis and school fit less generic.,Add activities,in_app_readiness_surface|dashboard,redis_notification_feed|remote_push|email,profile-readiness:profile-prompt-user-profile-activities:e2d4f5f8fc21d9e4dd7d2df2,User has at least one activity row,,
user_prompt,ready_for_in_app_admin_delivery,dcade48028aa7004b2e2b982,profile-prompt-user-profile-activities,profile,prompt-user,profile.activities,warning,/profile?tab=activities,Add activities,Activities make profile analysis and school fit less generic.,Add activities,in_app_readiness_surface|dashboard,redis_notification_feed|remote_push|email,profile-readiness:profile-prompt-user-profile-activities:dcade48028aa7004b2e2b982,User has at least one activity row,,
user_prompt,ready_for_in_app_admin_delivery,da83d1a201eb1e0112b7eec4,profile-prompt-user-profile-activities,profile,prompt-user,profile.activities,warning,/profile?tab=activities,Add activities,Activities make profile analysis and school fit less generic.,Add activities,in_app_readiness_surface|dashboard,redis_notification_feed|remote_push|email,profile-readiness:profile-prompt-user-profile-activities:da83d1a201eb1e0112b7eec4,User has at least one activity row,,
user_prompt,ready_for_in_app_admin_delivery,0f06d8ca1b23d3a1dc68a6eb,profile-prompt-user-profile-activities,profile,prompt-user,profile.activities,warning,/profile?tab=activities,Add activities,Activities make profile analysis and school fit less generic.,Add activities,in_app_readiness_surface|dashboard,redis_notification_feed|remote_push|email,profile-readiness:profile-prompt-user-profile-activities:0f06d8ca1b23d3a1dc68a6eb,User has at least one activity row,,
user_prompt,ready_for_in_app_admin_delivery,473c4613d839068ba7855d82,profile-prompt-user-profile-activities,profile,prompt-user,profile.activities,warning,/profile?tab=activities,Add activities,Activities make profile analysis and school fit less generic.,Add activities,in_app_readiness_surface|dashboard,redis_notification_feed|remote_push|email,profile-readiness:profile-prompt-user-profile-activities:473c4613d839068ba7855d82,User has at least one activity row,,
user_prompt,ready_for_in_app_admin_delivery,30644d4d38a7469292f1c5ee,profile-prompt-user-profile-activities,profile,prompt-user,profile.activities,warning,/profile?tab=activities,Add activities,Activities make profile analysis and school fit less generic.,Add activities,in_app_readiness_surface|dashboard,redis_notification_feed|remote_push|email,profile-readiness:profile-prompt-user-profile-activities:30644d4d38a7469292f1c5ee,User has at least one activity row,,
user_prompt,ready_for_in_app_admin_delivery,0defed87eef77bb11270748d,profile-prompt-user-profile-activities,profile,prompt-user,profile.activities,warning,/profile?tab=activities,Add activities,Activities make profile analysis and school fit less generic.,Add activities,in_app_readiness_surface|dashboard,redis_notification_feed|remote_push|email,profile-readiness:profile-prompt-user-profile-activities:0defed87eef77bb11270748d,User has at least one activity row,,
user_prompt,ready_for_in_app_admin_delivery,cc241cedf886e14bf508182b,profile-prompt-user-profile-activities,profile,prompt-user,profile.activities,warning,/profile?tab=activities,Add activities,Activities make profile analysis and school fit less generic.,Add activities,in_app_readiness_surface|dashboard,redis_notification_feed|remote_push|email,profile-readiness:profile-prompt-user-profile-activities:cc241cedf886e14bf508182b,User has at least one activity row,,
user_prompt,ready_for_in_app_admin_delivery,85490fb37f0bdf02f563ea85,profile-prompt-user-profile-activities,profile,prompt-user,profile.activities,warning,/profile?tab=activities,Add activities,Activities make profile analysis and school fit less generic.,Add activities,in_app_readiness_surface|dashboard,redis_notification_feed|remote_push|email,profile-readiness:profile-prompt-user-profile-activities:85490fb37f0bdf02f563ea85,User has at least one activity row,,
user_prompt,ready_for_in_app_admin_delivery,12c0646647db687d1a65aed0,profile-prompt-user-profile-activities,profile,prompt-user,profile.activities,warning,/profile?tab=activities,Add activities,Activities make profile analysis and school fit less generic.,Add activities,in_app_readiness_surface|dashboard,redis_notification_feed|remote_push|email,profile-readiness:profile-prompt-user-profile-activities:12c0646647db687d1a65aed0,User has at least one activity row,,
user_prompt,ready_for_in_app_admin_delivery,a11417640be59bed20bc3a98,profile-prompt-user-profile-activities,profile,prompt-user,profile.activities,warning,/profile?tab=activities,Add activities,Activities make profile analysis and school fit less generic.,Add activities,in_app_readiness_surface|dashboard,redis_notification_feed|remote_push|email,profile-readiness:profile-prompt-user-profile-activities:a11417640be59bed20bc3a98,User has at least one activity row,,
user_prompt,ready_for_in_app_admin_delivery,8f66d4f73209fbaccd3033bf,profile-prompt-user-profile-activities,profile,prompt-user,profile.activities,warning,/profile?tab=activities,Add activities,Activities make profile analysis and school fit less generic.,Add activities,in_app_readiness_surface|dashboard,redis_notification_feed|remote_push|email,profile-readiness:profile-prompt-user-profile-activities:8f66d4f73209fbaccd3033bf,User has at least one activity row,,
user_prompt,ready_for_in_app_admin_delivery,c20f861a8c401467478f1ff8,profile-prompt-user-profile-activities,profile,prompt-user,profile.activities,warning,/profile?tab=activities,Add activities,Activities make profile analysis and school fit less generic.,Add activities,in_app_readiness_surface|dashboard,redis_notification_feed|remote_push|email,profile-readiness:profile-prompt-user-profile-activities:c20f861a8c401467478f1ff8,User has at least one activity row,,
user_prompt,ready_for_in_app_admin_delivery,3e9f49d50ab7d023f1a8e39e,profile-prompt-user-profile-activities,profile,prompt-user,profile.activities,warning,/profile?tab=activities,Add activities,Activities make profile analysis and school fit less generic.,Add activities,in_app_readiness_surface|dashboard,redis_notification_feed|remote_push|email,profile-readiness:profile-prompt-user-profile-activities:3e9f49d50ab7d023f1a8e39e,User has at least one activity row,,
user_prompt,ready_for_in_app_admin_delivery,8e31c7196b60b7f62dbf3e4d,profile-prompt-user-profile-activities,profile,prompt-user,profile.activities,warning,/profile?tab=activities,Add activities,Activities make profile analysis and school fit less generic.,Add activities,in_app_readiness_surface|dashboard,redis_notification_feed|remote_push|email,profile-readiness:profile-prompt-user-profile-activities:8e31c7196b60b7f62dbf3e4d,User has at least one activity row,,
user_prompt,ready_for_in_app_admin_delivery,8965a5653322427763446164,profile-prompt-user-profile-activities,profile,prompt-user,profile.activities,warning,/profile?tab=activities,Add activities,Activities make profile analysis and school fit less generic.,Add activities,in_app_readiness_surface|dashboard,redis_notification_feed|remote_push|email,profile-readiness:profile-prompt-user-profile-activities:8965a5653322427763446164,User has at least one activity row,,
user_prompt,ready_for_in_app_admin_delivery,ac2c023316430f730db17894,profile-prompt-user-profile-activities,profile,prompt-user,profile.activities,warning,/profile?tab=activities,Add activities,Activities make profile analysis and school fit less generic.,Add activities,in_app_readiness_surface|dashboard,redis_notification_feed|remote_push|email,profile-readiness:profile-prompt-user-profile-activities:ac2c023316430f730db17894,User has at least one activity row,,
user_prompt,ready_for_in_app_admin_delivery,c55f20f3b89df5b634961f1e,profile-prompt-user-profile-activities,profile,prompt-user,profile.activities,warning,/profile?tab=activities,Add activities,Activities make profile analysis and school fit less generic.,Add activities,in_app_readiness_surface|dashboard,redis_notification_feed|remote_push|email,profile-readiness:profile-prompt-user-profile-activities:c55f20f3b89df5b634961f1e,User has at least one activity row,,
user_prompt,ready_for_in_app_admin_delivery,7df532744d1a3bafc3330adc,profile-prompt-user-profile-activities,profile,prompt-user,profile.activities,warning,/profile?tab=activities,Add activities,Activities make profile analysis and school fit less generic.,Add activities,in_app_readiness_surface|dashboard,redis_notification_feed|remote_push|email,profile-readiness:profile-prompt-user-profile-activities:7df532744d1a3bafc3330adc,User has at least one activity row,,
user_prompt,ready_for_in_app_admin_delivery,a55ab6c1a78d611492aa7abb,profile-prompt-user-profile-activities,profile,prompt-user,profile.activities,warning,/profile?tab=activities,Add activities,Activities make profile analysis and school fit less generic.,Add activities,in_app_readiness_surface|dashboard,redis_notification_feed|remote_push|email,profile-readiness:profile-prompt-user-profile-activities:a55ab6c1a78d611492aa7abb,User has at least one activity row,,
user_prompt,ready_for_in_app_admin_delivery,ae7152deb8b5ace78d0988b5,profile-prompt-user-profile-activities,profile,prompt-user,profile.activities,warning,/profile?tab=activities,Add activities,Activities make profile analysis and school fit less generic.,Add activities,in_app_readiness_surface|dashboard,redis_notification_feed|remote_push|email,profile-readiness:profile-prompt-user-profile-activities:ae7152deb8b5ace78d0988b5,User has at least one activity row,,
user_prompt,ready_for_in_app_admin_delivery,3512b2c610d4daef63decaa6,profile-prompt-user-profile-activities,profile,prompt-user,profile.activities,warning,/profile?tab=activities,Add activities,Activities make profile analysis and school fit less generic.,Add activities,in_app_readiness_surface|dashboard,redis_notification_feed|remote_push|email,profile-readiness:profile-prompt-user-profile-activities:3512b2c610d4daef63decaa6,User has at least one activity row,,
user_prompt,ready_for_in_app_admin_delivery,a1040538ac4757f6a01af3c6,profile-prompt-user-profile-activities,profile,prompt-user,profile.activities,warning,/profile?tab=activities,Add activities,Activities make profile analysis and school fit less generic.,Add activities,in_app_readiness_surface|dashboard,redis_notification_feed|remote_push|email,profile-readiness:profile-prompt-user-profile-activities:a1040538ac4757f6a01af3c6,User has at least one activity row,,
user_prompt,ready_for_in_app_admin_delivery,f0c5fc6faa1df34435ff29e2,profile-prompt-user-profile-activities,profile,prompt-user,profile.activities,warning,/profile?tab=activities,Add activities,Activities make profile analysis and school fit less generic.,Add activities,in_app_readiness_surface|dashboard,redis_notification_feed|remote_push|email,profile-readiness:profile-prompt-user-profile-activities:f0c5fc6faa1df34435ff29e2,User has at least one activity row,,
user_prompt,ready_for_in_app_admin_delivery,ef10e256980dcebb77dfd621,profile-prompt-user-profile-activities,profile,prompt-user,profile.activities,warning,/profile?tab=activities,Add activities,Activities make profile analysis and school fit less generic.,Add activities,in_app_readiness_surface|dashboard,redis_notification_feed|remote_push|email,profile-readiness:profile-prompt-user-profile-activities:ef10e256980dcebb77dfd621,User has at least one activity row,,
user_prompt,ready_for_in_app_admin_delivery,a365f08979a29f52d46a610c,profile-prompt-user-profile-activities,profile,prompt-user,profile.activities,warning,/profile?tab=activities,Add activities,Activities make profile analysis and school fit less generic.,Add activities,in_app_readiness_surface|dashboard,redis_notification_feed|remote_push|email,profile-readiness:profile-prompt-user-profile-activities:a365f08979a29f52d46a610c,User has at least one activity row,,
user_prompt,ready_for_in_app_admin_delivery,151da5994495423f1806b2f0,profile-prompt-user-profile-activities,profile,prompt-user,profile.activities,warning,/profile?tab=activities,Add activities,Activities make profile analysis and school fit less generic.,Add activities,in_app_readiness_surface|dashboard,redis_notification_feed|remote_push|email,profile-readiness:profile-prompt-user-profile-activities:151da5994495423f1806b2f0,User has at least one activity row,,
user_prompt,ready_for_in_app_admin_delivery,090d8e54b0e955027644958a,profile-prompt-user-profile-activities,profile,prompt-user,profile.activities,warning,/profile?tab=activities,Add activities,Activities make profile analysis and school fit less generic.,Add activities,in_app_readiness_surface|dashboard,redis_notification_feed|remote_push|email,profile-readiness:profile-prompt-user-profile-activities:090d8e54b0e955027644958a,User has at least one activity row,,
user_prompt,ready_for_in_app_admin_delivery,6f95063993edc2d69b750760,profile-prompt-user-profile-activities,profile,prompt-user,profile.activities,warning,/profile?tab=activities,Add activities,Activities make profile analysis and school fit less generic.,Add activities,in_app_readiness_surface|dashboard,redis_notification_feed|remote_push|email,profile-readiness:profile-prompt-user-profile-activities:6f95063993edc2d69b750760,User has at least one activity row,,
user_prompt,ready_for_in_app_admin_delivery,efedd357e0c8b9536160f8f6,profile-prompt-user-profile-activities,profile,prompt-user,profile.activities,warning,/profile?tab=activities,Add activities,Activities make profile analysis and school fit less generic.,Add activities,in_app_readiness_surface|dashboard,redis_notification_feed|remote_push|email,profile-readiness:profile-prompt-user-profile-activities:efedd357e0c8b9536160f8f6,User has at least one activity row,,
user_prompt,ready_for_in_app_admin_delivery,b29d033421d2c8ab0fa5c69b,profile-prompt-user-profile-activities,profile,prompt-user,profile.activities,warning,/profile?tab=activities,Add activities,Activities make profile analysis and school fit less generic.,Add activities,in_app_readiness_surface|dashboard,redis_notification_feed|remote_push|email,profile-readiness:profile-prompt-user-profile-activities:b29d033421d2c8ab0fa5c69b,User has at least one activity row,,
user_prompt,ready_for_in_app_admin_delivery,1af5029e2c9cee54b3aa5379,profile-prompt-user-profile-activities,profile,prompt-user,profile.activities,warning,/profile?tab=activities,Add activities,Activities make profile analysis and school fit less generic.,Add activities,in_app_readiness_surface|dashboard,redis_notification_feed|remote_push|email,profile-readiness:profile-prompt-user-profile-activities:1af5029e2c9cee54b3aa5379,User has at least one activity row,,
user_prompt,ready_for_in_app_admin_delivery,32824a404947ef3550d69a72,profile-prompt-user-profile-activities,profile,prompt-user,profile.activities,warning,/profile?tab=activities,Add activities,Activities make profile analysis and school fit less generic.,Add activities,in_app_readiness_surface|dashboard,redis_notification_feed|remote_push|email,profile-readiness:profile-prompt-user-profile-activities:32824a404947ef3550d69a72,User has at least one activity row,,
user_prompt,ready_for_in_app_admin_delivery,a2676b11991f59fc253f6d0a,profile-prompt-user-profile-activities,profile,prompt-user,profile.activities,warning,/profile?tab=activities,Add activities,Activities make profile analysis and school fit less generic.,Add activities,in_app_readiness_surface|dashboard,redis_notification_feed|remote_push|email,profile-readiness:profile-prompt-user-profile-activities:a2676b11991f59fc253f6d0a,User has at least one activity row,,
user_prompt,ready_for_in_app_admin_delivery,e90f73773879c88c915125d3,profile-prompt-user-profile-activities,profile,prompt-user,profile.activities,warning,/profile?tab=activities,Add activities,Activities make profile analysis and school fit less generic.,Add activities,in_app_readiness_surface|dashboard,redis_notification_feed|remote_push|email,profile-readiness:profile-prompt-user-profile-activities:e90f73773879c88c915125d3,User has at least one activity row,,
user_prompt,ready_for_in_app_admin_delivery,241e0447f0aa4ae8bec24164,profile-prompt-user-profile-activities,profile,prompt-user,profile.activities,warning,/profile?tab=activities,Add activities,Activities make profile analysis and school fit less generic.,Add activities,in_app_readiness_surface|dashboard,redis_notification_feed|remote_push|email,profile-readiness:profile-prompt-user-profile-activities:241e0447f0aa4ae8bec24164,User has at least one activity row,,
user_prompt,ready_for_in_app_admin_delivery,8677b59c1c43ffabba1f2edb,profile-prompt-user-profile-activities,profile,prompt-user,profile.activities,warning,/profile?tab=activities,Add activities,Activities make profile analysis and school fit less generic.,Add activities,in_app_readiness_surface|dashboard,redis_notification_feed|remote_push|email,profile-readiness:profile-prompt-user-profile-activities:8677b59c1c43ffabba1f2edb,User has at least one activity row,,
user_prompt,ready_for_in_app_admin_delivery,f21afb7cbab11118d600aaf0,profile-prompt-user-profile-activities,profile,prompt-user,profile.activities,warning,/profile?tab=activities,Add activities,Activities make profile analysis and school fit less generic.,Add activities,in_app_readiness_surface|dashboard,redis_notification_feed|remote_push|email,profile-readiness:profile-prompt-user-profile-activities:f21afb7cbab11118d600aaf0,User has at least one activity row,,
user_prompt,ready_for_in_app_admin_delivery,36cf7e859f087f74b75589c8,profile-prompt-user-profile-activities,profile,prompt-user,profile.activities,warning,/profile?tab=activities,Add activities,Activities make profile analysis and school fit less generic.,Add activities,in_app_readiness_surface|dashboard,redis_notification_feed|remote_push|email,profile-readiness:profile-prompt-user-profile-activities:36cf7e859f087f74b75589c8,User has at least one activity row,,
user_prompt,ready_for_in_app_admin_delivery,de62d0f8511b17551ee7c676,profile-prompt-user-profile-activities,profile,prompt-user,profile.activities,warning,/profile?tab=activities,Add activities,Activities make profile analysis and school fit less generic.,Add activities,in_app_readiness_surface|dashboard,redis_notification_feed|remote_push|email,profile-readiness:profile-prompt-user-profile-activities:de62d0f8511b17551ee7c676,User has at least one activity row,,
user_prompt,ready_for_in_app_admin_delivery,01ab33b5a74e8087d440a72b,profile-prompt-user-profile-activities,profile,prompt-user,profile.activities,warning,/profile?tab=activities,Add activities,Activities make profile analysis and school fit less generic.,Add activities,in_app_readiness_surface|dashboard,redis_notification_feed|remote_push|email,profile-readiness:profile-prompt-user-profile-activities:01ab33b5a74e8087d440a72b,User has at least one activity row,,
user_prompt,ready_for_in_app_admin_delivery,31259b62c40c42e489b70961,profile-prompt-user-profile-activities,profile,prompt-user,profile.activities,warning,/profile?tab=activities,Add activities,Activities make profile analysis and school fit less generic.,Add activities,in_app_readiness_surface|dashboard,redis_notification_feed|remote_push|email,profile-readiness:profile-prompt-user-profile-activities:31259b62c40c42e489b70961,User has at least one activity row,,
user_prompt,ready_for_in_app_admin_delivery,2b9fd436eb1380dafdc8bb61,profile-prompt-user-profile-activities,profile,prompt-user,profile.activities,warning,/profile?tab=activities,Add activities,Activities make profile analysis and school fit less generic.,Add activities,in_app_readiness_surface|dashboard,redis_notification_feed|remote_push|email,profile-readiness:profile-prompt-user-profile-activities:2b9fd436eb1380dafdc8bb61,User has at least one activity row,,
user_prompt,ready_for_in_app_admin_delivery,82c25cdac81c232afa19074b,profile-prompt-user-profile-activities,profile,prompt-user,profile.activities,warning,/profile?tab=activities,Add activities,Activities make profile analysis and school fit less generic.,Add activities,in_app_readiness_surface|dashboard,redis_notification_feed|remote_push|email,profile-readiness:profile-prompt-user-profile-activities:82c25cdac81c232afa19074b,User has at least one activity row,,
user_prompt,ready_for_in_app_admin_delivery,c64128137c011d1b7f7475ea,profile-prompt-user-profile-activities,profile,prompt-user,profile.activities,warning,/profile?tab=activities,Add activities,Activities make profile analysis and school fit less generic.,Add activities,in_app_readiness_surface|dashboard,redis_notification_feed|remote_push|email,profile-readiness:profile-prompt-user-profile-activities:c64128137c011d1b7f7475ea,User has at least one activity row,,
user_prompt,ready_for_in_app_admin_delivery,c63f68036b2ddca06dc47664,profile-prompt-user-profile-activities,profile,prompt-user,profile.activities,warning,/profile?tab=activities,Add activities,Activities make profile analysis and school fit less generic.,Add activities,in_app_readiness_surface|dashboard,redis_notification_feed|remote_push|email,profile-readiness:profile-prompt-user-profile-activities:c63f68036b2ddca06dc47664,User has at least one activity row,,
user_prompt,ready_for_in_app_admin_delivery,d1c0998ca351dc0a975ebd0a,profile-prompt-user-profile-activities,profile,prompt-user,profile.activities,warning,/profile?tab=activities,Add activities,Activities make profile analysis and school fit less generic.,Add activities,in_app_readiness_surface|dashboard,redis_notification_feed|remote_push|email,profile-readiness:profile-prompt-user-profile-activities:d1c0998ca351dc0a975ebd0a,User has at least one activity row,,
user_prompt,ready_for_in_app_admin_delivery,b60798c40c1e2e577ce53ab4,profile-prompt-user-profile-activities,profile,prompt-user,profile.activities,warning,/profile?tab=activities,Add activities,Activities make profile analysis and school fit less generic.,Add activities,in_app_readiness_surface|dashboard,redis_notification_feed|remote_push|email,profile-readiness:profile-prompt-user-profile-activities:b60798c40c1e2e577ce53ab4,User has at least one activity row,,
user_prompt,ready_for_in_app_admin_delivery,d128a2740df50dbab9cec084,profile-prompt-user-profile-activities,profile,prompt-user,profile.activities,warning,/profile?tab=activities,Add activities,Activities make profile analysis and school fit less generic.,Add activities,in_app_readiness_surface|dashboard,redis_notification_feed|remote_push|email,profile-readiness:profile-prompt-user-profile-activities:d128a2740df50dbab9cec084,User has at least one activity row,,
user_prompt,ready_for_in_app_admin_delivery,7f6bb489de56e832f9e52127,profile-prompt-user-profile-activities,profile,prompt-user,profile.activities,warning,/profile?tab=activities,Add activities,Activities make profile analysis and school fit less generic.,Add activities,in_app_readiness_surface|dashboard,redis_notification_feed|remote_push|email,profile-readiness:profile-prompt-user-profile-activities:7f6bb489de56e832f9e52127,User has at least one activity row,,
user_prompt,ready_for_in_app_admin_delivery,14c7de94a7e7ca1cdc53342f,profile-prompt-user-profile-activities,profile,prompt-user,profile.activities,warning,/profile?tab=activities,Add activities,Activities make profile analysis and school fit less generic.,Add activities,in_app_readiness_surface|dashboard,redis_notification_feed|remote_push|email,profile-readiness:profile-prompt-user-profile-activities:14c7de94a7e7ca1cdc53342f,User has at least one activity row,,
user_prompt,ready_for_in_app_admin_delivery,0e8b80ea37c6c962912efbfe,profile-prompt-user-profile-activities,profile,prompt-user,profile.activities,warning,/profile?tab=activities,Add activities,Activities make profile analysis and school fit less generic.,Add activities,in_app_readiness_surface|dashboard,redis_notification_feed|remote_push|email,profile-readiness:profile-prompt-user-profile-activities:0e8b80ea37c6c962912efbfe,User has at least one activity row,,
user_prompt,ready_for_in_app_admin_delivery,e8ec5713bb02702e3aeb2112,profile-prompt-user-profile-activities,profile,prompt-user,profile.activities,warning,/profile?tab=activities,Add activities,Activities make profile analysis and school fit less generic.,Add activities,in_app_readiness_surface|dashboard,redis_notification_feed|remote_push|email,profile-readiness:profile-prompt-user-profile-activities:e8ec5713bb02702e3aeb2112,User has at least one activity row,,
user_prompt,ready_for_in_app_admin_delivery,ed4d86d4f0df5dbe3d418f2a,profile-prompt-user-profile-activities,profile,prompt-user,profile.activities,warning,/profile?tab=activities,Add activities,Activities make profile analysis and school fit less generic.,Add activities,in_app_readiness_surface|dashboard,redis_notification_feed|remote_push|email,profile-readiness:profile-prompt-user-profile-activities:ed4d86d4f0df5dbe3d418f2a,User has at least one activity row,,
user_prompt,ready_for_in_app_admin_delivery,da498548b275de7c66eb51c4,profile-prompt-user-profile-activities,profile,prompt-user,profile.activities,warning,/profile?tab=activities,Add activities,Activities make profile analysis and school fit less generic.,Add activities,in_app_readiness_surface|dashboard,redis_notification_feed|remote_push|email,profile-readiness:profile-prompt-user-profile-activities:da498548b275de7c66eb51c4,User has at least one activity row,,
user_prompt,ready_for_in_app_admin_delivery,c1ee26c6e5d5fc22a5ab6a68,profile-prompt-user-profile-activities,profile,prompt-user,profile.activities,warning,/profile?tab=activities,Add activities,Activities make profile analysis and school fit less generic.,Add activities,in_app_readiness_surface|dashboard,redis_notification_feed|remote_push|email,profile-readiness:profile-prompt-user-profile-activities:c1ee26c6e5d5fc22a5ab6a68,User has at least one activity row,,
user_prompt,ready_for_in_app_admin_delivery,1f7d5b3f21061af17d61866b,profile-prompt-user-profile-activities,profile,prompt-user,profile.activities,warning,/profile?tab=activities,Add activities,Activities make profile analysis and school fit less generic.,Add activities,in_app_readiness_surface|dashboard,redis_notification_feed|remote_push|email,profile-readiness:profile-prompt-user-profile-activities:1f7d5b3f21061af17d61866b,User has at least one activity row,,
user_prompt,ready_for_in_app_admin_delivery,27ae69e1f0abb0ad7feeb352,profile-prompt-user-profile-activities,profile,prompt-user,profile.activities,warning,/profile?tab=activities,Add activities,Activities make profile analysis and school fit less generic.,Add activities,in_app_readiness_surface|dashboard,redis_notification_feed|remote_push|email,profile-readiness:profile-prompt-user-profile-activities:27ae69e1f0abb0ad7feeb352,User has at least one activity row,,
user_prompt,ready_for_in_app_admin_delivery,6a53d4fad2e59ce4a60c5ae2,profile-prompt-user-profile-activities,profile,prompt-user,profile.activities,warning,/profile?tab=activities,Add activities,Activities make profile analysis and school fit less generic.,Add activities,in_app_readiness_surface|dashboard,redis_notification_feed|remote_push|email,profile-readiness:profile-prompt-user-profile-activities:6a53d4fad2e59ce4a60c5ae2,User has at least one activity row,,
user_prompt,ready_for_in_app_admin_delivery,49d7694af58affd0f130bcae,profile-prompt-user-profile-activities,profile,prompt-user,profile.activities,warning,/profile?tab=activities,Add activities,Activities make profile analysis and school fit less generic.,Add activities,in_app_readiness_surface|dashboard,redis_notification_feed|remote_push|email,profile-readiness:profile-prompt-user-profile-activities:49d7694af58affd0f130bcae,User has at least one activity row,,
user_prompt,ready_for_in_app_admin_delivery,220b9db20712a950a9b77b12,profile-prompt-user-profile-activities,profile,prompt-user,profile.activities,warning,/profile?tab=activities,Add activities,Activities make profile analysis and school fit less generic.,Add activities,in_app_readiness_surface|dashboard,redis_notification_feed|remote_push|email,profile-readiness:profile-prompt-user-profile-activities:220b9db20712a950a9b77b12,User has at least one activity row,,
user_prompt,ready_for_in_app_admin_delivery,c8f04079c9635234dcac71c3,profile-prompt-user-profile-activities,profile,prompt-user,profile.activities,warning,/profile?tab=activities,Add activities,Activities make profile analysis and school fit less generic.,Add activities,in_app_readiness_surface|dashboard,redis_notification_feed|remote_push|email,profile-readiness:profile-prompt-user-profile-activities:c8f04079c9635234dcac71c3,User has at least one activity row,,
user_prompt,ready_for_in_app_admin_delivery,1588484e9c43a3c90218c532,profile-prompt-user-profile-activities,profile,prompt-user,profile.activities,warning,/profile?tab=activities,Add activities,Activities make profile analysis and school fit less generic.,Add activities,in_app_readiness_surface|dashboard,redis_notification_feed|remote_push|email,profile-readiness:profile-prompt-user-profile-activities:1588484e9c43a3c90218c532,User has at least one activity row,,
user_prompt,ready_for_in_app_admin_delivery,97d38830683f5a612a219f6e,profile-prompt-user-profile-activities,profile,prompt-user,profile.activities,warning,/profile?tab=activities,Add activities,Activities make profile analysis and school fit less generic.,Add activities,in_app_readiness_surface|dashboard,redis_notification_feed|remote_push|email,profile-readiness:profile-prompt-user-profile-activities:97d38830683f5a612a219f6e,User has at least one activity row,,
user_prompt,ready_for_in_app_admin_delivery,7a29e78a2be76e25d6e24374,profile-prompt-user-profile-basic-context,profile,prompt-user,profile.basic_context,warning,/profile?tab=basic,Complete basic school context,"Grade, curriculum, and school context help compare your profile fairly.",Update profile,in_app_readiness_surface|dashboard,redis_notification_feed|remote_push|email,profile-readiness:profile-prompt-user-profile-basic-context:7a29e78a2be76e25d6e24374,Profile school/grade/curriculum context exists,,
user_prompt,ready_for_in_app_admin_delivery,fbebd41cf5af26d73edb886c,profile-prompt-user-profile-basic-context,profile,prompt-user,profile.basic_context,warning,/profile?tab=basic,Complete basic school context,"Grade, curriculum, and school context help compare your profile fairly.",Update profile,in_app_readiness_surface|dashboard,redis_notification_feed|remote_push|email,profile-readiness:profile-prompt-user-profile-basic-context:fbebd41cf5af26d73edb886c,Profile school/grade/curriculum context exists,,
user_prompt,ready_for_in_app_admin_delivery,819e264db561cad594fc3424,profile-prompt-user-profile-basic-context,profile,prompt-user,profile.basic_context,warning,/profile?tab=basic,Complete basic school context,"Grade, curriculum, and school context help compare your profile fairly.",Update profile,in_app_readiness_surface|dashboard,redis_notification_feed|remote_push|email,profile-readiness:profile-prompt-user-profile-basic-context:819e264db561cad594fc3424,Profile school/grade/curriculum context exists,,
user_prompt,ready_for_in_app_admin_delivery,0894db086e3f4b4fc895f73a,profile-prompt-user-profile-basic-context,profile,prompt-user,profile.basic_context,warning,/profile?tab=basic,Complete basic school context,"Grade, curriculum, and school context help compare your profile fairly.",Update profile,in_app_readiness_surface|dashboard,redis_notification_feed|remote_push|email,profile-readiness:profile-prompt-user-profile-basic-context:0894db086e3f4b4fc895f73a,Profile school/grade/curriculum context exists,,
user_prompt,ready_for_in_app_admin_delivery,ffd3d30f800c70b4474e17f0,profile-prompt-user-profile-basic-context,profile,prompt-user,profile.basic_context,warning,/profile?tab=basic,Complete basic school context,"Grade, curriculum, and school context help compare your profile fairly.",Update profile,in_app_readiness_surface|dashboard,redis_notification_feed|remote_push|email,profile-readiness:profile-prompt-user-profile-basic-context:ffd3d30f800c70b4474e17f0,Profile school/grade/curriculum context exists,,
user_prompt,ready_for_in_app_admin_delivery,ab643620cb4c3d701bd65b74,profile-prompt-user-profile-basic-context,profile,prompt-user,profile.basic_context,warning,/profile?tab=basic,Complete basic school context,"Grade, curriculum, and school context help compare your profile fairly.",Update profile,in_app_readiness_surface|dashboard,redis_notification_feed|remote_push|email,profile-readiness:profile-prompt-user-profile-basic-context:ab643620cb4c3d701bd65b74,Profile school/grade/curriculum context exists,,
user_prompt,ready_for_in_app_admin_delivery,c99677ed495aaf074082582c,profile-prompt-user-profile-basic-context,profile,prompt-user,profile.basic_context,warning,/profile?tab=basic,Complete basic school context,"Grade, curriculum, and school context help compare your profile fairly.",Update profile,in_app_readiness_surface|dashboard,redis_notification_feed|remote_push|email,profile-readiness:profile-prompt-user-profile-basic-context:c99677ed495aaf074082582c,Profile school/grade/curriculum context exists,,
user_prompt,ready_for_in_app_admin_delivery,8758f245bb5b0e6bffd40998,profile-prompt-user-profile-basic-context,profile,prompt-user,profile.basic_context,warning,/profile?tab=basic,Complete basic school context,"Grade, curriculum, and school context help compare your profile fairly.",Update profile,in_app_readiness_surface|dashboard,redis_notification_feed|remote_push|email,profile-readiness:profile-prompt-user-profile-basic-context:8758f245bb5b0e6bffd40998,Profile school/grade/curriculum context exists,,
user_prompt,ready_for_in_app_admin_delivery,742e79987159c980e75b20c7,profile-prompt-user-profile-basic-context,profile,prompt-user,profile.basic_context,warning,/profile?tab=basic,Complete basic school context,"Grade, curriculum, and school context help compare your profile fairly.",Update profile,in_app_readiness_surface|dashboard,redis_notification_feed|remote_push|email,profile-readiness:profile-prompt-user-profile-basic-context:742e79987159c980e75b20c7,Profile school/grade/curriculum context exists,,
user_prompt,ready_for_in_app_admin_delivery,8af993107f24d792723e4fc1,profile-prompt-user-profile-basic-context,profile,prompt-user,profile.basic_context,warning,/profile?tab=basic,Complete basic school context,"Grade, curriculum, and school context help compare your profile fairly.",Update profile,in_app_readiness_surface|dashboard,redis_notification_feed|remote_push|email,profile-readiness:profile-prompt-user-profile-basic-context:8af993107f24d792723e4fc1,Profile school/grade/curriculum context exists,,
user_prompt,ready_for_in_app_admin_delivery,023ef579e34956e6a8f61adb,profile-prompt-user-profile-basic-context,profile,prompt-user,profile.basic_context,warning,/profile?tab=basic,Complete basic school context,"Grade, curriculum, and school context help compare your profile fairly.",Update profile,in_app_readiness_surface|dashboard,redis_notification_feed|remote_push|email,profile-readiness:profile-prompt-user-profile-basic-context:023ef579e34956e6a8f61adb,Profile school/grade/curriculum context exists,,
user_prompt,ready_for_in_app_admin_delivery,d74687608cda95b086d53cdc,profile-prompt-user-profile-basic-context,profile,prompt-user,profile.basic_context,warning,/profile?tab=basic,Complete basic school context,"Grade, curriculum, and school context help compare your profile fairly.",Update profile,in_app_readiness_surface|dashboard,redis_notification_feed|remote_push|email,profile-readiness:profile-prompt-user-profile-basic-context:d74687608cda95b086d53cdc,Profile school/grade/curriculum context exists,,
user_prompt,ready_for_in_app_admin_delivery,138284095a25d1fae7337a3c,profile-prompt-user-profile-basic-context,profile,prompt-user,profile.basic_context,warning,/profile?tab=basic,Complete basic school context,"Grade, curriculum, and school context help compare your profile fairly.",Update profile,in_app_readiness_surface|dashboard,redis_notification_feed|remote_push|email,profile-readiness:profile-prompt-user-profile-basic-context:138284095a25d1fae7337a3c,Profile school/grade/curriculum context exists,,
user_prompt,ready_for_in_app_admin_delivery,5de082603a9960cfa8117421,profile-prompt-user-profile-basic-context,profile,prompt-user,profile.basic_context,warning,/profile?tab=basic,Complete basic school context,"Grade, curriculum, and school context help compare your profile fairly.",Update profile,in_app_readiness_surface|dashboard,redis_notification_feed|remote_push|email,profile-readiness:profile-prompt-user-profile-basic-context:5de082603a9960cfa8117421,Profile school/grade/curriculum context exists,,
user_prompt,ready_for_in_app_admin_delivery,06cab65bad990f73a0e2013e,profile-prompt-user-profile-basic-context,profile,prompt-user,profile.basic_context,warning,/profile?tab=basic,Complete basic school context,"Grade, curriculum, and school context help compare your profile fairly.",Update profile,in_app_readiness_surface|dashboard,redis_notification_feed|remote_push|email,profile-readiness:profile-prompt-user-profile-basic-context:06cab65bad990f73a0e2013e,Profile school/grade/curriculum context exists,,
user_prompt,ready_for_in_app_admin_delivery,0bbf03a984664dce330f7155,profile-prompt-user-profile-basic-context,profile,prompt-user,profile.basic_context,warning,/profile?tab=basic,Complete basic school context,"Grade, curriculum, and school context help compare your profile fairly.",Update profile,in_app_readiness_surface|dashboard,redis_notification_feed|remote_push|email,profile-readiness:profile-prompt-user-profile-basic-context:0bbf03a984664dce330f7155,Profile school/grade/curriculum context exists,,
user_prompt,ready_for_in_app_admin_delivery,0eb09c84fa76d4593c74706c,profile-prompt-user-profile-basic-context,profile,prompt-user,profile.basic_context,warning,/profile?tab=basic,Complete basic school context,"Grade, curriculum, and school context help compare your profile fairly.",Update profile,in_app_readiness_surface|dashboard,redis_notification_feed|remote_push|email,profile-readiness:profile-prompt-user-profile-basic-context:0eb09c84fa76d4593c74706c,Profile school/grade/curriculum context exists,,
user_prompt,ready_for_in_app_admin_delivery,122faf6ff8256a49bad4e360,profile-prompt-user-profile-basic-context,profile,prompt-user,profile.basic_context,warning,/profile?tab=basic,Complete basic school context,"Grade, curriculum, and school context help compare your profile fairly.",Update profile,in_app_readiness_surface|dashboard,redis_notification_feed|remote_push|email,profile-readiness:profile-prompt-user-profile-basic-context:122faf6ff8256a49bad4e360,Profile school/grade/curriculum context exists,,
user_prompt,ready_for_in_app_admin_delivery,3ad283595e8c8fc0b173911f,profile-prompt-user-profile-basic-context,profile,prompt-user,profile.basic_context,warning,/profile?tab=basic,Complete basic school context,"Grade, curriculum, and school context help compare your profile fairly.",Update profile,in_app_readiness_surface|dashboard,redis_notification_feed|remote_push|email,profile-readiness:profile-prompt-user-profile-basic-context:3ad283595e8c8fc0b173911f,Profile school/grade/curriculum context exists,,
user_prompt,ready_for_in_app_admin_delivery,e0e634d85a0cf22c31cc8a35,profile-prompt-user-profile-basic-context,profile,prompt-user,profile.basic_context,warning,/profile?tab=basic,Complete basic school context,"Grade, curriculum, and school context help compare your profile fairly.",Update profile,in_app_readiness_surface|dashboard,redis_notification_feed|remote_push|email,profile-readiness:profile-prompt-user-profile-basic-context:e0e634d85a0cf22c31cc8a35,Profile school/grade/curriculum context exists,,
user_prompt,ready_for_in_app_admin_delivery,832d3d67127cd463e2d158ef,profile-prompt-user-profile-basic-context,profile,prompt-user,profile.basic_context,warning,/profile?tab=basic,Complete basic school context,"Grade, curriculum, and school context help compare your profile fairly.",Update profile,in_app_readiness_surface|dashboard,redis_notification_feed|remote_push|email,profile-readiness:profile-prompt-user-profile-basic-context:832d3d67127cd463e2d158ef,Profile school/grade/curriculum context exists,,
user_prompt,ready_for_in_app_admin_delivery,e77a4fa0fcedef43de0cb4bb,profile-prompt-user-profile-basic-context,profile,prompt-user,profile.basic_context,warning,/profile?tab=basic,Complete basic school context,"Grade, curriculum, and school context help compare your profile fairly.",Update profile,in_app_readiness_surface|dashboard,redis_notification_feed|remote_push|email,profile-readiness:profile-prompt-user-profile-basic-context:e77a4fa0fcedef43de0cb4bb,Profile school/grade/curriculum context exists,,
user_prompt,ready_for_in_app_admin_delivery,10238acf3b2e2675d06ce76c,profile-prompt-user-profile-basic-context,profile,prompt-user,profile.basic_context,warning,/profile?tab=basic,Complete basic school context,"Grade, curriculum, and school context help compare your profile fairly.",Update profile,in_app_readiness_surface|dashboard,redis_notification_feed|remote_push|email,profile-readiness:profile-prompt-user-profile-basic-context:10238acf3b2e2675d06ce76c,Profile school/grade/curriculum context exists,,
user_prompt,ready_for_in_app_admin_delivery,7819fedbfc32d7ad6de164f3,profile-prompt-user-profile-basic-context,profile,prompt-user,profile.basic_context,warning,/profile?tab=basic,Complete basic school context,"Grade, curriculum, and school context help compare your profile fairly.",Update profile,in_app_readiness_surface|dashboard,redis_notification_feed|remote_push|email,profile-readiness:profile-prompt-user-profile-basic-context:7819fedbfc32d7ad6de164f3,Profile school/grade/curriculum context exists,,
user_prompt,ready_for_in_app_admin_delivery,4a947b901c3d9b7ce0481cf2,profile-prompt-user-profile-basic-context,profile,prompt-user,profile.basic_context,warning,/profile?tab=basic,Complete basic school context,"Grade, curriculum, and school context help compare your profile fairly.",Update profile,in_app_readiness_surface|dashboard,redis_notification_feed|remote_push|email,profile-readiness:profile-prompt-user-profile-basic-context:4a947b901c3d9b7ce0481cf2,Profile school/grade/curriculum context exists,,
user_prompt,ready_for_in_app_admin_delivery,977aba20a74e363bcb348888,profile-prompt-user-profile-basic-context,profile,prompt-user,profile.basic_context,warning,/profile?tab=basic,Complete basic school context,"Grade, curriculum, and school context help compare your profile fairly.",Update profile,in_app_readiness_surface|dashboard,redis_notification_feed|remote_push|email,profile-readiness:profile-prompt-user-profile-basic-context:977aba20a74e363bcb348888,Profile school/grade/curriculum context exists,,
user_prompt,ready_for_in_app_admin_delivery,bdfbfe398683d67d68f39557,profile-prompt-user-profile-basic-context,profile,prompt-user,profile.basic_context,warning,/profile?tab=basic,Complete basic school context,"Grade, curriculum, and school context help compare your profile fairly.",Update profile,in_app_readiness_surface|dashboard,redis_notification_feed|remote_push|email,profile-readiness:profile-prompt-user-profile-basic-context:bdfbfe398683d67d68f39557,Profile school/grade/curriculum context exists,,
user_prompt,ready_for_in_app_admin_delivery,3f980c4c6e95243d6daa6974,profile-prompt-user-profile-basic-context,profile,prompt-user,profile.basic_context,warning,/profile?tab=basic,Complete basic school context,"Grade, curriculum, and school context help compare your profile fairly.",Update profile,in_app_readiness_surface|dashboard,redis_notification_feed|remote_push|email,profile-readiness:profile-prompt-user-profile-basic-context:3f980c4c6e95243d6daa6974,Profile school/grade/curriculum context exists,,
user_prompt,ready_for_in_app_admin_delivery,95337d5e96446798743732c1,profile-prompt-user-profile-basic-context,profile,prompt-user,profile.basic_context,warning,/profile?tab=basic,Complete basic school context,"Grade, curriculum, and school context help compare your profile fairly.",Update profile,in_app_readiness_surface|dashboard,redis_notification_feed|remote_push|email,profile-readiness:profile-prompt-user-profile-basic-context:95337d5e96446798743732c1,Profile school/grade/curriculum context exists,,
user_prompt,ready_for_in_app_admin_delivery,c1950cf2ac294babc3aadf4e,profile-prompt-user-profile-basic-context,profile,prompt-user,profile.basic_context,warning,/profile?tab=basic,Complete basic school context,"Grade, curriculum, and school context help compare your profile fairly.",Update profile,in_app_readiness_surface|dashboard,redis_notification_feed|remote_push|email,profile-readiness:profile-prompt-user-profile-basic-context:c1950cf2ac294babc3aadf4e,Profile school/grade/curriculum context exists,,
user_prompt,ready_for_in_app_admin_delivery,566af6ea3815e2e9d4ec7b10,profile-prompt-user-profile-basic-context,profile,prompt-user,profile.basic_context,warning,/profile?tab=basic,Complete basic school context,"Grade, curriculum, and school context help compare your profile fairly.",Update profile,in_app_readiness_surface|dashboard,redis_notification_feed|remote_push|email,profile-readiness:profile-prompt-user-profile-basic-context:566af6ea3815e2e9d4ec7b10,Profile school/grade/curriculum context exists,,
user_prompt,ready_for_in_app_admin_delivery,b49b375f2ecd18e1d3e2c548,profile-prompt-user-profile-basic-context,profile,prompt-user,profile.basic_context,warning,/profile?tab=basic,Complete basic school context,"Grade, curriculum, and school context help compare your profile fairly.",Update profile,in_app_readiness_surface|dashboard,redis_notification_feed|remote_push|email,profile-readiness:profile-prompt-user-profile-basic-context:b49b375f2ecd18e1d3e2c548,Profile school/grade/curriculum context exists,,
user_prompt,ready_for_in_app_admin_delivery,4cab3e79c7dd8e492a909e7f,profile-prompt-user-profile-basic-context,profile,prompt-user,profile.basic_context,warning,/profile?tab=basic,Complete basic school context,"Grade, curriculum, and school context help compare your profile fairly.",Update profile,in_app_readiness_surface|dashboard,redis_notification_feed|remote_push|email,profile-readiness:profile-prompt-user-profile-basic-context:4cab3e79c7dd8e492a909e7f,Profile school/grade/curriculum context exists,,
user_prompt,ready_for_in_app_admin_delivery,fae66721875e65f51507bf27,profile-prompt-user-profile-basic-context,profile,prompt-user,profile.basic_context,warning,/profile?tab=basic,Complete basic school context,"Grade, curriculum, and school context help compare your profile fairly.",Update profile,in_app_readiness_surface|dashboard,redis_notification_feed|remote_push|email,profile-readiness:profile-prompt-user-profile-basic-context:fae66721875e65f51507bf27,Profile school/grade/curriculum context exists,,
user_prompt,ready_for_in_app_admin_delivery,7c8c8ff6a81333ff3e9a04a6,profile-prompt-user-profile-basic-context,profile,prompt-user,profile.basic_context,warning,/profile?tab=basic,Complete basic school context,"Grade, curriculum, and school context help compare your profile fairly.",Update profile,in_app_readiness_surface|dashboard,redis_notification_feed|remote_push|email,profile-readiness:profile-prompt-user-profile-basic-context:7c8c8ff6a81333ff3e9a04a6,Profile school/grade/curriculum context exists,,
user_prompt,ready_for_in_app_admin_delivery,2317f70b9e80abca4ad0824d,profile-prompt-user-profile-basic-context,profile,prompt-user,profile.basic_context,warning,/profile?tab=basic,Complete basic school context,"Grade, curriculum, and school context help compare your profile fairly.",Update profile,in_app_readiness_surface|dashboard,redis_notification_feed|remote_push|email,profile-readiness:profile-prompt-user-profile-basic-context:2317f70b9e80abca4ad0824d,Profile school/grade/curriculum context exists,,
user_prompt,ready_for_in_app_admin_delivery,53abd2f8c90243ba345fa599,profile-prompt-user-profile-basic-context,profile,prompt-user,profile.basic_context,warning,/profile?tab=basic,Complete basic school context,"Grade, curriculum, and school context help compare your profile fairly.",Update profile,in_app_readiness_surface|dashboard,redis_notification_feed|remote_push|email,profile-readiness:profile-prompt-user-profile-basic-context:53abd2f8c90243ba345fa599,Profile school/grade/curriculum context exists,,
user_prompt,ready_for_in_app_admin_delivery,b4a7670b022c83cb17a856df,profile-prompt-user-profile-basic-context,profile,prompt-user,profile.basic_context,warning,/profile?tab=basic,Complete basic school context,"Grade, curriculum, and school context help compare your profile fairly.",Update profile,in_app_readiness_surface|dashboard,redis_notification_feed|remote_push|email,profile-readiness:profile-prompt-user-profile-basic-context:b4a7670b022c83cb17a856df,Profile school/grade/curriculum context exists,,
user_prompt,ready_for_in_app_admin_delivery,9814382a1d3be3e627c28c80,profile-prompt-user-profile-basic-context,profile,prompt-user,profile.basic_context,warning,/profile?tab=basic,Complete basic school context,"Grade, curriculum, and school context help compare your profile fairly.",Update profile,in_app_readiness_surface|dashboard,redis_notification_feed|remote_push|email,profile-readiness:profile-prompt-user-profile-basic-context:9814382a1d3be3e627c28c80,Profile school/grade/curriculum context exists,,
user_prompt,ready_for_in_app_admin_delivery,d4e514871d10cb9f36b65d29,profile-prompt-user-profile-basic-context,profile,prompt-user,profile.basic_context,warning,/profile?tab=basic,Complete basic school context,"Grade, curriculum, and school context help compare your profile fairly.",Update profile,in_app_readiness_surface|dashboard,redis_notification_feed|remote_push|email,profile-readiness:profile-prompt-user-profile-basic-context:d4e514871d10cb9f36b65d29,Profile school/grade/curriculum context exists,,
user_prompt,ready_for_in_app_admin_delivery,1d0c77f67037725ac9e941b2,profile-prompt-user-profile-basic-context,profile,prompt-user,profile.basic_context,warning,/profile?tab=basic,Complete basic school context,"Grade, curriculum, and school context help compare your profile fairly.",Update profile,in_app_readiness_surface|dashboard,redis_notification_feed|remote_push|email,profile-readiness:profile-prompt-user-profile-basic-context:1d0c77f67037725ac9e941b2,Profile school/grade/curriculum context exists,,
user_prompt,ready_for_in_app_admin_delivery,556224a224a1c7679127d097,profile-prompt-user-profile-basic-context,profile,prompt-user,profile.basic_context,warning,/profile?tab=basic,Complete basic school context,"Grade, curriculum, and school context help compare your profile fairly.",Update profile,in_app_readiness_surface|dashboard,redis_notification_feed|remote_push|email,profile-readiness:profile-prompt-user-profile-basic-context:556224a224a1c7679127d097,Profile school/grade/curriculum context exists,,
user_prompt,ready_for_in_app_admin_delivery,f371531d3d25666bda7eafeb,profile-prompt-user-profile-basic-context,profile,prompt-user,profile.basic_context,warning,/profile?tab=basic,Complete basic school context,"Grade, curriculum, and school context help compare your profile fairly.",Update profile,in_app_readiness_surface|dashboard,redis_notification_feed|remote_push|email,profile-readiness:profile-prompt-user-profile-basic-context:f371531d3d25666bda7eafeb,Profile school/grade/curriculum context exists,,
user_prompt,ready_for_in_app_admin_delivery,a2d3062f8e09c9cc2ddbd88d,profile-prompt-user-profile-basic-context,profile,prompt-user,profile.basic_context,warning,/profile?tab=basic,Complete basic school context,"Grade, curriculum, and school context help compare your profile fairly.",Update profile,in_app_readiness_surface|dashboard,redis_notification_feed|remote_push|email,profile-readiness:profile-prompt-user-profile-basic-context:a2d3062f8e09c9cc2ddbd88d,Profile school/grade/curriculum context exists,,
user_prompt,ready_for_in_app_admin_delivery,5424d5ace64e813a2f73dceb,profile-prompt-user-profile-basic-context,profile,prompt-user,profile.basic_context,warning,/profile?tab=basic,Complete basic school context,"Grade, curriculum, and school context help compare your profile fairly.",Update profile,in_app_readiness_surface|dashboard,redis_notification_feed|remote_push|email,profile-readiness:profile-prompt-user-profile-basic-context:5424d5ace64e813a2f73dceb,Profile school/grade/curriculum context exists,,
user_prompt,ready_for_in_app_admin_delivery,67db31e10f819cc055ebc5e6,profile-prompt-user-profile-basic-context,profile,prompt-user,profile.basic_context,warning,/profile?tab=basic,Complete basic school context,"Grade, curriculum, and school context help compare your profile fairly.",Update profile,in_app_readiness_surface|dashboard,redis_notification_feed|remote_push|email,profile-readiness:profile-prompt-user-profile-basic-context:67db31e10f819cc055ebc5e6,Profile school/grade/curriculum context exists,,
user_prompt,ready_for_in_app_admin_delivery,21453a247f2c36664ca1f4e7,profile-prompt-user-profile-basic-context,profile,prompt-user,profile.basic_context,warning,/profile?tab=basic,Complete basic school context,"Grade, curriculum, and school context help compare your profile fairly.",Update profile,in_app_readiness_surface|dashboard,redis_notification_feed|remote_push|email,profile-readiness:profile-prompt-user-profile-basic-context:21453a247f2c36664ca1f4e7,Profile school/grade/curriculum context exists,,
user_prompt,ready_for_in_app_admin_delivery,bc78a5a24d4822c1254deb2d,profile-prompt-user-profile-basic-context,profile,prompt-user,profile.basic_context,warning,/profile?tab=basic,Complete basic school context,"Grade, curriculum, and school context help compare your profile fairly.",Update profile,in_app_readiness_surface|dashboard,redis_notification_feed|remote_push|email,profile-readiness:profile-prompt-user-profile-basic-context:bc78a5a24d4822c1254deb2d,Profile school/grade/curriculum context exists,,
user_prompt,ready_for_in_app_admin_delivery,9d929fa72ae2cc1c5f3d8d82,profile-prompt-user-profile-basic-context,profile,prompt-user,profile.basic_context,warning,/profile?tab=basic,Complete basic school context,"Grade, curriculum, and school context help compare your profile fairly.",Update profile,in_app_readiness_surface|dashboard,redis_notification_feed|remote_push|email,profile-readiness:profile-prompt-user-profile-basic-context:9d929fa72ae2cc1c5f3d8d82,Profile school/grade/curriculum context exists,,
user_prompt,ready_for_in_app_admin_delivery,8c13a70fc5c14aacfa48572e,profile-prompt-user-profile-basic-context,profile,prompt-user,profile.basic_context,warning,/profile?tab=basic,Complete basic school context,"Grade, curriculum, and school context help compare your profile fairly.",Update profile,in_app_readiness_surface|dashboard,redis_notification_feed|remote_push|email,profile-readiness:profile-prompt-user-profile-basic-context:8c13a70fc5c14aacfa48572e,Profile school/grade/curriculum context exists,,
user_prompt,ready_for_in_app_admin_delivery,5e71abdcb6160d9592741988,profile-prompt-user-profile-basic-context,profile,prompt-user,profile.basic_context,warning,/profile?tab=basic,Complete basic school context,"Grade, curriculum, and school context help compare your profile fairly.",Update profile,in_app_readiness_surface|dashboard,redis_notification_feed|remote_push|email,profile-readiness:profile-prompt-user-profile-basic-context:5e71abdcb6160d9592741988,Profile school/grade/curriculum context exists,,
user_prompt,ready_for_in_app_admin_delivery,8d2ae0fbd6efab48cb0052c2,profile-prompt-user-profile-basic-context,profile,prompt-user,profile.basic_context,warning,/profile?tab=basic,Complete basic school context,"Grade, curriculum, and school context help compare your profile fairly.",Update profile,in_app_readiness_surface|dashboard,redis_notification_feed|remote_push|email,profile-readiness:profile-prompt-user-profile-basic-context:8d2ae0fbd6efab48cb0052c2,Profile school/grade/curriculum context exists,,
user_prompt,ready_for_in_app_admin_delivery,adb916c3e591190afd9b45f8,profile-prompt-user-profile-basic-context,profile,prompt-user,profile.basic_context,warning,/profile?tab=basic,Complete basic school context,"Grade, curriculum, and school context help compare your profile fairly.",Update profile,in_app_readiness_surface|dashboard,redis_notification_feed|remote_push|email,profile-readiness:profile-prompt-user-profile-basic-context:adb916c3e591190afd9b45f8,Profile school/grade/curriculum context exists,,
user_prompt,ready_for_in_app_admin_delivery,00c69013a76020fd12b4db56,profile-prompt-user-profile-basic-context,profile,prompt-user,profile.basic_context,warning,/profile?tab=basic,Complete basic school context,"Grade, curriculum, and school context help compare your profile fairly.",Update profile,in_app_readiness_surface|dashboard,redis_notification_feed|remote_push|email,profile-readiness:profile-prompt-user-profile-basic-context:00c69013a76020fd12b4db56,Profile school/grade/curriculum context exists,,
user_prompt,ready_for_in_app_admin_delivery,1fcb3fd1f8acdc0e2e312acc,profile-prompt-user-profile-basic-context,profile,prompt-user,profile.basic_context,warning,/profile?tab=basic,Complete basic school context,"Grade, curriculum, and school context help compare your profile fairly.",Update profile,in_app_readiness_surface|dashboard,redis_notification_feed|remote_push|email,profile-readiness:profile-prompt-user-profile-basic-context:1fcb3fd1f8acdc0e2e312acc,Profile school/grade/curriculum context exists,,
user_prompt,ready_for_in_app_admin_delivery,805c5da5dfebc142dddca509,profile-prompt-user-profile-basic-context,profile,prompt-user,profile.basic_context,warning,/profile?tab=basic,Complete basic school context,"Grade, curriculum, and school context help compare your profile fairly.",Update profile,in_app_readiness_surface|dashboard,redis_notification_feed|remote_push|email,profile-readiness:profile-prompt-user-profile-basic-context:805c5da5dfebc142dddca509,Profile school/grade/curriculum context exists,,
user_prompt,ready_for_in_app_admin_delivery,176643ab074df2c6330bdc05,profile-prompt-user-profile-basic-context,profile,prompt-user,profile.basic_context,warning,/profile?tab=basic,Complete basic school context,"Grade, curriculum, and school context help compare your profile fairly.",Update profile,in_app_readiness_surface|dashboard,redis_notification_feed|remote_push|email,profile-readiness:profile-prompt-user-profile-basic-context:176643ab074df2c6330bdc05,Profile school/grade/curriculum context exists,,
user_prompt,ready_for_in_app_admin_delivery,c33c10777a45726a21deed93,profile-prompt-user-profile-basic-context,profile,prompt-user,profile.basic_context,warning,/profile?tab=basic,Complete basic school context,"Grade, curriculum, and school context help compare your profile fairly.",Update profile,in_app_readiness_surface|dashboard,redis_notification_feed|remote_push|email,profile-readiness:profile-prompt-user-profile-basic-context:c33c10777a45726a21deed93,Profile school/grade/curriculum context exists,,
user_prompt,ready_for_in_app_admin_delivery,ee27103855fd947a0585e587,profile-prompt-user-profile-basic-context,profile,prompt-user,profile.basic_context,warning,/profile?tab=basic,Complete basic school context,"Grade, curriculum, and school context help compare your profile fairly.",Update profile,in_app_readiness_surface|dashboard,redis_notification_feed|remote_push|email,profile-readiness:profile-prompt-user-profile-basic-context:ee27103855fd947a0585e587,Profile school/grade/curriculum context exists,,
user_prompt,ready_for_in_app_admin_delivery,d0b967b32741d9ec6459f774,profile-prompt-user-profile-basic-context,profile,prompt-user,profile.basic_context,warning,/profile?tab=basic,Complete basic school context,"Grade, curriculum, and school context help compare your profile fairly.",Update profile,in_app_readiness_surface|dashboard,redis_notification_feed|remote_push|email,profile-readiness:profile-prompt-user-profile-basic-context:d0b967b32741d9ec6459f774,Profile school/grade/curriculum context exists,,
user_prompt,ready_for_in_app_admin_delivery,f0dca2416b19d212b3180e2a,profile-prompt-user-profile-basic-context,profile,prompt-user,profile.basic_context,warning,/profile?tab=basic,Complete basic school context,"Grade, curriculum, and school context help compare your profile fairly.",Update profile,in_app_readiness_surface|dashboard,redis_notification_feed|remote_push|email,profile-readiness:profile-prompt-user-profile-basic-context:f0dca2416b19d212b3180e2a,Profile school/grade/curriculum context exists,,
user_prompt,ready_for_in_app_admin_delivery,3d0f9da60e8980d06930b481,profile-prompt-user-profile-basic-context,profile,prompt-user,profile.basic_context,warning,/profile?tab=basic,Complete basic school context,"Grade, curriculum, and school context help compare your profile fairly.",Update profile,in_app_readiness_surface|dashboard,redis_notification_feed|remote_push|email,profile-readiness:profile-prompt-user-profile-basic-context:3d0f9da60e8980d06930b481,Profile school/grade/curriculum context exists,,
user_prompt,ready_for_in_app_admin_delivery,ca5eb63722908f440c293dc4,profile-prompt-user-profile-basic-context,profile,prompt-user,profile.basic_context,warning,/profile?tab=basic,Complete basic school context,"Grade, curriculum, and school context help compare your profile fairly.",Update profile,in_app_readiness_surface|dashboard,redis_notification_feed|remote_push|email,profile-readiness:profile-prompt-user-profile-basic-context:ca5eb63722908f440c293dc4,Profile school/grade/curriculum context exists,,
user_prompt,ready_for_in_app_admin_delivery,9f15e7b53f10db2c2e0f4099,profile-prompt-user-profile-basic-context,profile,prompt-user,profile.basic_context,warning,/profile?tab=basic,Complete basic school context,"Grade, curriculum, and school context help compare your profile fairly.",Update profile,in_app_readiness_surface|dashboard,redis_notification_feed|remote_push|email,profile-readiness:profile-prompt-user-profile-basic-context:9f15e7b53f10db2c2e0f4099,Profile school/grade/curriculum context exists,,
user_prompt,ready_for_in_app_admin_delivery,33c78f08811b5c66f475a7f1,profile-prompt-user-profile-basic-context,profile,prompt-user,profile.basic_context,warning,/profile?tab=basic,Complete basic school context,"Grade, curriculum, and school context help compare your profile fairly.",Update profile,in_app_readiness_surface|dashboard,redis_notification_feed|remote_push|email,profile-readiness:profile-prompt-user-profile-basic-context:33c78f08811b5c66f475a7f1,Profile school/grade/curriculum context exists,,
user_prompt,ready_for_in_app_admin_delivery,cd0e333cdda02719666fbe49,profile-prompt-user-profile-basic-context,profile,prompt-user,profile.basic_context,warning,/profile?tab=basic,Complete basic school context,"Grade, curriculum, and school context help compare your profile fairly.",Update profile,in_app_readiness_surface|dashboard,redis_notification_feed|remote_push|email,profile-readiness:profile-prompt-user-profile-basic-context:cd0e333cdda02719666fbe49,Profile school/grade/curriculum context exists,,
user_prompt,ready_for_in_app_admin_delivery,980eac363cffa8fdead3089a,profile-prompt-user-profile-basic-context,profile,prompt-user,profile.basic_context,warning,/profile?tab=basic,Complete basic school context,"Grade, curriculum, and school context help compare your profile fairly.",Update profile,in_app_readiness_surface|dashboard,redis_notification_feed|remote_push|email,profile-readiness:profile-prompt-user-profile-basic-context:980eac363cffa8fdead3089a,Profile school/grade/curriculum context exists,,
user_prompt,ready_for_in_app_admin_delivery,4dff462899d7fb76f8396bdd,profile-prompt-user-profile-basic-context,profile,prompt-user,profile.basic_context,warning,/profile?tab=basic,Complete basic school context,"Grade, curriculum, and school context help compare your profile fairly.",Update profile,in_app_readiness_surface|dashboard,redis_notification_feed|remote_push|email,profile-readiness:profile-prompt-user-profile-basic-context:4dff462899d7fb76f8396bdd,Profile school/grade/curriculum context exists,,
user_prompt,ready_for_in_app_admin_delivery,95516cf74b0d570a8bd7faf3,profile-prompt-user-profile-basic-context,profile,prompt-user,profile.basic_context,warning,/profile?tab=basic,Complete basic school context,"Grade, curriculum, and school context help compare your profile fairly.",Update profile,in_app_readiness_surface|dashboard,redis_notification_feed|remote_push|email,profile-readiness:profile-prompt-user-profile-basic-context:95516cf74b0d570a8bd7faf3,Profile school/grade/curriculum context exists,,
user_prompt,ready_for_in_app_admin_delivery,b8c3f50120c9a5d54a39ddb5,profile-prompt-user-profile-basic-context,profile,prompt-user,profile.basic_context,warning,/profile?tab=basic,Complete basic school context,"Grade, curriculum, and school context help compare your profile fairly.",Update profile,in_app_readiness_surface|dashboard,redis_notification_feed|remote_push|email,profile-readiness:profile-prompt-user-profile-basic-context:b8c3f50120c9a5d54a39ddb5,Profile school/grade/curriculum context exists,,
user_prompt,ready_for_in_app_admin_delivery,e6ac6819060422a01033b7c2,profile-prompt-user-profile-basic-context,profile,prompt-user,profile.basic_context,warning,/profile?tab=basic,Complete basic school context,"Grade, curriculum, and school context help compare your profile fairly.",Update profile,in_app_readiness_surface|dashboard,redis_notification_feed|remote_push|email,profile-readiness:profile-prompt-user-profile-basic-context:e6ac6819060422a01033b7c2,Profile school/grade/curriculum context exists,,
user_prompt,ready_for_in_app_admin_delivery,0487162eb16fe3731a2dcd5f,profile-prompt-user-profile-basic-context,profile,prompt-user,profile.basic_context,warning,/profile?tab=basic,Complete basic school context,"Grade, curriculum, and school context help compare your profile fairly.",Update profile,in_app_readiness_surface|dashboard,redis_notification_feed|remote_push|email,profile-readiness:profile-prompt-user-profile-basic-context:0487162eb16fe3731a2dcd5f,Profile school/grade/curriculum context exists,,
user_prompt,ready_for_in_app_admin_delivery,625571854e8fb624c0e36346,profile-prompt-user-profile-basic-context,profile,prompt-user,profile.basic_context,warning,/profile?tab=basic,Complete basic school context,"Grade, curriculum, and school context help compare your profile fairly.",Update profile,in_app_readiness_surface|dashboard,redis_notification_feed|remote_push|email,profile-readiness:profile-prompt-user-profile-basic-context:625571854e8fb624c0e36346,Profile school/grade/curriculum context exists,,
user_prompt,ready_for_in_app_admin_delivery,8f44cd19e12bead2f651a52f,profile-prompt-user-profile-basic-context,profile,prompt-user,profile.basic_context,warning,/profile?tab=basic,Complete basic school context,"Grade, curriculum, and school context help compare your profile fairly.",Update profile,in_app_readiness_surface|dashboard,redis_notification_feed|remote_push|email,profile-readiness:profile-prompt-user-profile-basic-context:8f44cd19e12bead2f651a52f,Profile school/grade/curriculum context exists,,
user_prompt,ready_for_in_app_admin_delivery,12d9095e28814d34280ce5f8,profile-prompt-user-profile-basic-context,profile,prompt-user,profile.basic_context,warning,/profile?tab=basic,Complete basic school context,"Grade, curriculum, and school context help compare your profile fairly.",Update profile,in_app_readiness_surface|dashboard,redis_notification_feed|remote_push|email,profile-readiness:profile-prompt-user-profile-basic-context:12d9095e28814d34280ce5f8,Profile school/grade/curriculum context exists,,
user_prompt,ready_for_in_app_admin_delivery,512557be39aeec8a261e16f5,profile-prompt-user-profile-basic-context,profile,prompt-user,profile.basic_context,warning,/profile?tab=basic,Complete basic school context,"Grade, curriculum, and school context help compare your profile fairly.",Update profile,in_app_readiness_surface|dashboard,redis_notification_feed|remote_push|email,profile-readiness:profile-prompt-user-profile-basic-context:512557be39aeec8a261e16f5,Profile school/grade/curriculum context exists,,
user_prompt,ready_for_in_app_admin_delivery,8a9894f022079555414c8aeb,profile-prompt-user-profile-basic-context,profile,prompt-user,profile.basic_context,warning,/profile?tab=basic,Complete basic school context,"Grade, curriculum, and school context help compare your profile fairly.",Update profile,in_app_readiness_surface|dashboard,redis_notification_feed|remote_push|email,profile-readiness:profile-prompt-user-profile-basic-context:8a9894f022079555414c8aeb,Profile school/grade/curriculum context exists,,
user_prompt,ready_for_in_app_admin_delivery,6174b3d014f4f619a3ff6b72,profile-prompt-user-profile-basic-context,profile,prompt-user,profile.basic_context,warning,/profile?tab=basic,Complete basic school context,"Grade, curriculum, and school context help compare your profile fairly.",Update profile,in_app_readiness_surface|dashboard,redis_notification_feed|remote_push|email,profile-readiness:profile-prompt-user-profile-basic-context:6174b3d014f4f619a3ff6b72,Profile school/grade/curriculum context exists,,
user_prompt,ready_for_in_app_admin_delivery,ef468fe3f9990bb15e47ad28,profile-prompt-user-profile-basic-context,profile,prompt-user,profile.basic_context,warning,/profile?tab=basic,Complete basic school context,"Grade, curriculum, and school context help compare your profile fairly.",Update profile,in_app_readiness_surface|dashboard,redis_notification_feed|remote_push|email,profile-readiness:profile-prompt-user-profile-basic-context:ef468fe3f9990bb15e47ad28,Profile school/grade/curriculum context exists,,
user_prompt,ready_for_in_app_admin_delivery,120e94098a641151055e7401,profile-prompt-user-profile-basic-context,profile,prompt-user,profile.basic_context,warning,/profile?tab=basic,Complete basic school context,"Grade, curriculum, and school context help compare your profile fairly.",Update profile,in_app_readiness_surface|dashboard,redis_notification_feed|remote_push|email,profile-readiness:profile-prompt-user-profile-basic-context:120e94098a641151055e7401,Profile school/grade/curriculum context exists,,
user_prompt,ready_for_in_app_admin_delivery,d9259906488359e282745726,profile-prompt-user-profile-basic-context,profile,prompt-user,profile.basic_context,warning,/profile?tab=basic,Complete basic school context,"Grade, curriculum, and school context help compare your profile fairly.",Update profile,in_app_readiness_surface|dashboard,redis_notification_feed|remote_push|email,profile-readiness:profile-prompt-user-profile-basic-context:d9259906488359e282745726,Profile school/grade/curriculum context exists,,
user_prompt,ready_for_in_app_admin_delivery,beeae0f88a46824bd6e36f90,profile-prompt-user-profile-basic-context,profile,prompt-user,profile.basic_context,warning,/profile?tab=basic,Complete basic school context,"Grade, curriculum, and school context help compare your profile fairly.",Update profile,in_app_readiness_surface|dashboard,redis_notification_feed|remote_push|email,profile-readiness:profile-prompt-user-profile-basic-context:beeae0f88a46824bd6e36f90,Profile school/grade/curriculum context exists,,
user_prompt,ready_for_in_app_admin_delivery,962fe005af82e4f313bedb2d,profile-prompt-user-profile-basic-context,profile,prompt-user,profile.basic_context,warning,/profile?tab=basic,Complete basic school context,"Grade, curriculum, and school context help compare your profile fairly.",Update profile,in_app_readiness_surface|dashboard,redis_notification_feed|remote_push|email,profile-readiness:profile-prompt-user-profile-basic-context:962fe005af82e4f313bedb2d,Profile school/grade/curriculum context exists,,
user_prompt,ready_for_in_app_admin_delivery,e2d4f5f8fc21d9e4dd7d2df2,profile-prompt-user-profile-basic-context,profile,prompt-user,profile.basic_context,warning,/profile?tab=basic,Complete basic school context,"Grade, curriculum, and school context help compare your profile fairly.",Update profile,in_app_readiness_surface|dashboard,redis_notification_feed|remote_push|email,profile-readiness:profile-prompt-user-profile-basic-context:e2d4f5f8fc21d9e4dd7d2df2,Profile school/grade/curriculum context exists,,
user_prompt,ready_for_in_app_admin_delivery,dcade48028aa7004b2e2b982,profile-prompt-user-profile-basic-context,profile,prompt-user,profile.basic_context,warning,/profile?tab=basic,Complete basic school context,"Grade, curriculum, and school context help compare your profile fairly.",Update profile,in_app_readiness_surface|dashboard,redis_notification_feed|remote_push|email,profile-readiness:profile-prompt-user-profile-basic-context:dcade48028aa7004b2e2b982,Profile school/grade/curriculum context exists,,
user_prompt,ready_for_in_app_admin_delivery,da83d1a201eb1e0112b7eec4,profile-prompt-user-profile-basic-context,profile,prompt-user,profile.basic_context,warning,/profile?tab=basic,Complete basic school context,"Grade, curriculum, and school context help compare your profile fairly.",Update profile,in_app_readiness_surface|dashboard,redis_notification_feed|remote_push|email,profile-readiness:profile-prompt-user-profile-basic-context:da83d1a201eb1e0112b7eec4,Profile school/grade/curriculum context exists,,
user_prompt,ready_for_in_app_admin_delivery,0f06d8ca1b23d3a1dc68a6eb,profile-prompt-user-profile-basic-context,profile,prompt-user,profile.basic_context,warning,/profile?tab=basic,Complete basic school context,"Grade, curriculum, and school context help compare your profile fairly.",Update profile,in_app_readiness_surface|dashboard,redis_notification_feed|remote_push|email,profile-readiness:profile-prompt-user-profile-basic-context:0f06d8ca1b23d3a1dc68a6eb,Profile school/grade/curriculum context exists,,
user_prompt,ready_for_in_app_admin_delivery,473c4613d839068ba7855d82,profile-prompt-user-profile-basic-context,profile,prompt-user,profile.basic_context,warning,/profile?tab=basic,Complete basic school context,"Grade, curriculum, and school context help compare your profile fairly.",Update profile,in_app_readiness_surface|dashboard,redis_notification_feed|remote_push|email,profile-readiness:profile-prompt-user-profile-basic-context:473c4613d839068ba7855d82,Profile school/grade/curriculum context exists,,
user_prompt,ready_for_in_app_admin_delivery,30644d4d38a7469292f1c5ee,profile-prompt-user-profile-basic-context,profile,prompt-user,profile.basic_context,warning,/profile?tab=basic,Complete basic school context,"Grade, curriculum, and school context help compare your profile fairly.",Update profile,in_app_readiness_surface|dashboard,redis_notification_feed|remote_push|email,profile-readiness:profile-prompt-user-profile-basic-context:30644d4d38a7469292f1c5ee,Profile school/grade/curriculum context exists,,
user_prompt,ready_for_in_app_admin_delivery,0defed87eef77bb11270748d,profile-prompt-user-profile-basic-context,profile,prompt-user,profile.basic_context,warning,/profile?tab=basic,Complete basic school context,"Grade, curriculum, and school context help compare your profile fairly.",Update profile,in_app_readiness_surface|dashboard,redis_notification_feed|remote_push|email,profile-readiness:profile-prompt-user-profile-basic-context:0defed87eef77bb11270748d,Profile school/grade/curriculum context exists,,
user_prompt,ready_for_in_app_admin_delivery,cc241cedf886e14bf508182b,profile-prompt-user-profile-basic-context,profile,prompt-user,profile.basic_context,warning,/profile?tab=basic,Complete basic school context,"Grade, curriculum, and school context help compare your profile fairly.",Update profile,in_app_readiness_surface|dashboard,redis_notification_feed|remote_push|email,profile-readiness:profile-prompt-user-profile-basic-context:cc241cedf886e14bf508182b,Profile school/grade/curriculum context exists,,
user_prompt,ready_for_in_app_admin_delivery,85490fb37f0bdf02f563ea85,profile-prompt-user-profile-basic-context,profile,prompt-user,profile.basic_context,warning,/profile?tab=basic,Complete basic school context,"Grade, curriculum, and school context help compare your profile fairly.",Update profile,in_app_readiness_surface|dashboard,redis_notification_feed|remote_push|email,profile-readiness:profile-prompt-user-profile-basic-context:85490fb37f0bdf02f563ea85,Profile school/grade/curriculum context exists,,
user_prompt,ready_for_in_app_admin_delivery,12c0646647db687d1a65aed0,profile-prompt-user-profile-basic-context,profile,prompt-user,profile.basic_context,warning,/profile?tab=basic,Complete basic school context,"Grade, curriculum, and school context help compare your profile fairly.",Update profile,in_app_readiness_surface|dashboard,redis_notification_feed|remote_push|email,profile-readiness:profile-prompt-user-profile-basic-context:12c0646647db687d1a65aed0,Profile school/grade/curriculum context exists,,
user_prompt,ready_for_in_app_admin_delivery,a11417640be59bed20bc3a98,profile-prompt-user-profile-basic-context,profile,prompt-user,profile.basic_context,warning,/profile?tab=basic,Complete basic school context,"Grade, curriculum, and school context help compare your profile fairly.",Update profile,in_app_readiness_surface|dashboard,redis_notification_feed|remote_push|email,profile-readiness:profile-prompt-user-profile-basic-context:a11417640be59bed20bc3a98,Profile school/grade/curriculum context exists,,
user_prompt,ready_for_in_app_admin_delivery,8f66d4f73209fbaccd3033bf,profile-prompt-user-profile-basic-context,profile,prompt-user,profile.basic_context,warning,/profile?tab=basic,Complete basic school context,"Grade, curriculum, and school context help compare your profile fairly.",Update profile,in_app_readiness_surface|dashboard,redis_notification_feed|remote_push|email,profile-readiness:profile-prompt-user-profile-basic-context:8f66d4f73209fbaccd3033bf,Profile school/grade/curriculum context exists,,
user_prompt,ready_for_in_app_admin_delivery,c20f861a8c401467478f1ff8,profile-prompt-user-profile-basic-context,profile,prompt-user,profile.basic_context,warning,/profile?tab=basic,Complete basic school context,"Grade, curriculum, and school context help compare your profile fairly.",Update profile,in_app_readiness_surface|dashboard,redis_notification_feed|remote_push|email,profile-readiness:profile-prompt-user-profile-basic-context:c20f861a8c401467478f1ff8,Profile school/grade/curriculum context exists,,
user_prompt,ready_for_in_app_admin_delivery,3e9f49d50ab7d023f1a8e39e,profile-prompt-user-profile-basic-context,profile,prompt-user,profile.basic_context,warning,/profile?tab=basic,Complete basic school context,"Grade, curriculum, and school context help compare your profile fairly.",Update profile,in_app_readiness_surface|dashboard,redis_notification_feed|remote_push|email,profile-readiness:profile-prompt-user-profile-basic-context:3e9f49d50ab7d023f1a8e39e,Profile school/grade/curriculum context exists,,
user_prompt,ready_for_in_app_admin_delivery,8e31c7196b60b7f62dbf3e4d,profile-prompt-user-profile-basic-context,profile,prompt-user,profile.basic_context,warning,/profile?tab=basic,Complete basic school context,"Grade, curriculum, and school context help compare your profile fairly.",Update profile,in_app_readiness_surface|dashboard,redis_notification_feed|remote_push|email,profile-readiness:profile-prompt-user-profile-basic-context:8e31c7196b60b7f62dbf3e4d,Profile school/grade/curriculum context exists,,
user_prompt,ready_for_in_app_admin_delivery,8965a5653322427763446164,profile-prompt-user-profile-basic-context,profile,prompt-user,profile.basic_context,warning,/profile?tab=basic,Complete basic school context,"Grade, curriculum, and school context help compare your profile fairly.",Update profile,in_app_readiness_surface|dashboard,redis_notification_feed|remote_push|email,profile-readiness:profile-prompt-user-profile-basic-context:8965a5653322427763446164,Profile school/grade/curriculum context exists,,
user_prompt,ready_for_in_app_admin_delivery,dbc8709e2fca3a7750e035bd,profile-prompt-user-profile-basic-context,profile,prompt-user,profile.basic_context,warning,/profile?tab=basic,Complete basic school context,"Grade, curriculum, and school context help compare your profile fairly.",Update profile,in_app_readiness_surface|dashboard,redis_notification_feed|remote_push|email,profile-readiness:profile-prompt-user-profile-basic-context:dbc8709e2fca3a7750e035bd,Profile school/grade/curriculum context exists,,
user_prompt,ready_for_in_app_admin_delivery,a5d338339df45749fb087e9b,profile-prompt-user-profile-basic-context,profile,prompt-user,profile.basic_context,warning,/profile?tab=basic,Complete basic school context,"Grade, curriculum, and school context help compare your profile fairly.",Update profile,in_app_readiness_surface|dashboard,redis_notification_feed|remote_push|email,profile-readiness:profile-prompt-user-profile-basic-context:a5d338339df45749fb087e9b,Profile school/grade/curriculum context exists,,
user_prompt,ready_for_in_app_admin_delivery,f0c5fc6faa1df34435ff29e2,profile-prompt-user-profile-basic-context,profile,prompt-user,profile.basic_context,warning,/profile?tab=basic,Complete basic school context,"Grade, curriculum, and school context help compare your profile fairly.",Update profile,in_app_readiness_surface|dashboard,redis_notification_feed|remote_push|email,profile-readiness:profile-prompt-user-profile-basic-context:f0c5fc6faa1df34435ff29e2,Profile school/grade/curriculum context exists,,
user_prompt,ready_for_in_app_admin_delivery,ef10e256980dcebb77dfd621,profile-prompt-user-profile-basic-context,profile,prompt-user,profile.basic_context,warning,/profile?tab=basic,Complete basic school context,"Grade, curriculum, and school context help compare your profile fairly.",Update profile,in_app_readiness_surface|dashboard,redis_notification_feed|remote_push|email,profile-readiness:profile-prompt-user-profile-basic-context:ef10e256980dcebb77dfd621,Profile school/grade/curriculum context exists,,
user_prompt,ready_for_in_app_admin_delivery,a365f08979a29f52d46a610c,profile-prompt-user-profile-basic-context,profile,prompt-user,profile.basic_context,warning,/profile?tab=basic,Complete basic school context,"Grade, curriculum, and school context help compare your profile fairly.",Update profile,in_app_readiness_surface|dashboard,redis_notification_feed|remote_push|email,profile-readiness:profile-prompt-user-profile-basic-context:a365f08979a29f52d46a610c,Profile school/grade/curriculum context exists,,
user_prompt,ready_for_in_app_admin_delivery,151da5994495423f1806b2f0,profile-prompt-user-profile-basic-context,profile,prompt-user,profile.basic_context,warning,/profile?tab=basic,Complete basic school context,"Grade, curriculum, and school context help compare your profile fairly.",Update profile,in_app_readiness_surface|dashboard,redis_notification_feed|remote_push|email,profile-readiness:profile-prompt-user-profile-basic-context:151da5994495423f1806b2f0,Profile school/grade/curriculum context exists,,
user_prompt,ready_for_in_app_admin_delivery,090d8e54b0e955027644958a,profile-prompt-user-profile-basic-context,profile,prompt-user,profile.basic_context,warning,/profile?tab=basic,Complete basic school context,"Grade, curriculum, and school context help compare your profile fairly.",Update profile,in_app_readiness_surface|dashboard,redis_notification_feed|remote_push|email,profile-readiness:profile-prompt-user-profile-basic-context:090d8e54b0e955027644958a,Profile school/grade/curriculum context exists,,
user_prompt,ready_for_in_app_admin_delivery,6f95063993edc2d69b750760,profile-prompt-user-profile-basic-context,profile,prompt-user,profile.basic_context,warning,/profile?tab=basic,Complete basic school context,"Grade, curriculum, and school context help compare your profile fairly.",Update profile,in_app_readiness_surface|dashboard,redis_notification_feed|remote_push|email,profile-readiness:profile-prompt-user-profile-basic-context:6f95063993edc2d69b750760,Profile school/grade/curriculum context exists,,
user_prompt,ready_for_in_app_admin_delivery,49d7694af58affd0f130bcae,profile-prompt-user-profile-basic-context,profile,prompt-user,profile.basic_context,warning,/profile?tab=basic,Complete basic school context,"Grade, curriculum, and school context help compare your profile fairly.",Update profile,in_app_readiness_surface|dashboard,redis_notification_feed|remote_push|email,profile-readiness:profile-prompt-user-profile-basic-context:49d7694af58affd0f130bcae,Profile school/grade/curriculum context exists,,
user_prompt,ready_for_in_app_admin_delivery,220b9db20712a950a9b77b12,profile-prompt-user-profile-basic-context,profile,prompt-user,profile.basic_context,warning,/profile?tab=basic,Complete basic school context,"Grade, curriculum, and school context help compare your profile fairly.",Update profile,in_app_readiness_surface|dashboard,redis_notification_feed|remote_push|email,profile-readiness:profile-prompt-user-profile-basic-context:220b9db20712a950a9b77b12,Profile school/grade/curriculum context exists,,
user_prompt,ready_for_in_app_admin_delivery,c8f04079c9635234dcac71c3,profile-prompt-user-profile-basic-context,profile,prompt-user,profile.basic_context,warning,/profile?tab=basic,Complete basic school context,"Grade, curriculum, and school context help compare your profile fairly.",Update profile,in_app_readiness_surface|dashboard,redis_notification_feed|remote_push|email,profile-readiness:profile-prompt-user-profile-basic-context:c8f04079c9635234dcac71c3,Profile school/grade/curriculum context exists,,
user_prompt,ready_for_in_app_admin_delivery,1588484e9c43a3c90218c532,profile-prompt-user-profile-basic-context,profile,prompt-user,profile.basic_context,warning,/profile?tab=basic,Complete basic school context,"Grade, curriculum, and school context help compare your profile fairly.",Update profile,in_app_readiness_surface|dashboard,redis_notification_feed|remote_push|email,profile-readiness:profile-prompt-user-profile-basic-context:1588484e9c43a3c90218c532,Profile school/grade/curriculum context exists,,
user_prompt,ready_for_in_app_admin_delivery,97d38830683f5a612a219f6e,profile-prompt-user-profile-basic-context,profile,prompt-user,profile.basic_context,warning,/profile?tab=basic,Complete basic school context,"Grade, curriculum, and school context help compare your profile fairly.",Update profile,in_app_readiness_surface|dashboard,redis_notification_feed|remote_push|email,profile-readiness:profile-prompt-user-profile-basic-context:97d38830683f5a612a219f6e,Profile school/grade/curriculum context exists,,
user_prompt,ready_for_in_app_admin_delivery,7a29e78a2be76e25d6e24374,profile-prompt-user-profile-demographics,profile,prompt-user,profile.demographics,warning,/profile?tab=basic,Review applicant context,Applicant context keeps recommendation and timeline guidance aligned with your situation.,Review context,in_app_readiness_surface|dashboard,redis_notification_feed|remote_push|email,profile-readiness:profile-prompt-user-profile-demographics:7a29e78a2be76e25d6e24374,Profile applicant context exists,,
user_prompt,ready_for_in_app_admin_delivery,a76676d472710aa2483a96c4,profile-prompt-user-profile-demographics,profile,prompt-user,profile.demographics,warning,/profile?tab=basic,Review applicant context,Applicant context keeps recommendation and timeline guidance aligned with your situation.,Review context,in_app_readiness_surface|dashboard,redis_notification_feed|remote_push|email,profile-readiness:profile-prompt-user-profile-demographics:a76676d472710aa2483a96c4,Profile applicant context exists,,
user_prompt,ready_for_in_app_admin_delivery,8b6443ed32abc9d51922f7b4,profile-prompt-user-profile-demographics,profile,prompt-user,profile.demographics,warning,/profile?tab=basic,Review applicant context,Applicant context keeps recommendation and timeline guidance aligned with your situation.,Review context,in_app_readiness_surface|dashboard,redis_notification_feed|remote_push|email,profile-readiness:profile-prompt-user-profile-demographics:8b6443ed32abc9d51922f7b4,Profile applicant context exists,,
user_prompt,ready_for_in_app_admin_delivery,ffddc1934c2544d68ce63314,profile-prompt-user-profile-demographics,profile,prompt-user,profile.demographics,warning,/profile?tab=basic,Review applicant context,Applicant context keeps recommendation and timeline guidance aligned with your situation.,Review context,in_app_readiness_surface|dashboard,redis_notification_feed|remote_push|email,profile-readiness:profile-prompt-user-profile-demographics:ffddc1934c2544d68ce63314,Profile applicant context exists,,
user_prompt,ready_for_in_app_admin_delivery,b9967b9b5171217045f25da8,profile-prompt-user-profile-demographics,profile,prompt-user,profile.demographics,warning,/profile?tab=basic,Review applicant context,Applicant context keeps recommendation and timeline guidance aligned with your situation.,Review context,in_app_readiness_surface|dashboard,redis_notification_feed|remote_push|email,profile-readiness:profile-prompt-user-profile-demographics:b9967b9b5171217045f25da8,Profile applicant context exists,,
user_prompt,ready_for_in_app_admin_delivery,f1365adaa12cdb38d8e7055e,profile-prompt-user-profile-demographics,profile,prompt-user,profile.demographics,warning,/profile?tab=basic,Review applicant context,Applicant context keeps recommendation and timeline guidance aligned with your situation.,Review context,in_app_readiness_surface|dashboard,redis_notification_feed|remote_push|email,profile-readiness:profile-prompt-user-profile-demographics:f1365adaa12cdb38d8e7055e,Profile applicant context exists,,
user_prompt,ready_for_in_app_admin_delivery,be27f8a18041d6d00d7af95b,profile-prompt-user-profile-demographics,profile,prompt-user,profile.demographics,warning,/profile?tab=basic,Review applicant context,Applicant context keeps recommendation and timeline guidance aligned with your situation.,Review context,in_app_readiness_surface|dashboard,redis_notification_feed|remote_push|email,profile-readiness:profile-prompt-user-profile-demographics:be27f8a18041d6d00d7af95b,Profile applicant context exists,,
user_prompt,ready_for_in_app_admin_delivery,fbebd41cf5af26d73edb886c,profile-prompt-user-profile-demographics,profile,prompt-user,profile.demographics,warning,/profile?tab=basic,Review applicant context,Applicant context keeps recommendation and timeline guidance aligned with your situation.,Review context,in_app_readiness_surface|dashboard,redis_notification_feed|remote_push|email,profile-readiness:profile-prompt-user-profile-demographics:fbebd41cf5af26d73edb886c,Profile applicant context exists,,
user_prompt,ready_for_in_app_admin_delivery,819e264db561cad594fc3424,profile-prompt-user-profile-demographics,profile,prompt-user,profile.demographics,warning,/profile?tab=basic,Review applicant context,Applicant context keeps recommendation and timeline guidance aligned with your situation.,Review context,in_app_readiness_surface|dashboard,redis_notification_feed|remote_push|email,profile-readiness:profile-prompt-user-profile-demographics:819e264db561cad594fc3424,Profile applicant context exists,,
user_prompt,ready_for_in_app_admin_delivery,0894db086e3f4b4fc895f73a,profile-prompt-user-profile-demographics,profile,prompt-user,profile.demographics,warning,/profile?tab=basic,Review applicant context,Applicant context keeps recommendation and timeline guidance aligned with your situation.,Review context,in_app_readiness_surface|dashboard,redis_notification_feed|remote_push|email,profile-readiness:profile-prompt-user-profile-demographics:0894db086e3f4b4fc895f73a,Profile applicant context exists,,
user_prompt,ready_for_in_app_admin_delivery,ffd3d30f800c70b4474e17f0,profile-prompt-user-profile-demographics,profile,prompt-user,profile.demographics,warning,/profile?tab=basic,Review applicant context,Applicant context keeps recommendation and timeline guidance aligned with your situation.,Review context,in_app_readiness_surface|dashboard,redis_notification_feed|remote_push|email,profile-readiness:profile-prompt-user-profile-demographics:ffd3d30f800c70b4474e17f0,Profile applicant context exists,,
user_prompt,ready_for_in_app_admin_delivery,ab643620cb4c3d701bd65b74,profile-prompt-user-profile-demographics,profile,prompt-user,profile.demographics,warning,/profile?tab=basic,Review applicant context,Applicant context keeps recommendation and timeline guidance aligned with your situation.,Review context,in_app_readiness_surface|dashboard,redis_notification_feed|remote_push|email,profile-readiness:profile-prompt-user-profile-demographics:ab643620cb4c3d701bd65b74,Profile applicant context exists,,
user_prompt,ready_for_in_app_admin_delivery,c99677ed495aaf074082582c,profile-prompt-user-profile-demographics,profile,prompt-user,profile.demographics,warning,/profile?tab=basic,Review applicant context,Applicant context keeps recommendation and timeline guidance aligned with your situation.,Review context,in_app_readiness_surface|dashboard,redis_notification_feed|remote_push|email,profile-readiness:profile-prompt-user-profile-demographics:c99677ed495aaf074082582c,Profile applicant context exists,,
user_prompt,ready_for_in_app_admin_delivery,8758f245bb5b0e6bffd40998,profile-prompt-user-profile-demographics,profile,prompt-user,profile.demographics,warning,/profile?tab=basic,Review applicant context,Applicant context keeps recommendation and timeline guidance aligned with your situation.,Review context,in_app_readiness_surface|dashboard,redis_notification_feed|remote_push|email,profile-readiness:profile-prompt-user-profile-demographics:8758f245bb5b0e6bffd40998,Profile applicant context exists,,
user_prompt,ready_for_in_app_admin_delivery,742e79987159c980e75b20c7,profile-prompt-user-profile-demographics,profile,prompt-user,profile.demographics,warning,/profile?tab=basic,Review applicant context,Applicant context keeps recommendation and timeline guidance aligned with your situation.,Review context,in_app_readiness_surface|dashboard,redis_notification_feed|remote_push|email,profile-readiness:profile-prompt-user-profile-demographics:742e79987159c980e75b20c7,Profile applicant context exists,,
user_prompt,ready_for_in_app_admin_delivery,8af993107f24d792723e4fc1,profile-prompt-user-profile-demographics,profile,prompt-user,profile.demographics,warning,/profile?tab=basic,Review applicant context,Applicant context keeps recommendation and timeline guidance aligned with your situation.,Review context,in_app_readiness_surface|dashboard,redis_notification_feed|remote_push|email,profile-readiness:profile-prompt-user-profile-demographics:8af993107f24d792723e4fc1,Profile applicant context exists,,
user_prompt,ready_for_in_app_admin_delivery,023ef579e34956e6a8f61adb,profile-prompt-user-profile-demographics,profile,prompt-user,profile.demographics,warning,/profile?tab=basic,Review applicant context,Applicant context keeps recommendation and timeline guidance aligned with your situation.,Review context,in_app_readiness_surface|dashboard,redis_notification_feed|remote_push|email,profile-readiness:profile-prompt-user-profile-demographics:023ef579e34956e6a8f61adb,Profile applicant context exists,,
user_prompt,ready_for_in_app_admin_delivery,d74687608cda95b086d53cdc,profile-prompt-user-profile-demographics,profile,prompt-user,profile.demographics,warning,/profile?tab=basic,Review applicant context,Applicant context keeps recommendation and timeline guidance aligned with your situation.,Review context,in_app_readiness_surface|dashboard,redis_notification_feed|remote_push|email,profile-readiness:profile-prompt-user-profile-demographics:d74687608cda95b086d53cdc,Profile applicant context exists,,
user_prompt,ready_for_in_app_admin_delivery,138284095a25d1fae7337a3c,profile-prompt-user-profile-demographics,profile,prompt-user,profile.demographics,warning,/profile?tab=basic,Review applicant context,Applicant context keeps recommendation and timeline guidance aligned with your situation.,Review context,in_app_readiness_surface|dashboard,redis_notification_feed|remote_push|email,profile-readiness:profile-prompt-user-profile-demographics:138284095a25d1fae7337a3c,Profile applicant context exists,,
user_prompt,ready_for_in_app_admin_delivery,5de082603a9960cfa8117421,profile-prompt-user-profile-demographics,profile,prompt-user,profile.demographics,warning,/profile?tab=basic,Review applicant context,Applicant context keeps recommendation and timeline guidance aligned with your situation.,Review context,in_app_readiness_surface|dashboard,redis_notification_feed|remote_push|email,profile-readiness:profile-prompt-user-profile-demographics:5de082603a9960cfa8117421,Profile applicant context exists,,
user_prompt,ready_for_in_app_admin_delivery,06cab65bad990f73a0e2013e,profile-prompt-user-profile-demographics,profile,prompt-user,profile.demographics,warning,/profile?tab=basic,Review applicant context,Applicant context keeps recommendation and timeline guidance aligned with your situation.,Review context,in_app_readiness_surface|dashboard,redis_notification_feed|remote_push|email,profile-readiness:profile-prompt-user-profile-demographics:06cab65bad990f73a0e2013e,Profile applicant context exists,,
user_prompt,ready_for_in_app_admin_delivery,0bbf03a984664dce330f7155,profile-prompt-user-profile-demographics,profile,prompt-user,profile.demographics,warning,/profile?tab=basic,Review applicant context,Applicant context keeps recommendation and timeline guidance aligned with your situation.,Review context,in_app_readiness_surface|dashboard,redis_notification_feed|remote_push|email,profile-readiness:profile-prompt-user-profile-demographics:0bbf03a984664dce330f7155,Profile applicant context exists,,
user_prompt,ready_for_in_app_admin_delivery,0eb09c84fa76d4593c74706c,profile-prompt-user-profile-demographics,profile,prompt-user,profile.demographics,warning,/profile?tab=basic,Review applicant context,Applicant context keeps recommendation and timeline guidance aligned with your situation.,Review context,in_app_readiness_surface|dashboard,redis_notification_feed|remote_push|email,profile-readiness:profile-prompt-user-profile-demographics:0eb09c84fa76d4593c74706c,Profile applicant context exists,,
user_prompt,ready_for_in_app_admin_delivery,122faf6ff8256a49bad4e360,profile-prompt-user-profile-demographics,profile,prompt-user,profile.demographics,warning,/profile?tab=basic,Review applicant context,Applicant context keeps recommendation and timeline guidance aligned with your situation.,Review context,in_app_readiness_surface|dashboard,redis_notification_feed|remote_push|email,profile-readiness:profile-prompt-user-profile-demographics:122faf6ff8256a49bad4e360,Profile applicant context exists,,
user_prompt,ready_for_in_app_admin_delivery,3ad283595e8c8fc0b173911f,profile-prompt-user-profile-demographics,profile,prompt-user,profile.demographics,warning,/profile?tab=basic,Review applicant context,Applicant context keeps recommendation and timeline guidance aligned with your situation.,Review context,in_app_readiness_surface|dashboard,redis_notification_feed|remote_push|email,profile-readiness:profile-prompt-user-profile-demographics:3ad283595e8c8fc0b173911f,Profile applicant context exists,,
user_prompt,ready_for_in_app_admin_delivery,e0e634d85a0cf22c31cc8a35,profile-prompt-user-profile-demographics,profile,prompt-user,profile.demographics,warning,/profile?tab=basic,Review applicant context,Applicant context keeps recommendation and timeline guidance aligned with your situation.,Review context,in_app_readiness_surface|dashboard,redis_notification_feed|remote_push|email,profile-readiness:profile-prompt-user-profile-demographics:e0e634d85a0cf22c31cc8a35,Profile applicant context exists,,
user_prompt,ready_for_in_app_admin_delivery,832d3d67127cd463e2d158ef,profile-prompt-user-profile-demographics,profile,prompt-user,profile.demographics,warning,/profile?tab=basic,Review applicant context,Applicant context keeps recommendation and timeline guidance aligned with your situation.,Review context,in_app_readiness_surface|dashboard,redis_notification_feed|remote_push|email,profile-readiness:profile-prompt-user-profile-demographics:832d3d67127cd463e2d158ef,Profile applicant context exists,,
user_prompt,ready_for_in_app_admin_delivery,d2873959d1b08e2959358f2c,profile-prompt-user-profile-demographics,profile,prompt-user,profile.demographics,warning,/profile?tab=basic,Review applicant context,Applicant context keeps recommendation and timeline guidance aligned with your situation.,Review context,in_app_readiness_surface|dashboard,redis_notification_feed|remote_push|email,profile-readiness:profile-prompt-user-profile-demographics:d2873959d1b08e2959358f2c,Profile applicant context exists,,
user_prompt,ready_for_in_app_admin_delivery,8f07e9c0290d4e24209a80f2,profile-prompt-user-profile-demographics,profile,prompt-user,profile.demographics,warning,/profile?tab=basic,Review applicant context,Applicant context keeps recommendation and timeline guidance aligned with your situation.,Review context,in_app_readiness_surface|dashboard,redis_notification_feed|remote_push|email,profile-readiness:profile-prompt-user-profile-demographics:8f07e9c0290d4e24209a80f2,Profile applicant context exists,,
user_prompt,ready_for_in_app_admin_delivery,66a64079cf88a7d41a17d7d0,profile-prompt-user-profile-demographics,profile,prompt-user,profile.demographics,warning,/profile?tab=basic,Review applicant context,Applicant context keeps recommendation and timeline guidance aligned with your situation.,Review context,in_app_readiness_surface|dashboard,redis_notification_feed|remote_push|email,profile-readiness:profile-prompt-user-profile-demographics:66a64079cf88a7d41a17d7d0,Profile applicant context exists,,
user_prompt,ready_for_in_app_admin_delivery,11eddca546f63d3d58c39515,profile-prompt-user-profile-demographics,profile,prompt-user,profile.demographics,warning,/profile?tab=basic,Review applicant context,Applicant context keeps recommendation and timeline guidance aligned with your situation.,Review context,in_app_readiness_surface|dashboard,redis_notification_feed|remote_push|email,profile-readiness:profile-prompt-user-profile-demographics:11eddca546f63d3d58c39515,Profile applicant context exists,,
user_prompt,ready_for_in_app_admin_delivery,cd4c24d8fe3e08fda3d08c11,profile-prompt-user-profile-demographics,profile,prompt-user,profile.demographics,warning,/profile?tab=basic,Review applicant context,Applicant context keeps recommendation and timeline guidance aligned with your situation.,Review context,in_app_readiness_surface|dashboard,redis_notification_feed|remote_push|email,profile-readiness:profile-prompt-user-profile-demographics:cd4c24d8fe3e08fda3d08c11,Profile applicant context exists,,
user_prompt,ready_for_in_app_admin_delivery,fb3746bf1583a3a638ae650b,profile-prompt-user-profile-demographics,profile,prompt-user,profile.demographics,warning,/profile?tab=basic,Review applicant context,Applicant context keeps recommendation and timeline guidance aligned with your situation.,Review context,in_app_readiness_surface|dashboard,redis_notification_feed|remote_push|email,profile-readiness:profile-prompt-user-profile-demographics:fb3746bf1583a3a638ae650b,Profile applicant context exists,,
user_prompt,ready_for_in_app_admin_delivery,e77a4fa0fcedef43de0cb4bb,profile-prompt-user-profile-demographics,profile,prompt-user,profile.demographics,warning,/profile?tab=basic,Review applicant context,Applicant context keeps recommendation and timeline guidance aligned with your situation.,Review context,in_app_readiness_surface|dashboard,redis_notification_feed|remote_push|email,profile-readiness:profile-prompt-user-profile-demographics:e77a4fa0fcedef43de0cb4bb,Profile applicant context exists,,
user_prompt,ready_for_in_app_admin_delivery,10238acf3b2e2675d06ce76c,profile-prompt-user-profile-demographics,profile,prompt-user,profile.demographics,warning,/profile?tab=basic,Review applicant context,Applicant context keeps recommendation and timeline guidance aligned with your situation.,Review context,in_app_readiness_surface|dashboard,redis_notification_feed|remote_push|email,profile-readiness:profile-prompt-user-profile-demographics:10238acf3b2e2675d06ce76c,Profile applicant context exists,,
user_prompt,ready_for_in_app_admin_delivery,7819fedbfc32d7ad6de164f3,profile-prompt-user-profile-demographics,profile,prompt-user,profile.demographics,warning,/profile?tab=basic,Review applicant context,Applicant context keeps recommendation and timeline guidance aligned with your situation.,Review context,in_app_readiness_surface|dashboard,redis_notification_feed|remote_push|email,profile-readiness:profile-prompt-user-profile-demographics:7819fedbfc32d7ad6de164f3,Profile applicant context exists,,
user_prompt,ready_for_in_app_admin_delivery,4a947b901c3d9b7ce0481cf2,profile-prompt-user-profile-demographics,profile,prompt-user,profile.demographics,warning,/profile?tab=basic,Review applicant context,Applicant context keeps recommendation and timeline guidance aligned with your situation.,Review context,in_app_readiness_surface|dashboard,redis_notification_feed|remote_push|email,profile-readiness:profile-prompt-user-profile-demographics:4a947b901c3d9b7ce0481cf2,Profile applicant context exists,,
user_prompt,ready_for_in_app_admin_delivery,977aba20a74e363bcb348888,profile-prompt-user-profile-demographics,profile,prompt-user,profile.demographics,warning,/profile?tab=basic,Review applicant context,Applicant context keeps recommendation and timeline guidance aligned with your situation.,Review context,in_app_readiness_surface|dashboard,redis_notification_feed|remote_push|email,profile-readiness:profile-prompt-user-profile-demographics:977aba20a74e363bcb348888,Profile applicant context exists,,
user_prompt,ready_for_in_app_admin_delivery,bdfbfe398683d67d68f39557,profile-prompt-user-profile-demographics,profile,prompt-user,profile.demographics,warning,/profile?tab=basic,Review applicant context,Applicant context keeps recommendation and timeline guidance aligned with your situation.,Review context,in_app_readiness_surface|dashboard,redis_notification_feed|remote_push|email,profile-readiness:profile-prompt-user-profile-demographics:bdfbfe398683d67d68f39557,Profile applicant context exists,,
user_prompt,ready_for_in_app_admin_delivery,3f980c4c6e95243d6daa6974,profile-prompt-user-profile-demographics,profile,prompt-user,profile.demographics,warning,/profile?tab=basic,Review applicant context,Applicant context keeps recommendation and timeline guidance aligned with your situation.,Review context,in_app_readiness_surface|dashboard,redis_notification_feed|remote_push|email,profile-readiness:profile-prompt-user-profile-demographics:3f980c4c6e95243d6daa6974,Profile applicant context exists,,
user_prompt,ready_for_in_app_admin_delivery,95337d5e96446798743732c1,profile-prompt-user-profile-demographics,profile,prompt-user,profile.demographics,warning,/profile?tab=basic,Review applicant context,Applicant context keeps recommendation and timeline guidance aligned with your situation.,Review context,in_app_readiness_surface|dashboard,redis_notification_feed|remote_push|email,profile-readiness:profile-prompt-user-profile-demographics:95337d5e96446798743732c1,Profile applicant context exists,,
user_prompt,ready_for_in_app_admin_delivery,c1950cf2ac294babc3aadf4e,profile-prompt-user-profile-demographics,profile,prompt-user,profile.demographics,warning,/profile?tab=basic,Review applicant context,Applicant context keeps recommendation and timeline guidance aligned with your situation.,Review context,in_app_readiness_surface|dashboard,redis_notification_feed|remote_push|email,profile-readiness:profile-prompt-user-profile-demographics:c1950cf2ac294babc3aadf4e,Profile applicant context exists,,
user_prompt,ready_for_in_app_admin_delivery,566af6ea3815e2e9d4ec7b10,profile-prompt-user-profile-demographics,profile,prompt-user,profile.demographics,warning,/profile?tab=basic,Review applicant context,Applicant context keeps recommendation and timeline guidance aligned with your situation.,Review context,in_app_readiness_surface|dashboard,redis_notification_feed|remote_push|email,profile-readiness:profile-prompt-user-profile-demographics:566af6ea3815e2e9d4ec7b10,Profile applicant context exists,,
user_prompt,ready_for_in_app_admin_delivery,b49b375f2ecd18e1d3e2c548,profile-prompt-user-profile-demographics,profile,prompt-user,profile.demographics,warning,/profile?tab=basic,Review applicant context,Applicant context keeps recommendation and timeline guidance aligned with your situation.,Review context,in_app_readiness_surface|dashboard,redis_notification_feed|remote_push|email,profile-readiness:profile-prompt-user-profile-demographics:b49b375f2ecd18e1d3e2c548,Profile applicant context exists,,
user_prompt,ready_for_in_app_admin_delivery,4cab3e79c7dd8e492a909e7f,profile-prompt-user-profile-demographics,profile,prompt-user,profile.demographics,warning,/profile?tab=basic,Review applicant context,Applicant context keeps recommendation and timeline guidance aligned with your situation.,Review context,in_app_readiness_surface|dashboard,redis_notification_feed|remote_push|email,profile-readiness:profile-prompt-user-profile-demographics:4cab3e79c7dd8e492a909e7f,Profile applicant context exists,,
user_prompt,ready_for_in_app_admin_delivery,fae66721875e65f51507bf27,profile-prompt-user-profile-demographics,profile,prompt-user,profile.demographics,warning,/profile?tab=basic,Review applicant context,Applicant context keeps recommendation and timeline guidance aligned with your situation.,Review context,in_app_readiness_surface|dashboard,redis_notification_feed|remote_push|email,profile-readiness:profile-prompt-user-profile-demographics:fae66721875e65f51507bf27,Profile applicant context exists,,
user_prompt,ready_for_in_app_admin_delivery,7c8c8ff6a81333ff3e9a04a6,profile-prompt-user-profile-demographics,profile,prompt-user,profile.demographics,warning,/profile?tab=basic,Review applicant context,Applicant context keeps recommendation and timeline guidance aligned with your situation.,Review context,in_app_readiness_surface|dashboard,redis_notification_feed|remote_push|email,profile-readiness:profile-prompt-user-profile-demographics:7c8c8ff6a81333ff3e9a04a6,Profile applicant context exists,,
user_prompt,ready_for_in_app_admin_delivery,2317f70b9e80abca4ad0824d,profile-prompt-user-profile-demographics,profile,prompt-user,profile.demographics,warning,/profile?tab=basic,Review applicant context,Applicant context keeps recommendation and timeline guidance aligned with your situation.,Review context,in_app_readiness_surface|dashboard,redis_notification_feed|remote_push|email,profile-readiness:profile-prompt-user-profile-demographics:2317f70b9e80abca4ad0824d,Profile applicant context exists,,
user_prompt,ready_for_in_app_admin_delivery,53abd2f8c90243ba345fa599,profile-prompt-user-profile-demographics,profile,prompt-user,profile.demographics,warning,/profile?tab=basic,Review applicant context,Applicant context keeps recommendation and timeline guidance aligned with your situation.,Review context,in_app_readiness_surface|dashboard,redis_notification_feed|remote_push|email,profile-readiness:profile-prompt-user-profile-demographics:53abd2f8c90243ba345fa599,Profile applicant context exists,,
user_prompt,ready_for_in_app_admin_delivery,b4a7670b022c83cb17a856df,profile-prompt-user-profile-demographics,profile,prompt-user,profile.demographics,warning,/profile?tab=basic,Review applicant context,Applicant context keeps recommendation and timeline guidance aligned with your situation.,Review context,in_app_readiness_surface|dashboard,redis_notification_feed|remote_push|email,profile-readiness:profile-prompt-user-profile-demographics:b4a7670b022c83cb17a856df,Profile applicant context exists,,
user_prompt,ready_for_in_app_admin_delivery,9814382a1d3be3e627c28c80,profile-prompt-user-profile-demographics,profile,prompt-user,profile.demographics,warning,/profile?tab=basic,Review applicant context,Applicant context keeps recommendation and timeline guidance aligned with your situation.,Review context,in_app_readiness_surface|dashboard,redis_notification_feed|remote_push|email,profile-readiness:profile-prompt-user-profile-demographics:9814382a1d3be3e627c28c80,Profile applicant context exists,,
user_prompt,ready_for_in_app_admin_delivery,d4e514871d10cb9f36b65d29,profile-prompt-user-profile-demographics,profile,prompt-user,profile.demographics,warning,/profile?tab=basic,Review applicant context,Applicant context keeps recommendation and timeline guidance aligned with your situation.,Review context,in_app_readiness_surface|dashboard,redis_notification_feed|remote_push|email,profile-readiness:profile-prompt-user-profile-demographics:d4e514871d10cb9f36b65d29,Profile applicant context exists,,
user_prompt,ready_for_in_app_admin_delivery,1d0c77f67037725ac9e941b2,profile-prompt-user-profile-demographics,profile,prompt-user,profile.demographics,warning,/profile?tab=basic,Review applicant context,Applicant context keeps recommendation and timeline guidance aligned with your situation.,Review context,in_app_readiness_surface|dashboard,redis_notification_feed|remote_push|email,profile-readiness:profile-prompt-user-profile-demographics:1d0c77f67037725ac9e941b2,Profile applicant context exists,,
user_prompt,ready_for_in_app_admin_delivery,556224a224a1c7679127d097,profile-prompt-user-profile-demographics,profile,prompt-user,profile.demographics,warning,/profile?tab=basic,Review applicant context,Applicant context keeps recommendation and timeline guidance aligned with your situation.,Review context,in_app_readiness_surface|dashboard,redis_notification_feed|remote_push|email,profile-readiness:profile-prompt-user-profile-demographics:556224a224a1c7679127d097,Profile applicant context exists,,
user_prompt,ready_for_in_app_admin_delivery,f371531d3d25666bda7eafeb,profile-prompt-user-profile-demographics,profile,prompt-user,profile.demographics,warning,/profile?tab=basic,Review applicant context,Applicant context keeps recommendation and timeline guidance aligned with your situation.,Review context,in_app_readiness_surface|dashboard,redis_notification_feed|remote_push|email,profile-readiness:profile-prompt-user-profile-demographics:f371531d3d25666bda7eafeb,Profile applicant context exists,,
user_prompt,ready_for_in_app_admin_delivery,a2d3062f8e09c9cc2ddbd88d,profile-prompt-user-profile-demographics,profile,prompt-user,profile.demographics,warning,/profile?tab=basic,Review applicant context,Applicant context keeps recommendation and timeline guidance aligned with your situation.,Review context,in_app_readiness_surface|dashboard,redis_notification_feed|remote_push|email,profile-readiness:profile-prompt-user-profile-demographics:a2d3062f8e09c9cc2ddbd88d,Profile applicant context exists,,
user_prompt,ready_for_in_app_admin_delivery,5424d5ace64e813a2f73dceb,profile-prompt-user-profile-demographics,profile,prompt-user,profile.demographics,warning,/profile?tab=basic,Review applicant context,Applicant context keeps recommendation and timeline guidance aligned with your situation.,Review context,in_app_readiness_surface|dashboard,redis_notification_feed|remote_push|email,profile-readiness:profile-prompt-user-profile-demographics:5424d5ace64e813a2f73dceb,Profile applicant context exists,,
user_prompt,ready_for_in_app_admin_delivery,67db31e10f819cc055ebc5e6,profile-prompt-user-profile-demographics,profile,prompt-user,profile.demographics,warning,/profile?tab=basic,Review applicant context,Applicant context keeps recommendation and timeline guidance aligned with your situation.,Review context,in_app_readiness_surface|dashboard,redis_notification_feed|remote_push|email,profile-readiness:profile-prompt-user-profile-demographics:67db31e10f819cc055ebc5e6,Profile applicant context exists,,
user_prompt,ready_for_in_app_admin_delivery,21453a247f2c36664ca1f4e7,profile-prompt-user-profile-demographics,profile,prompt-user,profile.demographics,warning,/profile?tab=basic,Review applicant context,Applicant context keeps recommendation and timeline guidance aligned with your situation.,Review context,in_app_readiness_surface|dashboard,redis_notification_feed|remote_push|email,profile-readiness:profile-prompt-user-profile-demographics:21453a247f2c36664ca1f4e7,Profile applicant context exists,,
user_prompt,ready_for_in_app_admin_delivery,bc78a5a24d4822c1254deb2d,profile-prompt-user-profile-demographics,profile,prompt-user,profile.demographics,warning,/profile?tab=basic,Review applicant context,Applicant context keeps recommendation and timeline guidance aligned with your situation.,Review context,in_app_readiness_surface|dashboard,redis_notification_feed|remote_push|email,profile-readiness:profile-prompt-user-profile-demographics:bc78a5a24d4822c1254deb2d,Profile applicant context exists,,
user_prompt,ready_for_in_app_admin_delivery,9d929fa72ae2cc1c5f3d8d82,profile-prompt-user-profile-demographics,profile,prompt-user,profile.demographics,warning,/profile?tab=basic,Review applicant context,Applicant context keeps recommendation and timeline guidance aligned with your situation.,Review context,in_app_readiness_surface|dashboard,redis_notification_feed|remote_push|email,profile-readiness:profile-prompt-user-profile-demographics:9d929fa72ae2cc1c5f3d8d82,Profile applicant context exists,,
user_prompt,ready_for_in_app_admin_delivery,8c13a70fc5c14aacfa48572e,profile-prompt-user-profile-demographics,profile,prompt-user,profile.demographics,warning,/profile?tab=basic,Review applicant context,Applicant context keeps recommendation and timeline guidance aligned with your situation.,Review context,in_app_readiness_surface|dashboard,redis_notification_feed|remote_push|email,profile-readiness:profile-prompt-user-profile-demographics:8c13a70fc5c14aacfa48572e,Profile applicant context exists,,
user_prompt,ready_for_in_app_admin_delivery,5e71abdcb6160d9592741988,profile-prompt-user-profile-demographics,profile,prompt-user,profile.demographics,warning,/profile?tab=basic,Review applicant context,Applicant context keeps recommendation and timeline guidance aligned with your situation.,Review context,in_app_readiness_surface|dashboard,redis_notification_feed|remote_push|email,profile-readiness:profile-prompt-user-profile-demographics:5e71abdcb6160d9592741988,Profile applicant context exists,,
user_prompt,ready_for_in_app_admin_delivery,8d2ae0fbd6efab48cb0052c2,profile-prompt-user-profile-demographics,profile,prompt-user,profile.demographics,warning,/profile?tab=basic,Review applicant context,Applicant context keeps recommendation and timeline guidance aligned with your situation.,Review context,in_app_readiness_surface|dashboard,redis_notification_feed|remote_push|email,profile-readiness:profile-prompt-user-profile-demographics:8d2ae0fbd6efab48cb0052c2,Profile applicant context exists,,
user_prompt,ready_for_in_app_admin_delivery,adb916c3e591190afd9b45f8,profile-prompt-user-profile-demographics,profile,prompt-user,profile.demographics,warning,/profile?tab=basic,Review applicant context,Applicant context keeps recommendation and timeline guidance aligned with your situation.,Review context,in_app_readiness_surface|dashboard,redis_notification_feed|remote_push|email,profile-readiness:profile-prompt-user-profile-demographics:adb916c3e591190afd9b45f8,Profile applicant context exists,,
user_prompt,ready_for_in_app_admin_delivery,00c69013a76020fd12b4db56,profile-prompt-user-profile-demographics,profile,prompt-user,profile.demographics,warning,/profile?tab=basic,Review applicant context,Applicant context keeps recommendation and timeline guidance aligned with your situation.,Review context,in_app_readiness_surface|dashboard,redis_notification_feed|remote_push|email,profile-readiness:profile-prompt-user-profile-demographics:00c69013a76020fd12b4db56,Profile applicant context exists,,
user_prompt,ready_for_in_app_admin_delivery,1fcb3fd1f8acdc0e2e312acc,profile-prompt-user-profile-demographics,profile,prompt-user,profile.demographics,warning,/profile?tab=basic,Review applicant context,Applicant context keeps recommendation and timeline guidance aligned with your situation.,Review context,in_app_readiness_surface|dashboard,redis_notification_feed|remote_push|email,profile-readiness:profile-prompt-user-profile-demographics:1fcb3fd1f8acdc0e2e312acc,Profile applicant context exists,,
user_prompt,ready_for_in_app_admin_delivery,805c5da5dfebc142dddca509,profile-prompt-user-profile-demographics,profile,prompt-user,profile.demographics,warning,/profile?tab=basic,Review applicant context,Applicant context keeps recommendation and timeline guidance aligned with your situation.,Review context,in_app_readiness_surface|dashboard,redis_notification_feed|remote_push|email,profile-readiness:profile-prompt-user-profile-demographics:805c5da5dfebc142dddca509,Profile applicant context exists,,
user_prompt,ready_for_in_app_admin_delivery,176643ab074df2c6330bdc05,profile-prompt-user-profile-demographics,profile,prompt-user,profile.demographics,warning,/profile?tab=basic,Review applicant context,Applicant context keeps recommendation and timeline guidance aligned with your situation.,Review context,in_app_readiness_surface|dashboard,redis_notification_feed|remote_push|email,profile-readiness:profile-prompt-user-profile-demographics:176643ab074df2c6330bdc05,Profile applicant context exists,,
user_prompt,ready_for_in_app_admin_delivery,c33c10777a45726a21deed93,profile-prompt-user-profile-demographics,profile,prompt-user,profile.demographics,warning,/profile?tab=basic,Review applicant context,Applicant context keeps recommendation and timeline guidance aligned with your situation.,Review context,in_app_readiness_surface|dashboard,redis_notification_feed|remote_push|email,profile-readiness:profile-prompt-user-profile-demographics:c33c10777a45726a21deed93,Profile applicant context exists,,
user_prompt,ready_for_in_app_admin_delivery,ee27103855fd947a0585e587,profile-prompt-user-profile-demographics,profile,prompt-user,profile.demographics,warning,/profile?tab=basic,Review applicant context,Applicant context keeps recommendation and timeline guidance aligned with your situation.,Review context,in_app_readiness_surface|dashboard,redis_notification_feed|remote_push|email,profile-readiness:profile-prompt-user-profile-demographics:ee27103855fd947a0585e587,Profile applicant context exists,,
user_prompt,ready_for_in_app_admin_delivery,d0b967b32741d9ec6459f774,profile-prompt-user-profile-demographics,profile,prompt-user,profile.demographics,warning,/profile?tab=basic,Review applicant context,Applicant context keeps recommendation and timeline guidance aligned with your situation.,Review context,in_app_readiness_surface|dashboard,redis_notification_feed|remote_push|email,profile-readiness:profile-prompt-user-profile-demographics:d0b967b32741d9ec6459f774,Profile applicant context exists,,
user_prompt,ready_for_in_app_admin_delivery,f0dca2416b19d212b3180e2a,profile-prompt-user-profile-demographics,profile,prompt-user,profile.demographics,warning,/profile?tab=basic,Review applicant context,Applicant context keeps recommendation and timeline guidance aligned with your situation.,Review context,in_app_readiness_surface|dashboard,redis_notification_feed|remote_push|email,profile-readiness:profile-prompt-user-profile-demographics:f0dca2416b19d212b3180e2a,Profile applicant context exists,,
user_prompt,ready_for_in_app_admin_delivery,3d0f9da60e8980d06930b481,profile-prompt-user-profile-demographics,profile,prompt-user,profile.demographics,warning,/profile?tab=basic,Review applicant context,Applicant context keeps recommendation and timeline guidance aligned with your situation.,Review context,in_app_readiness_surface|dashboard,redis_notification_feed|remote_push|email,profile-readiness:profile-prompt-user-profile-demographics:3d0f9da60e8980d06930b481,Profile applicant context exists,,
user_prompt,ready_for_in_app_admin_delivery,ca5eb63722908f440c293dc4,profile-prompt-user-profile-demographics,profile,prompt-user,profile.demographics,warning,/profile?tab=basic,Review applicant context,Applicant context keeps recommendation and timeline guidance aligned with your situation.,Review context,in_app_readiness_surface|dashboard,redis_notification_feed|remote_push|email,profile-readiness:profile-prompt-user-profile-demographics:ca5eb63722908f440c293dc4,Profile applicant context exists,,
user_prompt,ready_for_in_app_admin_delivery,9f15e7b53f10db2c2e0f4099,profile-prompt-user-profile-demographics,profile,prompt-user,profile.demographics,warning,/profile?tab=basic,Review applicant context,Applicant context keeps recommendation and timeline guidance aligned with your situation.,Review context,in_app_readiness_surface|dashboard,redis_notification_feed|remote_push|email,profile-readiness:profile-prompt-user-profile-demographics:9f15e7b53f10db2c2e0f4099,Profile applicant context exists,,
user_prompt,ready_for_in_app_admin_delivery,33c78f08811b5c66f475a7f1,profile-prompt-user-profile-demographics,profile,prompt-user,profile.demographics,warning,/profile?tab=basic,Review applicant context,Applicant context keeps recommendation and timeline guidance aligned with your situation.,Review context,in_app_readiness_surface|dashboard,redis_notification_feed|remote_push|email,profile-readiness:profile-prompt-user-profile-demographics:33c78f08811b5c66f475a7f1,Profile applicant context exists,,
user_prompt,ready_for_in_app_admin_delivery,cd0e333cdda02719666fbe49,profile-prompt-user-profile-demographics,profile,prompt-user,profile.demographics,warning,/profile?tab=basic,Review applicant context,Applicant context keeps recommendation and timeline guidance aligned with your situation.,Review context,in_app_readiness_surface|dashboard,redis_notification_feed|remote_push|email,profile-readiness:profile-prompt-user-profile-demographics:cd0e333cdda02719666fbe49,Profile applicant context exists,,
user_prompt,ready_for_in_app_admin_delivery,980eac363cffa8fdead3089a,profile-prompt-user-profile-demographics,profile,prompt-user,profile.demographics,warning,/profile?tab=basic,Review applicant context,Applicant context keeps recommendation and timeline guidance aligned with your situation.,Review context,in_app_readiness_surface|dashboard,redis_notification_feed|remote_push|email,profile-readiness:profile-prompt-user-profile-demographics:980eac363cffa8fdead3089a,Profile applicant context exists,,
user_prompt,ready_for_in_app_admin_delivery,4dff462899d7fb76f8396bdd,profile-prompt-user-profile-demographics,profile,prompt-user,profile.demographics,warning,/profile?tab=basic,Review applicant context,Applicant context keeps recommendation and timeline guidance aligned with your situation.,Review context,in_app_readiness_surface|dashboard,redis_notification_feed|remote_push|email,profile-readiness:profile-prompt-user-profile-demographics:4dff462899d7fb76f8396bdd,Profile applicant context exists,,
user_prompt,ready_for_in_app_admin_delivery,95516cf74b0d570a8bd7faf3,profile-prompt-user-profile-demographics,profile,prompt-user,profile.demographics,warning,/profile?tab=basic,Review applicant context,Applicant context keeps recommendation and timeline guidance aligned with your situation.,Review context,in_app_readiness_surface|dashboard,redis_notification_feed|remote_push|email,profile-readiness:profile-prompt-user-profile-demographics:95516cf74b0d570a8bd7faf3,Profile applicant context exists,,
user_prompt,ready_for_in_app_admin_delivery,b8c3f50120c9a5d54a39ddb5,profile-prompt-user-profile-demographics,profile,prompt-user,profile.demographics,warning,/profile?tab=basic,Review applicant context,Applicant context keeps recommendation and timeline guidance aligned with your situation.,Review context,in_app_readiness_surface|dashboard,redis_notification_feed|remote_push|email,profile-readiness:profile-prompt-user-profile-demographics:b8c3f50120c9a5d54a39ddb5,Profile applicant context exists,,
user_prompt,ready_for_in_app_admin_delivery,e6ac6819060422a01033b7c2,profile-prompt-user-profile-demographics,profile,prompt-user,profile.demographics,warning,/profile?tab=basic,Review applicant context,Applicant context keeps recommendation and timeline guidance aligned with your situation.,Review context,in_app_readiness_surface|dashboard,redis_notification_feed|remote_push|email,profile-readiness:profile-prompt-user-profile-demographics:e6ac6819060422a01033b7c2,Profile applicant context exists,,
user_prompt,ready_for_in_app_admin_delivery,0487162eb16fe3731a2dcd5f,profile-prompt-user-profile-demographics,profile,prompt-user,profile.demographics,warning,/profile?tab=basic,Review applicant context,Applicant context keeps recommendation and timeline guidance aligned with your situation.,Review context,in_app_readiness_surface|dashboard,redis_notification_feed|remote_push|email,profile-readiness:profile-prompt-user-profile-demographics:0487162eb16fe3731a2dcd5f,Profile applicant context exists,,
user_prompt,ready_for_in_app_admin_delivery,625571854e8fb624c0e36346,profile-prompt-user-profile-demographics,profile,prompt-user,profile.demographics,warning,/profile?tab=basic,Review applicant context,Applicant context keeps recommendation and timeline guidance aligned with your situation.,Review context,in_app_readiness_surface|dashboard,redis_notification_feed|remote_push|email,profile-readiness:profile-prompt-user-profile-demographics:625571854e8fb624c0e36346,Profile applicant context exists,,
user_prompt,ready_for_in_app_admin_delivery,8f44cd19e12bead2f651a52f,profile-prompt-user-profile-demographics,profile,prompt-user,profile.demographics,warning,/profile?tab=basic,Review applicant context,Applicant context keeps recommendation and timeline guidance aligned with your situation.,Review context,in_app_readiness_surface|dashboard,redis_notification_feed|remote_push|email,profile-readiness:profile-prompt-user-profile-demographics:8f44cd19e12bead2f651a52f,Profile applicant context exists,,
user_prompt,ready_for_in_app_admin_delivery,12d9095e28814d34280ce5f8,profile-prompt-user-profile-demographics,profile,prompt-user,profile.demographics,warning,/profile?tab=basic,Review applicant context,Applicant context keeps recommendation and timeline guidance aligned with your situation.,Review context,in_app_readiness_surface|dashboard,redis_notification_feed|remote_push|email,profile-readiness:profile-prompt-user-profile-demographics:12d9095e28814d34280ce5f8,Profile applicant context exists,,
user_prompt,ready_for_in_app_admin_delivery,512557be39aeec8a261e16f5,profile-prompt-user-profile-demographics,profile,prompt-user,profile.demographics,warning,/profile?tab=basic,Review applicant context,Applicant context keeps recommendation and timeline guidance aligned with your situation.,Review context,in_app_readiness_surface|dashboard,redis_notification_feed|remote_push|email,profile-readiness:profile-prompt-user-profile-demographics:512557be39aeec8a261e16f5,Profile applicant context exists,,
user_prompt,ready_for_in_app_admin_delivery,8a9894f022079555414c8aeb,profile-prompt-user-profile-demographics,profile,prompt-user,profile.demographics,warning,/profile?tab=basic,Review applicant context,Applicant context keeps recommendation and timeline guidance aligned with your situation.,Review context,in_app_readiness_surface|dashboard,redis_notification_feed|remote_push|email,profile-readiness:profile-prompt-user-profile-demographics:8a9894f022079555414c8aeb,Profile applicant context exists,,
user_prompt,ready_for_in_app_admin_delivery,6174b3d014f4f619a3ff6b72,profile-prompt-user-profile-demographics,profile,prompt-user,profile.demographics,warning,/profile?tab=basic,Review applicant context,Applicant context keeps recommendation and timeline guidance aligned with your situation.,Review context,in_app_readiness_surface|dashboard,redis_notification_feed|remote_push|email,profile-readiness:profile-prompt-user-profile-demographics:6174b3d014f4f619a3ff6b72,Profile applicant context exists,,
user_prompt,ready_for_in_app_admin_delivery,ef468fe3f9990bb15e47ad28,profile-prompt-user-profile-demographics,profile,prompt-user,profile.demographics,warning,/profile?tab=basic,Review applicant context,Applicant context keeps recommendation and timeline guidance aligned with your situation.,Review context,in_app_readiness_surface|dashboard,redis_notification_feed|remote_push|email,profile-readiness:profile-prompt-user-profile-demographics:ef468fe3f9990bb15e47ad28,Profile applicant context exists,,
user_prompt,ready_for_in_app_admin_delivery,120e94098a641151055e7401,profile-prompt-user-profile-demographics,profile,prompt-user,profile.demographics,warning,/profile?tab=basic,Review applicant context,Applicant context keeps recommendation and timeline guidance aligned with your situation.,Review context,in_app_readiness_surface|dashboard,redis_notification_feed|remote_push|email,profile-readiness:profile-prompt-user-profile-demographics:120e94098a641151055e7401,Profile applicant context exists,,
user_prompt,ready_for_in_app_admin_delivery,d9259906488359e282745726,profile-prompt-user-profile-demographics,profile,prompt-user,profile.demographics,warning,/profile?tab=basic,Review applicant context,Applicant context keeps recommendation and timeline guidance aligned with your situation.,Review context,in_app_readiness_surface|dashboard,redis_notification_feed|remote_push|email,profile-readiness:profile-prompt-user-profile-demographics:d9259906488359e282745726,Profile applicant context exists,,
user_prompt,ready_for_in_app_admin_delivery,beeae0f88a46824bd6e36f90,profile-prompt-user-profile-demographics,profile,prompt-user,profile.demographics,warning,/profile?tab=basic,Review applicant context,Applicant context keeps recommendation and timeline guidance aligned with your situation.,Review context,in_app_readiness_surface|dashboard,redis_notification_feed|remote_push|email,profile-readiness:profile-prompt-user-profile-demographics:beeae0f88a46824bd6e36f90,Profile applicant context exists,,
user_prompt,ready_for_in_app_admin_delivery,962fe005af82e4f313bedb2d,profile-prompt-user-profile-demographics,profile,prompt-user,profile.demographics,warning,/profile?tab=basic,Review applicant context,Applicant context keeps recommendation and timeline guidance aligned with your situation.,Review context,in_app_readiness_surface|dashboard,redis_notification_feed|remote_push|email,profile-readiness:profile-prompt-user-profile-demographics:962fe005af82e4f313bedb2d,Profile applicant context exists,,
user_prompt,ready_for_in_app_admin_delivery,e2d4f5f8fc21d9e4dd7d2df2,profile-prompt-user-profile-demographics,profile,prompt-user,profile.demographics,warning,/profile?tab=basic,Review applicant context,Applicant context keeps recommendation and timeline guidance aligned with your situation.,Review context,in_app_readiness_surface|dashboard,redis_notification_feed|remote_push|email,profile-readiness:profile-prompt-user-profile-demographics:e2d4f5f8fc21d9e4dd7d2df2,Profile applicant context exists,,
user_prompt,ready_for_in_app_admin_delivery,dcade48028aa7004b2e2b982,profile-prompt-user-profile-demographics,profile,prompt-user,profile.demographics,warning,/profile?tab=basic,Review applicant context,Applicant context keeps recommendation and timeline guidance aligned with your situation.,Review context,in_app_readiness_surface|dashboard,redis_notification_feed|remote_push|email,profile-readiness:profile-prompt-user-profile-demographics:dcade48028aa7004b2e2b982,Profile applicant context exists,,
user_prompt,ready_for_in_app_admin_delivery,da83d1a201eb1e0112b7eec4,profile-prompt-user-profile-demographics,profile,prompt-user,profile.demographics,warning,/profile?tab=basic,Review applicant context,Applicant context keeps recommendation and timeline guidance aligned with your situation.,Review context,in_app_readiness_surface|dashboard,redis_notification_feed|remote_push|email,profile-readiness:profile-prompt-user-profile-demographics:da83d1a201eb1e0112b7eec4,Profile applicant context exists,,
user_prompt,ready_for_in_app_admin_delivery,0f06d8ca1b23d3a1dc68a6eb,profile-prompt-user-profile-demographics,profile,prompt-user,profile.demographics,warning,/profile?tab=basic,Review applicant context,Applicant context keeps recommendation and timeline guidance aligned with your situation.,Review context,in_app_readiness_surface|dashboard,redis_notification_feed|remote_push|email,profile-readiness:profile-prompt-user-profile-demographics:0f06d8ca1b23d3a1dc68a6eb,Profile applicant context exists,,
user_prompt,ready_for_in_app_admin_delivery,473c4613d839068ba7855d82,profile-prompt-user-profile-demographics,profile,prompt-user,profile.demographics,warning,/profile?tab=basic,Review applicant context,Applicant context keeps recommendation and timeline guidance aligned with your situation.,Review context,in_app_readiness_surface|dashboard,redis_notification_feed|remote_push|email,profile-readiness:profile-prompt-user-profile-demographics:473c4613d839068ba7855d82,Profile applicant context exists,,
user_prompt,ready_for_in_app_admin_delivery,30644d4d38a7469292f1c5ee,profile-prompt-user-profile-demographics,profile,prompt-user,profile.demographics,warning,/profile?tab=basic,Review applicant context,Applicant context keeps recommendation and timeline guidance aligned with your situation.,Review context,in_app_readiness_surface|dashboard,redis_notification_feed|remote_push|email,profile-readiness:profile-prompt-user-profile-demographics:30644d4d38a7469292f1c5ee,Profile applicant context exists,,
user_prompt,ready_for_in_app_admin_delivery,0defed87eef77bb11270748d,profile-prompt-user-profile-demographics,profile,prompt-user,profile.demographics,warning,/profile?tab=basic,Review applicant context,Applicant context keeps recommendation and timeline guidance aligned with your situation.,Review context,in_app_readiness_surface|dashboard,redis_notification_feed|remote_push|email,profile-readiness:profile-prompt-user-profile-demographics:0defed87eef77bb11270748d,Profile applicant context exists,,
user_prompt,ready_for_in_app_admin_delivery,cc241cedf886e14bf508182b,profile-prompt-user-profile-demographics,profile,prompt-user,profile.demographics,warning,/profile?tab=basic,Review applicant context,Applicant context keeps recommendation and timeline guidance aligned with your situation.,Review context,in_app_readiness_surface|dashboard,redis_notification_feed|remote_push|email,profile-readiness:profile-prompt-user-profile-demographics:cc241cedf886e14bf508182b,Profile applicant context exists,,
user_prompt,ready_for_in_app_admin_delivery,85490fb37f0bdf02f563ea85,profile-prompt-user-profile-demographics,profile,prompt-user,profile.demographics,warning,/profile?tab=basic,Review applicant context,Applicant context keeps recommendation and timeline guidance aligned with your situation.,Review context,in_app_readiness_surface|dashboard,redis_notification_feed|remote_push|email,profile-readiness:profile-prompt-user-profile-demographics:85490fb37f0bdf02f563ea85,Profile applicant context exists,,
user_prompt,ready_for_in_app_admin_delivery,12c0646647db687d1a65aed0,profile-prompt-user-profile-demographics,profile,prompt-user,profile.demographics,warning,/profile?tab=basic,Review applicant context,Applicant context keeps recommendation and timeline guidance aligned with your situation.,Review context,in_app_readiness_surface|dashboard,redis_notification_feed|remote_push|email,profile-readiness:profile-prompt-user-profile-demographics:12c0646647db687d1a65aed0,Profile applicant context exists,,
user_prompt,ready_for_in_app_admin_delivery,a11417640be59bed20bc3a98,profile-prompt-user-profile-demographics,profile,prompt-user,profile.demographics,warning,/profile?tab=basic,Review applicant context,Applicant context keeps recommendation and timeline guidance aligned with your situation.,Review context,in_app_readiness_surface|dashboard,redis_notification_feed|remote_push|email,profile-readiness:profile-prompt-user-profile-demographics:a11417640be59bed20bc3a98,Profile applicant context exists,,
user_prompt,ready_for_in_app_admin_delivery,8f66d4f73209fbaccd3033bf,profile-prompt-user-profile-demographics,profile,prompt-user,profile.demographics,warning,/profile?tab=basic,Review applicant context,Applicant context keeps recommendation and timeline guidance aligned with your situation.,Review context,in_app_readiness_surface|dashboard,redis_notification_feed|remote_push|email,profile-readiness:profile-prompt-user-profile-demographics:8f66d4f73209fbaccd3033bf,Profile applicant context exists,,
user_prompt,ready_for_in_app_admin_delivery,c20f861a8c401467478f1ff8,profile-prompt-user-profile-demographics,profile,prompt-user,profile.demographics,warning,/profile?tab=basic,Review applicant context,Applicant context keeps recommendation and timeline guidance aligned with your situation.,Review context,in_app_readiness_surface|dashboard,redis_notification_feed|remote_push|email,profile-readiness:profile-prompt-user-profile-demographics:c20f861a8c401467478f1ff8,Profile applicant context exists,,
user_prompt,ready_for_in_app_admin_delivery,3e9f49d50ab7d023f1a8e39e,profile-prompt-user-profile-demographics,profile,prompt-user,profile.demographics,warning,/profile?tab=basic,Review applicant context,Applicant context keeps recommendation and timeline guidance aligned with your situation.,Review context,in_app_readiness_surface|dashboard,redis_notification_feed|remote_push|email,profile-readiness:profile-prompt-user-profile-demographics:3e9f49d50ab7d023f1a8e39e,Profile applicant context exists,,
user_prompt,ready_for_in_app_admin_delivery,8e31c7196b60b7f62dbf3e4d,profile-prompt-user-profile-demographics,profile,prompt-user,profile.demographics,warning,/profile?tab=basic,Review applicant context,Applicant context keeps recommendation and timeline guidance aligned with your situation.,Review context,in_app_readiness_surface|dashboard,redis_notification_feed|remote_push|email,profile-readiness:profile-prompt-user-profile-demographics:8e31c7196b60b7f62dbf3e4d,Profile applicant context exists,,
user_prompt,ready_for_in_app_admin_delivery,8965a5653322427763446164,profile-prompt-user-profile-demographics,profile,prompt-user,profile.demographics,warning,/profile?tab=basic,Review applicant context,Applicant context keeps recommendation and timeline guidance aligned with your situation.,Review context,in_app_readiness_surface|dashboard,redis_notification_feed|remote_push|email,profile-readiness:profile-prompt-user-profile-demographics:8965a5653322427763446164,Profile applicant context exists,,
user_prompt,ready_for_in_app_admin_delivery,055d9e308db51968e031377f,school-list-balance-school-list-school-list-balance,school_list,balance-school-list,school_list.balance,warning,/schools,Balance your school list,"A balanced list helps reduce strategy risk across reach, target, and safety schools.",Balance list,in_app_readiness_surface|dashboard,redis_notification_feed|remote_push|email,profile-readiness:school-list-balance-school-list-school-list-balance:055d9e308db51968e031377f,Reach/target/safety mix is balanced,,
user_prompt,ready_for_in_app_admin_delivery,5e07c7724824ddb82aee1eee,school-list-balance-school-list-school-list-balance,school_list,balance-school-list,school_list.balance,warning,/schools,Balance your school list,"A balanced list helps reduce strategy risk across reach, target, and safety schools.",Balance list,in_app_readiness_surface|dashboard,redis_notification_feed|remote_push|email,profile-readiness:school-list-balance-school-list-school-list-balance:5e07c7724824ddb82aee1eee,Reach/target/safety mix is balanced,,
user_prompt,ready_for_in_app_admin_delivery,d2873959d1b08e2959358f2c,school-list-balance-school-list-school-list-min-count,school_list,balance-school-list,school_list.min_count,warning,/schools,Expand your school list,"A broader list makes reach, target, and safety planning more useful.",Review schools,in_app_readiness_surface|dashboard,redis_notification_feed|remote_push|email,profile-readiness:school-list-balance-school-list-school-list-min-count:d2873959d1b08e2959358f2c,SchoolListItem count >= readiness threshold,,
user_prompt,ready_for_in_app_admin_delivery,8f07e9c0290d4e24209a80f2,school-list-balance-school-list-school-list-min-count,school_list,balance-school-list,school_list.min_count,warning,/schools,Expand your school list,"A broader list makes reach, target, and safety planning more useful.",Review schools,in_app_readiness_surface|dashboard,redis_notification_feed|remote_push|email,profile-readiness:school-list-balance-school-list-school-list-min-count:8f07e9c0290d4e24209a80f2,SchoolListItem count >= readiness threshold,,
user_prompt,ready_for_in_app_admin_delivery,cd4c24d8fe3e08fda3d08c11,school-list-balance-school-list-school-list-min-count,school_list,balance-school-list,school_list.min_count,warning,/schools,Expand your school list,"A broader list makes reach, target, and safety planning more useful.",Review schools,in_app_readiness_surface|dashboard,redis_notification_feed|remote_push|email,profile-readiness:school-list-balance-school-list-school-list-min-count:cd4c24d8fe3e08fda3d08c11,SchoolListItem count >= readiness threshold,,
user_prompt,ready_for_in_app_admin_delivery,5e07c7724824ddb82aee1eee,school-list-balance-school-list-school-list-min-count,school_list,balance-school-list,school_list.min_count,warning,/schools,Expand your school list,"A broader list makes reach, target, and safety planning more useful.",Review schools,in_app_readiness_surface|dashboard,redis_notification_feed|remote_push|email,profile-readiness:school-list-balance-school-list-school-list-min-count:5e07c7724824ddb82aee1eee,SchoolListItem count >= readiness threshold,,
system_generation,ready_for_system_generation,52fc44e64057db34b5c2120d,timeline-generate-timeline-timeline-missing-school-round,timeline,generate-timeline,timeline.missing_school_round,warning,/timeline,Set application rounds,Application rounds let the platform generate the right deadline tasks for each school.,Update timeline,admin_queue,redis_notification_feed|remote_push|email,,ApplicationTimeline has generated tasks for each selected school round,cmn1htkn80003vqf29zl0f9lr,Stanford University
system_generation,ready_for_system_generation,52fc44e64057db34b5c2120d,timeline-generate-timeline-timeline-missing-school-round,timeline,generate-timeline,timeline.missing_school_round,warning,/timeline,Set application rounds,Application rounds let the platform generate the right deadline tasks for each school.,Update timeline,admin_queue,redis_notification_feed|remote_push|email,,ApplicationTimeline has generated tasks for each selected school round,cmn1htkoa000kvqf2oqm36hw5,"University of Michigan, Ann Arbor"
user_prompt,ready_for_in_app_admin_delivery,52fc44e64057db34b5c2120d,timeline-set-application-round-timeline-missing-school-round,timeline,set-application-round,timeline.missing_school_round,warning,/timeline,Set application rounds,Application rounds let the platform generate the right deadline tasks for each school.,Update timeline,in_app_readiness_surface|dashboard,redis_notification_feed|remote_push|email,profile-readiness:timeline-set-application-round-timeline-missing-school-round:52fc44e64057db34b5c2120d,ApplicationTimeline has generated tasks for each selected school round,cmn1htkpe0010vqf2xzzjz779,University of Illinois Urbana-Champaign
system_generation,ready_for_system_generation,52fc44e64057db34b5c2120d,timeline-generate-timeline-timeline-missing-school-round,timeline,generate-timeline,timeline.missing_school_round,warning,/timeline,Set application rounds,Application rounds let the platform generate the right deadline tasks for each school.,Update timeline,admin_queue,redis_notification_feed|remote_push|email,,ApplicationTimeline has generated tasks for each selected school round,cmn1htkq30018vqf2xt2csyoe,Purdue University
system_generation,ready_for_system_generation,d2873959d1b08e2959358f2c,timeline-generate-timeline-timeline-missing-school-round,timeline,generate-timeline,timeline.missing_school_round,warning,/timeline,Set application rounds,Application rounds let the platform generate the right deadline tasks for each school.,Update timeline,admin_queue,redis_notification_feed|remote_push|email,,ApplicationTimeline has generated tasks for each selected school round,cmn1htknm000avqf2g8h3sbdp,Northwestern University
system_generation,ready_for_system_generation,d2873959d1b08e2959358f2c,timeline-generate-timeline-timeline-missing-school-round,timeline,generate-timeline,timeline.missing_school_round,warning,/timeline,Set application rounds,Application rounds let the platform generate the right deadline tasks for each school.,Update timeline,admin_queue,redis_notification_feed|remote_push|email,,ApplicationTimeline has generated tasks for each selected school round,cmn1htkng0007vqf224oeyvgq,Duke University
system_generation,ready_for_system_generation,d2873959d1b08e2959358f2c,timeline-generate-timeline-timeline-missing-school-round,timeline,generate-timeline,timeline.missing_school_round,warning,/timeline,Set application rounds,Application rounds let the platform generate the right deadline tasks for each school.,Update timeline,admin_queue,redis_notification_feed|remote_push|email,,ApplicationTimeline has generated tasks for each selected school round,cmn1htko0000gvqf2pmjc1xi9,Rice University
system_generation,ready_for_system_generation,d2873959d1b08e2959358f2c,timeline-generate-timeline-timeline-missing-school-round,timeline,generate-timeline,timeline.missing_school_round,warning,/timeline,Set application rounds,Application rounds let the platform generate the right deadline tasks for each school.,Update timeline,admin_queue,redis_notification_feed|remote_push|email,,ApplicationTimeline has generated tasks for each selected school round,cmn1htkoj000ovqf226pta7or,Emory University
system_generation,ready_for_system_generation,8f07e9c0290d4e24209a80f2,timeline-generate-timeline-timeline-missing-school-round,timeline,generate-timeline,timeline.missing_school_round,warning,/timeline,Set application rounds,Application rounds let the platform generate the right deadline tasks for each school.,Update timeline,admin_queue,redis_notification_feed|remote_push|email,,ApplicationTimeline has generated tasks for each selected school round,cmn1htknl0009vqf255v6mh7y,Johns Hopkins University
system_generation,ready_for_system_generation,8f07e9c0290d4e24209a80f2,timeline-generate-timeline-timeline-missing-school-round,timeline,generate-timeline,timeline.missing_school_round,warning,/timeline,Set application rounds,Application rounds let the platform generate the right deadline tasks for each school.,Update timeline,admin_queue,redis_notification_feed|remote_push|email,,ApplicationTimeline has generated tasks for each selected school round,cmn1htko0000gvqf2pmjc1xi9,Rice University
system_generation,ready_for_system_generation,8f07e9c0290d4e24209a80f2,timeline-generate-timeline-timeline-missing-school-round,timeline,generate-timeline,timeline.missing_school_round,warning,/timeline,Set application rounds,Application rounds let the platform generate the right deadline tasks for each school.,Update timeline,admin_queue,redis_notification_feed|remote_push|email,,ApplicationTimeline has generated tasks for each selected school round,cmn1htkoj000ovqf226pta7or,Emory University
system_generation,ready_for_system_generation,8f07e9c0290d4e24209a80f2,timeline-generate-timeline-timeline-missing-school-round,timeline,generate-timeline,timeline.missing_school_round,warning,/timeline,Set application rounds,Application rounds let the platform generate the right deadline tasks for each school.,Update timeline,admin_queue,redis_notification_feed|remote_push|email,,ApplicationTimeline has generated tasks for each selected school round,cmn1htkpw0016vqf20t0lflxm,Boston University
system_generation,ready_for_system_generation,cd4c24d8fe3e08fda3d08c11,timeline-generate-timeline-timeline-missing-school-round,timeline,generate-timeline,timeline.missing_school_round,warning,/timeline,Set application rounds,Application rounds let the platform generate the right deadline tasks for each school.,Update timeline,admin_queue,redis_notification_feed|remote_push|email,,ApplicationTimeline has generated tasks for each selected school round,cmn1htknv000evqf29yjvrstt,"University of California, Berkeley"
system_generation,ready_for_system_generation,cd4c24d8fe3e08fda3d08c11,timeline-generate-timeline-timeline-missing-school-round,timeline,generate-timeline,timeline.missing_school_round,warning,/timeline,Set application rounds,Application rounds let the platform generate the right deadline tasks for each school.,Update timeline,admin_queue,redis_notification_feed|remote_push|email,,ApplicationTimeline has generated tasks for each selected school round,cmn1htkny000fvqf2jlmz8ej1,"University of California, Los Angeles"
system_generation,ready_for_system_generation,cd4c24d8fe3e08fda3d08c11,timeline-generate-timeline-timeline-missing-school-round,timeline,generate-timeline,timeline.missing_school_round,warning,/timeline,Set application rounds,Application rounds let the platform generate the right deadline tasks for each school.,Update timeline,admin_queue,redis_notification_feed|remote_push|email,,ApplicationTimeline has generated tasks for each selected school round,cmn1htkou000svqf2356l4yfj,"University of California, San Diego"
system_generation,ready_for_system_generation,cd4c24d8fe3e08fda3d08c11,timeline-generate-timeline-timeline-missing-school-round,timeline,generate-timeline,timeline.missing_school_round,warning,/timeline,Set application rounds,Application rounds let the platform generate the right deadline tasks for each school.,Update timeline,admin_queue,redis_notification_feed|remote_push|email,,ApplicationTimeline has generated tasks for each selected school round,cmn1htkor000rvqf282ibd6kz,"University of California, Davis"
system_generation,ready_for_system_generation,cd4c24d8fe3e08fda3d08c11,timeline-generate-timeline-timeline-missing-school-round,timeline,generate-timeline,timeline.missing_school_round,warning,/timeline,Set application rounds,Application rounds let the platform generate the right deadline tasks for each school.,Update timeline,admin_queue,redis_notification_feed|remote_push|email,,ApplicationTimeline has generated tasks for each selected school round,cmn1htkpb000zvqf2645ltfg6,"University of California, Santa Barbara"
user_prompt,ready_for_in_app_admin_delivery,5e07c7724824ddb82aee1eee,timeline-set-application-round-timeline-missing-school-round,timeline,set-application-round,timeline.missing_school_round,warning,/timeline,Set application rounds,Application rounds let the platform generate the right deadline tasks for each school.,Update timeline,in_app_readiness_surface|dashboard,redis_notification_feed|remote_push|email,profile-readiness:timeline-set-application-round-timeline-missing-school-round:5e07c7724824ddb82aee1eee,ApplicationTimeline has generated tasks for each selected school round,cmn1htknv000evqf29yjvrstt,"University of California, Berkeley"
system_generation,ready_for_system_generation,5e07c7724824ddb82aee1eee,timeline-generate-timeline-timeline-missing-school-round,timeline,generate-timeline,timeline.missing_school_round,warning,/timeline,Set application rounds,Application rounds let the platform generate the right deadline tasks for each school.,Update timeline,admin_queue,redis_notification_feed|remote_push|email,,ApplicationTimeline has generated tasks for each selected school round,cmn1htkno000bvqf209819ok4,Columbia University
system_generation,ready_for_system_generation,5e07c7724824ddb82aee1eee,timeline-generate-timeline-timeline-missing-school-round,timeline,generate-timeline,timeline.missing_school_round,warning,/timeline,Set application rounds,Application rounds let the platform generate the right deadline tasks for each school.,Update timeline,admin_queue,redis_notification_feed|remote_push|email,,ApplicationTimeline has generated tasks for each selected school round,cmn1htkn30001vqf2nozenmj6,Massachusetts Institute of Technology
system_generation,ready_for_system_generation,055d9e308db51968e031377f,application-analysis-run-application-analysis-application-analysis-not-run,application_analysis,run-application-analysis,application_analysis.not_run,info,/uncommon-app,,,,admin_queue,redis_notification_feed|remote_push|email,,Application analysis run exists,,
system_generation,ready_for_system_generation,52fc44e64057db34b5c2120d,application-analysis-run-application-analysis-application-analysis-not-run,application_analysis,run-application-analysis,application_analysis.not_run,info,/uncommon-app,,,,admin_queue,redis_notification_feed|remote_push|email,,Application analysis run exists,,
system_generation,ready_for_system_generation,d2873959d1b08e2959358f2c,application-analysis-run-application-analysis-application-analysis-not-run,application_analysis,run-application-analysis,application_analysis.not_run,info,/uncommon-app,,,,admin_queue,redis_notification_feed|remote_push|email,,Application analysis run exists,,
system_generation,ready_for_system_generation,8f07e9c0290d4e24209a80f2,application-analysis-run-application-analysis-application-analysis-not-run,application_analysis,run-application-analysis,application_analysis.not_run,info,/uncommon-app,,,,admin_queue,redis_notification_feed|remote_push|email,,Application analysis run exists,,
system_generation,ready_for_system_generation,5e07c7724824ddb82aee1eee,application-analysis-run-application-analysis-application-analysis-not-run,application_analysis,run-application-analysis,application_analysis.not_run,info,/uncommon-app,,,,admin_queue,redis_notification_feed|remote_push|email,,Application analysis run exists,,
user_prompt,ready_for_in_app_admin_delivery,7a29e78a2be76e25d6e24374,execution-start-essay-workflow-essays-none,execution,start-essay-workflow,essays.none,info,/essays,Start your essay workspace,Essay drafts connect your profile to prompt-specific guidance and deadlines.,Start essays,in_app_readiness_surface|dashboard,redis_notification_feed|remote_push|email,profile-readiness:execution-start-essay-workflow-essays-none:7a29e78a2be76e25d6e24374,User has at least one essay draft or prompt selection,,
user_prompt,ready_for_in_app_admin_delivery,055d9e308db51968e031377f,execution-start-essay-workflow-essays-none,execution,start-essay-workflow,essays.none,info,/essays,Start your essay workspace,Essay drafts connect your profile to prompt-specific guidance and deadlines.,Start essays,in_app_readiness_surface|dashboard,redis_notification_feed|remote_push|email,profile-readiness:execution-start-essay-workflow-essays-none:055d9e308db51968e031377f,User has at least one essay draft or prompt selection,,
user_prompt,ready_for_in_app_admin_delivery,a76676d472710aa2483a96c4,execution-start-essay-workflow-essays-none,execution,start-essay-workflow,essays.none,info,/essays,Start your essay workspace,Essay drafts connect your profile to prompt-specific guidance and deadlines.,Start essays,in_app_readiness_surface|dashboard,redis_notification_feed|remote_push|email,profile-readiness:execution-start-essay-workflow-essays-none:a76676d472710aa2483a96c4,User has at least one essay draft or prompt selection,,
user_prompt,ready_for_in_app_admin_delivery,8b6443ed32abc9d51922f7b4,execution-start-essay-workflow-essays-none,execution,start-essay-workflow,essays.none,info,/essays,Start your essay workspace,Essay drafts connect your profile to prompt-specific guidance and deadlines.,Start essays,in_app_readiness_surface|dashboard,redis_notification_feed|remote_push|email,profile-readiness:execution-start-essay-workflow-essays-none:8b6443ed32abc9d51922f7b4,User has at least one essay draft or prompt selection,,
user_prompt,ready_for_in_app_admin_delivery,ffddc1934c2544d68ce63314,execution-start-essay-workflow-essays-none,execution,start-essay-workflow,essays.none,info,/essays,Start your essay workspace,Essay drafts connect your profile to prompt-specific guidance and deadlines.,Start essays,in_app_readiness_surface|dashboard,redis_notification_feed|remote_push|email,profile-readiness:execution-start-essay-workflow-essays-none:ffddc1934c2544d68ce63314,User has at least one essay draft or prompt selection,,
user_prompt,ready_for_in_app_admin_delivery,b9967b9b5171217045f25da8,execution-start-essay-workflow-essays-none,execution,start-essay-workflow,essays.none,info,/essays,Start your essay workspace,Essay drafts connect your profile to prompt-specific guidance and deadlines.,Start essays,in_app_readiness_surface|dashboard,redis_notification_feed|remote_push|email,profile-readiness:execution-start-essay-workflow-essays-none:b9967b9b5171217045f25da8,User has at least one essay draft or prompt selection,,
user_prompt,ready_for_in_app_admin_delivery,f1365adaa12cdb38d8e7055e,execution-start-essay-workflow-essays-none,execution,start-essay-workflow,essays.none,info,/essays,Start your essay workspace,Essay drafts connect your profile to prompt-specific guidance and deadlines.,Start essays,in_app_readiness_surface|dashboard,redis_notification_feed|remote_push|email,profile-readiness:execution-start-essay-workflow-essays-none:f1365adaa12cdb38d8e7055e,User has at least one essay draft or prompt selection,,
user_prompt,ready_for_in_app_admin_delivery,be27f8a18041d6d00d7af95b,execution-start-essay-workflow-essays-none,execution,start-essay-workflow,essays.none,info,/essays,Start your essay workspace,Essay drafts connect your profile to prompt-specific guidance and deadlines.,Start essays,in_app_readiness_surface|dashboard,redis_notification_feed|remote_push|email,profile-readiness:execution-start-essay-workflow-essays-none:be27f8a18041d6d00d7af95b,User has at least one essay draft or prompt selection,,
user_prompt,ready_for_in_app_admin_delivery,fbebd41cf5af26d73edb886c,execution-start-essay-workflow-essays-none,execution,start-essay-workflow,essays.none,info,/essays,Start your essay workspace,Essay drafts connect your profile to prompt-specific guidance and deadlines.,Start essays,in_app_readiness_surface|dashboard,redis_notification_feed|remote_push|email,profile-readiness:execution-start-essay-workflow-essays-none:fbebd41cf5af26d73edb886c,User has at least one essay draft or prompt selection,,
user_prompt,ready_for_in_app_admin_delivery,819e264db561cad594fc3424,execution-start-essay-workflow-essays-none,execution,start-essay-workflow,essays.none,info,/essays,Start your essay workspace,Essay drafts connect your profile to prompt-specific guidance and deadlines.,Start essays,in_app_readiness_surface|dashboard,redis_notification_feed|remote_push|email,profile-readiness:execution-start-essay-workflow-essays-none:819e264db561cad594fc3424,User has at least one essay draft or prompt selection,,
user_prompt,ready_for_in_app_admin_delivery,0894db086e3f4b4fc895f73a,execution-start-essay-workflow-essays-none,execution,start-essay-workflow,essays.none,info,/essays,Start your essay workspace,Essay drafts connect your profile to prompt-specific guidance and deadlines.,Start essays,in_app_readiness_surface|dashboard,redis_notification_feed|remote_push|email,profile-readiness:execution-start-essay-workflow-essays-none:0894db086e3f4b4fc895f73a,User has at least one essay draft or prompt selection,,
user_prompt,ready_for_in_app_admin_delivery,ffd3d30f800c70b4474e17f0,execution-start-essay-workflow-essays-none,execution,start-essay-workflow,essays.none,info,/essays,Start your essay workspace,Essay drafts connect your profile to prompt-specific guidance and deadlines.,Start essays,in_app_readiness_surface|dashboard,redis_notification_feed|remote_push|email,profile-readiness:execution-start-essay-workflow-essays-none:ffd3d30f800c70b4474e17f0,User has at least one essay draft or prompt selection,,
user_prompt,ready_for_in_app_admin_delivery,ab643620cb4c3d701bd65b74,execution-start-essay-workflow-essays-none,execution,start-essay-workflow,essays.none,info,/essays,Start your essay workspace,Essay drafts connect your profile to prompt-specific guidance and deadlines.,Start essays,in_app_readiness_surface|dashboard,redis_notification_feed|remote_push|email,profile-readiness:execution-start-essay-workflow-essays-none:ab643620cb4c3d701bd65b74,User has at least one essay draft or prompt selection,,
user_prompt,ready_for_in_app_admin_delivery,c99677ed495aaf074082582c,execution-start-essay-workflow-essays-none,execution,start-essay-workflow,essays.none,info,/essays,Start your essay workspace,Essay drafts connect your profile to prompt-specific guidance and deadlines.,Start essays,in_app_readiness_surface|dashboard,redis_notification_feed|remote_push|email,profile-readiness:execution-start-essay-workflow-essays-none:c99677ed495aaf074082582c,User has at least one essay draft or prompt selection,,
user_prompt,ready_for_in_app_admin_delivery,8758f245bb5b0e6bffd40998,execution-start-essay-workflow-essays-none,execution,start-essay-workflow,essays.none,info,/essays,Start your essay workspace,Essay drafts connect your profile to prompt-specific guidance and deadlines.,Start essays,in_app_readiness_surface|dashboard,redis_notification_feed|remote_push|email,profile-readiness:execution-start-essay-workflow-essays-none:8758f245bb5b0e6bffd40998,User has at least one essay draft or prompt selection,,
user_prompt,ready_for_in_app_admin_delivery,742e79987159c980e75b20c7,execution-start-essay-workflow-essays-none,execution,start-essay-workflow,essays.none,info,/essays,Start your essay workspace,Essay drafts connect your profile to prompt-specific guidance and deadlines.,Start essays,in_app_readiness_surface|dashboard,redis_notification_feed|remote_push|email,profile-readiness:execution-start-essay-workflow-essays-none:742e79987159c980e75b20c7,User has at least one essay draft or prompt selection,,
user_prompt,ready_for_in_app_admin_delivery,8af993107f24d792723e4fc1,execution-start-essay-workflow-essays-none,execution,start-essay-workflow,essays.none,info,/essays,Start your essay workspace,Essay drafts connect your profile to prompt-specific guidance and deadlines.,Start essays,in_app_readiness_surface|dashboard,redis_notification_feed|remote_push|email,profile-readiness:execution-start-essay-workflow-essays-none:8af993107f24d792723e4fc1,User has at least one essay draft or prompt selection,,
user_prompt,ready_for_in_app_admin_delivery,023ef579e34956e6a8f61adb,execution-start-essay-workflow-essays-none,execution,start-essay-workflow,essays.none,info,/essays,Start your essay workspace,Essay drafts connect your profile to prompt-specific guidance and deadlines.,Start essays,in_app_readiness_surface|dashboard,redis_notification_feed|remote_push|email,profile-readiness:execution-start-essay-workflow-essays-none:023ef579e34956e6a8f61adb,User has at least one essay draft or prompt selection,,
user_prompt,ready_for_in_app_admin_delivery,d74687608cda95b086d53cdc,execution-start-essay-workflow-essays-none,execution,start-essay-workflow,essays.none,info,/essays,Start your essay workspace,Essay drafts connect your profile to prompt-specific guidance and deadlines.,Start essays,in_app_readiness_surface|dashboard,redis_notification_feed|remote_push|email,profile-readiness:execution-start-essay-workflow-essays-none:d74687608cda95b086d53cdc,User has at least one essay draft or prompt selection,,
user_prompt,ready_for_in_app_admin_delivery,138284095a25d1fae7337a3c,execution-start-essay-workflow-essays-none,execution,start-essay-workflow,essays.none,info,/essays,Start your essay workspace,Essay drafts connect your profile to prompt-specific guidance and deadlines.,Start essays,in_app_readiness_surface|dashboard,redis_notification_feed|remote_push|email,profile-readiness:execution-start-essay-workflow-essays-none:138284095a25d1fae7337a3c,User has at least one essay draft or prompt selection,,
user_prompt,ready_for_in_app_admin_delivery,5de082603a9960cfa8117421,execution-start-essay-workflow-essays-none,execution,start-essay-workflow,essays.none,info,/essays,Start your essay workspace,Essay drafts connect your profile to prompt-specific guidance and deadlines.,Start essays,in_app_readiness_surface|dashboard,redis_notification_feed|remote_push|email,profile-readiness:execution-start-essay-workflow-essays-none:5de082603a9960cfa8117421,User has at least one essay draft or prompt selection,,
user_prompt,ready_for_in_app_admin_delivery,06cab65bad990f73a0e2013e,execution-start-essay-workflow-essays-none,execution,start-essay-workflow,essays.none,info,/essays,Start your essay workspace,Essay drafts connect your profile to prompt-specific guidance and deadlines.,Start essays,in_app_readiness_surface|dashboard,redis_notification_feed|remote_push|email,profile-readiness:execution-start-essay-workflow-essays-none:06cab65bad990f73a0e2013e,User has at least one essay draft or prompt selection,,
user_prompt,ready_for_in_app_admin_delivery,0bbf03a984664dce330f7155,execution-start-essay-workflow-essays-none,execution,start-essay-workflow,essays.none,info,/essays,Start your essay workspace,Essay drafts connect your profile to prompt-specific guidance and deadlines.,Start essays,in_app_readiness_surface|dashboard,redis_notification_feed|remote_push|email,profile-readiness:execution-start-essay-workflow-essays-none:0bbf03a984664dce330f7155,User has at least one essay draft or prompt selection,,
user_prompt,ready_for_in_app_admin_delivery,0eb09c84fa76d4593c74706c,execution-start-essay-workflow-essays-none,execution,start-essay-workflow,essays.none,info,/essays,Start your essay workspace,Essay drafts connect your profile to prompt-specific guidance and deadlines.,Start essays,in_app_readiness_surface|dashboard,redis_notification_feed|remote_push|email,profile-readiness:execution-start-essay-workflow-essays-none:0eb09c84fa76d4593c74706c,User has at least one essay draft or prompt selection,,
user_prompt,ready_for_in_app_admin_delivery,122faf6ff8256a49bad4e360,execution-start-essay-workflow-essays-none,execution,start-essay-workflow,essays.none,info,/essays,Start your essay workspace,Essay drafts connect your profile to prompt-specific guidance and deadlines.,Start essays,in_app_readiness_surface|dashboard,redis_notification_feed|remote_push|email,profile-readiness:execution-start-essay-workflow-essays-none:122faf6ff8256a49bad4e360,User has at least one essay draft or prompt selection,,
user_prompt,ready_for_in_app_admin_delivery,3ad283595e8c8fc0b173911f,execution-start-essay-workflow-essays-none,execution,start-essay-workflow,essays.none,info,/essays,Start your essay workspace,Essay drafts connect your profile to prompt-specific guidance and deadlines.,Start essays,in_app_readiness_surface|dashboard,redis_notification_feed|remote_push|email,profile-readiness:execution-start-essay-workflow-essays-none:3ad283595e8c8fc0b173911f,User has at least one essay draft or prompt selection,,
user_prompt,ready_for_in_app_admin_delivery,e0e634d85a0cf22c31cc8a35,execution-start-essay-workflow-essays-none,execution,start-essay-workflow,essays.none,info,/essays,Start your essay workspace,Essay drafts connect your profile to prompt-specific guidance and deadlines.,Start essays,in_app_readiness_surface|dashboard,redis_notification_feed|remote_push|email,profile-readiness:execution-start-essay-workflow-essays-none:e0e634d85a0cf22c31cc8a35,User has at least one essay draft or prompt selection,,
user_prompt,ready_for_in_app_admin_delivery,832d3d67127cd463e2d158ef,execution-start-essay-workflow-essays-none,execution,start-essay-workflow,essays.none,info,/essays,Start your essay workspace,Essay drafts connect your profile to prompt-specific guidance and deadlines.,Start essays,in_app_readiness_surface|dashboard,redis_notification_feed|remote_push|email,profile-readiness:execution-start-essay-workflow-essays-none:832d3d67127cd463e2d158ef,User has at least one essay draft or prompt selection,,
user_prompt,ready_for_in_app_admin_delivery,66a64079cf88a7d41a17d7d0,execution-start-essay-workflow-essays-none,execution,start-essay-workflow,essays.none,info,/essays,Start your essay workspace,Essay drafts connect your profile to prompt-specific guidance and deadlines.,Start essays,in_app_readiness_surface|dashboard,redis_notification_feed|remote_push|email,profile-readiness:execution-start-essay-workflow-essays-none:66a64079cf88a7d41a17d7d0,User has at least one essay draft or prompt selection,,
user_prompt,ready_for_in_app_admin_delivery,cd4c24d8fe3e08fda3d08c11,execution-start-essay-workflow-essays-none,execution,start-essay-workflow,essays.none,info,/essays,Start your essay workspace,Essay drafts connect your profile to prompt-specific guidance and deadlines.,Start essays,in_app_readiness_surface|dashboard,redis_notification_feed|remote_push|email,profile-readiness:execution-start-essay-workflow-essays-none:cd4c24d8fe3e08fda3d08c11,User has at least one essay draft or prompt selection,,
user_prompt,ready_for_in_app_admin_delivery,fb3746bf1583a3a638ae650b,execution-start-essay-workflow-essays-none,execution,start-essay-workflow,essays.none,info,/essays,Start your essay workspace,Essay drafts connect your profile to prompt-specific guidance and deadlines.,Start essays,in_app_readiness_surface|dashboard,redis_notification_feed|remote_push|email,profile-readiness:execution-start-essay-workflow-essays-none:fb3746bf1583a3a638ae650b,User has at least one essay draft or prompt selection,,
user_prompt,ready_for_in_app_admin_delivery,e77a4fa0fcedef43de0cb4bb,execution-start-essay-workflow-essays-none,execution,start-essay-workflow,essays.none,info,/essays,Start your essay workspace,Essay drafts connect your profile to prompt-specific guidance and deadlines.,Start essays,in_app_readiness_surface|dashboard,redis_notification_feed|remote_push|email,profile-readiness:execution-start-essay-workflow-essays-none:e77a4fa0fcedef43de0cb4bb,User has at least one essay draft or prompt selection,,
user_prompt,ready_for_in_app_admin_delivery,10238acf3b2e2675d06ce76c,execution-start-essay-workflow-essays-none,execution,start-essay-workflow,essays.none,info,/essays,Start your essay workspace,Essay drafts connect your profile to prompt-specific guidance and deadlines.,Start essays,in_app_readiness_surface|dashboard,redis_notification_feed|remote_push|email,profile-readiness:execution-start-essay-workflow-essays-none:10238acf3b2e2675d06ce76c,User has at least one essay draft or prompt selection,,
user_prompt,ready_for_in_app_admin_delivery,7819fedbfc32d7ad6de164f3,execution-start-essay-workflow-essays-none,execution,start-essay-workflow,essays.none,info,/essays,Start your essay workspace,Essay drafts connect your profile to prompt-specific guidance and deadlines.,Start essays,in_app_readiness_surface|dashboard,redis_notification_feed|remote_push|email,profile-readiness:execution-start-essay-workflow-essays-none:7819fedbfc32d7ad6de164f3,User has at least one essay draft or prompt selection,,
user_prompt,ready_for_in_app_admin_delivery,4a947b901c3d9b7ce0481cf2,execution-start-essay-workflow-essays-none,execution,start-essay-workflow,essays.none,info,/essays,Start your essay workspace,Essay drafts connect your profile to prompt-specific guidance and deadlines.,Start essays,in_app_readiness_surface|dashboard,redis_notification_feed|remote_push|email,profile-readiness:execution-start-essay-workflow-essays-none:4a947b901c3d9b7ce0481cf2,User has at least one essay draft or prompt selection,,
user_prompt,ready_for_in_app_admin_delivery,977aba20a74e363bcb348888,execution-start-essay-workflow-essays-none,execution,start-essay-workflow,essays.none,info,/essays,Start your essay workspace,Essay drafts connect your profile to prompt-specific guidance and deadlines.,Start essays,in_app_readiness_surface|dashboard,redis_notification_feed|remote_push|email,profile-readiness:execution-start-essay-workflow-essays-none:977aba20a74e363bcb348888,User has at least one essay draft or prompt selection,,
user_prompt,ready_for_in_app_admin_delivery,bdfbfe398683d67d68f39557,execution-start-essay-workflow-essays-none,execution,start-essay-workflow,essays.none,info,/essays,Start your essay workspace,Essay drafts connect your profile to prompt-specific guidance and deadlines.,Start essays,in_app_readiness_surface|dashboard,redis_notification_feed|remote_push|email,profile-readiness:execution-start-essay-workflow-essays-none:bdfbfe398683d67d68f39557,User has at least one essay draft or prompt selection,,
user_prompt,ready_for_in_app_admin_delivery,3f980c4c6e95243d6daa6974,execution-start-essay-workflow-essays-none,execution,start-essay-workflow,essays.none,info,/essays,Start your essay workspace,Essay drafts connect your profile to prompt-specific guidance and deadlines.,Start essays,in_app_readiness_surface|dashboard,redis_notification_feed|remote_push|email,profile-readiness:execution-start-essay-workflow-essays-none:3f980c4c6e95243d6daa6974,User has at least one essay draft or prompt selection,,
user_prompt,ready_for_in_app_admin_delivery,95337d5e96446798743732c1,execution-start-essay-workflow-essays-none,execution,start-essay-workflow,essays.none,info,/essays,Start your essay workspace,Essay drafts connect your profile to prompt-specific guidance and deadlines.,Start essays,in_app_readiness_surface|dashboard,redis_notification_feed|remote_push|email,profile-readiness:execution-start-essay-workflow-essays-none:95337d5e96446798743732c1,User has at least one essay draft or prompt selection,,
user_prompt,ready_for_in_app_admin_delivery,c1950cf2ac294babc3aadf4e,execution-start-essay-workflow-essays-none,execution,start-essay-workflow,essays.none,info,/essays,Start your essay workspace,Essay drafts connect your profile to prompt-specific guidance and deadlines.,Start essays,in_app_readiness_surface|dashboard,redis_notification_feed|remote_push|email,profile-readiness:execution-start-essay-workflow-essays-none:c1950cf2ac294babc3aadf4e,User has at least one essay draft or prompt selection,,
user_prompt,ready_for_in_app_admin_delivery,566af6ea3815e2e9d4ec7b10,execution-start-essay-workflow-essays-none,execution,start-essay-workflow,essays.none,info,/essays,Start your essay workspace,Essay drafts connect your profile to prompt-specific guidance and deadlines.,Start essays,in_app_readiness_surface|dashboard,redis_notification_feed|remote_push|email,profile-readiness:execution-start-essay-workflow-essays-none:566af6ea3815e2e9d4ec7b10,User has at least one essay draft or prompt selection,,
user_prompt,ready_for_in_app_admin_delivery,b49b375f2ecd18e1d3e2c548,execution-start-essay-workflow-essays-none,execution,start-essay-workflow,essays.none,info,/essays,Start your essay workspace,Essay drafts connect your profile to prompt-specific guidance and deadlines.,Start essays,in_app_readiness_surface|dashboard,redis_notification_feed|remote_push|email,profile-readiness:execution-start-essay-workflow-essays-none:b49b375f2ecd18e1d3e2c548,User has at least one essay draft or prompt selection,,
user_prompt,ready_for_in_app_admin_delivery,4cab3e79c7dd8e492a909e7f,execution-start-essay-workflow-essays-none,execution,start-essay-workflow,essays.none,info,/essays,Start your essay workspace,Essay drafts connect your profile to prompt-specific guidance and deadlines.,Start essays,in_app_readiness_surface|dashboard,redis_notification_feed|remote_push|email,profile-readiness:execution-start-essay-workflow-essays-none:4cab3e79c7dd8e492a909e7f,User has at least one essay draft or prompt selection,,
user_prompt,ready_for_in_app_admin_delivery,fae66721875e65f51507bf27,execution-start-essay-workflow-essays-none,execution,start-essay-workflow,essays.none,info,/essays,Start your essay workspace,Essay drafts connect your profile to prompt-specific guidance and deadlines.,Start essays,in_app_readiness_surface|dashboard,redis_notification_feed|remote_push|email,profile-readiness:execution-start-essay-workflow-essays-none:fae66721875e65f51507bf27,User has at least one essay draft or prompt selection,,
user_prompt,ready_for_in_app_admin_delivery,7c8c8ff6a81333ff3e9a04a6,execution-start-essay-workflow-essays-none,execution,start-essay-workflow,essays.none,info,/essays,Start your essay workspace,Essay drafts connect your profile to prompt-specific guidance and deadlines.,Start essays,in_app_readiness_surface|dashboard,redis_notification_feed|remote_push|email,profile-readiness:execution-start-essay-workflow-essays-none:7c8c8ff6a81333ff3e9a04a6,User has at least one essay draft or prompt selection,,
user_prompt,ready_for_in_app_admin_delivery,2317f70b9e80abca4ad0824d,execution-start-essay-workflow-essays-none,execution,start-essay-workflow,essays.none,info,/essays,Start your essay workspace,Essay drafts connect your profile to prompt-specific guidance and deadlines.,Start essays,in_app_readiness_surface|dashboard,redis_notification_feed|remote_push|email,profile-readiness:execution-start-essay-workflow-essays-none:2317f70b9e80abca4ad0824d,User has at least one essay draft or prompt selection,,
user_prompt,ready_for_in_app_admin_delivery,53abd2f8c90243ba345fa599,execution-start-essay-workflow-essays-none,execution,start-essay-workflow,essays.none,info,/essays,Start your essay workspace,Essay drafts connect your profile to prompt-specific guidance and deadlines.,Start essays,in_app_readiness_surface|dashboard,redis_notification_feed|remote_push|email,profile-readiness:execution-start-essay-workflow-essays-none:53abd2f8c90243ba345fa599,User has at least one essay draft or prompt selection,,
user_prompt,ready_for_in_app_admin_delivery,b4a7670b022c83cb17a856df,execution-start-essay-workflow-essays-none,execution,start-essay-workflow,essays.none,info,/essays,Start your essay workspace,Essay drafts connect your profile to prompt-specific guidance and deadlines.,Start essays,in_app_readiness_surface|dashboard,redis_notification_feed|remote_push|email,profile-readiness:execution-start-essay-workflow-essays-none:b4a7670b022c83cb17a856df,User has at least one essay draft or prompt selection,,
user_prompt,ready_for_in_app_admin_delivery,9814382a1d3be3e627c28c80,execution-start-essay-workflow-essays-none,execution,start-essay-workflow,essays.none,info,/essays,Start your essay workspace,Essay drafts connect your profile to prompt-specific guidance and deadlines.,Start essays,in_app_readiness_surface|dashboard,redis_notification_feed|remote_push|email,profile-readiness:execution-start-essay-workflow-essays-none:9814382a1d3be3e627c28c80,User has at least one essay draft or prompt selection,,
user_prompt,ready_for_in_app_admin_delivery,d4e514871d10cb9f36b65d29,execution-start-essay-workflow-essays-none,execution,start-essay-workflow,essays.none,info,/essays,Start your essay workspace,Essay drafts connect your profile to prompt-specific guidance and deadlines.,Start essays,in_app_readiness_surface|dashboard,redis_notification_feed|remote_push|email,profile-readiness:execution-start-essay-workflow-essays-none:d4e514871d10cb9f36b65d29,User has at least one essay draft or prompt selection,,
user_prompt,ready_for_in_app_admin_delivery,1d0c77f67037725ac9e941b2,execution-start-essay-workflow-essays-none,execution,start-essay-workflow,essays.none,info,/essays,Start your essay workspace,Essay drafts connect your profile to prompt-specific guidance and deadlines.,Start essays,in_app_readiness_surface|dashboard,redis_notification_feed|remote_push|email,profile-readiness:execution-start-essay-workflow-essays-none:1d0c77f67037725ac9e941b2,User has at least one essay draft or prompt selection,,
user_prompt,ready_for_in_app_admin_delivery,556224a224a1c7679127d097,execution-start-essay-workflow-essays-none,execution,start-essay-workflow,essays.none,info,/essays,Start your essay workspace,Essay drafts connect your profile to prompt-specific guidance and deadlines.,Start essays,in_app_readiness_surface|dashboard,redis_notification_feed|remote_push|email,profile-readiness:execution-start-essay-workflow-essays-none:556224a224a1c7679127d097,User has at least one essay draft or prompt selection,,
user_prompt,ready_for_in_app_admin_delivery,f371531d3d25666bda7eafeb,execution-start-essay-workflow-essays-none,execution,start-essay-workflow,essays.none,info,/essays,Start your essay workspace,Essay drafts connect your profile to prompt-specific guidance and deadlines.,Start essays,in_app_readiness_surface|dashboard,redis_notification_feed|remote_push|email,profile-readiness:execution-start-essay-workflow-essays-none:f371531d3d25666bda7eafeb,User has at least one essay draft or prompt selection,,
user_prompt,ready_for_in_app_admin_delivery,a2d3062f8e09c9cc2ddbd88d,execution-start-essay-workflow-essays-none,execution,start-essay-workflow,essays.none,info,/essays,Start your essay workspace,Essay drafts connect your profile to prompt-specific guidance and deadlines.,Start essays,in_app_readiness_surface|dashboard,redis_notification_feed|remote_push|email,profile-readiness:execution-start-essay-workflow-essays-none:a2d3062f8e09c9cc2ddbd88d,User has at least one essay draft or prompt selection,,
user_prompt,ready_for_in_app_admin_delivery,5424d5ace64e813a2f73dceb,execution-start-essay-workflow-essays-none,execution,start-essay-workflow,essays.none,info,/essays,Start your essay workspace,Essay drafts connect your profile to prompt-specific guidance and deadlines.,Start essays,in_app_readiness_surface|dashboard,redis_notification_feed|remote_push|email,profile-readiness:execution-start-essay-workflow-essays-none:5424d5ace64e813a2f73dceb,User has at least one essay draft or prompt selection,,
user_prompt,ready_for_in_app_admin_delivery,67db31e10f819cc055ebc5e6,execution-start-essay-workflow-essays-none,execution,start-essay-workflow,essays.none,info,/essays,Start your essay workspace,Essay drafts connect your profile to prompt-specific guidance and deadlines.,Start essays,in_app_readiness_surface|dashboard,redis_notification_feed|remote_push|email,profile-readiness:execution-start-essay-workflow-essays-none:67db31e10f819cc055ebc5e6,User has at least one essay draft or prompt selection,,
user_prompt,ready_for_in_app_admin_delivery,21453a247f2c36664ca1f4e7,execution-start-essay-workflow-essays-none,execution,start-essay-workflow,essays.none,info,/essays,Start your essay workspace,Essay drafts connect your profile to prompt-specific guidance and deadlines.,Start essays,in_app_readiness_surface|dashboard,redis_notification_feed|remote_push|email,profile-readiness:execution-start-essay-workflow-essays-none:21453a247f2c36664ca1f4e7,User has at least one essay draft or prompt selection,,
user_prompt,ready_for_in_app_admin_delivery,bc78a5a24d4822c1254deb2d,execution-start-essay-workflow-essays-none,execution,start-essay-workflow,essays.none,info,/essays,Start your essay workspace,Essay drafts connect your profile to prompt-specific guidance and deadlines.,Start essays,in_app_readiness_surface|dashboard,redis_notification_feed|remote_push|email,profile-readiness:execution-start-essay-workflow-essays-none:bc78a5a24d4822c1254deb2d,User has at least one essay draft or prompt selection,,
user_prompt,ready_for_in_app_admin_delivery,9d929fa72ae2cc1c5f3d8d82,execution-start-essay-workflow-essays-none,execution,start-essay-workflow,essays.none,info,/essays,Start your essay workspace,Essay drafts connect your profile to prompt-specific guidance and deadlines.,Start essays,in_app_readiness_surface|dashboard,redis_notification_feed|remote_push|email,profile-readiness:execution-start-essay-workflow-essays-none:9d929fa72ae2cc1c5f3d8d82,User has at least one essay draft or prompt selection,,
user_prompt,ready_for_in_app_admin_delivery,8c13a70fc5c14aacfa48572e,execution-start-essay-workflow-essays-none,execution,start-essay-workflow,essays.none,info,/essays,Start your essay workspace,Essay drafts connect your profile to prompt-specific guidance and deadlines.,Start essays,in_app_readiness_surface|dashboard,redis_notification_feed|remote_push|email,profile-readiness:execution-start-essay-workflow-essays-none:8c13a70fc5c14aacfa48572e,User has at least one essay draft or prompt selection,,
user_prompt,ready_for_in_app_admin_delivery,5e71abdcb6160d9592741988,execution-start-essay-workflow-essays-none,execution,start-essay-workflow,essays.none,info,/essays,Start your essay workspace,Essay drafts connect your profile to prompt-specific guidance and deadlines.,Start essays,in_app_readiness_surface|dashboard,redis_notification_feed|remote_push|email,profile-readiness:execution-start-essay-workflow-essays-none:5e71abdcb6160d9592741988,User has at least one essay draft or prompt selection,,
user_prompt,ready_for_in_app_admin_delivery,8d2ae0fbd6efab48cb0052c2,execution-start-essay-workflow-essays-none,execution,start-essay-workflow,essays.none,info,/essays,Start your essay workspace,Essay drafts connect your profile to prompt-specific guidance and deadlines.,Start essays,in_app_readiness_surface|dashboard,redis_notification_feed|remote_push|email,profile-readiness:execution-start-essay-workflow-essays-none:8d2ae0fbd6efab48cb0052c2,User has at least one essay draft or prompt selection,,
user_prompt,ready_for_in_app_admin_delivery,adb916c3e591190afd9b45f8,execution-start-essay-workflow-essays-none,execution,start-essay-workflow,essays.none,info,/essays,Start your essay workspace,Essay drafts connect your profile to prompt-specific guidance and deadlines.,Start essays,in_app_readiness_surface|dashboard,redis_notification_feed|remote_push|email,profile-readiness:execution-start-essay-workflow-essays-none:adb916c3e591190afd9b45f8,User has at least one essay draft or prompt selection,,
user_prompt,ready_for_in_app_admin_delivery,00c69013a76020fd12b4db56,execution-start-essay-workflow-essays-none,execution,start-essay-workflow,essays.none,info,/essays,Start your essay workspace,Essay drafts connect your profile to prompt-specific guidance and deadlines.,Start essays,in_app_readiness_surface|dashboard,redis_notification_feed|remote_push|email,profile-readiness:execution-start-essay-workflow-essays-none:00c69013a76020fd12b4db56,User has at least one essay draft or prompt selection,,
user_prompt,ready_for_in_app_admin_delivery,1fcb3fd1f8acdc0e2e312acc,execution-start-essay-workflow-essays-none,execution,start-essay-workflow,essays.none,info,/essays,Start your essay workspace,Essay drafts connect your profile to prompt-specific guidance and deadlines.,Start essays,in_app_readiness_surface|dashboard,redis_notification_feed|remote_push|email,profile-readiness:execution-start-essay-workflow-essays-none:1fcb3fd1f8acdc0e2e312acc,User has at least one essay draft or prompt selection,,
user_prompt,ready_for_in_app_admin_delivery,805c5da5dfebc142dddca509,execution-start-essay-workflow-essays-none,execution,start-essay-workflow,essays.none,info,/essays,Start your essay workspace,Essay drafts connect your profile to prompt-specific guidance and deadlines.,Start essays,in_app_readiness_surface|dashboard,redis_notification_feed|remote_push|email,profile-readiness:execution-start-essay-workflow-essays-none:805c5da5dfebc142dddca509,User has at least one essay draft or prompt selection,,
user_prompt,ready_for_in_app_admin_delivery,176643ab074df2c6330bdc05,execution-start-essay-workflow-essays-none,execution,start-essay-workflow,essays.none,info,/essays,Start your essay workspace,Essay drafts connect your profile to prompt-specific guidance and deadlines.,Start essays,in_app_readiness_surface|dashboard,redis_notification_feed|remote_push|email,profile-readiness:execution-start-essay-workflow-essays-none:176643ab074df2c6330bdc05,User has at least one essay draft or prompt selection,,
user_prompt,ready_for_in_app_admin_delivery,c33c10777a45726a21deed93,execution-start-essay-workflow-essays-none,execution,start-essay-workflow,essays.none,info,/essays,Start your essay workspace,Essay drafts connect your profile to prompt-specific guidance and deadlines.,Start essays,in_app_readiness_surface|dashboard,redis_notification_feed|remote_push|email,profile-readiness:execution-start-essay-workflow-essays-none:c33c10777a45726a21deed93,User has at least one essay draft or prompt selection,,
user_prompt,ready_for_in_app_admin_delivery,ee27103855fd947a0585e587,execution-start-essay-workflow-essays-none,execution,start-essay-workflow,essays.none,info,/essays,Start your essay workspace,Essay drafts connect your profile to prompt-specific guidance and deadlines.,Start essays,in_app_readiness_surface|dashboard,redis_notification_feed|remote_push|email,profile-readiness:execution-start-essay-workflow-essays-none:ee27103855fd947a0585e587,User has at least one essay draft or prompt selection,,
user_prompt,ready_for_in_app_admin_delivery,d0b967b32741d9ec6459f774,execution-start-essay-workflow-essays-none,execution,start-essay-workflow,essays.none,info,/essays,Start your essay workspace,Essay drafts connect your profile to prompt-specific guidance and deadlines.,Start essays,in_app_readiness_surface|dashboard,redis_notification_feed|remote_push|email,profile-readiness:execution-start-essay-workflow-essays-none:d0b967b32741d9ec6459f774,User has at least one essay draft or prompt selection,,
user_prompt,ready_for_in_app_admin_delivery,f0dca2416b19d212b3180e2a,execution-start-essay-workflow-essays-none,execution,start-essay-workflow,essays.none,info,/essays,Start your essay workspace,Essay drafts connect your profile to prompt-specific guidance and deadlines.,Start essays,in_app_readiness_surface|dashboard,redis_notification_feed|remote_push|email,profile-readiness:execution-start-essay-workflow-essays-none:f0dca2416b19d212b3180e2a,User has at least one essay draft or prompt selection,,
user_prompt,ready_for_in_app_admin_delivery,3d0f9da60e8980d06930b481,execution-start-essay-workflow-essays-none,execution,start-essay-workflow,essays.none,info,/essays,Start your essay workspace,Essay drafts connect your profile to prompt-specific guidance and deadlines.,Start essays,in_app_readiness_surface|dashboard,redis_notification_feed|remote_push|email,profile-readiness:execution-start-essay-workflow-essays-none:3d0f9da60e8980d06930b481,User has at least one essay draft or prompt selection,,
user_prompt,ready_for_in_app_admin_delivery,ca5eb63722908f440c293dc4,execution-start-essay-workflow-essays-none,execution,start-essay-workflow,essays.none,info,/essays,Start your essay workspace,Essay drafts connect your profile to prompt-specific guidance and deadlines.,Start essays,in_app_readiness_surface|dashboard,redis_notification_feed|remote_push|email,profile-readiness:execution-start-essay-workflow-essays-none:ca5eb63722908f440c293dc4,User has at least one essay draft or prompt selection,,
user_prompt,ready_for_in_app_admin_delivery,9f15e7b53f10db2c2e0f4099,execution-start-essay-workflow-essays-none,execution,start-essay-workflow,essays.none,info,/essays,Start your essay workspace,Essay drafts connect your profile to prompt-specific guidance and deadlines.,Start essays,in_app_readiness_surface|dashboard,redis_notification_feed|remote_push|email,profile-readiness:execution-start-essay-workflow-essays-none:9f15e7b53f10db2c2e0f4099,User has at least one essay draft or prompt selection,,
user_prompt,ready_for_in_app_admin_delivery,33c78f08811b5c66f475a7f1,execution-start-essay-workflow-essays-none,execution,start-essay-workflow,essays.none,info,/essays,Start your essay workspace,Essay drafts connect your profile to prompt-specific guidance and deadlines.,Start essays,in_app_readiness_surface|dashboard,redis_notification_feed|remote_push|email,profile-readiness:execution-start-essay-workflow-essays-none:33c78f08811b5c66f475a7f1,User has at least one essay draft or prompt selection,,
user_prompt,ready_for_in_app_admin_delivery,cd0e333cdda02719666fbe49,execution-start-essay-workflow-essays-none,execution,start-essay-workflow,essays.none,info,/essays,Start your essay workspace,Essay drafts connect your profile to prompt-specific guidance and deadlines.,Start essays,in_app_readiness_surface|dashboard,redis_notification_feed|remote_push|email,profile-readiness:execution-start-essay-workflow-essays-none:cd0e333cdda02719666fbe49,User has at least one essay draft or prompt selection,,
user_prompt,ready_for_in_app_admin_delivery,980eac363cffa8fdead3089a,execution-start-essay-workflow-essays-none,execution,start-essay-workflow,essays.none,info,/essays,Start your essay workspace,Essay drafts connect your profile to prompt-specific guidance and deadlines.,Start essays,in_app_readiness_surface|dashboard,redis_notification_feed|remote_push|email,profile-readiness:execution-start-essay-workflow-essays-none:980eac363cffa8fdead3089a,User has at least one essay draft or prompt selection,,
user_prompt,ready_for_in_app_admin_delivery,4dff462899d7fb76f8396bdd,execution-start-essay-workflow-essays-none,execution,start-essay-workflow,essays.none,info,/essays,Start your essay workspace,Essay drafts connect your profile to prompt-specific guidance and deadlines.,Start essays,in_app_readiness_surface|dashboard,redis_notification_feed|remote_push|email,profile-readiness:execution-start-essay-workflow-essays-none:4dff462899d7fb76f8396bdd,User has at least one essay draft or prompt selection,,
user_prompt,ready_for_in_app_admin_delivery,95516cf74b0d570a8bd7faf3,execution-start-essay-workflow-essays-none,execution,start-essay-workflow,essays.none,info,/essays,Start your essay workspace,Essay drafts connect your profile to prompt-specific guidance and deadlines.,Start essays,in_app_readiness_surface|dashboard,redis_notification_feed|remote_push|email,profile-readiness:execution-start-essay-workflow-essays-none:95516cf74b0d570a8bd7faf3,User has at least one essay draft or prompt selection,,
user_prompt,ready_for_in_app_admin_delivery,b8c3f50120c9a5d54a39ddb5,execution-start-essay-workflow-essays-none,execution,start-essay-workflow,essays.none,info,/essays,Start your essay workspace,Essay drafts connect your profile to prompt-specific guidance and deadlines.,Start essays,in_app_readiness_surface|dashboard,redis_notification_feed|remote_push|email,profile-readiness:execution-start-essay-workflow-essays-none:b8c3f50120c9a5d54a39ddb5,User has at least one essay draft or prompt selection,,
user_prompt,ready_for_in_app_admin_delivery,e6ac6819060422a01033b7c2,execution-start-essay-workflow-essays-none,execution,start-essay-workflow,essays.none,info,/essays,Start your essay workspace,Essay drafts connect your profile to prompt-specific guidance and deadlines.,Start essays,in_app_readiness_surface|dashboard,redis_notification_feed|remote_push|email,profile-readiness:execution-start-essay-workflow-essays-none:e6ac6819060422a01033b7c2,User has at least one essay draft or prompt selection,,
user_prompt,ready_for_in_app_admin_delivery,0487162eb16fe3731a2dcd5f,execution-start-essay-workflow-essays-none,execution,start-essay-workflow,essays.none,info,/essays,Start your essay workspace,Essay drafts connect your profile to prompt-specific guidance and deadlines.,Start essays,in_app_readiness_surface|dashboard,redis_notification_feed|remote_push|email,profile-readiness:execution-start-essay-workflow-essays-none:0487162eb16fe3731a2dcd5f,User has at least one essay draft or prompt selection,,
user_prompt,ready_for_in_app_admin_delivery,625571854e8fb624c0e36346,execution-start-essay-workflow-essays-none,execution,start-essay-workflow,essays.none,info,/essays,Start your essay workspace,Essay drafts connect your profile to prompt-specific guidance and deadlines.,Start essays,in_app_readiness_surface|dashboard,redis_notification_feed|remote_push|email,profile-readiness:execution-start-essay-workflow-essays-none:625571854e8fb624c0e36346,User has at least one essay draft or prompt selection,,
user_prompt,ready_for_in_app_admin_delivery,8f44cd19e12bead2f651a52f,execution-start-essay-workflow-essays-none,execution,start-essay-workflow,essays.none,info,/essays,Start your essay workspace,Essay drafts connect your profile to prompt-specific guidance and deadlines.,Start essays,in_app_readiness_surface|dashboard,redis_notification_feed|remote_push|email,profile-readiness:execution-start-essay-workflow-essays-none:8f44cd19e12bead2f651a52f,User has at least one essay draft or prompt selection,,
user_prompt,ready_for_in_app_admin_delivery,12d9095e28814d34280ce5f8,execution-start-essay-workflow-essays-none,execution,start-essay-workflow,essays.none,info,/essays,Start your essay workspace,Essay drafts connect your profile to prompt-specific guidance and deadlines.,Start essays,in_app_readiness_surface|dashboard,redis_notification_feed|remote_push|email,profile-readiness:execution-start-essay-workflow-essays-none:12d9095e28814d34280ce5f8,User has at least one essay draft or prompt selection,,
user_prompt,ready_for_in_app_admin_delivery,512557be39aeec8a261e16f5,execution-start-essay-workflow-essays-none,execution,start-essay-workflow,essays.none,info,/essays,Start your essay workspace,Essay drafts connect your profile to prompt-specific guidance and deadlines.,Start essays,in_app_readiness_surface|dashboard,redis_notification_feed|remote_push|email,profile-readiness:execution-start-essay-workflow-essays-none:512557be39aeec8a261e16f5,User has at least one essay draft or prompt selection,,
user_prompt,ready_for_in_app_admin_delivery,8a9894f022079555414c8aeb,execution-start-essay-workflow-essays-none,execution,start-essay-workflow,essays.none,info,/essays,Start your essay workspace,Essay drafts connect your profile to prompt-specific guidance and deadlines.,Start essays,in_app_readiness_surface|dashboard,redis_notification_feed|remote_push|email,profile-readiness:execution-start-essay-workflow-essays-none:8a9894f022079555414c8aeb,User has at least one essay draft or prompt selection,,
user_prompt,ready_for_in_app_admin_delivery,6174b3d014f4f619a3ff6b72,execution-start-essay-workflow-essays-none,execution,start-essay-workflow,essays.none,info,/essays,Start your essay workspace,Essay drafts connect your profile to prompt-specific guidance and deadlines.,Start essays,in_app_readiness_surface|dashboard,redis_notification_feed|remote_push|email,profile-readiness:execution-start-essay-workflow-essays-none:6174b3d014f4f619a3ff6b72,User has at least one essay draft or prompt selection,,
user_prompt,ready_for_in_app_admin_delivery,ef468fe3f9990bb15e47ad28,execution-start-essay-workflow-essays-none,execution,start-essay-workflow,essays.none,info,/essays,Start your essay workspace,Essay drafts connect your profile to prompt-specific guidance and deadlines.,Start essays,in_app_readiness_surface|dashboard,redis_notification_feed|remote_push|email,profile-readiness:execution-start-essay-workflow-essays-none:ef468fe3f9990bb15e47ad28,User has at least one essay draft or prompt selection,,
user_prompt,ready_for_in_app_admin_delivery,120e94098a641151055e7401,execution-start-essay-workflow-essays-none,execution,start-essay-workflow,essays.none,info,/essays,Start your essay workspace,Essay drafts connect your profile to prompt-specific guidance and deadlines.,Start essays,in_app_readiness_surface|dashboard,redis_notification_feed|remote_push|email,profile-readiness:execution-start-essay-workflow-essays-none:120e94098a641151055e7401,User has at least one essay draft or prompt selection,,
user_prompt,ready_for_in_app_admin_delivery,d9259906488359e282745726,execution-start-essay-workflow-essays-none,execution,start-essay-workflow,essays.none,info,/essays,Start your essay workspace,Essay drafts connect your profile to prompt-specific guidance and deadlines.,Start essays,in_app_readiness_surface|dashboard,redis_notification_feed|remote_push|email,profile-readiness:execution-start-essay-workflow-essays-none:d9259906488359e282745726,User has at least one essay draft or prompt selection,,
user_prompt,ready_for_in_app_admin_delivery,beeae0f88a46824bd6e36f90,execution-start-essay-workflow-essays-none,execution,start-essay-workflow,essays.none,info,/essays,Start your essay workspace,Essay drafts connect your profile to prompt-specific guidance and deadlines.,Start essays,in_app_readiness_surface|dashboard,redis_notification_feed|remote_push|email,profile-readiness:execution-start-essay-workflow-essays-none:beeae0f88a46824bd6e36f90,User has at least one essay draft or prompt selection,,
user_prompt,ready_for_in_app_admin_delivery,962fe005af82e4f313bedb2d,execution-start-essay-workflow-essays-none,execution,start-essay-workflow,essays.none,info,/essays,Start your essay workspace,Essay drafts connect your profile to prompt-specific guidance and deadlines.,Start essays,in_app_readiness_surface|dashboard,redis_notification_feed|remote_push|email,profile-readiness:execution-start-essay-workflow-essays-none:962fe005af82e4f313bedb2d,User has at least one essay draft or prompt selection,,
user_prompt,ready_for_in_app_admin_delivery,e2d4f5f8fc21d9e4dd7d2df2,execution-start-essay-workflow-essays-none,execution,start-essay-workflow,essays.none,info,/essays,Start your essay workspace,Essay drafts connect your profile to prompt-specific guidance and deadlines.,Start essays,in_app_readiness_surface|dashboard,redis_notification_feed|remote_push|email,profile-readiness:execution-start-essay-workflow-essays-none:e2d4f5f8fc21d9e4dd7d2df2,User has at least one essay draft or prompt selection,,
user_prompt,ready_for_in_app_admin_delivery,dcade48028aa7004b2e2b982,execution-start-essay-workflow-essays-none,execution,start-essay-workflow,essays.none,info,/essays,Start your essay workspace,Essay drafts connect your profile to prompt-specific guidance and deadlines.,Start essays,in_app_readiness_surface|dashboard,redis_notification_feed|remote_push|email,profile-readiness:execution-start-essay-workflow-essays-none:dcade48028aa7004b2e2b982,User has at least one essay draft or prompt selection,,
user_prompt,ready_for_in_app_admin_delivery,da83d1a201eb1e0112b7eec4,execution-start-essay-workflow-essays-none,execution,start-essay-workflow,essays.none,info,/essays,Start your essay workspace,Essay drafts connect your profile to prompt-specific guidance and deadlines.,Start essays,in_app_readiness_surface|dashboard,redis_notification_feed|remote_push|email,profile-readiness:execution-start-essay-workflow-essays-none:da83d1a201eb1e0112b7eec4,User has at least one essay draft or prompt selection,,
user_prompt,ready_for_in_app_admin_delivery,0f06d8ca1b23d3a1dc68a6eb,execution-start-essay-workflow-essays-none,execution,start-essay-workflow,essays.none,info,/essays,Start your essay workspace,Essay drafts connect your profile to prompt-specific guidance and deadlines.,Start essays,in_app_readiness_surface|dashboard,redis_notification_feed|remote_push|email,profile-readiness:execution-start-essay-workflow-essays-none:0f06d8ca1b23d3a1dc68a6eb,User has at least one essay draft or prompt selection,,
user_prompt,ready_for_in_app_admin_delivery,473c4613d839068ba7855d82,execution-start-essay-workflow-essays-none,execution,start-essay-workflow,essays.none,info,/essays,Start your essay workspace,Essay drafts connect your profile to prompt-specific guidance and deadlines.,Start essays,in_app_readiness_surface|dashboard,redis_notification_feed|remote_push|email,profile-readiness:execution-start-essay-workflow-essays-none:473c4613d839068ba7855d82,User has at least one essay draft or prompt selection,,
user_prompt,ready_for_in_app_admin_delivery,30644d4d38a7469292f1c5ee,execution-start-essay-workflow-essays-none,execution,start-essay-workflow,essays.none,info,/essays,Start your essay workspace,Essay drafts connect your profile to prompt-specific guidance and deadlines.,Start essays,in_app_readiness_surface|dashboard,redis_notification_feed|remote_push|email,profile-readiness:execution-start-essay-workflow-essays-none:30644d4d38a7469292f1c5ee,User has at least one essay draft or prompt selection,,
user_prompt,ready_for_in_app_admin_delivery,0defed87eef77bb11270748d,execution-start-essay-workflow-essays-none,execution,start-essay-workflow,essays.none,info,/essays,Start your essay workspace,Essay drafts connect your profile to prompt-specific guidance and deadlines.,Start essays,in_app_readiness_surface|dashboard,redis_notification_feed|remote_push|email,profile-readiness:execution-start-essay-workflow-essays-none:0defed87eef77bb11270748d,User has at least one essay draft or prompt selection,,
user_prompt,ready_for_in_app_admin_delivery,cc241cedf886e14bf508182b,execution-start-essay-workflow-essays-none,execution,start-essay-workflow,essays.none,info,/essays,Start your essay workspace,Essay drafts connect your profile to prompt-specific guidance and deadlines.,Start essays,in_app_readiness_surface|dashboard,redis_notification_feed|remote_push|email,profile-readiness:execution-start-essay-workflow-essays-none:cc241cedf886e14bf508182b,User has at least one essay draft or prompt selection,,
user_prompt,ready_for_in_app_admin_delivery,85490fb37f0bdf02f563ea85,execution-start-essay-workflow-essays-none,execution,start-essay-workflow,essays.none,info,/essays,Start your essay workspace,Essay drafts connect your profile to prompt-specific guidance and deadlines.,Start essays,in_app_readiness_surface|dashboard,redis_notification_feed|remote_push|email,profile-readiness:execution-start-essay-workflow-essays-none:85490fb37f0bdf02f563ea85,User has at least one essay draft or prompt selection,,
user_prompt,ready_for_in_app_admin_delivery,6e2f97d15c122bdca8b5f6e9,execution-start-essay-workflow-essays-none,execution,start-essay-workflow,essays.none,info,/essays,Start your essay workspace,Essay drafts connect your profile to prompt-specific guidance and deadlines.,Start essays,in_app_readiness_surface|dashboard,redis_notification_feed|remote_push|email,profile-readiness:execution-start-essay-workflow-essays-none:6e2f97d15c122bdca8b5f6e9,User has at least one essay draft or prompt selection,,
user_prompt,ready_for_in_app_admin_delivery,12c0646647db687d1a65aed0,execution-start-essay-workflow-essays-none,execution,start-essay-workflow,essays.none,info,/essays,Start your essay workspace,Essay drafts connect your profile to prompt-specific guidance and deadlines.,Start essays,in_app_readiness_surface|dashboard,redis_notification_feed|remote_push|email,profile-readiness:execution-start-essay-workflow-essays-none:12c0646647db687d1a65aed0,User has at least one essay draft or prompt selection,,
user_prompt,ready_for_in_app_admin_delivery,beeb858786a6a35924e90fa8,execution-start-essay-workflow-essays-none,execution,start-essay-workflow,essays.none,info,/essays,Start your essay workspace,Essay drafts connect your profile to prompt-specific guidance and deadlines.,Start essays,in_app_readiness_surface|dashboard,redis_notification_feed|remote_push|email,profile-readiness:execution-start-essay-workflow-essays-none:beeb858786a6a35924e90fa8,User has at least one essay draft or prompt selection,,
user_prompt,ready_for_in_app_admin_delivery,a11417640be59bed20bc3a98,execution-start-essay-workflow-essays-none,execution,start-essay-workflow,essays.none,info,/essays,Start your essay workspace,Essay drafts connect your profile to prompt-specific guidance and deadlines.,Start essays,in_app_readiness_surface|dashboard,redis_notification_feed|remote_push|email,profile-readiness:execution-start-essay-workflow-essays-none:a11417640be59bed20bc3a98,User has at least one essay draft or prompt selection,,
user_prompt,ready_for_in_app_admin_delivery,3c3c2347076efa2874b00015,execution-start-essay-workflow-essays-none,execution,start-essay-workflow,essays.none,info,/essays,Start your essay workspace,Essay drafts connect your profile to prompt-specific guidance and deadlines.,Start essays,in_app_readiness_surface|dashboard,redis_notification_feed|remote_push|email,profile-readiness:execution-start-essay-workflow-essays-none:3c3c2347076efa2874b00015,User has at least one essay draft or prompt selection,,
user_prompt,ready_for_in_app_admin_delivery,8f66d4f73209fbaccd3033bf,execution-start-essay-workflow-essays-none,execution,start-essay-workflow,essays.none,info,/essays,Start your essay workspace,Essay drafts connect your profile to prompt-specific guidance and deadlines.,Start essays,in_app_readiness_surface|dashboard,redis_notification_feed|remote_push|email,profile-readiness:execution-start-essay-workflow-essays-none:8f66d4f73209fbaccd3033bf,User has at least one essay draft or prompt selection,,
user_prompt,ready_for_in_app_admin_delivery,c20f861a8c401467478f1ff8,execution-start-essay-workflow-essays-none,execution,start-essay-workflow,essays.none,info,/essays,Start your essay workspace,Essay drafts connect your profile to prompt-specific guidance and deadlines.,Start essays,in_app_readiness_surface|dashboard,redis_notification_feed|remote_push|email,profile-readiness:execution-start-essay-workflow-essays-none:c20f861a8c401467478f1ff8,User has at least one essay draft or prompt selection,,
user_prompt,ready_for_in_app_admin_delivery,3e9f49d50ab7d023f1a8e39e,execution-start-essay-workflow-essays-none,execution,start-essay-workflow,essays.none,info,/essays,Start your essay workspace,Essay drafts connect your profile to prompt-specific guidance and deadlines.,Start essays,in_app_readiness_surface|dashboard,redis_notification_feed|remote_push|email,profile-readiness:execution-start-essay-workflow-essays-none:3e9f49d50ab7d023f1a8e39e,User has at least one essay draft or prompt selection,,
user_prompt,ready_for_in_app_admin_delivery,8e31c7196b60b7f62dbf3e4d,execution-start-essay-workflow-essays-none,execution,start-essay-workflow,essays.none,info,/essays,Start your essay workspace,Essay drafts connect your profile to prompt-specific guidance and deadlines.,Start essays,in_app_readiness_surface|dashboard,redis_notification_feed|remote_push|email,profile-readiness:execution-start-essay-workflow-essays-none:8e31c7196b60b7f62dbf3e4d,User has at least one essay draft or prompt selection,,
user_prompt,ready_for_in_app_admin_delivery,8965a5653322427763446164,execution-start-essay-workflow-essays-none,execution,start-essay-workflow,essays.none,info,/essays,Start your essay workspace,Essay drafts connect your profile to prompt-specific guidance and deadlines.,Start essays,in_app_readiness_surface|dashboard,redis_notification_feed|remote_push|email,profile-readiness:execution-start-essay-workflow-essays-none:8965a5653322427763446164,User has at least one essay draft or prompt selection,,
user_prompt,ready_for_in_app_admin_delivery,cd35ea99c3d252c12d4d8c07,execution-start-essay-workflow-essays-none,execution,start-essay-workflow,essays.none,info,/essays,Start your essay workspace,Essay drafts connect your profile to prompt-specific guidance and deadlines.,Start essays,in_app_readiness_surface|dashboard,redis_notification_feed|remote_push|email,profile-readiness:execution-start-essay-workflow-essays-none:cd35ea99c3d252c12d4d8c07,User has at least one essay draft or prompt selection,,
user_prompt,ready_for_in_app_admin_delivery,7a4f5720bd6266841ef5544e,execution-start-essay-workflow-essays-none,execution,start-essay-workflow,essays.none,info,/essays,Start your essay workspace,Essay drafts connect your profile to prompt-specific guidance and deadlines.,Start essays,in_app_readiness_surface|dashboard,redis_notification_feed|remote_push|email,profile-readiness:execution-start-essay-workflow-essays-none:7a4f5720bd6266841ef5544e,User has at least one essay draft or prompt selection,,
user_prompt,ready_for_in_app_admin_delivery,e49e1cd8f6e246e9230a418b,execution-start-essay-workflow-essays-none,execution,start-essay-workflow,essays.none,info,/essays,Start your essay workspace,Essay drafts connect your profile to prompt-specific guidance and deadlines.,Start essays,in_app_readiness_surface|dashboard,redis_notification_feed|remote_push|email,profile-readiness:execution-start-essay-workflow-essays-none:e49e1cd8f6e246e9230a418b,User has at least one essay draft or prompt selection,,
user_prompt,ready_for_in_app_admin_delivery,e0a0b6bb4a576cd6c527d28c,execution-start-essay-workflow-essays-none,execution,start-essay-workflow,essays.none,info,/essays,Start your essay workspace,Essay drafts connect your profile to prompt-specific guidance and deadlines.,Start essays,in_app_readiness_surface|dashboard,redis_notification_feed|remote_push|email,profile-readiness:execution-start-essay-workflow-essays-none:e0a0b6bb4a576cd6c527d28c,User has at least one essay draft or prompt selection,,
user_prompt,ready_for_in_app_admin_delivery,ac2c023316430f730db17894,execution-start-essay-workflow-essays-none,execution,start-essay-workflow,essays.none,info,/essays,Start your essay workspace,Essay drafts connect your profile to prompt-specific guidance and deadlines.,Start essays,in_app_readiness_surface|dashboard,redis_notification_feed|remote_push|email,profile-readiness:execution-start-essay-workflow-essays-none:ac2c023316430f730db17894,User has at least one essay draft or prompt selection,,
user_prompt,ready_for_in_app_admin_delivery,c55f20f3b89df5b634961f1e,execution-start-essay-workflow-essays-none,execution,start-essay-workflow,essays.none,info,/essays,Start your essay workspace,Essay drafts connect your profile to prompt-specific guidance and deadlines.,Start essays,in_app_readiness_surface|dashboard,redis_notification_feed|remote_push|email,profile-readiness:execution-start-essay-workflow-essays-none:c55f20f3b89df5b634961f1e,User has at least one essay draft or prompt selection,,
user_prompt,ready_for_in_app_admin_delivery,7df532744d1a3bafc3330adc,execution-start-essay-workflow-essays-none,execution,start-essay-workflow,essays.none,info,/essays,Start your essay workspace,Essay drafts connect your profile to prompt-specific guidance and deadlines.,Start essays,in_app_readiness_surface|dashboard,redis_notification_feed|remote_push|email,profile-readiness:execution-start-essay-workflow-essays-none:7df532744d1a3bafc3330adc,User has at least one essay draft or prompt selection,,
user_prompt,ready_for_in_app_admin_delivery,a55ab6c1a78d611492aa7abb,execution-start-essay-workflow-essays-none,execution,start-essay-workflow,essays.none,info,/essays,Start your essay workspace,Essay drafts connect your profile to prompt-specific guidance and deadlines.,Start essays,in_app_readiness_surface|dashboard,redis_notification_feed|remote_push|email,profile-readiness:execution-start-essay-workflow-essays-none:a55ab6c1a78d611492aa7abb,User has at least one essay draft or prompt selection,,
user_prompt,ready_for_in_app_admin_delivery,a3d322ab4b6665e9ae55153b,execution-start-essay-workflow-essays-none,execution,start-essay-workflow,essays.none,info,/essays,Start your essay workspace,Essay drafts connect your profile to prompt-specific guidance and deadlines.,Start essays,in_app_readiness_surface|dashboard,redis_notification_feed|remote_push|email,profile-readiness:execution-start-essay-workflow-essays-none:a3d322ab4b6665e9ae55153b,User has at least one essay draft or prompt selection,,
user_prompt,ready_for_in_app_admin_delivery,ae7152deb8b5ace78d0988b5,execution-start-essay-workflow-essays-none,execution,start-essay-workflow,essays.none,info,/essays,Start your essay workspace,Essay drafts connect your profile to prompt-specific guidance and deadlines.,Start essays,in_app_readiness_surface|dashboard,redis_notification_feed|remote_push|email,profile-readiness:execution-start-essay-workflow-essays-none:ae7152deb8b5ace78d0988b5,User has at least one essay draft or prompt selection,,
user_prompt,ready_for_in_app_admin_delivery,3512b2c610d4daef63decaa6,execution-start-essay-workflow-essays-none,execution,start-essay-workflow,essays.none,info,/essays,Start your essay workspace,Essay drafts connect your profile to prompt-specific guidance and deadlines.,Start essays,in_app_readiness_surface|dashboard,redis_notification_feed|remote_push|email,profile-readiness:execution-start-essay-workflow-essays-none:3512b2c610d4daef63decaa6,User has at least one essay draft or prompt selection,,
user_prompt,ready_for_in_app_admin_delivery,a1040538ac4757f6a01af3c6,execution-start-essay-workflow-essays-none,execution,start-essay-workflow,essays.none,info,/essays,Start your essay workspace,Essay drafts connect your profile to prompt-specific guidance and deadlines.,Start essays,in_app_readiness_surface|dashboard,redis_notification_feed|remote_push|email,profile-readiness:execution-start-essay-workflow-essays-none:a1040538ac4757f6a01af3c6,User has at least one essay draft or prompt selection,,
user_prompt,ready_for_in_app_admin_delivery,dbc8709e2fca3a7750e035bd,execution-start-essay-workflow-essays-none,execution,start-essay-workflow,essays.none,info,/essays,Start your essay workspace,Essay drafts connect your profile to prompt-specific guidance and deadlines.,Start essays,in_app_readiness_surface|dashboard,redis_notification_feed|remote_push|email,profile-readiness:execution-start-essay-workflow-essays-none:dbc8709e2fca3a7750e035bd,User has at least one essay draft or prompt selection,,
user_prompt,ready_for_in_app_admin_delivery,a5d338339df45749fb087e9b,execution-start-essay-workflow-essays-none,execution,start-essay-workflow,essays.none,info,/essays,Start your essay workspace,Essay drafts connect your profile to prompt-specific guidance and deadlines.,Start essays,in_app_readiness_surface|dashboard,redis_notification_feed|remote_push|email,profile-readiness:execution-start-essay-workflow-essays-none:a5d338339df45749fb087e9b,User has at least one essay draft or prompt selection,,
user_prompt,ready_for_in_app_admin_delivery,f0c5fc6faa1df34435ff29e2,execution-start-essay-workflow-essays-none,execution,start-essay-workflow,essays.none,info,/essays,Start your essay workspace,Essay drafts connect your profile to prompt-specific guidance and deadlines.,Start essays,in_app_readiness_surface|dashboard,redis_notification_feed|remote_push|email,profile-readiness:execution-start-essay-workflow-essays-none:f0c5fc6faa1df34435ff29e2,User has at least one essay draft or prompt selection,,
user_prompt,ready_for_in_app_admin_delivery,ef10e256980dcebb77dfd621,execution-start-essay-workflow-essays-none,execution,start-essay-workflow,essays.none,info,/essays,Start your essay workspace,Essay drafts connect your profile to prompt-specific guidance and deadlines.,Start essays,in_app_readiness_surface|dashboard,redis_notification_feed|remote_push|email,profile-readiness:execution-start-essay-workflow-essays-none:ef10e256980dcebb77dfd621,User has at least one essay draft or prompt selection,,
user_prompt,ready_for_in_app_admin_delivery,a365f08979a29f52d46a610c,execution-start-essay-workflow-essays-none,execution,start-essay-workflow,essays.none,info,/essays,Start your essay workspace,Essay drafts connect your profile to prompt-specific guidance and deadlines.,Start essays,in_app_readiness_surface|dashboard,redis_notification_feed|remote_push|email,profile-readiness:execution-start-essay-workflow-essays-none:a365f08979a29f52d46a610c,User has at least one essay draft or prompt selection,,
user_prompt,ready_for_in_app_admin_delivery,151da5994495423f1806b2f0,execution-start-essay-workflow-essays-none,execution,start-essay-workflow,essays.none,info,/essays,Start your essay workspace,Essay drafts connect your profile to prompt-specific guidance and deadlines.,Start essays,in_app_readiness_surface|dashboard,redis_notification_feed|remote_push|email,profile-readiness:execution-start-essay-workflow-essays-none:151da5994495423f1806b2f0,User has at least one essay draft or prompt selection,,
user_prompt,ready_for_in_app_admin_delivery,090d8e54b0e955027644958a,execution-start-essay-workflow-essays-none,execution,start-essay-workflow,essays.none,info,/essays,Start your essay workspace,Essay drafts connect your profile to prompt-specific guidance and deadlines.,Start essays,in_app_readiness_surface|dashboard,redis_notification_feed|remote_push|email,profile-readiness:execution-start-essay-workflow-essays-none:090d8e54b0e955027644958a,User has at least one essay draft or prompt selection,,
user_prompt,ready_for_in_app_admin_delivery,6f95063993edc2d69b750760,execution-start-essay-workflow-essays-none,execution,start-essay-workflow,essays.none,info,/essays,Start your essay workspace,Essay drafts connect your profile to prompt-specific guidance and deadlines.,Start essays,in_app_readiness_surface|dashboard,redis_notification_feed|remote_push|email,profile-readiness:execution-start-essay-workflow-essays-none:6f95063993edc2d69b750760,User has at least one essay draft or prompt selection,,
user_prompt,ready_for_in_app_admin_delivery,efedd357e0c8b9536160f8f6,execution-start-essay-workflow-essays-none,execution,start-essay-workflow,essays.none,info,/essays,Start your essay workspace,Essay drafts connect your profile to prompt-specific guidance and deadlines.,Start essays,in_app_readiness_surface|dashboard,redis_notification_feed|remote_push|email,profile-readiness:execution-start-essay-workflow-essays-none:efedd357e0c8b9536160f8f6,User has at least one essay draft or prompt selection,,
user_prompt,ready_for_in_app_admin_delivery,b29d033421d2c8ab0fa5c69b,execution-start-essay-workflow-essays-none,execution,start-essay-workflow,essays.none,info,/essays,Start your essay workspace,Essay drafts connect your profile to prompt-specific guidance and deadlines.,Start essays,in_app_readiness_surface|dashboard,redis_notification_feed|remote_push|email,profile-readiness:execution-start-essay-workflow-essays-none:b29d033421d2c8ab0fa5c69b,User has at least one essay draft or prompt selection,,
user_prompt,ready_for_in_app_admin_delivery,1af5029e2c9cee54b3aa5379,execution-start-essay-workflow-essays-none,execution,start-essay-workflow,essays.none,info,/essays,Start your essay workspace,Essay drafts connect your profile to prompt-specific guidance and deadlines.,Start essays,in_app_readiness_surface|dashboard,redis_notification_feed|remote_push|email,profile-readiness:execution-start-essay-workflow-essays-none:1af5029e2c9cee54b3aa5379,User has at least one essay draft or prompt selection,,
user_prompt,ready_for_in_app_admin_delivery,32824a404947ef3550d69a72,execution-start-essay-workflow-essays-none,execution,start-essay-workflow,essays.none,info,/essays,Start your essay workspace,Essay drafts connect your profile to prompt-specific guidance and deadlines.,Start essays,in_app_readiness_surface|dashboard,redis_notification_feed|remote_push|email,profile-readiness:execution-start-essay-workflow-essays-none:32824a404947ef3550d69a72,User has at least one essay draft or prompt selection,,
user_prompt,ready_for_in_app_admin_delivery,a2676b11991f59fc253f6d0a,execution-start-essay-workflow-essays-none,execution,start-essay-workflow,essays.none,info,/essays,Start your essay workspace,Essay drafts connect your profile to prompt-specific guidance and deadlines.,Start essays,in_app_readiness_surface|dashboard,redis_notification_feed|remote_push|email,profile-readiness:execution-start-essay-workflow-essays-none:a2676b11991f59fc253f6d0a,User has at least one essay draft or prompt selection,,
user_prompt,ready_for_in_app_admin_delivery,e90f73773879c88c915125d3,execution-start-essay-workflow-essays-none,execution,start-essay-workflow,essays.none,info,/essays,Start your essay workspace,Essay drafts connect your profile to prompt-specific guidance and deadlines.,Start essays,in_app_readiness_surface|dashboard,redis_notification_feed|remote_push|email,profile-readiness:execution-start-essay-workflow-essays-none:e90f73773879c88c915125d3,User has at least one essay draft or prompt selection,,
user_prompt,ready_for_in_app_admin_delivery,241e0447f0aa4ae8bec24164,execution-start-essay-workflow-essays-none,execution,start-essay-workflow,essays.none,info,/essays,Start your essay workspace,Essay drafts connect your profile to prompt-specific guidance and deadlines.,Start essays,in_app_readiness_surface|dashboard,redis_notification_feed|remote_push|email,profile-readiness:execution-start-essay-workflow-essays-none:241e0447f0aa4ae8bec24164,User has at least one essay draft or prompt selection,,
user_prompt,ready_for_in_app_admin_delivery,8677b59c1c43ffabba1f2edb,execution-start-essay-workflow-essays-none,execution,start-essay-workflow,essays.none,info,/essays,Start your essay workspace,Essay drafts connect your profile to prompt-specific guidance and deadlines.,Start essays,in_app_readiness_surface|dashboard,redis_notification_feed|remote_push|email,profile-readiness:execution-start-essay-workflow-essays-none:8677b59c1c43ffabba1f2edb,User has at least one essay draft or prompt selection,,
user_prompt,ready_for_in_app_admin_delivery,f21afb7cbab11118d600aaf0,execution-start-essay-workflow-essays-none,execution,start-essay-workflow,essays.none,info,/essays,Start your essay workspace,Essay drafts connect your profile to prompt-specific guidance and deadlines.,Start essays,in_app_readiness_surface|dashboard,redis_notification_feed|remote_push|email,profile-readiness:execution-start-essay-workflow-essays-none:f21afb7cbab11118d600aaf0,User has at least one essay draft or prompt selection,,
user_prompt,ready_for_in_app_admin_delivery,36cf7e859f087f74b75589c8,execution-start-essay-workflow-essays-none,execution,start-essay-workflow,essays.none,info,/essays,Start your essay workspace,Essay drafts connect your profile to prompt-specific guidance and deadlines.,Start essays,in_app_readiness_surface|dashboard,redis_notification_feed|remote_push|email,profile-readiness:execution-start-essay-workflow-essays-none:36cf7e859f087f74b75589c8,User has at least one essay draft or prompt selection,,
user_prompt,ready_for_in_app_admin_delivery,de62d0f8511b17551ee7c676,execution-start-essay-workflow-essays-none,execution,start-essay-workflow,essays.none,info,/essays,Start your essay workspace,Essay drafts connect your profile to prompt-specific guidance and deadlines.,Start essays,in_app_readiness_surface|dashboard,redis_notification_feed|remote_push|email,profile-readiness:execution-start-essay-workflow-essays-none:de62d0f8511b17551ee7c676,User has at least one essay draft or prompt selection,,
user_prompt,ready_for_in_app_admin_delivery,01ab33b5a74e8087d440a72b,execution-start-essay-workflow-essays-none,execution,start-essay-workflow,essays.none,info,/essays,Start your essay workspace,Essay drafts connect your profile to prompt-specific guidance and deadlines.,Start essays,in_app_readiness_surface|dashboard,redis_notification_feed|remote_push|email,profile-readiness:execution-start-essay-workflow-essays-none:01ab33b5a74e8087d440a72b,User has at least one essay draft or prompt selection,,
user_prompt,ready_for_in_app_admin_delivery,31259b62c40c42e489b70961,execution-start-essay-workflow-essays-none,execution,start-essay-workflow,essays.none,info,/essays,Start your essay workspace,Essay drafts connect your profile to prompt-specific guidance and deadlines.,Start essays,in_app_readiness_surface|dashboard,redis_notification_feed|remote_push|email,profile-readiness:execution-start-essay-workflow-essays-none:31259b62c40c42e489b70961,User has at least one essay draft or prompt selection,,
user_prompt,ready_for_in_app_admin_delivery,2b9fd436eb1380dafdc8bb61,execution-start-essay-workflow-essays-none,execution,start-essay-workflow,essays.none,info,/essays,Start your essay workspace,Essay drafts connect your profile to prompt-specific guidance and deadlines.,Start essays,in_app_readiness_surface|dashboard,redis_notification_feed|remote_push|email,profile-readiness:execution-start-essay-workflow-essays-none:2b9fd436eb1380dafdc8bb61,User has at least one essay draft or prompt selection,,
user_prompt,ready_for_in_app_admin_delivery,82c25cdac81c232afa19074b,execution-start-essay-workflow-essays-none,execution,start-essay-workflow,essays.none,info,/essays,Start your essay workspace,Essay drafts connect your profile to prompt-specific guidance and deadlines.,Start essays,in_app_readiness_surface|dashboard,redis_notification_feed|remote_push|email,profile-readiness:execution-start-essay-workflow-essays-none:82c25cdac81c232afa19074b,User has at least one essay draft or prompt selection,,
user_prompt,ready_for_in_app_admin_delivery,c64128137c011d1b7f7475ea,execution-start-essay-workflow-essays-none,execution,start-essay-workflow,essays.none,info,/essays,Start your essay workspace,Essay drafts connect your profile to prompt-specific guidance and deadlines.,Start essays,in_app_readiness_surface|dashboard,redis_notification_feed|remote_push|email,profile-readiness:execution-start-essay-workflow-essays-none:c64128137c011d1b7f7475ea,User has at least one essay draft or prompt selection,,
user_prompt,ready_for_in_app_admin_delivery,c63f68036b2ddca06dc47664,execution-start-essay-workflow-essays-none,execution,start-essay-workflow,essays.none,info,/essays,Start your essay workspace,Essay drafts connect your profile to prompt-specific guidance and deadlines.,Start essays,in_app_readiness_surface|dashboard,redis_notification_feed|remote_push|email,profile-readiness:execution-start-essay-workflow-essays-none:c63f68036b2ddca06dc47664,User has at least one essay draft or prompt selection,,
user_prompt,ready_for_in_app_admin_delivery,d1c0998ca351dc0a975ebd0a,execution-start-essay-workflow-essays-none,execution,start-essay-workflow,essays.none,info,/essays,Start your essay workspace,Essay drafts connect your profile to prompt-specific guidance and deadlines.,Start essays,in_app_readiness_surface|dashboard,redis_notification_feed|remote_push|email,profile-readiness:execution-start-essay-workflow-essays-none:d1c0998ca351dc0a975ebd0a,User has at least one essay draft or prompt selection,,
user_prompt,ready_for_in_app_admin_delivery,b60798c40c1e2e577ce53ab4,execution-start-essay-workflow-essays-none,execution,start-essay-workflow,essays.none,info,/essays,Start your essay workspace,Essay drafts connect your profile to prompt-specific guidance and deadlines.,Start essays,in_app_readiness_surface|dashboard,redis_notification_feed|remote_push|email,profile-readiness:execution-start-essay-workflow-essays-none:b60798c40c1e2e577ce53ab4,User has at least one essay draft or prompt selection,,
user_prompt,ready_for_in_app_admin_delivery,d128a2740df50dbab9cec084,execution-start-essay-workflow-essays-none,execution,start-essay-workflow,essays.none,info,/essays,Start your essay workspace,Essay drafts connect your profile to prompt-specific guidance and deadlines.,Start essays,in_app_readiness_surface|dashboard,redis_notification_feed|remote_push|email,profile-readiness:execution-start-essay-workflow-essays-none:d128a2740df50dbab9cec084,User has at least one essay draft or prompt selection,,
user_prompt,ready_for_in_app_admin_delivery,7f6bb489de56e832f9e52127,execution-start-essay-workflow-essays-none,execution,start-essay-workflow,essays.none,info,/essays,Start your essay workspace,Essay drafts connect your profile to prompt-specific guidance and deadlines.,Start essays,in_app_readiness_surface|dashboard,redis_notification_feed|remote_push|email,profile-readiness:execution-start-essay-workflow-essays-none:7f6bb489de56e832f9e52127,User has at least one essay draft or prompt selection,,
user_prompt,ready_for_in_app_admin_delivery,14c7de94a7e7ca1cdc53342f,execution-start-essay-workflow-essays-none,execution,start-essay-workflow,essays.none,info,/essays,Start your essay workspace,Essay drafts connect your profile to prompt-specific guidance and deadlines.,Start essays,in_app_readiness_surface|dashboard,redis_notification_feed|remote_push|email,profile-readiness:execution-start-essay-workflow-essays-none:14c7de94a7e7ca1cdc53342f,User has at least one essay draft or prompt selection,,
user_prompt,ready_for_in_app_admin_delivery,0e8b80ea37c6c962912efbfe,execution-start-essay-workflow-essays-none,execution,start-essay-workflow,essays.none,info,/essays,Start your essay workspace,Essay drafts connect your profile to prompt-specific guidance and deadlines.,Start essays,in_app_readiness_surface|dashboard,redis_notification_feed|remote_push|email,profile-readiness:execution-start-essay-workflow-essays-none:0e8b80ea37c6c962912efbfe,User has at least one essay draft or prompt selection,,
user_prompt,ready_for_in_app_admin_delivery,e8ec5713bb02702e3aeb2112,execution-start-essay-workflow-essays-none,execution,start-essay-workflow,essays.none,info,/essays,Start your essay workspace,Essay drafts connect your profile to prompt-specific guidance and deadlines.,Start essays,in_app_readiness_surface|dashboard,redis_notification_feed|remote_push|email,profile-readiness:execution-start-essay-workflow-essays-none:e8ec5713bb02702e3aeb2112,User has at least one essay draft or prompt selection,,
user_prompt,ready_for_in_app_admin_delivery,ed4d86d4f0df5dbe3d418f2a,execution-start-essay-workflow-essays-none,execution,start-essay-workflow,essays.none,info,/essays,Start your essay workspace,Essay drafts connect your profile to prompt-specific guidance and deadlines.,Start essays,in_app_readiness_surface|dashboard,redis_notification_feed|remote_push|email,profile-readiness:execution-start-essay-workflow-essays-none:ed4d86d4f0df5dbe3d418f2a,User has at least one essay draft or prompt selection,,
user_prompt,ready_for_in_app_admin_delivery,da498548b275de7c66eb51c4,execution-start-essay-workflow-essays-none,execution,start-essay-workflow,essays.none,info,/essays,Start your essay workspace,Essay drafts connect your profile to prompt-specific guidance and deadlines.,Start essays,in_app_readiness_surface|dashboard,redis_notification_feed|remote_push|email,profile-readiness:execution-start-essay-workflow-essays-none:da498548b275de7c66eb51c4,User has at least one essay draft or prompt selection,,
user_prompt,ready_for_in_app_admin_delivery,c1ee26c6e5d5fc22a5ab6a68,execution-start-essay-workflow-essays-none,execution,start-essay-workflow,essays.none,info,/essays,Start your essay workspace,Essay drafts connect your profile to prompt-specific guidance and deadlines.,Start essays,in_app_readiness_surface|dashboard,redis_notification_feed|remote_push|email,profile-readiness:execution-start-essay-workflow-essays-none:c1ee26c6e5d5fc22a5ab6a68,User has at least one essay draft or prompt selection,,
user_prompt,ready_for_in_app_admin_delivery,1f7d5b3f21061af17d61866b,execution-start-essay-workflow-essays-none,execution,start-essay-workflow,essays.none,info,/essays,Start your essay workspace,Essay drafts connect your profile to prompt-specific guidance and deadlines.,Start essays,in_app_readiness_surface|dashboard,redis_notification_feed|remote_push|email,profile-readiness:execution-start-essay-workflow-essays-none:1f7d5b3f21061af17d61866b,User has at least one essay draft or prompt selection,,
user_prompt,ready_for_in_app_admin_delivery,27ae69e1f0abb0ad7feeb352,execution-start-essay-workflow-essays-none,execution,start-essay-workflow,essays.none,info,/essays,Start your essay workspace,Essay drafts connect your profile to prompt-specific guidance and deadlines.,Start essays,in_app_readiness_surface|dashboard,redis_notification_feed|remote_push|email,profile-readiness:execution-start-essay-workflow-essays-none:27ae69e1f0abb0ad7feeb352,User has at least one essay draft or prompt selection,,
user_prompt,ready_for_in_app_admin_delivery,6a53d4fad2e59ce4a60c5ae2,execution-start-essay-workflow-essays-none,execution,start-essay-workflow,essays.none,info,/essays,Start your essay workspace,Essay drafts connect your profile to prompt-specific guidance and deadlines.,Start essays,in_app_readiness_surface|dashboard,redis_notification_feed|remote_push|email,profile-readiness:execution-start-essay-workflow-essays-none:6a53d4fad2e59ce4a60c5ae2,User has at least one essay draft or prompt selection,,
user_prompt,ready_for_in_app_admin_delivery,49d7694af58affd0f130bcae,execution-start-essay-workflow-essays-none,execution,start-essay-workflow,essays.none,info,/essays,Start your essay workspace,Essay drafts connect your profile to prompt-specific guidance and deadlines.,Start essays,in_app_readiness_surface|dashboard,redis_notification_feed|remote_push|email,profile-readiness:execution-start-essay-workflow-essays-none:49d7694af58affd0f130bcae,User has at least one essay draft or prompt selection,,
user_prompt,ready_for_in_app_admin_delivery,220b9db20712a950a9b77b12,execution-start-essay-workflow-essays-none,execution,start-essay-workflow,essays.none,info,/essays,Start your essay workspace,Essay drafts connect your profile to prompt-specific guidance and deadlines.,Start essays,in_app_readiness_surface|dashboard,redis_notification_feed|remote_push|email,profile-readiness:execution-start-essay-workflow-essays-none:220b9db20712a950a9b77b12,User has at least one essay draft or prompt selection,,
user_prompt,ready_for_in_app_admin_delivery,c8f04079c9635234dcac71c3,execution-start-essay-workflow-essays-none,execution,start-essay-workflow,essays.none,info,/essays,Start your essay workspace,Essay drafts connect your profile to prompt-specific guidance and deadlines.,Start essays,in_app_readiness_surface|dashboard,redis_notification_feed|remote_push|email,profile-readiness:execution-start-essay-workflow-essays-none:c8f04079c9635234dcac71c3,User has at least one essay draft or prompt selection,,
user_prompt,ready_for_in_app_admin_delivery,1588484e9c43a3c90218c532,execution-start-essay-workflow-essays-none,execution,start-essay-workflow,essays.none,info,/essays,Start your essay workspace,Essay drafts connect your profile to prompt-specific guidance and deadlines.,Start essays,in_app_readiness_surface|dashboard,redis_notification_feed|remote_push|email,profile-readiness:execution-start-essay-workflow-essays-none:1588484e9c43a3c90218c532,User has at least one essay draft or prompt selection,,
user_prompt,ready_for_in_app_admin_delivery,97d38830683f5a612a219f6e,execution-start-essay-workflow-essays-none,execution,start-essay-workflow,essays.none,info,/essays,Start your essay workspace,Essay drafts connect your profile to prompt-specific guidance and deadlines.,Start essays,in_app_readiness_surface|dashboard,redis_notification_feed|remote_push|email,profile-readiness:execution-start-essay-workflow-essays-none:97d38830683f5a612a219f6e,User has at least one essay draft or prompt selection,,
user_prompt,ready_for_in_app_admin_delivery,5e07c7724824ddb82aee1eee,execution-start-essay-workflow-essays-none,execution,start-essay-workflow,essays.none,info,/essays,Start your essay workspace,Essay drafts connect your profile to prompt-specific guidance and deadlines.,Start essays,in_app_readiness_surface|dashboard,redis_notification_feed|remote_push|email,profile-readiness:execution-start-essay-workflow-essays-none:5e07c7724824ddb82aee1eee,User has at least one essay draft or prompt selection,,
user_prompt,ready_for_in_app_admin_delivery,52fc44e64057db34b5c2120d,execution-start-essay-workflow-essays-prompt-link-missing,execution,start-essay-workflow,essays.prompt_link_missing,info,/essays,Link essays to prompts,Prompt links keep essay work connected to each school's current requirements.,Review essays,in_app_readiness_surface|dashboard,redis_notification_feed|remote_push|email,profile-readiness:execution-start-essay-workflow-essays-prompt-link-missing:52fc44e64057db34b5c2120d,Essay drafts are linked to prompt records,,
user_prompt,ready_for_in_app_admin_delivery,d2873959d1b08e2959358f2c,execution-start-essay-workflow-essays-prompt-link-missing,execution,start-essay-workflow,essays.prompt_link_missing,info,/essays,Link essays to prompts,Prompt links keep essay work connected to each school's current requirements.,Review essays,in_app_readiness_surface|dashboard,redis_notification_feed|remote_push|email,profile-readiness:execution-start-essay-workflow-essays-prompt-link-missing:d2873959d1b08e2959358f2c,Essay drafts are linked to prompt records,,
user_prompt,ready_for_in_app_admin_delivery,8f07e9c0290d4e24209a80f2,execution-start-essay-workflow-essays-prompt-link-missing,execution,start-essay-workflow,essays.prompt_link_missing,info,/essays,Link essays to prompts,Prompt links keep essay work connected to each school's current requirements.,Review essays,in_app_readiness_surface|dashboard,redis_notification_feed|remote_push|email,profile-readiness:execution-start-essay-workflow-essays-prompt-link-missing:8f07e9c0290d4e24209a80f2,Essay drafts are linked to prompt records,,
user_prompt,ready_for_in_app_admin_delivery,cf27088d6e9f6b8654edfc1b,execution-start-essay-workflow-essays-prompt-link-missing,execution,start-essay-workflow,essays.prompt_link_missing,info,/essays,Link essays to prompts,Prompt links keep essay work connected to each school's current requirements.,Review essays,in_app_readiness_surface|dashboard,redis_notification_feed|remote_push|email,profile-readiness:execution-start-essay-workflow-essays-prompt-link-missing:cf27088d6e9f6b8654edfc1b,Essay drafts are linked to prompt records,,
user_prompt,ready_for_in_app_admin_delivery,11eddca546f63d3d58c39515,execution-start-essay-workflow-essays-prompt-link-missing,execution,start-essay-workflow,essays.prompt_link_missing,info,/essays,Link essays to prompts,Prompt links keep essay work connected to each school's current requirements.,Review essays,in_app_readiness_surface|dashboard,redis_notification_feed|remote_push|email,profile-readiness:execution-start-essay-workflow-essays-prompt-link-missing:11eddca546f63d3d58c39515,Essay drafts are linked to prompt records,,
user_prompt,ready_for_in_app_admin_delivery,7a29e78a2be76e25d6e24374,execution-add-recommendation-letters-recommendation-letters-min-submitted,execution,add-recommendation-letters,recommendation_letters.min_submitted,info,/profile?tab=recommendations,Track recommendation letters,Recommendation status helps application readiness reflect what is still outstanding.,Review letters,in_app_readiness_surface|dashboard,redis_notification_feed|remote_push|email,profile-readiness:execution-add-recommendation-letters-recommendation-letters-min-submitted:7a29e78a2be76e25d6e24374,Recommendation letter count meets readiness threshold,,
user_prompt,ready_for_in_app_admin_delivery,055d9e308db51968e031377f,execution-add-recommendation-letters-recommendation-letters-min-submitted,execution,add-recommendation-letters,recommendation_letters.min_submitted,info,/profile?tab=recommendations,Track recommendation letters,Recommendation status helps application readiness reflect what is still outstanding.,Review letters,in_app_readiness_surface|dashboard,redis_notification_feed|remote_push|email,profile-readiness:execution-add-recommendation-letters-recommendation-letters-min-submitted:055d9e308db51968e031377f,Recommendation letter count meets readiness threshold,,
user_prompt,ready_for_in_app_admin_delivery,a76676d472710aa2483a96c4,execution-add-recommendation-letters-recommendation-letters-min-submitted,execution,add-recommendation-letters,recommendation_letters.min_submitted,info,/profile?tab=recommendations,Track recommendation letters,Recommendation status helps application readiness reflect what is still outstanding.,Review letters,in_app_readiness_surface|dashboard,redis_notification_feed|remote_push|email,profile-readiness:execution-add-recommendation-letters-recommendation-letters-min-submitted:a76676d472710aa2483a96c4,Recommendation letter count meets readiness threshold,,
user_prompt,ready_for_in_app_admin_delivery,8b6443ed32abc9d51922f7b4,execution-add-recommendation-letters-recommendation-letters-min-submitted,execution,add-recommendation-letters,recommendation_letters.min_submitted,info,/profile?tab=recommendations,Track recommendation letters,Recommendation status helps application readiness reflect what is still outstanding.,Review letters,in_app_readiness_surface|dashboard,redis_notification_feed|remote_push|email,profile-readiness:execution-add-recommendation-letters-recommendation-letters-min-submitted:8b6443ed32abc9d51922f7b4,Recommendation letter count meets readiness threshold,,
user_prompt,ready_for_in_app_admin_delivery,ffddc1934c2544d68ce63314,execution-add-recommendation-letters-recommendation-letters-min-submitted,execution,add-recommendation-letters,recommendation_letters.min_submitted,info,/profile?tab=recommendations,Track recommendation letters,Recommendation status helps application readiness reflect what is still outstanding.,Review letters,in_app_readiness_surface|dashboard,redis_notification_feed|remote_push|email,profile-readiness:execution-add-recommendation-letters-recommendation-letters-min-submitted:ffddc1934c2544d68ce63314,Recommendation letter count meets readiness threshold,,
user_prompt,ready_for_in_app_admin_delivery,b9967b9b5171217045f25da8,execution-add-recommendation-letters-recommendation-letters-min-submitted,execution,add-recommendation-letters,recommendation_letters.min_submitted,info,/profile?tab=recommendations,Track recommendation letters,Recommendation status helps application readiness reflect what is still outstanding.,Review letters,in_app_readiness_surface|dashboard,redis_notification_feed|remote_push|email,profile-readiness:execution-add-recommendation-letters-recommendation-letters-min-submitted:b9967b9b5171217045f25da8,Recommendation letter count meets readiness threshold,,
user_prompt,ready_for_in_app_admin_delivery,f1365adaa12cdb38d8e7055e,execution-add-recommendation-letters-recommendation-letters-min-submitted,execution,add-recommendation-letters,recommendation_letters.min_submitted,info,/profile?tab=recommendations,Track recommendation letters,Recommendation status helps application readiness reflect what is still outstanding.,Review letters,in_app_readiness_surface|dashboard,redis_notification_feed|remote_push|email,profile-readiness:execution-add-recommendation-letters-recommendation-letters-min-submitted:f1365adaa12cdb38d8e7055e,Recommendation letter count meets readiness threshold,,
user_prompt,ready_for_in_app_admin_delivery,be27f8a18041d6d00d7af95b,execution-add-recommendation-letters-recommendation-letters-min-submitted,execution,add-recommendation-letters,recommendation_letters.min_submitted,info,/profile?tab=recommendations,Track recommendation letters,Recommendation status helps application readiness reflect what is still outstanding.,Review letters,in_app_readiness_surface|dashboard,redis_notification_feed|remote_push|email,profile-readiness:execution-add-recommendation-letters-recommendation-letters-min-submitted:be27f8a18041d6d00d7af95b,Recommendation letter count meets readiness threshold,,
user_prompt,ready_for_in_app_admin_delivery,fbebd41cf5af26d73edb886c,execution-add-recommendation-letters-recommendation-letters-min-submitted,execution,add-recommendation-letters,recommendation_letters.min_submitted,info,/profile?tab=recommendations,Track recommendation letters,Recommendation status helps application readiness reflect what is still outstanding.,Review letters,in_app_readiness_surface|dashboard,redis_notification_feed|remote_push|email,profile-readiness:execution-add-recommendation-letters-recommendation-letters-min-submitted:fbebd41cf5af26d73edb886c,Recommendation letter count meets readiness threshold,,
user_prompt,ready_for_in_app_admin_delivery,819e264db561cad594fc3424,execution-add-recommendation-letters-recommendation-letters-min-submitted,execution,add-recommendation-letters,recommendation_letters.min_submitted,info,/profile?tab=recommendations,Track recommendation letters,Recommendation status helps application readiness reflect what is still outstanding.,Review letters,in_app_readiness_surface|dashboard,redis_notification_feed|remote_push|email,profile-readiness:execution-add-recommendation-letters-recommendation-letters-min-submitted:819e264db561cad594fc3424,Recommendation letter count meets readiness threshold,,
user_prompt,ready_for_in_app_admin_delivery,0894db086e3f4b4fc895f73a,execution-add-recommendation-letters-recommendation-letters-min-submitted,execution,add-recommendation-letters,recommendation_letters.min_submitted,info,/profile?tab=recommendations,Track recommendation letters,Recommendation status helps application readiness reflect what is still outstanding.,Review letters,in_app_readiness_surface|dashboard,redis_notification_feed|remote_push|email,profile-readiness:execution-add-recommendation-letters-recommendation-letters-min-submitted:0894db086e3f4b4fc895f73a,Recommendation letter count meets readiness threshold,,
user_prompt,ready_for_in_app_admin_delivery,ffd3d30f800c70b4474e17f0,execution-add-recommendation-letters-recommendation-letters-min-submitted,execution,add-recommendation-letters,recommendation_letters.min_submitted,info,/profile?tab=recommendations,Track recommendation letters,Recommendation status helps application readiness reflect what is still outstanding.,Review letters,in_app_readiness_surface|dashboard,redis_notification_feed|remote_push|email,profile-readiness:execution-add-recommendation-letters-recommendation-letters-min-submitted:ffd3d30f800c70b4474e17f0,Recommendation letter count meets readiness threshold,,
user_prompt,ready_for_in_app_admin_delivery,ab643620cb4c3d701bd65b74,execution-add-recommendation-letters-recommendation-letters-min-submitted,execution,add-recommendation-letters,recommendation_letters.min_submitted,info,/profile?tab=recommendations,Track recommendation letters,Recommendation status helps application readiness reflect what is still outstanding.,Review letters,in_app_readiness_surface|dashboard,redis_notification_feed|remote_push|email,profile-readiness:execution-add-recommendation-letters-recommendation-letters-min-submitted:ab643620cb4c3d701bd65b74,Recommendation letter count meets readiness threshold,,
user_prompt,ready_for_in_app_admin_delivery,c99677ed495aaf074082582c,execution-add-recommendation-letters-recommendation-letters-min-submitted,execution,add-recommendation-letters,recommendation_letters.min_submitted,info,/profile?tab=recommendations,Track recommendation letters,Recommendation status helps application readiness reflect what is still outstanding.,Review letters,in_app_readiness_surface|dashboard,redis_notification_feed|remote_push|email,profile-readiness:execution-add-recommendation-letters-recommendation-letters-min-submitted:c99677ed495aaf074082582c,Recommendation letter count meets readiness threshold,,
user_prompt,ready_for_in_app_admin_delivery,8758f245bb5b0e6bffd40998,execution-add-recommendation-letters-recommendation-letters-min-submitted,execution,add-recommendation-letters,recommendation_letters.min_submitted,info,/profile?tab=recommendations,Track recommendation letters,Recommendation status helps application readiness reflect what is still outstanding.,Review letters,in_app_readiness_surface|dashboard,redis_notification_feed|remote_push|email,profile-readiness:execution-add-recommendation-letters-recommendation-letters-min-submitted:8758f245bb5b0e6bffd40998,Recommendation letter count meets readiness threshold,,
user_prompt,ready_for_in_app_admin_delivery,742e79987159c980e75b20c7,execution-add-recommendation-letters-recommendation-letters-min-submitted,execution,add-recommendation-letters,recommendation_letters.min_submitted,info,/profile?tab=recommendations,Track recommendation letters,Recommendation status helps application readiness reflect what is still outstanding.,Review letters,in_app_readiness_surface|dashboard,redis_notification_feed|remote_push|email,profile-readiness:execution-add-recommendation-letters-recommendation-letters-min-submitted:742e79987159c980e75b20c7,Recommendation letter count meets readiness threshold,,
user_prompt,ready_for_in_app_admin_delivery,8af993107f24d792723e4fc1,execution-add-recommendation-letters-recommendation-letters-min-submitted,execution,add-recommendation-letters,recommendation_letters.min_submitted,info,/profile?tab=recommendations,Track recommendation letters,Recommendation status helps application readiness reflect what is still outstanding.,Review letters,in_app_readiness_surface|dashboard,redis_notification_feed|remote_push|email,profile-readiness:execution-add-recommendation-letters-recommendation-letters-min-submitted:8af993107f24d792723e4fc1,Recommendation letter count meets readiness threshold,,
user_prompt,ready_for_in_app_admin_delivery,023ef579e34956e6a8f61adb,execution-add-recommendation-letters-recommendation-letters-min-submitted,execution,add-recommendation-letters,recommendation_letters.min_submitted,info,/profile?tab=recommendations,Track recommendation letters,Recommendation status helps application readiness reflect what is still outstanding.,Review letters,in_app_readiness_surface|dashboard,redis_notification_feed|remote_push|email,profile-readiness:execution-add-recommendation-letters-recommendation-letters-min-submitted:023ef579e34956e6a8f61adb,Recommendation letter count meets readiness threshold,,
user_prompt,ready_for_in_app_admin_delivery,d74687608cda95b086d53cdc,execution-add-recommendation-letters-recommendation-letters-min-submitted,execution,add-recommendation-letters,recommendation_letters.min_submitted,info,/profile?tab=recommendations,Track recommendation letters,Recommendation status helps application readiness reflect what is still outstanding.,Review letters,in_app_readiness_surface|dashboard,redis_notification_feed|remote_push|email,profile-readiness:execution-add-recommendation-letters-recommendation-letters-min-submitted:d74687608cda95b086d53cdc,Recommendation letter count meets readiness threshold,,
user_prompt,ready_for_in_app_admin_delivery,138284095a25d1fae7337a3c,execution-add-recommendation-letters-recommendation-letters-min-submitted,execution,add-recommendation-letters,recommendation_letters.min_submitted,info,/profile?tab=recommendations,Track recommendation letters,Recommendation status helps application readiness reflect what is still outstanding.,Review letters,in_app_readiness_surface|dashboard,redis_notification_feed|remote_push|email,profile-readiness:execution-add-recommendation-letters-recommendation-letters-min-submitted:138284095a25d1fae7337a3c,Recommendation letter count meets readiness threshold,,
user_prompt,ready_for_in_app_admin_delivery,5de082603a9960cfa8117421,execution-add-recommendation-letters-recommendation-letters-min-submitted,execution,add-recommendation-letters,recommendation_letters.min_submitted,info,/profile?tab=recommendations,Track recommendation letters,Recommendation status helps application readiness reflect what is still outstanding.,Review letters,in_app_readiness_surface|dashboard,redis_notification_feed|remote_push|email,profile-readiness:execution-add-recommendation-letters-recommendation-letters-min-submitted:5de082603a9960cfa8117421,Recommendation letter count meets readiness threshold,,
user_prompt,ready_for_in_app_admin_delivery,06cab65bad990f73a0e2013e,execution-add-recommendation-letters-recommendation-letters-min-submitted,execution,add-recommendation-letters,recommendation_letters.min_submitted,info,/profile?tab=recommendations,Track recommendation letters,Recommendation status helps application readiness reflect what is still outstanding.,Review letters,in_app_readiness_surface|dashboard,redis_notification_feed|remote_push|email,profile-readiness:execution-add-recommendation-letters-recommendation-letters-min-submitted:06cab65bad990f73a0e2013e,Recommendation letter count meets readiness threshold,,
user_prompt,ready_for_in_app_admin_delivery,0bbf03a984664dce330f7155,execution-add-recommendation-letters-recommendation-letters-min-submitted,execution,add-recommendation-letters,recommendation_letters.min_submitted,info,/profile?tab=recommendations,Track recommendation letters,Recommendation status helps application readiness reflect what is still outstanding.,Review letters,in_app_readiness_surface|dashboard,redis_notification_feed|remote_push|email,profile-readiness:execution-add-recommendation-letters-recommendation-letters-min-submitted:0bbf03a984664dce330f7155,Recommendation letter count meets readiness threshold,,
user_prompt,ready_for_in_app_admin_delivery,0eb09c84fa76d4593c74706c,execution-add-recommendation-letters-recommendation-letters-min-submitted,execution,add-recommendation-letters,recommendation_letters.min_submitted,info,/profile?tab=recommendations,Track recommendation letters,Recommendation status helps application readiness reflect what is still outstanding.,Review letters,in_app_readiness_surface|dashboard,redis_notification_feed|remote_push|email,profile-readiness:execution-add-recommendation-letters-recommendation-letters-min-submitted:0eb09c84fa76d4593c74706c,Recommendation letter count meets readiness threshold,,
user_prompt,ready_for_in_app_admin_delivery,122faf6ff8256a49bad4e360,execution-add-recommendation-letters-recommendation-letters-min-submitted,execution,add-recommendation-letters,recommendation_letters.min_submitted,info,/profile?tab=recommendations,Track recommendation letters,Recommendation status helps application readiness reflect what is still outstanding.,Review letters,in_app_readiness_surface|dashboard,redis_notification_feed|remote_push|email,profile-readiness:execution-add-recommendation-letters-recommendation-letters-min-submitted:122faf6ff8256a49bad4e360,Recommendation letter count meets readiness threshold,,
user_prompt,ready_for_in_app_admin_delivery,3ad283595e8c8fc0b173911f,execution-add-recommendation-letters-recommendation-letters-min-submitted,execution,add-recommendation-letters,recommendation_letters.min_submitted,info,/profile?tab=recommendations,Track recommendation letters,Recommendation status helps application readiness reflect what is still outstanding.,Review letters,in_app_readiness_surface|dashboard,redis_notification_feed|remote_push|email,profile-readiness:execution-add-recommendation-letters-recommendation-letters-min-submitted:3ad283595e8c8fc0b173911f,Recommendation letter count meets readiness threshold,,
user_prompt,ready_for_in_app_admin_delivery,e0e634d85a0cf22c31cc8a35,execution-add-recommendation-letters-recommendation-letters-min-submitted,execution,add-recommendation-letters,recommendation_letters.min_submitted,info,/profile?tab=recommendations,Track recommendation letters,Recommendation status helps application readiness reflect what is still outstanding.,Review letters,in_app_readiness_surface|dashboard,redis_notification_feed|remote_push|email,profile-readiness:execution-add-recommendation-letters-recommendation-letters-min-submitted:e0e634d85a0cf22c31cc8a35,Recommendation letter count meets readiness threshold,,
user_prompt,ready_for_in_app_admin_delivery,832d3d67127cd463e2d158ef,execution-add-recommendation-letters-recommendation-letters-min-submitted,execution,add-recommendation-letters,recommendation_letters.min_submitted,info,/profile?tab=recommendations,Track recommendation letters,Recommendation status helps application readiness reflect what is still outstanding.,Review letters,in_app_readiness_surface|dashboard,redis_notification_feed|remote_push|email,profile-readiness:execution-add-recommendation-letters-recommendation-letters-min-submitted:832d3d67127cd463e2d158ef,Recommendation letter count meets readiness threshold,,
user_prompt,ready_for_in_app_admin_delivery,d2873959d1b08e2959358f2c,execution-add-recommendation-letters-recommendation-letters-min-submitted,execution,add-recommendation-letters,recommendation_letters.min_submitted,info,/profile?tab=recommendations,Track recommendation letters,Recommendation status helps application readiness reflect what is still outstanding.,Review letters,in_app_readiness_surface|dashboard,redis_notification_feed|remote_push|email,profile-readiness:execution-add-recommendation-letters-recommendation-letters-min-submitted:d2873959d1b08e2959358f2c,Recommendation letter count meets readiness threshold,,
user_prompt,ready_for_in_app_admin_delivery,8f07e9c0290d4e24209a80f2,execution-add-recommendation-letters-recommendation-letters-min-submitted,execution,add-recommendation-letters,recommendation_letters.min_submitted,info,/profile?tab=recommendations,Track recommendation letters,Recommendation status helps application readiness reflect what is still outstanding.,Review letters,in_app_readiness_surface|dashboard,redis_notification_feed|remote_push|email,profile-readiness:execution-add-recommendation-letters-recommendation-letters-min-submitted:8f07e9c0290d4e24209a80f2,Recommendation letter count meets readiness threshold,,
user_prompt,ready_for_in_app_admin_delivery,cf27088d6e9f6b8654edfc1b,execution-add-recommendation-letters-recommendation-letters-min-submitted,execution,add-recommendation-letters,recommendation_letters.min_submitted,info,/profile?tab=recommendations,Track recommendation letters,Recommendation status helps application readiness reflect what is still outstanding.,Review letters,in_app_readiness_surface|dashboard,redis_notification_feed|remote_push|email,profile-readiness:execution-add-recommendation-letters-recommendation-letters-min-submitted:cf27088d6e9f6b8654edfc1b,Recommendation letter count meets readiness threshold,,
user_prompt,ready_for_in_app_admin_delivery,66a64079cf88a7d41a17d7d0,execution-add-recommendation-letters-recommendation-letters-min-submitted,execution,add-recommendation-letters,recommendation_letters.min_submitted,info,/profile?tab=recommendations,Track recommendation letters,Recommendation status helps application readiness reflect what is still outstanding.,Review letters,in_app_readiness_surface|dashboard,redis_notification_feed|remote_push|email,profile-readiness:execution-add-recommendation-letters-recommendation-letters-min-submitted:66a64079cf88a7d41a17d7d0,Recommendation letter count meets readiness threshold,,
user_prompt,ready_for_in_app_admin_delivery,11eddca546f63d3d58c39515,execution-add-recommendation-letters-recommendation-letters-min-submitted,execution,add-recommendation-letters,recommendation_letters.min_submitted,info,/profile?tab=recommendations,Track recommendation letters,Recommendation status helps application readiness reflect what is still outstanding.,Review letters,in_app_readiness_surface|dashboard,redis_notification_feed|remote_push|email,profile-readiness:execution-add-recommendation-letters-recommendation-letters-min-submitted:11eddca546f63d3d58c39515,Recommendation letter count meets readiness threshold,,
user_prompt,ready_for_in_app_admin_delivery,cd4c24d8fe3e08fda3d08c11,execution-add-recommendation-letters-recommendation-letters-min-submitted,execution,add-recommendation-letters,recommendation_letters.min_submitted,info,/profile?tab=recommendations,Track recommendation letters,Recommendation status helps application readiness reflect what is still outstanding.,Review letters,in_app_readiness_surface|dashboard,redis_notification_feed|remote_push|email,profile-readiness:execution-add-recommendation-letters-recommendation-letters-min-submitted:cd4c24d8fe3e08fda3d08c11,Recommendation letter count meets readiness threshold,,
user_prompt,ready_for_in_app_admin_delivery,fb3746bf1583a3a638ae650b,execution-add-recommendation-letters-recommendation-letters-min-submitted,execution,add-recommendation-letters,recommendation_letters.min_submitted,info,/profile?tab=recommendations,Track recommendation letters,Recommendation status helps application readiness reflect what is still outstanding.,Review letters,in_app_readiness_surface|dashboard,redis_notification_feed|remote_push|email,profile-readiness:execution-add-recommendation-letters-recommendation-letters-min-submitted:fb3746bf1583a3a638ae650b,Recommendation letter count meets readiness threshold,,
user_prompt,ready_for_in_app_admin_delivery,e77a4fa0fcedef43de0cb4bb,execution-add-recommendation-letters-recommendation-letters-min-submitted,execution,add-recommendation-letters,recommendation_letters.min_submitted,info,/profile?tab=recommendations,Track recommendation letters,Recommendation status helps application readiness reflect what is still outstanding.,Review letters,in_app_readiness_surface|dashboard,redis_notification_feed|remote_push|email,profile-readiness:execution-add-recommendation-letters-recommendation-letters-min-submitted:e77a4fa0fcedef43de0cb4bb,Recommendation letter count meets readiness threshold,,
user_prompt,ready_for_in_app_admin_delivery,10238acf3b2e2675d06ce76c,execution-add-recommendation-letters-recommendation-letters-min-submitted,execution,add-recommendation-letters,recommendation_letters.min_submitted,info,/profile?tab=recommendations,Track recommendation letters,Recommendation status helps application readiness reflect what is still outstanding.,Review letters,in_app_readiness_surface|dashboard,redis_notification_feed|remote_push|email,profile-readiness:execution-add-recommendation-letters-recommendation-letters-min-submitted:10238acf3b2e2675d06ce76c,Recommendation letter count meets readiness threshold,,
user_prompt,ready_for_in_app_admin_delivery,7819fedbfc32d7ad6de164f3,execution-add-recommendation-letters-recommendation-letters-min-submitted,execution,add-recommendation-letters,recommendation_letters.min_submitted,info,/profile?tab=recommendations,Track recommendation letters,Recommendation status helps application readiness reflect what is still outstanding.,Review letters,in_app_readiness_surface|dashboard,redis_notification_feed|remote_push|email,profile-readiness:execution-add-recommendation-letters-recommendation-letters-min-submitted:7819fedbfc32d7ad6de164f3,Recommendation letter count meets readiness threshold,,
user_prompt,ready_for_in_app_admin_delivery,4a947b901c3d9b7ce0481cf2,execution-add-recommendation-letters-recommendation-letters-min-submitted,execution,add-recommendation-letters,recommendation_letters.min_submitted,info,/profile?tab=recommendations,Track recommendation letters,Recommendation status helps application readiness reflect what is still outstanding.,Review letters,in_app_readiness_surface|dashboard,redis_notification_feed|remote_push|email,profile-readiness:execution-add-recommendation-letters-recommendation-letters-min-submitted:4a947b901c3d9b7ce0481cf2,Recommendation letter count meets readiness threshold,,
user_prompt,ready_for_in_app_admin_delivery,977aba20a74e363bcb348888,execution-add-recommendation-letters-recommendation-letters-min-submitted,execution,add-recommendation-letters,recommendation_letters.min_submitted,info,/profile?tab=recommendations,Track recommendation letters,Recommendation status helps application readiness reflect what is still outstanding.,Review letters,in_app_readiness_surface|dashboard,redis_notification_feed|remote_push|email,profile-readiness:execution-add-recommendation-letters-recommendation-letters-min-submitted:977aba20a74e363bcb348888,Recommendation letter count meets readiness threshold,,
user_prompt,ready_for_in_app_admin_delivery,bdfbfe398683d67d68f39557,execution-add-recommendation-letters-recommendation-letters-min-submitted,execution,add-recommendation-letters,recommendation_letters.min_submitted,info,/profile?tab=recommendations,Track recommendation letters,Recommendation status helps application readiness reflect what is still outstanding.,Review letters,in_app_readiness_surface|dashboard,redis_notification_feed|remote_push|email,profile-readiness:execution-add-recommendation-letters-recommendation-letters-min-submitted:bdfbfe398683d67d68f39557,Recommendation letter count meets readiness threshold,,
user_prompt,ready_for_in_app_admin_delivery,3f980c4c6e95243d6daa6974,execution-add-recommendation-letters-recommendation-letters-min-submitted,execution,add-recommendation-letters,recommendation_letters.min_submitted,info,/profile?tab=recommendations,Track recommendation letters,Recommendation status helps application readiness reflect what is still outstanding.,Review letters,in_app_readiness_surface|dashboard,redis_notification_feed|remote_push|email,profile-readiness:execution-add-recommendation-letters-recommendation-letters-min-submitted:3f980c4c6e95243d6daa6974,Recommendation letter count meets readiness threshold,,
user_prompt,ready_for_in_app_admin_delivery,95337d5e96446798743732c1,execution-add-recommendation-letters-recommendation-letters-min-submitted,execution,add-recommendation-letters,recommendation_letters.min_submitted,info,/profile?tab=recommendations,Track recommendation letters,Recommendation status helps application readiness reflect what is still outstanding.,Review letters,in_app_readiness_surface|dashboard,redis_notification_feed|remote_push|email,profile-readiness:execution-add-recommendation-letters-recommendation-letters-min-submitted:95337d5e96446798743732c1,Recommendation letter count meets readiness threshold,,
user_prompt,ready_for_in_app_admin_delivery,c1950cf2ac294babc3aadf4e,execution-add-recommendation-letters-recommendation-letters-min-submitted,execution,add-recommendation-letters,recommendation_letters.min_submitted,info,/profile?tab=recommendations,Track recommendation letters,Recommendation status helps application readiness reflect what is still outstanding.,Review letters,in_app_readiness_surface|dashboard,redis_notification_feed|remote_push|email,profile-readiness:execution-add-recommendation-letters-recommendation-letters-min-submitted:c1950cf2ac294babc3aadf4e,Recommendation letter count meets readiness threshold,,
user_prompt,ready_for_in_app_admin_delivery,566af6ea3815e2e9d4ec7b10,execution-add-recommendation-letters-recommendation-letters-min-submitted,execution,add-recommendation-letters,recommendation_letters.min_submitted,info,/profile?tab=recommendations,Track recommendation letters,Recommendation status helps application readiness reflect what is still outstanding.,Review letters,in_app_readiness_surface|dashboard,redis_notification_feed|remote_push|email,profile-readiness:execution-add-recommendation-letters-recommendation-letters-min-submitted:566af6ea3815e2e9d4ec7b10,Recommendation letter count meets readiness threshold,,
user_prompt,ready_for_in_app_admin_delivery,b49b375f2ecd18e1d3e2c548,execution-add-recommendation-letters-recommendation-letters-min-submitted,execution,add-recommendation-letters,recommendation_letters.min_submitted,info,/profile?tab=recommendations,Track recommendation letters,Recommendation status helps application readiness reflect what is still outstanding.,Review letters,in_app_readiness_surface|dashboard,redis_notification_feed|remote_push|email,profile-readiness:execution-add-recommendation-letters-recommendation-letters-min-submitted:b49b375f2ecd18e1d3e2c548,Recommendation letter count meets readiness threshold,,
user_prompt,ready_for_in_app_admin_delivery,4cab3e79c7dd8e492a909e7f,execution-add-recommendation-letters-recommendation-letters-min-submitted,execution,add-recommendation-letters,recommendation_letters.min_submitted,info,/profile?tab=recommendations,Track recommendation letters,Recommendation status helps application readiness reflect what is still outstanding.,Review letters,in_app_readiness_surface|dashboard,redis_notification_feed|remote_push|email,profile-readiness:execution-add-recommendation-letters-recommendation-letters-min-submitted:4cab3e79c7dd8e492a909e7f,Recommendation letter count meets readiness threshold,,
user_prompt,ready_for_in_app_admin_delivery,fae66721875e65f51507bf27,execution-add-recommendation-letters-recommendation-letters-min-submitted,execution,add-recommendation-letters,recommendation_letters.min_submitted,info,/profile?tab=recommendations,Track recommendation letters,Recommendation status helps application readiness reflect what is still outstanding.,Review letters,in_app_readiness_surface|dashboard,redis_notification_feed|remote_push|email,profile-readiness:execution-add-recommendation-letters-recommendation-letters-min-submitted:fae66721875e65f51507bf27,Recommendation letter count meets readiness threshold,,
user_prompt,ready_for_in_app_admin_delivery,7c8c8ff6a81333ff3e9a04a6,execution-add-recommendation-letters-recommendation-letters-min-submitted,execution,add-recommendation-letters,recommendation_letters.min_submitted,info,/profile?tab=recommendations,Track recommendation letters,Recommendation status helps application readiness reflect what is still outstanding.,Review letters,in_app_readiness_surface|dashboard,redis_notification_feed|remote_push|email,profile-readiness:execution-add-recommendation-letters-recommendation-letters-min-submitted:7c8c8ff6a81333ff3e9a04a6,Recommendation letter count meets readiness threshold,,
user_prompt,ready_for_in_app_admin_delivery,2317f70b9e80abca4ad0824d,execution-add-recommendation-letters-recommendation-letters-min-submitted,execution,add-recommendation-letters,recommendation_letters.min_submitted,info,/profile?tab=recommendations,Track recommendation letters,Recommendation status helps application readiness reflect what is still outstanding.,Review letters,in_app_readiness_surface|dashboard,redis_notification_feed|remote_push|email,profile-readiness:execution-add-recommendation-letters-recommendation-letters-min-submitted:2317f70b9e80abca4ad0824d,Recommendation letter count meets readiness threshold,,
user_prompt,ready_for_in_app_admin_delivery,53abd2f8c90243ba345fa599,execution-add-recommendation-letters-recommendation-letters-min-submitted,execution,add-recommendation-letters,recommendation_letters.min_submitted,info,/profile?tab=recommendations,Track recommendation letters,Recommendation status helps application readiness reflect what is still outstanding.,Review letters,in_app_readiness_surface|dashboard,redis_notification_feed|remote_push|email,profile-readiness:execution-add-recommendation-letters-recommendation-letters-min-submitted:53abd2f8c90243ba345fa599,Recommendation letter count meets readiness threshold,,
user_prompt,ready_for_in_app_admin_delivery,b4a7670b022c83cb17a856df,execution-add-recommendation-letters-recommendation-letters-min-submitted,execution,add-recommendation-letters,recommendation_letters.min_submitted,info,/profile?tab=recommendations,Track recommendation letters,Recommendation status helps application readiness reflect what is still outstanding.,Review letters,in_app_readiness_surface|dashboard,redis_notification_feed|remote_push|email,profile-readiness:execution-add-recommendation-letters-recommendation-letters-min-submitted:b4a7670b022c83cb17a856df,Recommendation letter count meets readiness threshold,,
user_prompt,ready_for_in_app_admin_delivery,9814382a1d3be3e627c28c80,execution-add-recommendation-letters-recommendation-letters-min-submitted,execution,add-recommendation-letters,recommendation_letters.min_submitted,info,/profile?tab=recommendations,Track recommendation letters,Recommendation status helps application readiness reflect what is still outstanding.,Review letters,in_app_readiness_surface|dashboard,redis_notification_feed|remote_push|email,profile-readiness:execution-add-recommendation-letters-recommendation-letters-min-submitted:9814382a1d3be3e627c28c80,Recommendation letter count meets readiness threshold,,
user_prompt,ready_for_in_app_admin_delivery,d4e514871d10cb9f36b65d29,execution-add-recommendation-letters-recommendation-letters-min-submitted,execution,add-recommendation-letters,recommendation_letters.min_submitted,info,/profile?tab=recommendations,Track recommendation letters,Recommendation status helps application readiness reflect what is still outstanding.,Review letters,in_app_readiness_surface|dashboard,redis_notification_feed|remote_push|email,profile-readiness:execution-add-recommendation-letters-recommendation-letters-min-submitted:d4e514871d10cb9f36b65d29,Recommendation letter count meets readiness threshold,,
user_prompt,ready_for_in_app_admin_delivery,1d0c77f67037725ac9e941b2,execution-add-recommendation-letters-recommendation-letters-min-submitted,execution,add-recommendation-letters,recommendation_letters.min_submitted,info,/profile?tab=recommendations,Track recommendation letters,Recommendation status helps application readiness reflect what is still outstanding.,Review letters,in_app_readiness_surface|dashboard,redis_notification_feed|remote_push|email,profile-readiness:execution-add-recommendation-letters-recommendation-letters-min-submitted:1d0c77f67037725ac9e941b2,Recommendation letter count meets readiness threshold,,
user_prompt,ready_for_in_app_admin_delivery,556224a224a1c7679127d097,execution-add-recommendation-letters-recommendation-letters-min-submitted,execution,add-recommendation-letters,recommendation_letters.min_submitted,info,/profile?tab=recommendations,Track recommendation letters,Recommendation status helps application readiness reflect what is still outstanding.,Review letters,in_app_readiness_surface|dashboard,redis_notification_feed|remote_push|email,profile-readiness:execution-add-recommendation-letters-recommendation-letters-min-submitted:556224a224a1c7679127d097,Recommendation letter count meets readiness threshold,,
user_prompt,ready_for_in_app_admin_delivery,f371531d3d25666bda7eafeb,execution-add-recommendation-letters-recommendation-letters-min-submitted,execution,add-recommendation-letters,recommendation_letters.min_submitted,info,/profile?tab=recommendations,Track recommendation letters,Recommendation status helps application readiness reflect what is still outstanding.,Review letters,in_app_readiness_surface|dashboard,redis_notification_feed|remote_push|email,profile-readiness:execution-add-recommendation-letters-recommendation-letters-min-submitted:f371531d3d25666bda7eafeb,Recommendation letter count meets readiness threshold,,
user_prompt,ready_for_in_app_admin_delivery,a2d3062f8e09c9cc2ddbd88d,execution-add-recommendation-letters-recommendation-letters-min-submitted,execution,add-recommendation-letters,recommendation_letters.min_submitted,info,/profile?tab=recommendations,Track recommendation letters,Recommendation status helps application readiness reflect what is still outstanding.,Review letters,in_app_readiness_surface|dashboard,redis_notification_feed|remote_push|email,profile-readiness:execution-add-recommendation-letters-recommendation-letters-min-submitted:a2d3062f8e09c9cc2ddbd88d,Recommendation letter count meets readiness threshold,,
user_prompt,ready_for_in_app_admin_delivery,5424d5ace64e813a2f73dceb,execution-add-recommendation-letters-recommendation-letters-min-submitted,execution,add-recommendation-letters,recommendation_letters.min_submitted,info,/profile?tab=recommendations,Track recommendation letters,Recommendation status helps application readiness reflect what is still outstanding.,Review letters,in_app_readiness_surface|dashboard,redis_notification_feed|remote_push|email,profile-readiness:execution-add-recommendation-letters-recommendation-letters-min-submitted:5424d5ace64e813a2f73dceb,Recommendation letter count meets readiness threshold,,
user_prompt,ready_for_in_app_admin_delivery,67db31e10f819cc055ebc5e6,execution-add-recommendation-letters-recommendation-letters-min-submitted,execution,add-recommendation-letters,recommendation_letters.min_submitted,info,/profile?tab=recommendations,Track recommendation letters,Recommendation status helps application readiness reflect what is still outstanding.,Review letters,in_app_readiness_surface|dashboard,redis_notification_feed|remote_push|email,profile-readiness:execution-add-recommendation-letters-recommendation-letters-min-submitted:67db31e10f819cc055ebc5e6,Recommendation letter count meets readiness threshold,,
user_prompt,ready_for_in_app_admin_delivery,21453a247f2c36664ca1f4e7,execution-add-recommendation-letters-recommendation-letters-min-submitted,execution,add-recommendation-letters,recommendation_letters.min_submitted,info,/profile?tab=recommendations,Track recommendation letters,Recommendation status helps application readiness reflect what is still outstanding.,Review letters,in_app_readiness_surface|dashboard,redis_notification_feed|remote_push|email,profile-readiness:execution-add-recommendation-letters-recommendation-letters-min-submitted:21453a247f2c36664ca1f4e7,Recommendation letter count meets readiness threshold,,
user_prompt,ready_for_in_app_admin_delivery,bc78a5a24d4822c1254deb2d,execution-add-recommendation-letters-recommendation-letters-min-submitted,execution,add-recommendation-letters,recommendation_letters.min_submitted,info,/profile?tab=recommendations,Track recommendation letters,Recommendation status helps application readiness reflect what is still outstanding.,Review letters,in_app_readiness_surface|dashboard,redis_notification_feed|remote_push|email,profile-readiness:execution-add-recommendation-letters-recommendation-letters-min-submitted:bc78a5a24d4822c1254deb2d,Recommendation letter count meets readiness threshold,,
user_prompt,ready_for_in_app_admin_delivery,9d929fa72ae2cc1c5f3d8d82,execution-add-recommendation-letters-recommendation-letters-min-submitted,execution,add-recommendation-letters,recommendation_letters.min_submitted,info,/profile?tab=recommendations,Track recommendation letters,Recommendation status helps application readiness reflect what is still outstanding.,Review letters,in_app_readiness_surface|dashboard,redis_notification_feed|remote_push|email,profile-readiness:execution-add-recommendation-letters-recommendation-letters-min-submitted:9d929fa72ae2cc1c5f3d8d82,Recommendation letter count meets readiness threshold,,
user_prompt,ready_for_in_app_admin_delivery,8c13a70fc5c14aacfa48572e,execution-add-recommendation-letters-recommendation-letters-min-submitted,execution,add-recommendation-letters,recommendation_letters.min_submitted,info,/profile?tab=recommendations,Track recommendation letters,Recommendation status helps application readiness reflect what is still outstanding.,Review letters,in_app_readiness_surface|dashboard,redis_notification_feed|remote_push|email,profile-readiness:execution-add-recommendation-letters-recommendation-letters-min-submitted:8c13a70fc5c14aacfa48572e,Recommendation letter count meets readiness threshold,,
user_prompt,ready_for_in_app_admin_delivery,5e71abdcb6160d9592741988,execution-add-recommendation-letters-recommendation-letters-min-submitted,execution,add-recommendation-letters,recommendation_letters.min_submitted,info,/profile?tab=recommendations,Track recommendation letters,Recommendation status helps application readiness reflect what is still outstanding.,Review letters,in_app_readiness_surface|dashboard,redis_notification_feed|remote_push|email,profile-readiness:execution-add-recommendation-letters-recommendation-letters-min-submitted:5e71abdcb6160d9592741988,Recommendation letter count meets readiness threshold,,
user_prompt,ready_for_in_app_admin_delivery,8d2ae0fbd6efab48cb0052c2,execution-add-recommendation-letters-recommendation-letters-min-submitted,execution,add-recommendation-letters,recommendation_letters.min_submitted,info,/profile?tab=recommendations,Track recommendation letters,Recommendation status helps application readiness reflect what is still outstanding.,Review letters,in_app_readiness_surface|dashboard,redis_notification_feed|remote_push|email,profile-readiness:execution-add-recommendation-letters-recommendation-letters-min-submitted:8d2ae0fbd6efab48cb0052c2,Recommendation letter count meets readiness threshold,,
user_prompt,ready_for_in_app_admin_delivery,adb916c3e591190afd9b45f8,execution-add-recommendation-letters-recommendation-letters-min-submitted,execution,add-recommendation-letters,recommendation_letters.min_submitted,info,/profile?tab=recommendations,Track recommendation letters,Recommendation status helps application readiness reflect what is still outstanding.,Review letters,in_app_readiness_surface|dashboard,redis_notification_feed|remote_push|email,profile-readiness:execution-add-recommendation-letters-recommendation-letters-min-submitted:adb916c3e591190afd9b45f8,Recommendation letter count meets readiness threshold,,
user_prompt,ready_for_in_app_admin_delivery,00c69013a76020fd12b4db56,execution-add-recommendation-letters-recommendation-letters-min-submitted,execution,add-recommendation-letters,recommendation_letters.min_submitted,info,/profile?tab=recommendations,Track recommendation letters,Recommendation status helps application readiness reflect what is still outstanding.,Review letters,in_app_readiness_surface|dashboard,redis_notification_feed|remote_push|email,profile-readiness:execution-add-recommendation-letters-recommendation-letters-min-submitted:00c69013a76020fd12b4db56,Recommendation letter count meets readiness threshold,,
user_prompt,ready_for_in_app_admin_delivery,1fcb3fd1f8acdc0e2e312acc,execution-add-recommendation-letters-recommendation-letters-min-submitted,execution,add-recommendation-letters,recommendation_letters.min_submitted,info,/profile?tab=recommendations,Track recommendation letters,Recommendation status helps application readiness reflect what is still outstanding.,Review letters,in_app_readiness_surface|dashboard,redis_notification_feed|remote_push|email,profile-readiness:execution-add-recommendation-letters-recommendation-letters-min-submitted:1fcb3fd1f8acdc0e2e312acc,Recommendation letter count meets readiness threshold,,
user_prompt,ready_for_in_app_admin_delivery,805c5da5dfebc142dddca509,execution-add-recommendation-letters-recommendation-letters-min-submitted,execution,add-recommendation-letters,recommendation_letters.min_submitted,info,/profile?tab=recommendations,Track recommendation letters,Recommendation status helps application readiness reflect what is still outstanding.,Review letters,in_app_readiness_surface|dashboard,redis_notification_feed|remote_push|email,profile-readiness:execution-add-recommendation-letters-recommendation-letters-min-submitted:805c5da5dfebc142dddca509,Recommendation letter count meets readiness threshold,,
user_prompt,ready_for_in_app_admin_delivery,176643ab074df2c6330bdc05,execution-add-recommendation-letters-recommendation-letters-min-submitted,execution,add-recommendation-letters,recommendation_letters.min_submitted,info,/profile?tab=recommendations,Track recommendation letters,Recommendation status helps application readiness reflect what is still outstanding.,Review letters,in_app_readiness_surface|dashboard,redis_notification_feed|remote_push|email,profile-readiness:execution-add-recommendation-letters-recommendation-letters-min-submitted:176643ab074df2c6330bdc05,Recommendation letter count meets readiness threshold,,
user_prompt,ready_for_in_app_admin_delivery,c33c10777a45726a21deed93,execution-add-recommendation-letters-recommendation-letters-min-submitted,execution,add-recommendation-letters,recommendation_letters.min_submitted,info,/profile?tab=recommendations,Track recommendation letters,Recommendation status helps application readiness reflect what is still outstanding.,Review letters,in_app_readiness_surface|dashboard,redis_notification_feed|remote_push|email,profile-readiness:execution-add-recommendation-letters-recommendation-letters-min-submitted:c33c10777a45726a21deed93,Recommendation letter count meets readiness threshold,,
user_prompt,ready_for_in_app_admin_delivery,ee27103855fd947a0585e587,execution-add-recommendation-letters-recommendation-letters-min-submitted,execution,add-recommendation-letters,recommendation_letters.min_submitted,info,/profile?tab=recommendations,Track recommendation letters,Recommendation status helps application readiness reflect what is still outstanding.,Review letters,in_app_readiness_surface|dashboard,redis_notification_feed|remote_push|email,profile-readiness:execution-add-recommendation-letters-recommendation-letters-min-submitted:ee27103855fd947a0585e587,Recommendation letter count meets readiness threshold,,
user_prompt,ready_for_in_app_admin_delivery,d0b967b32741d9ec6459f774,execution-add-recommendation-letters-recommendation-letters-min-submitted,execution,add-recommendation-letters,recommendation_letters.min_submitted,info,/profile?tab=recommendations,Track recommendation letters,Recommendation status helps application readiness reflect what is still outstanding.,Review letters,in_app_readiness_surface|dashboard,redis_notification_feed|remote_push|email,profile-readiness:execution-add-recommendation-letters-recommendation-letters-min-submitted:d0b967b32741d9ec6459f774,Recommendation letter count meets readiness threshold,,
user_prompt,ready_for_in_app_admin_delivery,f0dca2416b19d212b3180e2a,execution-add-recommendation-letters-recommendation-letters-min-submitted,execution,add-recommendation-letters,recommendation_letters.min_submitted,info,/profile?tab=recommendations,Track recommendation letters,Recommendation status helps application readiness reflect what is still outstanding.,Review letters,in_app_readiness_surface|dashboard,redis_notification_feed|remote_push|email,profile-readiness:execution-add-recommendation-letters-recommendation-letters-min-submitted:f0dca2416b19d212b3180e2a,Recommendation letter count meets readiness threshold,,
user_prompt,ready_for_in_app_admin_delivery,3d0f9da60e8980d06930b481,execution-add-recommendation-letters-recommendation-letters-min-submitted,execution,add-recommendation-letters,recommendation_letters.min_submitted,info,/profile?tab=recommendations,Track recommendation letters,Recommendation status helps application readiness reflect what is still outstanding.,Review letters,in_app_readiness_surface|dashboard,redis_notification_feed|remote_push|email,profile-readiness:execution-add-recommendation-letters-recommendation-letters-min-submitted:3d0f9da60e8980d06930b481,Recommendation letter count meets readiness threshold,,
user_prompt,ready_for_in_app_admin_delivery,ca5eb63722908f440c293dc4,execution-add-recommendation-letters-recommendation-letters-min-submitted,execution,add-recommendation-letters,recommendation_letters.min_submitted,info,/profile?tab=recommendations,Track recommendation letters,Recommendation status helps application readiness reflect what is still outstanding.,Review letters,in_app_readiness_surface|dashboard,redis_notification_feed|remote_push|email,profile-readiness:execution-add-recommendation-letters-recommendation-letters-min-submitted:ca5eb63722908f440c293dc4,Recommendation letter count meets readiness threshold,,
user_prompt,ready_for_in_app_admin_delivery,9f15e7b53f10db2c2e0f4099,execution-add-recommendation-letters-recommendation-letters-min-submitted,execution,add-recommendation-letters,recommendation_letters.min_submitted,info,/profile?tab=recommendations,Track recommendation letters,Recommendation status helps application readiness reflect what is still outstanding.,Review letters,in_app_readiness_surface|dashboard,redis_notification_feed|remote_push|email,profile-readiness:execution-add-recommendation-letters-recommendation-letters-min-submitted:9f15e7b53f10db2c2e0f4099,Recommendation letter count meets readiness threshold,,
user_prompt,ready_for_in_app_admin_delivery,33c78f08811b5c66f475a7f1,execution-add-recommendation-letters-recommendation-letters-min-submitted,execution,add-recommendation-letters,recommendation_letters.min_submitted,info,/profile?tab=recommendations,Track recommendation letters,Recommendation status helps application readiness reflect what is still outstanding.,Review letters,in_app_readiness_surface|dashboard,redis_notification_feed|remote_push|email,profile-readiness:execution-add-recommendation-letters-recommendation-letters-min-submitted:33c78f08811b5c66f475a7f1,Recommendation letter count meets readiness threshold,,
user_prompt,ready_for_in_app_admin_delivery,cd0e333cdda02719666fbe49,execution-add-recommendation-letters-recommendation-letters-min-submitted,execution,add-recommendation-letters,recommendation_letters.min_submitted,info,/profile?tab=recommendations,Track recommendation letters,Recommendation status helps application readiness reflect what is still outstanding.,Review letters,in_app_readiness_surface|dashboard,redis_notification_feed|remote_push|email,profile-readiness:execution-add-recommendation-letters-recommendation-letters-min-submitted:cd0e333cdda02719666fbe49,Recommendation letter count meets readiness threshold,,
user_prompt,ready_for_in_app_admin_delivery,980eac363cffa8fdead3089a,execution-add-recommendation-letters-recommendation-letters-min-submitted,execution,add-recommendation-letters,recommendation_letters.min_submitted,info,/profile?tab=recommendations,Track recommendation letters,Recommendation status helps application readiness reflect what is still outstanding.,Review letters,in_app_readiness_surface|dashboard,redis_notification_feed|remote_push|email,profile-readiness:execution-add-recommendation-letters-recommendation-letters-min-submitted:980eac363cffa8fdead3089a,Recommendation letter count meets readiness threshold,,
user_prompt,ready_for_in_app_admin_delivery,4dff462899d7fb76f8396bdd,execution-add-recommendation-letters-recommendation-letters-min-submitted,execution,add-recommendation-letters,recommendation_letters.min_submitted,info,/profile?tab=recommendations,Track recommendation letters,Recommendation status helps application readiness reflect what is still outstanding.,Review letters,in_app_readiness_surface|dashboard,redis_notification_feed|remote_push|email,profile-readiness:execution-add-recommendation-letters-recommendation-letters-min-submitted:4dff462899d7fb76f8396bdd,Recommendation letter count meets readiness threshold,,
user_prompt,ready_for_in_app_admin_delivery,95516cf74b0d570a8bd7faf3,execution-add-recommendation-letters-recommendation-letters-min-submitted,execution,add-recommendation-letters,recommendation_letters.min_submitted,info,/profile?tab=recommendations,Track recommendation letters,Recommendation status helps application readiness reflect what is still outstanding.,Review letters,in_app_readiness_surface|dashboard,redis_notification_feed|remote_push|email,profile-readiness:execution-add-recommendation-letters-recommendation-letters-min-submitted:95516cf74b0d570a8bd7faf3,Recommendation letter count meets readiness threshold,,
user_prompt,ready_for_in_app_admin_delivery,b8c3f50120c9a5d54a39ddb5,execution-add-recommendation-letters-recommendation-letters-min-submitted,execution,add-recommendation-letters,recommendation_letters.min_submitted,info,/profile?tab=recommendations,Track recommendation letters,Recommendation status helps application readiness reflect what is still outstanding.,Review letters,in_app_readiness_surface|dashboard,redis_notification_feed|remote_push|email,profile-readiness:execution-add-recommendation-letters-recommendation-letters-min-submitted:b8c3f50120c9a5d54a39ddb5,Recommendation letter count meets readiness threshold,,
user_prompt,ready_for_in_app_admin_delivery,e6ac6819060422a01033b7c2,execution-add-recommendation-letters-recommendation-letters-min-submitted,execution,add-recommendation-letters,recommendation_letters.min_submitted,info,/profile?tab=recommendations,Track recommendation letters,Recommendation status helps application readiness reflect what is still outstanding.,Review letters,in_app_readiness_surface|dashboard,redis_notification_feed|remote_push|email,profile-readiness:execution-add-recommendation-letters-recommendation-letters-min-submitted:e6ac6819060422a01033b7c2,Recommendation letter count meets readiness threshold,,
user_prompt,ready_for_in_app_admin_delivery,0487162eb16fe3731a2dcd5f,execution-add-recommendation-letters-recommendation-letters-min-submitted,execution,add-recommendation-letters,recommendation_letters.min_submitted,info,/profile?tab=recommendations,Track recommendation letters,Recommendation status helps application readiness reflect what is still outstanding.,Review letters,in_app_readiness_surface|dashboard,redis_notification_feed|remote_push|email,profile-readiness:execution-add-recommendation-letters-recommendation-letters-min-submitted:0487162eb16fe3731a2dcd5f,Recommendation letter count meets readiness threshold,,
user_prompt,ready_for_in_app_admin_delivery,625571854e8fb624c0e36346,execution-add-recommendation-letters-recommendation-letters-min-submitted,execution,add-recommendation-letters,recommendation_letters.min_submitted,info,/profile?tab=recommendations,Track recommendation letters,Recommendation status helps application readiness reflect what is still outstanding.,Review letters,in_app_readiness_surface|dashboard,redis_notification_feed|remote_push|email,profile-readiness:execution-add-recommendation-letters-recommendation-letters-min-submitted:625571854e8fb624c0e36346,Recommendation letter count meets readiness threshold,,
user_prompt,ready_for_in_app_admin_delivery,8f44cd19e12bead2f651a52f,execution-add-recommendation-letters-recommendation-letters-min-submitted,execution,add-recommendation-letters,recommendation_letters.min_submitted,info,/profile?tab=recommendations,Track recommendation letters,Recommendation status helps application readiness reflect what is still outstanding.,Review letters,in_app_readiness_surface|dashboard,redis_notification_feed|remote_push|email,profile-readiness:execution-add-recommendation-letters-recommendation-letters-min-submitted:8f44cd19e12bead2f651a52f,Recommendation letter count meets readiness threshold,,
user_prompt,ready_for_in_app_admin_delivery,12d9095e28814d34280ce5f8,execution-add-recommendation-letters-recommendation-letters-min-submitted,execution,add-recommendation-letters,recommendation_letters.min_submitted,info,/profile?tab=recommendations,Track recommendation letters,Recommendation status helps application readiness reflect what is still outstanding.,Review letters,in_app_readiness_surface|dashboard,redis_notification_feed|remote_push|email,profile-readiness:execution-add-recommendation-letters-recommendation-letters-min-submitted:12d9095e28814d34280ce5f8,Recommendation letter count meets readiness threshold,,
user_prompt,ready_for_in_app_admin_delivery,512557be39aeec8a261e16f5,execution-add-recommendation-letters-recommendation-letters-min-submitted,execution,add-recommendation-letters,recommendation_letters.min_submitted,info,/profile?tab=recommendations,Track recommendation letters,Recommendation status helps application readiness reflect what is still outstanding.,Review letters,in_app_readiness_surface|dashboard,redis_notification_feed|remote_push|email,profile-readiness:execution-add-recommendation-letters-recommendation-letters-min-submitted:512557be39aeec8a261e16f5,Recommendation letter count meets readiness threshold,,
user_prompt,ready_for_in_app_admin_delivery,8a9894f022079555414c8aeb,execution-add-recommendation-letters-recommendation-letters-min-submitted,execution,add-recommendation-letters,recommendation_letters.min_submitted,info,/profile?tab=recommendations,Track recommendation letters,Recommendation status helps application readiness reflect what is still outstanding.,Review letters,in_app_readiness_surface|dashboard,redis_notification_feed|remote_push|email,profile-readiness:execution-add-recommendation-letters-recommendation-letters-min-submitted:8a9894f022079555414c8aeb,Recommendation letter count meets readiness threshold,,
user_prompt,ready_for_in_app_admin_delivery,6174b3d014f4f619a3ff6b72,execution-add-recommendation-letters-recommendation-letters-min-submitted,execution,add-recommendation-letters,recommendation_letters.min_submitted,info,/profile?tab=recommendations,Track recommendation letters,Recommendation status helps application readiness reflect what is still outstanding.,Review letters,in_app_readiness_surface|dashboard,redis_notification_feed|remote_push|email,profile-readiness:execution-add-recommendation-letters-recommendation-letters-min-submitted:6174b3d014f4f619a3ff6b72,Recommendation letter count meets readiness threshold,,
user_prompt,ready_for_in_app_admin_delivery,ef468fe3f9990bb15e47ad28,execution-add-recommendation-letters-recommendation-letters-min-submitted,execution,add-recommendation-letters,recommendation_letters.min_submitted,info,/profile?tab=recommendations,Track recommendation letters,Recommendation status helps application readiness reflect what is still outstanding.,Review letters,in_app_readiness_surface|dashboard,redis_notification_feed|remote_push|email,profile-readiness:execution-add-recommendation-letters-recommendation-letters-min-submitted:ef468fe3f9990bb15e47ad28,Recommendation letter count meets readiness threshold,,
user_prompt,ready_for_in_app_admin_delivery,120e94098a641151055e7401,execution-add-recommendation-letters-recommendation-letters-min-submitted,execution,add-recommendation-letters,recommendation_letters.min_submitted,info,/profile?tab=recommendations,Track recommendation letters,Recommendation status helps application readiness reflect what is still outstanding.,Review letters,in_app_readiness_surface|dashboard,redis_notification_feed|remote_push|email,profile-readiness:execution-add-recommendation-letters-recommendation-letters-min-submitted:120e94098a641151055e7401,Recommendation letter count meets readiness threshold,,
user_prompt,ready_for_in_app_admin_delivery,d9259906488359e282745726,execution-add-recommendation-letters-recommendation-letters-min-submitted,execution,add-recommendation-letters,recommendation_letters.min_submitted,info,/profile?tab=recommendations,Track recommendation letters,Recommendation status helps application readiness reflect what is still outstanding.,Review letters,in_app_readiness_surface|dashboard,redis_notification_feed|remote_push|email,profile-readiness:execution-add-recommendation-letters-recommendation-letters-min-submitted:d9259906488359e282745726,Recommendation letter count meets readiness threshold,,
user_prompt,ready_for_in_app_admin_delivery,beeae0f88a46824bd6e36f90,execution-add-recommendation-letters-recommendation-letters-min-submitted,execution,add-recommendation-letters,recommendation_letters.min_submitted,info,/profile?tab=recommendations,Track recommendation letters,Recommendation status helps application readiness reflect what is still outstanding.,Review letters,in_app_readiness_surface|dashboard,redis_notification_feed|remote_push|email,profile-readiness:execution-add-recommendation-letters-recommendation-letters-min-submitted:beeae0f88a46824bd6e36f90,Recommendation letter count meets readiness threshold,,
user_prompt,ready_for_in_app_admin_delivery,962fe005af82e4f313bedb2d,execution-add-recommendation-letters-recommendation-letters-min-submitted,execution,add-recommendation-letters,recommendation_letters.min_submitted,info,/profile?tab=recommendations,Track recommendation letters,Recommendation status helps application readiness reflect what is still outstanding.,Review letters,in_app_readiness_surface|dashboard,redis_notification_feed|remote_push|email,profile-readiness:execution-add-recommendation-letters-recommendation-letters-min-submitted:962fe005af82e4f313bedb2d,Recommendation letter count meets readiness threshold,,
user_prompt,ready_for_in_app_admin_delivery,e2d4f5f8fc21d9e4dd7d2df2,execution-add-recommendation-letters-recommendation-letters-min-submitted,execution,add-recommendation-letters,recommendation_letters.min_submitted,info,/profile?tab=recommendations,Track recommendation letters,Recommendation status helps application readiness reflect what is still outstanding.,Review letters,in_app_readiness_surface|dashboard,redis_notification_feed|remote_push|email,profile-readiness:execution-add-recommendation-letters-recommendation-letters-min-submitted:e2d4f5f8fc21d9e4dd7d2df2,Recommendation letter count meets readiness threshold,,
user_prompt,ready_for_in_app_admin_delivery,dcade48028aa7004b2e2b982,execution-add-recommendation-letters-recommendation-letters-min-submitted,execution,add-recommendation-letters,recommendation_letters.min_submitted,info,/profile?tab=recommendations,Track recommendation letters,Recommendation status helps application readiness reflect what is still outstanding.,Review letters,in_app_readiness_surface|dashboard,redis_notification_feed|remote_push|email,profile-readiness:execution-add-recommendation-letters-recommendation-letters-min-submitted:dcade48028aa7004b2e2b982,Recommendation letter count meets readiness threshold,,
user_prompt,ready_for_in_app_admin_delivery,da83d1a201eb1e0112b7eec4,execution-add-recommendation-letters-recommendation-letters-min-submitted,execution,add-recommendation-letters,recommendation_letters.min_submitted,info,/profile?tab=recommendations,Track recommendation letters,Recommendation status helps application readiness reflect what is still outstanding.,Review letters,in_app_readiness_surface|dashboard,redis_notification_feed|remote_push|email,profile-readiness:execution-add-recommendation-letters-recommendation-letters-min-submitted:da83d1a201eb1e0112b7eec4,Recommendation letter count meets readiness threshold,,
user_prompt,ready_for_in_app_admin_delivery,0f06d8ca1b23d3a1dc68a6eb,execution-add-recommendation-letters-recommendation-letters-min-submitted,execution,add-recommendation-letters,recommendation_letters.min_submitted,info,/profile?tab=recommendations,Track recommendation letters,Recommendation status helps application readiness reflect what is still outstanding.,Review letters,in_app_readiness_surface|dashboard,redis_notification_feed|remote_push|email,profile-readiness:execution-add-recommendation-letters-recommendation-letters-min-submitted:0f06d8ca1b23d3a1dc68a6eb,Recommendation letter count meets readiness threshold,,
user_prompt,ready_for_in_app_admin_delivery,473c4613d839068ba7855d82,execution-add-recommendation-letters-recommendation-letters-min-submitted,execution,add-recommendation-letters,recommendation_letters.min_submitted,info,/profile?tab=recommendations,Track recommendation letters,Recommendation status helps application readiness reflect what is still outstanding.,Review letters,in_app_readiness_surface|dashboard,redis_notification_feed|remote_push|email,profile-readiness:execution-add-recommendation-letters-recommendation-letters-min-submitted:473c4613d839068ba7855d82,Recommendation letter count meets readiness threshold,,
user_prompt,ready_for_in_app_admin_delivery,30644d4d38a7469292f1c5ee,execution-add-recommendation-letters-recommendation-letters-min-submitted,execution,add-recommendation-letters,recommendation_letters.min_submitted,info,/profile?tab=recommendations,Track recommendation letters,Recommendation status helps application readiness reflect what is still outstanding.,Review letters,in_app_readiness_surface|dashboard,redis_notification_feed|remote_push|email,profile-readiness:execution-add-recommendation-letters-recommendation-letters-min-submitted:30644d4d38a7469292f1c5ee,Recommendation letter count meets readiness threshold,,
user_prompt,ready_for_in_app_admin_delivery,0defed87eef77bb11270748d,execution-add-recommendation-letters-recommendation-letters-min-submitted,execution,add-recommendation-letters,recommendation_letters.min_submitted,info,/profile?tab=recommendations,Track recommendation letters,Recommendation status helps application readiness reflect what is still outstanding.,Review letters,in_app_readiness_surface|dashboard,redis_notification_feed|remote_push|email,profile-readiness:execution-add-recommendation-letters-recommendation-letters-min-submitted:0defed87eef77bb11270748d,Recommendation letter count meets readiness threshold,,
user_prompt,ready_for_in_app_admin_delivery,cc241cedf886e14bf508182b,execution-add-recommendation-letters-recommendation-letters-min-submitted,execution,add-recommendation-letters,recommendation_letters.min_submitted,info,/profile?tab=recommendations,Track recommendation letters,Recommendation status helps application readiness reflect what is still outstanding.,Review letters,in_app_readiness_surface|dashboard,redis_notification_feed|remote_push|email,profile-readiness:execution-add-recommendation-letters-recommendation-letters-min-submitted:cc241cedf886e14bf508182b,Recommendation letter count meets readiness threshold,,
user_prompt,ready_for_in_app_admin_delivery,85490fb37f0bdf02f563ea85,execution-add-recommendation-letters-recommendation-letters-min-submitted,execution,add-recommendation-letters,recommendation_letters.min_submitted,info,/profile?tab=recommendations,Track recommendation letters,Recommendation status helps application readiness reflect what is still outstanding.,Review letters,in_app_readiness_surface|dashboard,redis_notification_feed|remote_push|email,profile-readiness:execution-add-recommendation-letters-recommendation-letters-min-submitted:85490fb37f0bdf02f563ea85,Recommendation letter count meets readiness threshold,,
user_prompt,ready_for_in_app_admin_delivery,6e2f97d15c122bdca8b5f6e9,execution-add-recommendation-letters-recommendation-letters-min-submitted,execution,add-recommendation-letters,recommendation_letters.min_submitted,info,/profile?tab=recommendations,Track recommendation letters,Recommendation status helps application readiness reflect what is still outstanding.,Review letters,in_app_readiness_surface|dashboard,redis_notification_feed|remote_push|email,profile-readiness:execution-add-recommendation-letters-recommendation-letters-min-submitted:6e2f97d15c122bdca8b5f6e9,Recommendation letter count meets readiness threshold,,
user_prompt,ready_for_in_app_admin_delivery,12c0646647db687d1a65aed0,execution-add-recommendation-letters-recommendation-letters-min-submitted,execution,add-recommendation-letters,recommendation_letters.min_submitted,info,/profile?tab=recommendations,Track recommendation letters,Recommendation status helps application readiness reflect what is still outstanding.,Review letters,in_app_readiness_surface|dashboard,redis_notification_feed|remote_push|email,profile-readiness:execution-add-recommendation-letters-recommendation-letters-min-submitted:12c0646647db687d1a65aed0,Recommendation letter count meets readiness threshold,,
user_prompt,ready_for_in_app_admin_delivery,beeb858786a6a35924e90fa8,execution-add-recommendation-letters-recommendation-letters-min-submitted,execution,add-recommendation-letters,recommendation_letters.min_submitted,info,/profile?tab=recommendations,Track recommendation letters,Recommendation status helps application readiness reflect what is still outstanding.,Review letters,in_app_readiness_surface|dashboard,redis_notification_feed|remote_push|email,profile-readiness:execution-add-recommendation-letters-recommendation-letters-min-submitted:beeb858786a6a35924e90fa8,Recommendation letter count meets readiness threshold,,
user_prompt,ready_for_in_app_admin_delivery,a11417640be59bed20bc3a98,execution-add-recommendation-letters-recommendation-letters-min-submitted,execution,add-recommendation-letters,recommendation_letters.min_submitted,info,/profile?tab=recommendations,Track recommendation letters,Recommendation status helps application readiness reflect what is still outstanding.,Review letters,in_app_readiness_surface|dashboard,redis_notification_feed|remote_push|email,profile-readiness:execution-add-recommendation-letters-recommendation-letters-min-submitted:a11417640be59bed20bc3a98,Recommendation letter count meets readiness threshold,,
user_prompt,ready_for_in_app_admin_delivery,3c3c2347076efa2874b00015,execution-add-recommendation-letters-recommendation-letters-min-submitted,execution,add-recommendation-letters,recommendation_letters.min_submitted,info,/profile?tab=recommendations,Track recommendation letters,Recommendation status helps application readiness reflect what is still outstanding.,Review letters,in_app_readiness_surface|dashboard,redis_notification_feed|remote_push|email,profile-readiness:execution-add-recommendation-letters-recommendation-letters-min-submitted:3c3c2347076efa2874b00015,Recommendation letter count meets readiness threshold,,
user_prompt,ready_for_in_app_admin_delivery,8f66d4f73209fbaccd3033bf,execution-add-recommendation-letters-recommendation-letters-min-submitted,execution,add-recommendation-letters,recommendation_letters.min_submitted,info,/profile?tab=recommendations,Track recommendation letters,Recommendation status helps application readiness reflect what is still outstanding.,Review letters,in_app_readiness_surface|dashboard,redis_notification_feed|remote_push|email,profile-readiness:execution-add-recommendation-letters-recommendation-letters-min-submitted:8f66d4f73209fbaccd3033bf,Recommendation letter count meets readiness threshold,,
user_prompt,ready_for_in_app_admin_delivery,c20f861a8c401467478f1ff8,execution-add-recommendation-letters-recommendation-letters-min-submitted,execution,add-recommendation-letters,recommendation_letters.min_submitted,info,/profile?tab=recommendations,Track recommendation letters,Recommendation status helps application readiness reflect what is still outstanding.,Review letters,in_app_readiness_surface|dashboard,redis_notification_feed|remote_push|email,profile-readiness:execution-add-recommendation-letters-recommendation-letters-min-submitted:c20f861a8c401467478f1ff8,Recommendation letter count meets readiness threshold,,
user_prompt,ready_for_in_app_admin_delivery,3e9f49d50ab7d023f1a8e39e,execution-add-recommendation-letters-recommendation-letters-min-submitted,execution,add-recommendation-letters,recommendation_letters.min_submitted,info,/profile?tab=recommendations,Track recommendation letters,Recommendation status helps application readiness reflect what is still outstanding.,Review letters,in_app_readiness_surface|dashboard,redis_notification_feed|remote_push|email,profile-readiness:execution-add-recommendation-letters-recommendation-letters-min-submitted:3e9f49d50ab7d023f1a8e39e,Recommendation letter count meets readiness threshold,,
user_prompt,ready_for_in_app_admin_delivery,8e31c7196b60b7f62dbf3e4d,execution-add-recommendation-letters-recommendation-letters-min-submitted,execution,add-recommendation-letters,recommendation_letters.min_submitted,info,/profile?tab=recommendations,Track recommendation letters,Recommendation status helps application readiness reflect what is still outstanding.,Review letters,in_app_readiness_surface|dashboard,redis_notification_feed|remote_push|email,profile-readiness:execution-add-recommendation-letters-recommendation-letters-min-submitted:8e31c7196b60b7f62dbf3e4d,Recommendation letter count meets readiness threshold,,
user_prompt,ready_for_in_app_admin_delivery,8965a5653322427763446164,execution-add-recommendation-letters-recommendation-letters-min-submitted,execution,add-recommendation-letters,recommendation_letters.min_submitted,info,/profile?tab=recommendations,Track recommendation letters,Recommendation status helps application readiness reflect what is still outstanding.,Review letters,in_app_readiness_surface|dashboard,redis_notification_feed|remote_push|email,profile-readiness:execution-add-recommendation-letters-recommendation-letters-min-submitted:8965a5653322427763446164,Recommendation letter count meets readiness threshold,,
user_prompt,ready_for_in_app_admin_delivery,cd35ea99c3d252c12d4d8c07,execution-add-recommendation-letters-recommendation-letters-min-submitted,execution,add-recommendation-letters,recommendation_letters.min_submitted,info,/profile?tab=recommendations,Track recommendation letters,Recommendation status helps application readiness reflect what is still outstanding.,Review letters,in_app_readiness_surface|dashboard,redis_notification_feed|remote_push|email,profile-readiness:execution-add-recommendation-letters-recommendation-letters-min-submitted:cd35ea99c3d252c12d4d8c07,Recommendation letter count meets readiness threshold,,
user_prompt,ready_for_in_app_admin_delivery,7a4f5720bd6266841ef5544e,execution-add-recommendation-letters-recommendation-letters-min-submitted,execution,add-recommendation-letters,recommendation_letters.min_submitted,info,/profile?tab=recommendations,Track recommendation letters,Recommendation status helps application readiness reflect what is still outstanding.,Review letters,in_app_readiness_surface|dashboard,redis_notification_feed|remote_push|email,profile-readiness:execution-add-recommendation-letters-recommendation-letters-min-submitted:7a4f5720bd6266841ef5544e,Recommendation letter count meets readiness threshold,,
user_prompt,ready_for_in_app_admin_delivery,e49e1cd8f6e246e9230a418b,execution-add-recommendation-letters-recommendation-letters-min-submitted,execution,add-recommendation-letters,recommendation_letters.min_submitted,info,/profile?tab=recommendations,Track recommendation letters,Recommendation status helps application readiness reflect what is still outstanding.,Review letters,in_app_readiness_surface|dashboard,redis_notification_feed|remote_push|email,profile-readiness:execution-add-recommendation-letters-recommendation-letters-min-submitted:e49e1cd8f6e246e9230a418b,Recommendation letter count meets readiness threshold,,
user_prompt,ready_for_in_app_admin_delivery,e0a0b6bb4a576cd6c527d28c,execution-add-recommendation-letters-recommendation-letters-min-submitted,execution,add-recommendation-letters,recommendation_letters.min_submitted,info,/profile?tab=recommendations,Track recommendation letters,Recommendation status helps application readiness reflect what is still outstanding.,Review letters,in_app_readiness_surface|dashboard,redis_notification_feed|remote_push|email,profile-readiness:execution-add-recommendation-letters-recommendation-letters-min-submitted:e0a0b6bb4a576cd6c527d28c,Recommendation letter count meets readiness threshold,,
user_prompt,ready_for_in_app_admin_delivery,ac2c023316430f730db17894,execution-add-recommendation-letters-recommendation-letters-min-submitted,execution,add-recommendation-letters,recommendation_letters.min_submitted,info,/profile?tab=recommendations,Track recommendation letters,Recommendation status helps application readiness reflect what is still outstanding.,Review letters,in_app_readiness_surface|dashboard,redis_notification_feed|remote_push|email,profile-readiness:execution-add-recommendation-letters-recommendation-letters-min-submitted:ac2c023316430f730db17894,Recommendation letter count meets readiness threshold,,
user_prompt,ready_for_in_app_admin_delivery,c55f20f3b89df5b634961f1e,execution-add-recommendation-letters-recommendation-letters-min-submitted,execution,add-recommendation-letters,recommendation_letters.min_submitted,info,/profile?tab=recommendations,Track recommendation letters,Recommendation status helps application readiness reflect what is still outstanding.,Review letters,in_app_readiness_surface|dashboard,redis_notification_feed|remote_push|email,profile-readiness:execution-add-recommendation-letters-recommendation-letters-min-submitted:c55f20f3b89df5b634961f1e,Recommendation letter count meets readiness threshold,,
user_prompt,ready_for_in_app_admin_delivery,7df532744d1a3bafc3330adc,execution-add-recommendation-letters-recommendation-letters-min-submitted,execution,add-recommendation-letters,recommendation_letters.min_submitted,info,/profile?tab=recommendations,Track recommendation letters,Recommendation status helps application readiness reflect what is still outstanding.,Review letters,in_app_readiness_surface|dashboard,redis_notification_feed|remote_push|email,profile-readiness:execution-add-recommendation-letters-recommendation-letters-min-submitted:7df532744d1a3bafc3330adc,Recommendation letter count meets readiness threshold,,
user_prompt,ready_for_in_app_admin_delivery,a55ab6c1a78d611492aa7abb,execution-add-recommendation-letters-recommendation-letters-min-submitted,execution,add-recommendation-letters,recommendation_letters.min_submitted,info,/profile?tab=recommendations,Track recommendation letters,Recommendation status helps application readiness reflect what is still outstanding.,Review letters,in_app_readiness_surface|dashboard,redis_notification_feed|remote_push|email,profile-readiness:execution-add-recommendation-letters-recommendation-letters-min-submitted:a55ab6c1a78d611492aa7abb,Recommendation letter count meets readiness threshold,,
user_prompt,ready_for_in_app_admin_delivery,a3d322ab4b6665e9ae55153b,execution-add-recommendation-letters-recommendation-letters-min-submitted,execution,add-recommendation-letters,recommendation_letters.min_submitted,info,/profile?tab=recommendations,Track recommendation letters,Recommendation status helps application readiness reflect what is still outstanding.,Review letters,in_app_readiness_surface|dashboard,redis_notification_feed|remote_push|email,profile-readiness:execution-add-recommendation-letters-recommendation-letters-min-submitted:a3d322ab4b6665e9ae55153b,Recommendation letter count meets readiness threshold,,
user_prompt,ready_for_in_app_admin_delivery,ae7152deb8b5ace78d0988b5,execution-add-recommendation-letters-recommendation-letters-min-submitted,execution,add-recommendation-letters,recommendation_letters.min_submitted,info,/profile?tab=recommendations,Track recommendation letters,Recommendation status helps application readiness reflect what is still outstanding.,Review letters,in_app_readiness_surface|dashboard,redis_notification_feed|remote_push|email,profile-readiness:execution-add-recommendation-letters-recommendation-letters-min-submitted:ae7152deb8b5ace78d0988b5,Recommendation letter count meets readiness threshold,,
user_prompt,ready_for_in_app_admin_delivery,3512b2c610d4daef63decaa6,execution-add-recommendation-letters-recommendation-letters-min-submitted,execution,add-recommendation-letters,recommendation_letters.min_submitted,info,/profile?tab=recommendations,Track recommendation letters,Recommendation status helps application readiness reflect what is still outstanding.,Review letters,in_app_readiness_surface|dashboard,redis_notification_feed|remote_push|email,profile-readiness:execution-add-recommendation-letters-recommendation-letters-min-submitted:3512b2c610d4daef63decaa6,Recommendation letter count meets readiness threshold,,
user_prompt,ready_for_in_app_admin_delivery,a1040538ac4757f6a01af3c6,execution-add-recommendation-letters-recommendation-letters-min-submitted,execution,add-recommendation-letters,recommendation_letters.min_submitted,info,/profile?tab=recommendations,Track recommendation letters,Recommendation status helps application readiness reflect what is still outstanding.,Review letters,in_app_readiness_surface|dashboard,redis_notification_feed|remote_push|email,profile-readiness:execution-add-recommendation-letters-recommendation-letters-min-submitted:a1040538ac4757f6a01af3c6,Recommendation letter count meets readiness threshold,,
user_prompt,ready_for_in_app_admin_delivery,dbc8709e2fca3a7750e035bd,execution-add-recommendation-letters-recommendation-letters-min-submitted,execution,add-recommendation-letters,recommendation_letters.min_submitted,info,/profile?tab=recommendations,Track recommendation letters,Recommendation status helps application readiness reflect what is still outstanding.,Review letters,in_app_readiness_surface|dashboard,redis_notification_feed|remote_push|email,profile-readiness:execution-add-recommendation-letters-recommendation-letters-min-submitted:dbc8709e2fca3a7750e035bd,Recommendation letter count meets readiness threshold,,
user_prompt,ready_for_in_app_admin_delivery,a5d338339df45749fb087e9b,execution-add-recommendation-letters-recommendation-letters-min-submitted,execution,add-recommendation-letters,recommendation_letters.min_submitted,info,/profile?tab=recommendations,Track recommendation letters,Recommendation status helps application readiness reflect what is still outstanding.,Review letters,in_app_readiness_surface|dashboard,redis_notification_feed|remote_push|email,profile-readiness:execution-add-recommendation-letters-recommendation-letters-min-submitted:a5d338339df45749fb087e9b,Recommendation letter count meets readiness threshold,,
user_prompt,ready_for_in_app_admin_delivery,f0c5fc6faa1df34435ff29e2,execution-add-recommendation-letters-recommendation-letters-min-submitted,execution,add-recommendation-letters,recommendation_letters.min_submitted,info,/profile?tab=recommendations,Track recommendation letters,Recommendation status helps application readiness reflect what is still outstanding.,Review letters,in_app_readiness_surface|dashboard,redis_notification_feed|remote_push|email,profile-readiness:execution-add-recommendation-letters-recommendation-letters-min-submitted:f0c5fc6faa1df34435ff29e2,Recommendation letter count meets readiness threshold,,
user_prompt,ready_for_in_app_admin_delivery,ef10e256980dcebb77dfd621,execution-add-recommendation-letters-recommendation-letters-min-submitted,execution,add-recommendation-letters,recommendation_letters.min_submitted,info,/profile?tab=recommendations,Track recommendation letters,Recommendation status helps application readiness reflect what is still outstanding.,Review letters,in_app_readiness_surface|dashboard,redis_notification_feed|remote_push|email,profile-readiness:execution-add-recommendation-letters-recommendation-letters-min-submitted:ef10e256980dcebb77dfd621,Recommendation letter count meets readiness threshold,,
user_prompt,ready_for_in_app_admin_delivery,a365f08979a29f52d46a610c,execution-add-recommendation-letters-recommendation-letters-min-submitted,execution,add-recommendation-letters,recommendation_letters.min_submitted,info,/profile?tab=recommendations,Track recommendation letters,Recommendation status helps application readiness reflect what is still outstanding.,Review letters,in_app_readiness_surface|dashboard,redis_notification_feed|remote_push|email,profile-readiness:execution-add-recommendation-letters-recommendation-letters-min-submitted:a365f08979a29f52d46a610c,Recommendation letter count meets readiness threshold,,
user_prompt,ready_for_in_app_admin_delivery,151da5994495423f1806b2f0,execution-add-recommendation-letters-recommendation-letters-min-submitted,execution,add-recommendation-letters,recommendation_letters.min_submitted,info,/profile?tab=recommendations,Track recommendation letters,Recommendation status helps application readiness reflect what is still outstanding.,Review letters,in_app_readiness_surface|dashboard,redis_notification_feed|remote_push|email,profile-readiness:execution-add-recommendation-letters-recommendation-letters-min-submitted:151da5994495423f1806b2f0,Recommendation letter count meets readiness threshold,,
user_prompt,ready_for_in_app_admin_delivery,090d8e54b0e955027644958a,execution-add-recommendation-letters-recommendation-letters-min-submitted,execution,add-recommendation-letters,recommendation_letters.min_submitted,info,/profile?tab=recommendations,Track recommendation letters,Recommendation status helps application readiness reflect what is still outstanding.,Review letters,in_app_readiness_surface|dashboard,redis_notification_feed|remote_push|email,profile-readiness:execution-add-recommendation-letters-recommendation-letters-min-submitted:090d8e54b0e955027644958a,Recommendation letter count meets readiness threshold,,
user_prompt,ready_for_in_app_admin_delivery,6f95063993edc2d69b750760,execution-add-recommendation-letters-recommendation-letters-min-submitted,execution,add-recommendation-letters,recommendation_letters.min_submitted,info,/profile?tab=recommendations,Track recommendation letters,Recommendation status helps application readiness reflect what is still outstanding.,Review letters,in_app_readiness_surface|dashboard,redis_notification_feed|remote_push|email,profile-readiness:execution-add-recommendation-letters-recommendation-letters-min-submitted:6f95063993edc2d69b750760,Recommendation letter count meets readiness threshold,,
user_prompt,ready_for_in_app_admin_delivery,efedd357e0c8b9536160f8f6,execution-add-recommendation-letters-recommendation-letters-min-submitted,execution,add-recommendation-letters,recommendation_letters.min_submitted,info,/profile?tab=recommendations,Track recommendation letters,Recommendation status helps application readiness reflect what is still outstanding.,Review letters,in_app_readiness_surface|dashboard,redis_notification_feed|remote_push|email,profile-readiness:execution-add-recommendation-letters-recommendation-letters-min-submitted:efedd357e0c8b9536160f8f6,Recommendation letter count meets readiness threshold,,
user_prompt,ready_for_in_app_admin_delivery,b29d033421d2c8ab0fa5c69b,execution-add-recommendation-letters-recommendation-letters-min-submitted,execution,add-recommendation-letters,recommendation_letters.min_submitted,info,/profile?tab=recommendations,Track recommendation letters,Recommendation status helps application readiness reflect what is still outstanding.,Review letters,in_app_readiness_surface|dashboard,redis_notification_feed|remote_push|email,profile-readiness:execution-add-recommendation-letters-recommendation-letters-min-submitted:b29d033421d2c8ab0fa5c69b,Recommendation letter count meets readiness threshold,,
user_prompt,ready_for_in_app_admin_delivery,1af5029e2c9cee54b3aa5379,execution-add-recommendation-letters-recommendation-letters-min-submitted,execution,add-recommendation-letters,recommendation_letters.min_submitted,info,/profile?tab=recommendations,Track recommendation letters,Recommendation status helps application readiness reflect what is still outstanding.,Review letters,in_app_readiness_surface|dashboard,redis_notification_feed|remote_push|email,profile-readiness:execution-add-recommendation-letters-recommendation-letters-min-submitted:1af5029e2c9cee54b3aa5379,Recommendation letter count meets readiness threshold,,
user_prompt,ready_for_in_app_admin_delivery,32824a404947ef3550d69a72,execution-add-recommendation-letters-recommendation-letters-min-submitted,execution,add-recommendation-letters,recommendation_letters.min_submitted,info,/profile?tab=recommendations,Track recommendation letters,Recommendation status helps application readiness reflect what is still outstanding.,Review letters,in_app_readiness_surface|dashboard,redis_notification_feed|remote_push|email,profile-readiness:execution-add-recommendation-letters-recommendation-letters-min-submitted:32824a404947ef3550d69a72,Recommendation letter count meets readiness threshold,,
user_prompt,ready_for_in_app_admin_delivery,a2676b11991f59fc253f6d0a,execution-add-recommendation-letters-recommendation-letters-min-submitted,execution,add-recommendation-letters,recommendation_letters.min_submitted,info,/profile?tab=recommendations,Track recommendation letters,Recommendation status helps application readiness reflect what is still outstanding.,Review letters,in_app_readiness_surface|dashboard,redis_notification_feed|remote_push|email,profile-readiness:execution-add-recommendation-letters-recommendation-letters-min-submitted:a2676b11991f59fc253f6d0a,Recommendation letter count meets readiness threshold,,
user_prompt,ready_for_in_app_admin_delivery,e90f73773879c88c915125d3,execution-add-recommendation-letters-recommendation-letters-min-submitted,execution,add-recommendation-letters,recommendation_letters.min_submitted,info,/profile?tab=recommendations,Track recommendation letters,Recommendation status helps application readiness reflect what is still outstanding.,Review letters,in_app_readiness_surface|dashboard,redis_notification_feed|remote_push|email,profile-readiness:execution-add-recommendation-letters-recommendation-letters-min-submitted:e90f73773879c88c915125d3,Recommendation letter count meets readiness threshold,,
user_prompt,ready_for_in_app_admin_delivery,241e0447f0aa4ae8bec24164,execution-add-recommendation-letters-recommendation-letters-min-submitted,execution,add-recommendation-letters,recommendation_letters.min_submitted,info,/profile?tab=recommendations,Track recommendation letters,Recommendation status helps application readiness reflect what is still outstanding.,Review letters,in_app_readiness_surface|dashboard,redis_notification_feed|remote_push|email,profile-readiness:execution-add-recommendation-letters-recommendation-letters-min-submitted:241e0447f0aa4ae8bec24164,Recommendation letter count meets readiness threshold,,
user_prompt,ready_for_in_app_admin_delivery,8677b59c1c43ffabba1f2edb,execution-add-recommendation-letters-recommendation-letters-min-submitted,execution,add-recommendation-letters,recommendation_letters.min_submitted,info,/profile?tab=recommendations,Track recommendation letters,Recommendation status helps application readiness reflect what is still outstanding.,Review letters,in_app_readiness_surface|dashboard,redis_notification_feed|remote_push|email,profile-readiness:execution-add-recommendation-letters-recommendation-letters-min-submitted:8677b59c1c43ffabba1f2edb,Recommendation letter count meets readiness threshold,,
user_prompt,ready_for_in_app_admin_delivery,f21afb7cbab11118d600aaf0,execution-add-recommendation-letters-recommendation-letters-min-submitted,execution,add-recommendation-letters,recommendation_letters.min_submitted,info,/profile?tab=recommendations,Track recommendation letters,Recommendation status helps application readiness reflect what is still outstanding.,Review letters,in_app_readiness_surface|dashboard,redis_notification_feed|remote_push|email,profile-readiness:execution-add-recommendation-letters-recommendation-letters-min-submitted:f21afb7cbab11118d600aaf0,Recommendation letter count meets readiness threshold,,
user_prompt,ready_for_in_app_admin_delivery,36cf7e859f087f74b75589c8,execution-add-recommendation-letters-recommendation-letters-min-submitted,execution,add-recommendation-letters,recommendation_letters.min_submitted,info,/profile?tab=recommendations,Track recommendation letters,Recommendation status helps application readiness reflect what is still outstanding.,Review letters,in_app_readiness_surface|dashboard,redis_notification_feed|remote_push|email,profile-readiness:execution-add-recommendation-letters-recommendation-letters-min-submitted:36cf7e859f087f74b75589c8,Recommendation letter count meets readiness threshold,,
user_prompt,ready_for_in_app_admin_delivery,de62d0f8511b17551ee7c676,execution-add-recommendation-letters-recommendation-letters-min-submitted,execution,add-recommendation-letters,recommendation_letters.min_submitted,info,/profile?tab=recommendations,Track recommendation letters,Recommendation status helps application readiness reflect what is still outstanding.,Review letters,in_app_readiness_surface|dashboard,redis_notification_feed|remote_push|email,profile-readiness:execution-add-recommendation-letters-recommendation-letters-min-submitted:de62d0f8511b17551ee7c676,Recommendation letter count meets readiness threshold,,
user_prompt,ready_for_in_app_admin_delivery,01ab33b5a74e8087d440a72b,execution-add-recommendation-letters-recommendation-letters-min-submitted,execution,add-recommendation-letters,recommendation_letters.min_submitted,info,/profile?tab=recommendations,Track recommendation letters,Recommendation status helps application readiness reflect what is still outstanding.,Review letters,in_app_readiness_surface|dashboard,redis_notification_feed|remote_push|email,profile-readiness:execution-add-recommendation-letters-recommendation-letters-min-submitted:01ab33b5a74e8087d440a72b,Recommendation letter count meets readiness threshold,,
user_prompt,ready_for_in_app_admin_delivery,31259b62c40c42e489b70961,execution-add-recommendation-letters-recommendation-letters-min-submitted,execution,add-recommendation-letters,recommendation_letters.min_submitted,info,/profile?tab=recommendations,Track recommendation letters,Recommendation status helps application readiness reflect what is still outstanding.,Review letters,in_app_readiness_surface|dashboard,redis_notification_feed|remote_push|email,profile-readiness:execution-add-recommendation-letters-recommendation-letters-min-submitted:31259b62c40c42e489b70961,Recommendation letter count meets readiness threshold,,
user_prompt,ready_for_in_app_admin_delivery,2b9fd436eb1380dafdc8bb61,execution-add-recommendation-letters-recommendation-letters-min-submitted,execution,add-recommendation-letters,recommendation_letters.min_submitted,info,/profile?tab=recommendations,Track recommendation letters,Recommendation status helps application readiness reflect what is still outstanding.,Review letters,in_app_readiness_surface|dashboard,redis_notification_feed|remote_push|email,profile-readiness:execution-add-recommendation-letters-recommendation-letters-min-submitted:2b9fd436eb1380dafdc8bb61,Recommendation letter count meets readiness threshold,,
user_prompt,ready_for_in_app_admin_delivery,82c25cdac81c232afa19074b,execution-add-recommendation-letters-recommendation-letters-min-submitted,execution,add-recommendation-letters,recommendation_letters.min_submitted,info,/profile?tab=recommendations,Track recommendation letters,Recommendation status helps application readiness reflect what is still outstanding.,Review letters,in_app_readiness_surface|dashboard,redis_notification_feed|remote_push|email,profile-readiness:execution-add-recommendation-letters-recommendation-letters-min-submitted:82c25cdac81c232afa19074b,Recommendation letter count meets readiness threshold,,
user_prompt,ready_for_in_app_admin_delivery,c64128137c011d1b7f7475ea,execution-add-recommendation-letters-recommendation-letters-min-submitted,execution,add-recommendation-letters,recommendation_letters.min_submitted,info,/profile?tab=recommendations,Track recommendation letters,Recommendation status helps application readiness reflect what is still outstanding.,Review letters,in_app_readiness_surface|dashboard,redis_notification_feed|remote_push|email,profile-readiness:execution-add-recommendation-letters-recommendation-letters-min-submitted:c64128137c011d1b7f7475ea,Recommendation letter count meets readiness threshold,,
user_prompt,ready_for_in_app_admin_delivery,c63f68036b2ddca06dc47664,execution-add-recommendation-letters-recommendation-letters-min-submitted,execution,add-recommendation-letters,recommendation_letters.min_submitted,info,/profile?tab=recommendations,Track recommendation letters,Recommendation status helps application readiness reflect what is still outstanding.,Review letters,in_app_readiness_surface|dashboard,redis_notification_feed|remote_push|email,profile-readiness:execution-add-recommendation-letters-recommendation-letters-min-submitted:c63f68036b2ddca06dc47664,Recommendation letter count meets readiness threshold,,
user_prompt,ready_for_in_app_admin_delivery,d1c0998ca351dc0a975ebd0a,execution-add-recommendation-letters-recommendation-letters-min-submitted,execution,add-recommendation-letters,recommendation_letters.min_submitted,info,/profile?tab=recommendations,Track recommendation letters,Recommendation status helps application readiness reflect what is still outstanding.,Review letters,in_app_readiness_surface|dashboard,redis_notification_feed|remote_push|email,profile-readiness:execution-add-recommendation-letters-recommendation-letters-min-submitted:d1c0998ca351dc0a975ebd0a,Recommendation letter count meets readiness threshold,,
user_prompt,ready_for_in_app_admin_delivery,b60798c40c1e2e577ce53ab4,execution-add-recommendation-letters-recommendation-letters-min-submitted,execution,add-recommendation-letters,recommendation_letters.min_submitted,info,/profile?tab=recommendations,Track recommendation letters,Recommendation status helps application readiness reflect what is still outstanding.,Review letters,in_app_readiness_surface|dashboard,redis_notification_feed|remote_push|email,profile-readiness:execution-add-recommendation-letters-recommendation-letters-min-submitted:b60798c40c1e2e577ce53ab4,Recommendation letter count meets readiness threshold,,
user_prompt,ready_for_in_app_admin_delivery,d128a2740df50dbab9cec084,execution-add-recommendation-letters-recommendation-letters-min-submitted,execution,add-recommendation-letters,recommendation_letters.min_submitted,info,/profile?tab=recommendations,Track recommendation letters,Recommendation status helps application readiness reflect what is still outstanding.,Review letters,in_app_readiness_surface|dashboard,redis_notification_feed|remote_push|email,profile-readiness:execution-add-recommendation-letters-recommendation-letters-min-submitted:d128a2740df50dbab9cec084,Recommendation letter count meets readiness threshold,,
user_prompt,ready_for_in_app_admin_delivery,7f6bb489de56e832f9e52127,execution-add-recommendation-letters-recommendation-letters-min-submitted,execution,add-recommendation-letters,recommendation_letters.min_submitted,info,/profile?tab=recommendations,Track recommendation letters,Recommendation status helps application readiness reflect what is still outstanding.,Review letters,in_app_readiness_surface|dashboard,redis_notification_feed|remote_push|email,profile-readiness:execution-add-recommendation-letters-recommendation-letters-min-submitted:7f6bb489de56e832f9e52127,Recommendation letter count meets readiness threshold,,
user_prompt,ready_for_in_app_admin_delivery,14c7de94a7e7ca1cdc53342f,execution-add-recommendation-letters-recommendation-letters-min-submitted,execution,add-recommendation-letters,recommendation_letters.min_submitted,info,/profile?tab=recommendations,Track recommendation letters,Recommendation status helps application readiness reflect what is still outstanding.,Review letters,in_app_readiness_surface|dashboard,redis_notification_feed|remote_push|email,profile-readiness:execution-add-recommendation-letters-recommendation-letters-min-submitted:14c7de94a7e7ca1cdc53342f,Recommendation letter count meets readiness threshold,,
user_prompt,ready_for_in_app_admin_delivery,0e8b80ea37c6c962912efbfe,execution-add-recommendation-letters-recommendation-letters-min-submitted,execution,add-recommendation-letters,recommendation_letters.min_submitted,info,/profile?tab=recommendations,Track recommendation letters,Recommendation status helps application readiness reflect what is still outstanding.,Review letters,in_app_readiness_surface|dashboard,redis_notification_feed|remote_push|email,profile-readiness:execution-add-recommendation-letters-recommendation-letters-min-submitted:0e8b80ea37c6c962912efbfe,Recommendation letter count meets readiness threshold,,
user_prompt,ready_for_in_app_admin_delivery,e8ec5713bb02702e3aeb2112,execution-add-recommendation-letters-recommendation-letters-min-submitted,execution,add-recommendation-letters,recommendation_letters.min_submitted,info,/profile?tab=recommendations,Track recommendation letters,Recommendation status helps application readiness reflect what is still outstanding.,Review letters,in_app_readiness_surface|dashboard,redis_notification_feed|remote_push|email,profile-readiness:execution-add-recommendation-letters-recommendation-letters-min-submitted:e8ec5713bb02702e3aeb2112,Recommendation letter count meets readiness threshold,,
user_prompt,ready_for_in_app_admin_delivery,ed4d86d4f0df5dbe3d418f2a,execution-add-recommendation-letters-recommendation-letters-min-submitted,execution,add-recommendation-letters,recommendation_letters.min_submitted,info,/profile?tab=recommendations,Track recommendation letters,Recommendation status helps application readiness reflect what is still outstanding.,Review letters,in_app_readiness_surface|dashboard,redis_notification_feed|remote_push|email,profile-readiness:execution-add-recommendation-letters-recommendation-letters-min-submitted:ed4d86d4f0df5dbe3d418f2a,Recommendation letter count meets readiness threshold,,
user_prompt,ready_for_in_app_admin_delivery,da498548b275de7c66eb51c4,execution-add-recommendation-letters-recommendation-letters-min-submitted,execution,add-recommendation-letters,recommendation_letters.min_submitted,info,/profile?tab=recommendations,Track recommendation letters,Recommendation status helps application readiness reflect what is still outstanding.,Review letters,in_app_readiness_surface|dashboard,redis_notification_feed|remote_push|email,profile-readiness:execution-add-recommendation-letters-recommendation-letters-min-submitted:da498548b275de7c66eb51c4,Recommendation letter count meets readiness threshold,,
user_prompt,ready_for_in_app_admin_delivery,c1ee26c6e5d5fc22a5ab6a68,execution-add-recommendation-letters-recommendation-letters-min-submitted,execution,add-recommendation-letters,recommendation_letters.min_submitted,info,/profile?tab=recommendations,Track recommendation letters,Recommendation status helps application readiness reflect what is still outstanding.,Review letters,in_app_readiness_surface|dashboard,redis_notification_feed|remote_push|email,profile-readiness:execution-add-recommendation-letters-recommendation-letters-min-submitted:c1ee26c6e5d5fc22a5ab6a68,Recommendation letter count meets readiness threshold,,
user_prompt,ready_for_in_app_admin_delivery,1f7d5b3f21061af17d61866b,execution-add-recommendation-letters-recommendation-letters-min-submitted,execution,add-recommendation-letters,recommendation_letters.min_submitted,info,/profile?tab=recommendations,Track recommendation letters,Recommendation status helps application readiness reflect what is still outstanding.,Review letters,in_app_readiness_surface|dashboard,redis_notification_feed|remote_push|email,profile-readiness:execution-add-recommendation-letters-recommendation-letters-min-submitted:1f7d5b3f21061af17d61866b,Recommendation letter count meets readiness threshold,,
user_prompt,ready_for_in_app_admin_delivery,27ae69e1f0abb0ad7feeb352,execution-add-recommendation-letters-recommendation-letters-min-submitted,execution,add-recommendation-letters,recommendation_letters.min_submitted,info,/profile?tab=recommendations,Track recommendation letters,Recommendation status helps application readiness reflect what is still outstanding.,Review letters,in_app_readiness_surface|dashboard,redis_notification_feed|remote_push|email,profile-readiness:execution-add-recommendation-letters-recommendation-letters-min-submitted:27ae69e1f0abb0ad7feeb352,Recommendation letter count meets readiness threshold,,
user_prompt,ready_for_in_app_admin_delivery,6a53d4fad2e59ce4a60c5ae2,execution-add-recommendation-letters-recommendation-letters-min-submitted,execution,add-recommendation-letters,recommendation_letters.min_submitted,info,/profile?tab=recommendations,Track recommendation letters,Recommendation status helps application readiness reflect what is still outstanding.,Review letters,in_app_readiness_surface|dashboard,redis_notification_feed|remote_push|email,profile-readiness:execution-add-recommendation-letters-recommendation-letters-min-submitted:6a53d4fad2e59ce4a60c5ae2,Recommendation letter count meets readiness threshold,,
user_prompt,ready_for_in_app_admin_delivery,49d7694af58affd0f130bcae,execution-add-recommendation-letters-recommendation-letters-min-submitted,execution,add-recommendation-letters,recommendation_letters.min_submitted,info,/profile?tab=recommendations,Track recommendation letters,Recommendation status helps application readiness reflect what is still outstanding.,Review letters,in_app_readiness_surface|dashboard,redis_notification_feed|remote_push|email,profile-readiness:execution-add-recommendation-letters-recommendation-letters-min-submitted:49d7694af58affd0f130bcae,Recommendation letter count meets readiness threshold,,
user_prompt,ready_for_in_app_admin_delivery,220b9db20712a950a9b77b12,execution-add-recommendation-letters-recommendation-letters-min-submitted,execution,add-recommendation-letters,recommendation_letters.min_submitted,info,/profile?tab=recommendations,Track recommendation letters,Recommendation status helps application readiness reflect what is still outstanding.,Review letters,in_app_readiness_surface|dashboard,redis_notification_feed|remote_push|email,profile-readiness:execution-add-recommendation-letters-recommendation-letters-min-submitted:220b9db20712a950a9b77b12,Recommendation letter count meets readiness threshold,,
user_prompt,ready_for_in_app_admin_delivery,c8f04079c9635234dcac71c3,execution-add-recommendation-letters-recommendation-letters-min-submitted,execution,add-recommendation-letters,recommendation_letters.min_submitted,info,/profile?tab=recommendations,Track recommendation letters,Recommendation status helps application readiness reflect what is still outstanding.,Review letters,in_app_readiness_surface|dashboard,redis_notification_feed|remote_push|email,profile-readiness:execution-add-recommendation-letters-recommendation-letters-min-submitted:c8f04079c9635234dcac71c3,Recommendation letter count meets readiness threshold,,
user_prompt,ready_for_in_app_admin_delivery,1588484e9c43a3c90218c532,execution-add-recommendation-letters-recommendation-letters-min-submitted,execution,add-recommendation-letters,recommendation_letters.min_submitted,info,/profile?tab=recommendations,Track recommendation letters,Recommendation status helps application readiness reflect what is still outstanding.,Review letters,in_app_readiness_surface|dashboard,redis_notification_feed|remote_push|email,profile-readiness:execution-add-recommendation-letters-recommendation-letters-min-submitted:1588484e9c43a3c90218c532,Recommendation letter count meets readiness threshold,,
user_prompt,ready_for_in_app_admin_delivery,97d38830683f5a612a219f6e,execution-add-recommendation-letters-recommendation-letters-min-submitted,execution,add-recommendation-letters,recommendation_letters.min_submitted,info,/profile?tab=recommendations,Track recommendation letters,Recommendation status helps application readiness reflect what is still outstanding.,Review letters,in_app_readiness_surface|dashboard,redis_notification_feed|remote_push|email,profile-readiness:execution-add-recommendation-letters-recommendation-letters-min-submitted:97d38830683f5a612a219f6e,Recommendation letter count meets readiness threshold,,
user_prompt,ready_for_in_app_admin_delivery,5e07c7724824ddb82aee1eee,execution-add-recommendation-letters-recommendation-letters-min-submitted,execution,add-recommendation-letters,recommendation_letters.min_submitted,info,/profile?tab=recommendations,Track recommendation letters,Recommendation status helps application readiness reflect what is still outstanding.,Review letters,in_app_readiness_surface|dashboard,redis_notification_feed|remote_push|email,profile-readiness:execution-add-recommendation-letters-recommendation-letters-min-submitted:5e07c7724824ddb82aee1eee,Recommendation letter count meets readiness threshold,,
user_prompt,ready_for_in_app_admin_delivery,7a29e78a2be76e25d6e24374,execution-create-resume-resume-none,execution,create-resume,resume.none,info,/resume,Create a resume artifact,"A resume gives essay, activity, and application analysis more reliable context.",Create resume,in_app_readiness_surface|dashboard,redis_notification_feed|remote_push|email,profile-readiness:execution-create-resume-resume-none:7a29e78a2be76e25d6e24374,User has at least one resume artifact,,
user_prompt,ready_for_in_app_admin_delivery,055d9e308db51968e031377f,execution-create-resume-resume-none,execution,create-resume,resume.none,info,/resume,Create a resume artifact,"A resume gives essay, activity, and application analysis more reliable context.",Create resume,in_app_readiness_surface|dashboard,redis_notification_feed|remote_push|email,profile-readiness:execution-create-resume-resume-none:055d9e308db51968e031377f,User has at least one resume artifact,,
user_prompt,ready_for_in_app_admin_delivery,a76676d472710aa2483a96c4,execution-create-resume-resume-none,execution,create-resume,resume.none,info,/resume,Create a resume artifact,"A resume gives essay, activity, and application analysis more reliable context.",Create resume,in_app_readiness_surface|dashboard,redis_notification_feed|remote_push|email,profile-readiness:execution-create-resume-resume-none:a76676d472710aa2483a96c4,User has at least one resume artifact,,
user_prompt,ready_for_in_app_admin_delivery,8b6443ed32abc9d51922f7b4,execution-create-resume-resume-none,execution,create-resume,resume.none,info,/resume,Create a resume artifact,"A resume gives essay, activity, and application analysis more reliable context.",Create resume,in_app_readiness_surface|dashboard,redis_notification_feed|remote_push|email,profile-readiness:execution-create-resume-resume-none:8b6443ed32abc9d51922f7b4,User has at least one resume artifact,,
user_prompt,ready_for_in_app_admin_delivery,ffddc1934c2544d68ce63314,execution-create-resume-resume-none,execution,create-resume,resume.none,info,/resume,Create a resume artifact,"A resume gives essay, activity, and application analysis more reliable context.",Create resume,in_app_readiness_surface|dashboard,redis_notification_feed|remote_push|email,profile-readiness:execution-create-resume-resume-none:ffddc1934c2544d68ce63314,User has at least one resume artifact,,
user_prompt,ready_for_in_app_admin_delivery,b9967b9b5171217045f25da8,execution-create-resume-resume-none,execution,create-resume,resume.none,info,/resume,Create a resume artifact,"A resume gives essay, activity, and application analysis more reliable context.",Create resume,in_app_readiness_surface|dashboard,redis_notification_feed|remote_push|email,profile-readiness:execution-create-resume-resume-none:b9967b9b5171217045f25da8,User has at least one resume artifact,,
user_prompt,ready_for_in_app_admin_delivery,f1365adaa12cdb38d8e7055e,execution-create-resume-resume-none,execution,create-resume,resume.none,info,/resume,Create a resume artifact,"A resume gives essay, activity, and application analysis more reliable context.",Create resume,in_app_readiness_surface|dashboard,redis_notification_feed|remote_push|email,profile-readiness:execution-create-resume-resume-none:f1365adaa12cdb38d8e7055e,User has at least one resume artifact,,
user_prompt,ready_for_in_app_admin_delivery,be27f8a18041d6d00d7af95b,execution-create-resume-resume-none,execution,create-resume,resume.none,info,/resume,Create a resume artifact,"A resume gives essay, activity, and application analysis more reliable context.",Create resume,in_app_readiness_surface|dashboard,redis_notification_feed|remote_push|email,profile-readiness:execution-create-resume-resume-none:be27f8a18041d6d00d7af95b,User has at least one resume artifact,,
user_prompt,ready_for_in_app_admin_delivery,fbebd41cf5af26d73edb886c,execution-create-resume-resume-none,execution,create-resume,resume.none,info,/resume,Create a resume artifact,"A resume gives essay, activity, and application analysis more reliable context.",Create resume,in_app_readiness_surface|dashboard,redis_notification_feed|remote_push|email,profile-readiness:execution-create-resume-resume-none:fbebd41cf5af26d73edb886c,User has at least one resume artifact,,
user_prompt,ready_for_in_app_admin_delivery,819e264db561cad594fc3424,execution-create-resume-resume-none,execution,create-resume,resume.none,info,/resume,Create a resume artifact,"A resume gives essay, activity, and application analysis more reliable context.",Create resume,in_app_readiness_surface|dashboard,redis_notification_feed|remote_push|email,profile-readiness:execution-create-resume-resume-none:819e264db561cad594fc3424,User has at least one resume artifact,,
user_prompt,ready_for_in_app_admin_delivery,0894db086e3f4b4fc895f73a,execution-create-resume-resume-none,execution,create-resume,resume.none,info,/resume,Create a resume artifact,"A resume gives essay, activity, and application analysis more reliable context.",Create resume,in_app_readiness_surface|dashboard,redis_notification_feed|remote_push|email,profile-readiness:execution-create-resume-resume-none:0894db086e3f4b4fc895f73a,User has at least one resume artifact,,
user_prompt,ready_for_in_app_admin_delivery,ffd3d30f800c70b4474e17f0,execution-create-resume-resume-none,execution,create-resume,resume.none,info,/resume,Create a resume artifact,"A resume gives essay, activity, and application analysis more reliable context.",Create resume,in_app_readiness_surface|dashboard,redis_notification_feed|remote_push|email,profile-readiness:execution-create-resume-resume-none:ffd3d30f800c70b4474e17f0,User has at least one resume artifact,,
user_prompt,ready_for_in_app_admin_delivery,ab643620cb4c3d701bd65b74,execution-create-resume-resume-none,execution,create-resume,resume.none,info,/resume,Create a resume artifact,"A resume gives essay, activity, and application analysis more reliable context.",Create resume,in_app_readiness_surface|dashboard,redis_notification_feed|remote_push|email,profile-readiness:execution-create-resume-resume-none:ab643620cb4c3d701bd65b74,User has at least one resume artifact,,
user_prompt,ready_for_in_app_admin_delivery,c99677ed495aaf074082582c,execution-create-resume-resume-none,execution,create-resume,resume.none,info,/resume,Create a resume artifact,"A resume gives essay, activity, and application analysis more reliable context.",Create resume,in_app_readiness_surface|dashboard,redis_notification_feed|remote_push|email,profile-readiness:execution-create-resume-resume-none:c99677ed495aaf074082582c,User has at least one resume artifact,,
user_prompt,ready_for_in_app_admin_delivery,8758f245bb5b0e6bffd40998,execution-create-resume-resume-none,execution,create-resume,resume.none,info,/resume,Create a resume artifact,"A resume gives essay, activity, and application analysis more reliable context.",Create resume,in_app_readiness_surface|dashboard,redis_notification_feed|remote_push|email,profile-readiness:execution-create-resume-resume-none:8758f245bb5b0e6bffd40998,User has at least one resume artifact,,
user_prompt,ready_for_in_app_admin_delivery,742e79987159c980e75b20c7,execution-create-resume-resume-none,execution,create-resume,resume.none,info,/resume,Create a resume artifact,"A resume gives essay, activity, and application analysis more reliable context.",Create resume,in_app_readiness_surface|dashboard,redis_notification_feed|remote_push|email,profile-readiness:execution-create-resume-resume-none:742e79987159c980e75b20c7,User has at least one resume artifact,,
user_prompt,ready_for_in_app_admin_delivery,8af993107f24d792723e4fc1,execution-create-resume-resume-none,execution,create-resume,resume.none,info,/resume,Create a resume artifact,"A resume gives essay, activity, and application analysis more reliable context.",Create resume,in_app_readiness_surface|dashboard,redis_notification_feed|remote_push|email,profile-readiness:execution-create-resume-resume-none:8af993107f24d792723e4fc1,User has at least one resume artifact,,
user_prompt,ready_for_in_app_admin_delivery,023ef579e34956e6a8f61adb,execution-create-resume-resume-none,execution,create-resume,resume.none,info,/resume,Create a resume artifact,"A resume gives essay, activity, and application analysis more reliable context.",Create resume,in_app_readiness_surface|dashboard,redis_notification_feed|remote_push|email,profile-readiness:execution-create-resume-resume-none:023ef579e34956e6a8f61adb,User has at least one resume artifact,,
user_prompt,ready_for_in_app_admin_delivery,d74687608cda95b086d53cdc,execution-create-resume-resume-none,execution,create-resume,resume.none,info,/resume,Create a resume artifact,"A resume gives essay, activity, and application analysis more reliable context.",Create resume,in_app_readiness_surface|dashboard,redis_notification_feed|remote_push|email,profile-readiness:execution-create-resume-resume-none:d74687608cda95b086d53cdc,User has at least one resume artifact,,
user_prompt,ready_for_in_app_admin_delivery,138284095a25d1fae7337a3c,execution-create-resume-resume-none,execution,create-resume,resume.none,info,/resume,Create a resume artifact,"A resume gives essay, activity, and application analysis more reliable context.",Create resume,in_app_readiness_surface|dashboard,redis_notification_feed|remote_push|email,profile-readiness:execution-create-resume-resume-none:138284095a25d1fae7337a3c,User has at least one resume artifact,,
user_prompt,ready_for_in_app_admin_delivery,5de082603a9960cfa8117421,execution-create-resume-resume-none,execution,create-resume,resume.none,info,/resume,Create a resume artifact,"A resume gives essay, activity, and application analysis more reliable context.",Create resume,in_app_readiness_surface|dashboard,redis_notification_feed|remote_push|email,profile-readiness:execution-create-resume-resume-none:5de082603a9960cfa8117421,User has at least one resume artifact,,
user_prompt,ready_for_in_app_admin_delivery,06cab65bad990f73a0e2013e,execution-create-resume-resume-none,execution,create-resume,resume.none,info,/resume,Create a resume artifact,"A resume gives essay, activity, and application analysis more reliable context.",Create resume,in_app_readiness_surface|dashboard,redis_notification_feed|remote_push|email,profile-readiness:execution-create-resume-resume-none:06cab65bad990f73a0e2013e,User has at least one resume artifact,,
user_prompt,ready_for_in_app_admin_delivery,0bbf03a984664dce330f7155,execution-create-resume-resume-none,execution,create-resume,resume.none,info,/resume,Create a resume artifact,"A resume gives essay, activity, and application analysis more reliable context.",Create resume,in_app_readiness_surface|dashboard,redis_notification_feed|remote_push|email,profile-readiness:execution-create-resume-resume-none:0bbf03a984664dce330f7155,User has at least one resume artifact,,
user_prompt,ready_for_in_app_admin_delivery,0eb09c84fa76d4593c74706c,execution-create-resume-resume-none,execution,create-resume,resume.none,info,/resume,Create a resume artifact,"A resume gives essay, activity, and application analysis more reliable context.",Create resume,in_app_readiness_surface|dashboard,redis_notification_feed|remote_push|email,profile-readiness:execution-create-resume-resume-none:0eb09c84fa76d4593c74706c,User has at least one resume artifact,,
user_prompt,ready_for_in_app_admin_delivery,122faf6ff8256a49bad4e360,execution-create-resume-resume-none,execution,create-resume,resume.none,info,/resume,Create a resume artifact,"A resume gives essay, activity, and application analysis more reliable context.",Create resume,in_app_readiness_surface|dashboard,redis_notification_feed|remote_push|email,profile-readiness:execution-create-resume-resume-none:122faf6ff8256a49bad4e360,User has at least one resume artifact,,
user_prompt,ready_for_in_app_admin_delivery,3ad283595e8c8fc0b173911f,execution-create-resume-resume-none,execution,create-resume,resume.none,info,/resume,Create a resume artifact,"A resume gives essay, activity, and application analysis more reliable context.",Create resume,in_app_readiness_surface|dashboard,redis_notification_feed|remote_push|email,profile-readiness:execution-create-resume-resume-none:3ad283595e8c8fc0b173911f,User has at least one resume artifact,,
user_prompt,ready_for_in_app_admin_delivery,e0e634d85a0cf22c31cc8a35,execution-create-resume-resume-none,execution,create-resume,resume.none,info,/resume,Create a resume artifact,"A resume gives essay, activity, and application analysis more reliable context.",Create resume,in_app_readiness_surface|dashboard,redis_notification_feed|remote_push|email,profile-readiness:execution-create-resume-resume-none:e0e634d85a0cf22c31cc8a35,User has at least one resume artifact,,
user_prompt,ready_for_in_app_admin_delivery,832d3d67127cd463e2d158ef,execution-create-resume-resume-none,execution,create-resume,resume.none,info,/resume,Create a resume artifact,"A resume gives essay, activity, and application analysis more reliable context.",Create resume,in_app_readiness_surface|dashboard,redis_notification_feed|remote_push|email,profile-readiness:execution-create-resume-resume-none:832d3d67127cd463e2d158ef,User has at least one resume artifact,,
user_prompt,ready_for_in_app_admin_delivery,d2873959d1b08e2959358f2c,execution-create-resume-resume-none,execution,create-resume,resume.none,info,/resume,Create a resume artifact,"A resume gives essay, activity, and application analysis more reliable context.",Create resume,in_app_readiness_surface|dashboard,redis_notification_feed|remote_push|email,profile-readiness:execution-create-resume-resume-none:d2873959d1b08e2959358f2c,User has at least one resume artifact,,
user_prompt,ready_for_in_app_admin_delivery,8f07e9c0290d4e24209a80f2,execution-create-resume-resume-none,execution,create-resume,resume.none,info,/resume,Create a resume artifact,"A resume gives essay, activity, and application analysis more reliable context.",Create resume,in_app_readiness_surface|dashboard,redis_notification_feed|remote_push|email,profile-readiness:execution-create-resume-resume-none:8f07e9c0290d4e24209a80f2,User has at least one resume artifact,,
user_prompt,ready_for_in_app_admin_delivery,cf27088d6e9f6b8654edfc1b,execution-create-resume-resume-none,execution,create-resume,resume.none,info,/resume,Create a resume artifact,"A resume gives essay, activity, and application analysis more reliable context.",Create resume,in_app_readiness_surface|dashboard,redis_notification_feed|remote_push|email,profile-readiness:execution-create-resume-resume-none:cf27088d6e9f6b8654edfc1b,User has at least one resume artifact,,
user_prompt,ready_for_in_app_admin_delivery,66a64079cf88a7d41a17d7d0,execution-create-resume-resume-none,execution,create-resume,resume.none,info,/resume,Create a resume artifact,"A resume gives essay, activity, and application analysis more reliable context.",Create resume,in_app_readiness_surface|dashboard,redis_notification_feed|remote_push|email,profile-readiness:execution-create-resume-resume-none:66a64079cf88a7d41a17d7d0,User has at least one resume artifact,,
user_prompt,ready_for_in_app_admin_delivery,11eddca546f63d3d58c39515,execution-create-resume-resume-none,execution,create-resume,resume.none,info,/resume,Create a resume artifact,"A resume gives essay, activity, and application analysis more reliable context.",Create resume,in_app_readiness_surface|dashboard,redis_notification_feed|remote_push|email,profile-readiness:execution-create-resume-resume-none:11eddca546f63d3d58c39515,User has at least one resume artifact,,
user_prompt,ready_for_in_app_admin_delivery,cd4c24d8fe3e08fda3d08c11,execution-create-resume-resume-none,execution,create-resume,resume.none,info,/resume,Create a resume artifact,"A resume gives essay, activity, and application analysis more reliable context.",Create resume,in_app_readiness_surface|dashboard,redis_notification_feed|remote_push|email,profile-readiness:execution-create-resume-resume-none:cd4c24d8fe3e08fda3d08c11,User has at least one resume artifact,,
user_prompt,ready_for_in_app_admin_delivery,fb3746bf1583a3a638ae650b,execution-create-resume-resume-none,execution,create-resume,resume.none,info,/resume,Create a resume artifact,"A resume gives essay, activity, and application analysis more reliable context.",Create resume,in_app_readiness_surface|dashboard,redis_notification_feed|remote_push|email,profile-readiness:execution-create-resume-resume-none:fb3746bf1583a3a638ae650b,User has at least one resume artifact,,
user_prompt,ready_for_in_app_admin_delivery,e77a4fa0fcedef43de0cb4bb,execution-create-resume-resume-none,execution,create-resume,resume.none,info,/resume,Create a resume artifact,"A resume gives essay, activity, and application analysis more reliable context.",Create resume,in_app_readiness_surface|dashboard,redis_notification_feed|remote_push|email,profile-readiness:execution-create-resume-resume-none:e77a4fa0fcedef43de0cb4bb,User has at least one resume artifact,,
user_prompt,ready_for_in_app_admin_delivery,10238acf3b2e2675d06ce76c,execution-create-resume-resume-none,execution,create-resume,resume.none,info,/resume,Create a resume artifact,"A resume gives essay, activity, and application analysis more reliable context.",Create resume,in_app_readiness_surface|dashboard,redis_notification_feed|remote_push|email,profile-readiness:execution-create-resume-resume-none:10238acf3b2e2675d06ce76c,User has at least one resume artifact,,
user_prompt,ready_for_in_app_admin_delivery,7819fedbfc32d7ad6de164f3,execution-create-resume-resume-none,execution,create-resume,resume.none,info,/resume,Create a resume artifact,"A resume gives essay, activity, and application analysis more reliable context.",Create resume,in_app_readiness_surface|dashboard,redis_notification_feed|remote_push|email,profile-readiness:execution-create-resume-resume-none:7819fedbfc32d7ad6de164f3,User has at least one resume artifact,,
user_prompt,ready_for_in_app_admin_delivery,4a947b901c3d9b7ce0481cf2,execution-create-resume-resume-none,execution,create-resume,resume.none,info,/resume,Create a resume artifact,"A resume gives essay, activity, and application analysis more reliable context.",Create resume,in_app_readiness_surface|dashboard,redis_notification_feed|remote_push|email,profile-readiness:execution-create-resume-resume-none:4a947b901c3d9b7ce0481cf2,User has at least one resume artifact,,
user_prompt,ready_for_in_app_admin_delivery,977aba20a74e363bcb348888,execution-create-resume-resume-none,execution,create-resume,resume.none,info,/resume,Create a resume artifact,"A resume gives essay, activity, and application analysis more reliable context.",Create resume,in_app_readiness_surface|dashboard,redis_notification_feed|remote_push|email,profile-readiness:execution-create-resume-resume-none:977aba20a74e363bcb348888,User has at least one resume artifact,,
user_prompt,ready_for_in_app_admin_delivery,bdfbfe398683d67d68f39557,execution-create-resume-resume-none,execution,create-resume,resume.none,info,/resume,Create a resume artifact,"A resume gives essay, activity, and application analysis more reliable context.",Create resume,in_app_readiness_surface|dashboard,redis_notification_feed|remote_push|email,profile-readiness:execution-create-resume-resume-none:bdfbfe398683d67d68f39557,User has at least one resume artifact,,
user_prompt,ready_for_in_app_admin_delivery,3f980c4c6e95243d6daa6974,execution-create-resume-resume-none,execution,create-resume,resume.none,info,/resume,Create a resume artifact,"A resume gives essay, activity, and application analysis more reliable context.",Create resume,in_app_readiness_surface|dashboard,redis_notification_feed|remote_push|email,profile-readiness:execution-create-resume-resume-none:3f980c4c6e95243d6daa6974,User has at least one resume artifact,,
user_prompt,ready_for_in_app_admin_delivery,95337d5e96446798743732c1,execution-create-resume-resume-none,execution,create-resume,resume.none,info,/resume,Create a resume artifact,"A resume gives essay, activity, and application analysis more reliable context.",Create resume,in_app_readiness_surface|dashboard,redis_notification_feed|remote_push|email,profile-readiness:execution-create-resume-resume-none:95337d5e96446798743732c1,User has at least one resume artifact,,
user_prompt,ready_for_in_app_admin_delivery,c1950cf2ac294babc3aadf4e,execution-create-resume-resume-none,execution,create-resume,resume.none,info,/resume,Create a resume artifact,"A resume gives essay, activity, and application analysis more reliable context.",Create resume,in_app_readiness_surface|dashboard,redis_notification_feed|remote_push|email,profile-readiness:execution-create-resume-resume-none:c1950cf2ac294babc3aadf4e,User has at least one resume artifact,,
user_prompt,ready_for_in_app_admin_delivery,566af6ea3815e2e9d4ec7b10,execution-create-resume-resume-none,execution,create-resume,resume.none,info,/resume,Create a resume artifact,"A resume gives essay, activity, and application analysis more reliable context.",Create resume,in_app_readiness_surface|dashboard,redis_notification_feed|remote_push|email,profile-readiness:execution-create-resume-resume-none:566af6ea3815e2e9d4ec7b10,User has at least one resume artifact,,
user_prompt,ready_for_in_app_admin_delivery,b49b375f2ecd18e1d3e2c548,execution-create-resume-resume-none,execution,create-resume,resume.none,info,/resume,Create a resume artifact,"A resume gives essay, activity, and application analysis more reliable context.",Create resume,in_app_readiness_surface|dashboard,redis_notification_feed|remote_push|email,profile-readiness:execution-create-resume-resume-none:b49b375f2ecd18e1d3e2c548,User has at least one resume artifact,,
user_prompt,ready_for_in_app_admin_delivery,4cab3e79c7dd8e492a909e7f,execution-create-resume-resume-none,execution,create-resume,resume.none,info,/resume,Create a resume artifact,"A resume gives essay, activity, and application analysis more reliable context.",Create resume,in_app_readiness_surface|dashboard,redis_notification_feed|remote_push|email,profile-readiness:execution-create-resume-resume-none:4cab3e79c7dd8e492a909e7f,User has at least one resume artifact,,
user_prompt,ready_for_in_app_admin_delivery,fae66721875e65f51507bf27,execution-create-resume-resume-none,execution,create-resume,resume.none,info,/resume,Create a resume artifact,"A resume gives essay, activity, and application analysis more reliable context.",Create resume,in_app_readiness_surface|dashboard,redis_notification_feed|remote_push|email,profile-readiness:execution-create-resume-resume-none:fae66721875e65f51507bf27,User has at least one resume artifact,,
user_prompt,ready_for_in_app_admin_delivery,7c8c8ff6a81333ff3e9a04a6,execution-create-resume-resume-none,execution,create-resume,resume.none,info,/resume,Create a resume artifact,"A resume gives essay, activity, and application analysis more reliable context.",Create resume,in_app_readiness_surface|dashboard,redis_notification_feed|remote_push|email,profile-readiness:execution-create-resume-resume-none:7c8c8ff6a81333ff3e9a04a6,User has at least one resume artifact,,
user_prompt,ready_for_in_app_admin_delivery,2317f70b9e80abca4ad0824d,execution-create-resume-resume-none,execution,create-resume,resume.none,info,/resume,Create a resume artifact,"A resume gives essay, activity, and application analysis more reliable context.",Create resume,in_app_readiness_surface|dashboard,redis_notification_feed|remote_push|email,profile-readiness:execution-create-resume-resume-none:2317f70b9e80abca4ad0824d,User has at least one resume artifact,,
user_prompt,ready_for_in_app_admin_delivery,53abd2f8c90243ba345fa599,execution-create-resume-resume-none,execution,create-resume,resume.none,info,/resume,Create a resume artifact,"A resume gives essay, activity, and application analysis more reliable context.",Create resume,in_app_readiness_surface|dashboard,redis_notification_feed|remote_push|email,profile-readiness:execution-create-resume-resume-none:53abd2f8c90243ba345fa599,User has at least one resume artifact,,
user_prompt,ready_for_in_app_admin_delivery,b4a7670b022c83cb17a856df,execution-create-resume-resume-none,execution,create-resume,resume.none,info,/resume,Create a resume artifact,"A resume gives essay, activity, and application analysis more reliable context.",Create resume,in_app_readiness_surface|dashboard,redis_notification_feed|remote_push|email,profile-readiness:execution-create-resume-resume-none:b4a7670b022c83cb17a856df,User has at least one resume artifact,,
user_prompt,ready_for_in_app_admin_delivery,9814382a1d3be3e627c28c80,execution-create-resume-resume-none,execution,create-resume,resume.none,info,/resume,Create a resume artifact,"A resume gives essay, activity, and application analysis more reliable context.",Create resume,in_app_readiness_surface|dashboard,redis_notification_feed|remote_push|email,profile-readiness:execution-create-resume-resume-none:9814382a1d3be3e627c28c80,User has at least one resume artifact,,
user_prompt,ready_for_in_app_admin_delivery,d4e514871d10cb9f36b65d29,execution-create-resume-resume-none,execution,create-resume,resume.none,info,/resume,Create a resume artifact,"A resume gives essay, activity, and application analysis more reliable context.",Create resume,in_app_readiness_surface|dashboard,redis_notification_feed|remote_push|email,profile-readiness:execution-create-resume-resume-none:d4e514871d10cb9f36b65d29,User has at least one resume artifact,,
user_prompt,ready_for_in_app_admin_delivery,1d0c77f67037725ac9e941b2,execution-create-resume-resume-none,execution,create-resume,resume.none,info,/resume,Create a resume artifact,"A resume gives essay, activity, and application analysis more reliable context.",Create resume,in_app_readiness_surface|dashboard,redis_notification_feed|remote_push|email,profile-readiness:execution-create-resume-resume-none:1d0c77f67037725ac9e941b2,User has at least one resume artifact,,
user_prompt,ready_for_in_app_admin_delivery,556224a224a1c7679127d097,execution-create-resume-resume-none,execution,create-resume,resume.none,info,/resume,Create a resume artifact,"A resume gives essay, activity, and application analysis more reliable context.",Create resume,in_app_readiness_surface|dashboard,redis_notification_feed|remote_push|email,profile-readiness:execution-create-resume-resume-none:556224a224a1c7679127d097,User has at least one resume artifact,,
user_prompt,ready_for_in_app_admin_delivery,f371531d3d25666bda7eafeb,execution-create-resume-resume-none,execution,create-resume,resume.none,info,/resume,Create a resume artifact,"A resume gives essay, activity, and application analysis more reliable context.",Create resume,in_app_readiness_surface|dashboard,redis_notification_feed|remote_push|email,profile-readiness:execution-create-resume-resume-none:f371531d3d25666bda7eafeb,User has at least one resume artifact,,
user_prompt,ready_for_in_app_admin_delivery,a2d3062f8e09c9cc2ddbd88d,execution-create-resume-resume-none,execution,create-resume,resume.none,info,/resume,Create a resume artifact,"A resume gives essay, activity, and application analysis more reliable context.",Create resume,in_app_readiness_surface|dashboard,redis_notification_feed|remote_push|email,profile-readiness:execution-create-resume-resume-none:a2d3062f8e09c9cc2ddbd88d,User has at least one resume artifact,,
user_prompt,ready_for_in_app_admin_delivery,5424d5ace64e813a2f73dceb,execution-create-resume-resume-none,execution,create-resume,resume.none,info,/resume,Create a resume artifact,"A resume gives essay, activity, and application analysis more reliable context.",Create resume,in_app_readiness_surface|dashboard,redis_notification_feed|remote_push|email,profile-readiness:execution-create-resume-resume-none:5424d5ace64e813a2f73dceb,User has at least one resume artifact,,
user_prompt,ready_for_in_app_admin_delivery,67db31e10f819cc055ebc5e6,execution-create-resume-resume-none,execution,create-resume,resume.none,info,/resume,Create a resume artifact,"A resume gives essay, activity, and application analysis more reliable context.",Create resume,in_app_readiness_surface|dashboard,redis_notification_feed|remote_push|email,profile-readiness:execution-create-resume-resume-none:67db31e10f819cc055ebc5e6,User has at least one resume artifact,,
user_prompt,ready_for_in_app_admin_delivery,21453a247f2c36664ca1f4e7,execution-create-resume-resume-none,execution,create-resume,resume.none,info,/resume,Create a resume artifact,"A resume gives essay, activity, and application analysis more reliable context.",Create resume,in_app_readiness_surface|dashboard,redis_notification_feed|remote_push|email,profile-readiness:execution-create-resume-resume-none:21453a247f2c36664ca1f4e7,User has at least one resume artifact,,
user_prompt,ready_for_in_app_admin_delivery,bc78a5a24d4822c1254deb2d,execution-create-resume-resume-none,execution,create-resume,resume.none,info,/resume,Create a resume artifact,"A resume gives essay, activity, and application analysis more reliable context.",Create resume,in_app_readiness_surface|dashboard,redis_notification_feed|remote_push|email,profile-readiness:execution-create-resume-resume-none:bc78a5a24d4822c1254deb2d,User has at least one resume artifact,,
user_prompt,ready_for_in_app_admin_delivery,9d929fa72ae2cc1c5f3d8d82,execution-create-resume-resume-none,execution,create-resume,resume.none,info,/resume,Create a resume artifact,"A resume gives essay, activity, and application analysis more reliable context.",Create resume,in_app_readiness_surface|dashboard,redis_notification_feed|remote_push|email,profile-readiness:execution-create-resume-resume-none:9d929fa72ae2cc1c5f3d8d82,User has at least one resume artifact,,
user_prompt,ready_for_in_app_admin_delivery,8c13a70fc5c14aacfa48572e,execution-create-resume-resume-none,execution,create-resume,resume.none,info,/resume,Create a resume artifact,"A resume gives essay, activity, and application analysis more reliable context.",Create resume,in_app_readiness_surface|dashboard,redis_notification_feed|remote_push|email,profile-readiness:execution-create-resume-resume-none:8c13a70fc5c14aacfa48572e,User has at least one resume artifact,,
user_prompt,ready_for_in_app_admin_delivery,5e71abdcb6160d9592741988,execution-create-resume-resume-none,execution,create-resume,resume.none,info,/resume,Create a resume artifact,"A resume gives essay, activity, and application analysis more reliable context.",Create resume,in_app_readiness_surface|dashboard,redis_notification_feed|remote_push|email,profile-readiness:execution-create-resume-resume-none:5e71abdcb6160d9592741988,User has at least one resume artifact,,
user_prompt,ready_for_in_app_admin_delivery,8d2ae0fbd6efab48cb0052c2,execution-create-resume-resume-none,execution,create-resume,resume.none,info,/resume,Create a resume artifact,"A resume gives essay, activity, and application analysis more reliable context.",Create resume,in_app_readiness_surface|dashboard,redis_notification_feed|remote_push|email,profile-readiness:execution-create-resume-resume-none:8d2ae0fbd6efab48cb0052c2,User has at least one resume artifact,,
user_prompt,ready_for_in_app_admin_delivery,adb916c3e591190afd9b45f8,execution-create-resume-resume-none,execution,create-resume,resume.none,info,/resume,Create a resume artifact,"A resume gives essay, activity, and application analysis more reliable context.",Create resume,in_app_readiness_surface|dashboard,redis_notification_feed|remote_push|email,profile-readiness:execution-create-resume-resume-none:adb916c3e591190afd9b45f8,User has at least one resume artifact,,
user_prompt,ready_for_in_app_admin_delivery,00c69013a76020fd12b4db56,execution-create-resume-resume-none,execution,create-resume,resume.none,info,/resume,Create a resume artifact,"A resume gives essay, activity, and application analysis more reliable context.",Create resume,in_app_readiness_surface|dashboard,redis_notification_feed|remote_push|email,profile-readiness:execution-create-resume-resume-none:00c69013a76020fd12b4db56,User has at least one resume artifact,,
user_prompt,ready_for_in_app_admin_delivery,1fcb3fd1f8acdc0e2e312acc,execution-create-resume-resume-none,execution,create-resume,resume.none,info,/resume,Create a resume artifact,"A resume gives essay, activity, and application analysis more reliable context.",Create resume,in_app_readiness_surface|dashboard,redis_notification_feed|remote_push|email,profile-readiness:execution-create-resume-resume-none:1fcb3fd1f8acdc0e2e312acc,User has at least one resume artifact,,
user_prompt,ready_for_in_app_admin_delivery,805c5da5dfebc142dddca509,execution-create-resume-resume-none,execution,create-resume,resume.none,info,/resume,Create a resume artifact,"A resume gives essay, activity, and application analysis more reliable context.",Create resume,in_app_readiness_surface|dashboard,redis_notification_feed|remote_push|email,profile-readiness:execution-create-resume-resume-none:805c5da5dfebc142dddca509,User has at least one resume artifact,,
user_prompt,ready_for_in_app_admin_delivery,176643ab074df2c6330bdc05,execution-create-resume-resume-none,execution,create-resume,resume.none,info,/resume,Create a resume artifact,"A resume gives essay, activity, and application analysis more reliable context.",Create resume,in_app_readiness_surface|dashboard,redis_notification_feed|remote_push|email,profile-readiness:execution-create-resume-resume-none:176643ab074df2c6330bdc05,User has at least one resume artifact,,
user_prompt,ready_for_in_app_admin_delivery,c33c10777a45726a21deed93,execution-create-resume-resume-none,execution,create-resume,resume.none,info,/resume,Create a resume artifact,"A resume gives essay, activity, and application analysis more reliable context.",Create resume,in_app_readiness_surface|dashboard,redis_notification_feed|remote_push|email,profile-readiness:execution-create-resume-resume-none:c33c10777a45726a21deed93,User has at least one resume artifact,,
user_prompt,ready_for_in_app_admin_delivery,ee27103855fd947a0585e587,execution-create-resume-resume-none,execution,create-resume,resume.none,info,/resume,Create a resume artifact,"A resume gives essay, activity, and application analysis more reliable context.",Create resume,in_app_readiness_surface|dashboard,redis_notification_feed|remote_push|email,profile-readiness:execution-create-resume-resume-none:ee27103855fd947a0585e587,User has at least one resume artifact,,
user_prompt,ready_for_in_app_admin_delivery,d0b967b32741d9ec6459f774,execution-create-resume-resume-none,execution,create-resume,resume.none,info,/resume,Create a resume artifact,"A resume gives essay, activity, and application analysis more reliable context.",Create resume,in_app_readiness_surface|dashboard,redis_notification_feed|remote_push|email,profile-readiness:execution-create-resume-resume-none:d0b967b32741d9ec6459f774,User has at least one resume artifact,,
user_prompt,ready_for_in_app_admin_delivery,f0dca2416b19d212b3180e2a,execution-create-resume-resume-none,execution,create-resume,resume.none,info,/resume,Create a resume artifact,"A resume gives essay, activity, and application analysis more reliable context.",Create resume,in_app_readiness_surface|dashboard,redis_notification_feed|remote_push|email,profile-readiness:execution-create-resume-resume-none:f0dca2416b19d212b3180e2a,User has at least one resume artifact,,
user_prompt,ready_for_in_app_admin_delivery,3d0f9da60e8980d06930b481,execution-create-resume-resume-none,execution,create-resume,resume.none,info,/resume,Create a resume artifact,"A resume gives essay, activity, and application analysis more reliable context.",Create resume,in_app_readiness_surface|dashboard,redis_notification_feed|remote_push|email,profile-readiness:execution-create-resume-resume-none:3d0f9da60e8980d06930b481,User has at least one resume artifact,,
user_prompt,ready_for_in_app_admin_delivery,ca5eb63722908f440c293dc4,execution-create-resume-resume-none,execution,create-resume,resume.none,info,/resume,Create a resume artifact,"A resume gives essay, activity, and application analysis more reliable context.",Create resume,in_app_readiness_surface|dashboard,redis_notification_feed|remote_push|email,profile-readiness:execution-create-resume-resume-none:ca5eb63722908f440c293dc4,User has at least one resume artifact,,
user_prompt,ready_for_in_app_admin_delivery,9f15e7b53f10db2c2e0f4099,execution-create-resume-resume-none,execution,create-resume,resume.none,info,/resume,Create a resume artifact,"A resume gives essay, activity, and application analysis more reliable context.",Create resume,in_app_readiness_surface|dashboard,redis_notification_feed|remote_push|email,profile-readiness:execution-create-resume-resume-none:9f15e7b53f10db2c2e0f4099,User has at least one resume artifact,,
user_prompt,ready_for_in_app_admin_delivery,33c78f08811b5c66f475a7f1,execution-create-resume-resume-none,execution,create-resume,resume.none,info,/resume,Create a resume artifact,"A resume gives essay, activity, and application analysis more reliable context.",Create resume,in_app_readiness_surface|dashboard,redis_notification_feed|remote_push|email,profile-readiness:execution-create-resume-resume-none:33c78f08811b5c66f475a7f1,User has at least one resume artifact,,
user_prompt,ready_for_in_app_admin_delivery,cd0e333cdda02719666fbe49,execution-create-resume-resume-none,execution,create-resume,resume.none,info,/resume,Create a resume artifact,"A resume gives essay, activity, and application analysis more reliable context.",Create resume,in_app_readiness_surface|dashboard,redis_notification_feed|remote_push|email,profile-readiness:execution-create-resume-resume-none:cd0e333cdda02719666fbe49,User has at least one resume artifact,,
user_prompt,ready_for_in_app_admin_delivery,980eac363cffa8fdead3089a,execution-create-resume-resume-none,execution,create-resume,resume.none,info,/resume,Create a resume artifact,"A resume gives essay, activity, and application analysis more reliable context.",Create resume,in_app_readiness_surface|dashboard,redis_notification_feed|remote_push|email,profile-readiness:execution-create-resume-resume-none:980eac363cffa8fdead3089a,User has at least one resume artifact,,
user_prompt,ready_for_in_app_admin_delivery,4dff462899d7fb76f8396bdd,execution-create-resume-resume-none,execution,create-resume,resume.none,info,/resume,Create a resume artifact,"A resume gives essay, activity, and application analysis more reliable context.",Create resume,in_app_readiness_surface|dashboard,redis_notification_feed|remote_push|email,profile-readiness:execution-create-resume-resume-none:4dff462899d7fb76f8396bdd,User has at least one resume artifact,,
user_prompt,ready_for_in_app_admin_delivery,95516cf74b0d570a8bd7faf3,execution-create-resume-resume-none,execution,create-resume,resume.none,info,/resume,Create a resume artifact,"A resume gives essay, activity, and application analysis more reliable context.",Create resume,in_app_readiness_surface|dashboard,redis_notification_feed|remote_push|email,profile-readiness:execution-create-resume-resume-none:95516cf74b0d570a8bd7faf3,User has at least one resume artifact,,
user_prompt,ready_for_in_app_admin_delivery,b8c3f50120c9a5d54a39ddb5,execution-create-resume-resume-none,execution,create-resume,resume.none,info,/resume,Create a resume artifact,"A resume gives essay, activity, and application analysis more reliable context.",Create resume,in_app_readiness_surface|dashboard,redis_notification_feed|remote_push|email,profile-readiness:execution-create-resume-resume-none:b8c3f50120c9a5d54a39ddb5,User has at least one resume artifact,,
user_prompt,ready_for_in_app_admin_delivery,e6ac6819060422a01033b7c2,execution-create-resume-resume-none,execution,create-resume,resume.none,info,/resume,Create a resume artifact,"A resume gives essay, activity, and application analysis more reliable context.",Create resume,in_app_readiness_surface|dashboard,redis_notification_feed|remote_push|email,profile-readiness:execution-create-resume-resume-none:e6ac6819060422a01033b7c2,User has at least one resume artifact,,
user_prompt,ready_for_in_app_admin_delivery,0487162eb16fe3731a2dcd5f,execution-create-resume-resume-none,execution,create-resume,resume.none,info,/resume,Create a resume artifact,"A resume gives essay, activity, and application analysis more reliable context.",Create resume,in_app_readiness_surface|dashboard,redis_notification_feed|remote_push|email,profile-readiness:execution-create-resume-resume-none:0487162eb16fe3731a2dcd5f,User has at least one resume artifact,,
user_prompt,ready_for_in_app_admin_delivery,625571854e8fb624c0e36346,execution-create-resume-resume-none,execution,create-resume,resume.none,info,/resume,Create a resume artifact,"A resume gives essay, activity, and application analysis more reliable context.",Create resume,in_app_readiness_surface|dashboard,redis_notification_feed|remote_push|email,profile-readiness:execution-create-resume-resume-none:625571854e8fb624c0e36346,User has at least one resume artifact,,
user_prompt,ready_for_in_app_admin_delivery,8f44cd19e12bead2f651a52f,execution-create-resume-resume-none,execution,create-resume,resume.none,info,/resume,Create a resume artifact,"A resume gives essay, activity, and application analysis more reliable context.",Create resume,in_app_readiness_surface|dashboard,redis_notification_feed|remote_push|email,profile-readiness:execution-create-resume-resume-none:8f44cd19e12bead2f651a52f,User has at least one resume artifact,,
user_prompt,ready_for_in_app_admin_delivery,12d9095e28814d34280ce5f8,execution-create-resume-resume-none,execution,create-resume,resume.none,info,/resume,Create a resume artifact,"A resume gives essay, activity, and application analysis more reliable context.",Create resume,in_app_readiness_surface|dashboard,redis_notification_feed|remote_push|email,profile-readiness:execution-create-resume-resume-none:12d9095e28814d34280ce5f8,User has at least one resume artifact,,
user_prompt,ready_for_in_app_admin_delivery,512557be39aeec8a261e16f5,execution-create-resume-resume-none,execution,create-resume,resume.none,info,/resume,Create a resume artifact,"A resume gives essay, activity, and application analysis more reliable context.",Create resume,in_app_readiness_surface|dashboard,redis_notification_feed|remote_push|email,profile-readiness:execution-create-resume-resume-none:512557be39aeec8a261e16f5,User has at least one resume artifact,,
user_prompt,ready_for_in_app_admin_delivery,8a9894f022079555414c8aeb,execution-create-resume-resume-none,execution,create-resume,resume.none,info,/resume,Create a resume artifact,"A resume gives essay, activity, and application analysis more reliable context.",Create resume,in_app_readiness_surface|dashboard,redis_notification_feed|remote_push|email,profile-readiness:execution-create-resume-resume-none:8a9894f022079555414c8aeb,User has at least one resume artifact,,
user_prompt,ready_for_in_app_admin_delivery,6174b3d014f4f619a3ff6b72,execution-create-resume-resume-none,execution,create-resume,resume.none,info,/resume,Create a resume artifact,"A resume gives essay, activity, and application analysis more reliable context.",Create resume,in_app_readiness_surface|dashboard,redis_notification_feed|remote_push|email,profile-readiness:execution-create-resume-resume-none:6174b3d014f4f619a3ff6b72,User has at least one resume artifact,,
user_prompt,ready_for_in_app_admin_delivery,ef468fe3f9990bb15e47ad28,execution-create-resume-resume-none,execution,create-resume,resume.none,info,/resume,Create a resume artifact,"A resume gives essay, activity, and application analysis more reliable context.",Create resume,in_app_readiness_surface|dashboard,redis_notification_feed|remote_push|email,profile-readiness:execution-create-resume-resume-none:ef468fe3f9990bb15e47ad28,User has at least one resume artifact,,
user_prompt,ready_for_in_app_admin_delivery,120e94098a641151055e7401,execution-create-resume-resume-none,execution,create-resume,resume.none,info,/resume,Create a resume artifact,"A resume gives essay, activity, and application analysis more reliable context.",Create resume,in_app_readiness_surface|dashboard,redis_notification_feed|remote_push|email,profile-readiness:execution-create-resume-resume-none:120e94098a641151055e7401,User has at least one resume artifact,,
user_prompt,ready_for_in_app_admin_delivery,d9259906488359e282745726,execution-create-resume-resume-none,execution,create-resume,resume.none,info,/resume,Create a resume artifact,"A resume gives essay, activity, and application analysis more reliable context.",Create resume,in_app_readiness_surface|dashboard,redis_notification_feed|remote_push|email,profile-readiness:execution-create-resume-resume-none:d9259906488359e282745726,User has at least one resume artifact,,
user_prompt,ready_for_in_app_admin_delivery,beeae0f88a46824bd6e36f90,execution-create-resume-resume-none,execution,create-resume,resume.none,info,/resume,Create a resume artifact,"A resume gives essay, activity, and application analysis more reliable context.",Create resume,in_app_readiness_surface|dashboard,redis_notification_feed|remote_push|email,profile-readiness:execution-create-resume-resume-none:beeae0f88a46824bd6e36f90,User has at least one resume artifact,,
user_prompt,ready_for_in_app_admin_delivery,962fe005af82e4f313bedb2d,execution-create-resume-resume-none,execution,create-resume,resume.none,info,/resume,Create a resume artifact,"A resume gives essay, activity, and application analysis more reliable context.",Create resume,in_app_readiness_surface|dashboard,redis_notification_feed|remote_push|email,profile-readiness:execution-create-resume-resume-none:962fe005af82e4f313bedb2d,User has at least one resume artifact,,
user_prompt,ready_for_in_app_admin_delivery,e2d4f5f8fc21d9e4dd7d2df2,execution-create-resume-resume-none,execution,create-resume,resume.none,info,/resume,Create a resume artifact,"A resume gives essay, activity, and application analysis more reliable context.",Create resume,in_app_readiness_surface|dashboard,redis_notification_feed|remote_push|email,profile-readiness:execution-create-resume-resume-none:e2d4f5f8fc21d9e4dd7d2df2,User has at least one resume artifact,,
user_prompt,ready_for_in_app_admin_delivery,dcade48028aa7004b2e2b982,execution-create-resume-resume-none,execution,create-resume,resume.none,info,/resume,Create a resume artifact,"A resume gives essay, activity, and application analysis more reliable context.",Create resume,in_app_readiness_surface|dashboard,redis_notification_feed|remote_push|email,profile-readiness:execution-create-resume-resume-none:dcade48028aa7004b2e2b982,User has at least one resume artifact,,
user_prompt,ready_for_in_app_admin_delivery,da83d1a201eb1e0112b7eec4,execution-create-resume-resume-none,execution,create-resume,resume.none,info,/resume,Create a resume artifact,"A resume gives essay, activity, and application analysis more reliable context.",Create resume,in_app_readiness_surface|dashboard,redis_notification_feed|remote_push|email,profile-readiness:execution-create-resume-resume-none:da83d1a201eb1e0112b7eec4,User has at least one resume artifact,,
user_prompt,ready_for_in_app_admin_delivery,0f06d8ca1b23d3a1dc68a6eb,execution-create-resume-resume-none,execution,create-resume,resume.none,info,/resume,Create a resume artifact,"A resume gives essay, activity, and application analysis more reliable context.",Create resume,in_app_readiness_surface|dashboard,redis_notification_feed|remote_push|email,profile-readiness:execution-create-resume-resume-none:0f06d8ca1b23d3a1dc68a6eb,User has at least one resume artifact,,
user_prompt,ready_for_in_app_admin_delivery,473c4613d839068ba7855d82,execution-create-resume-resume-none,execution,create-resume,resume.none,info,/resume,Create a resume artifact,"A resume gives essay, activity, and application analysis more reliable context.",Create resume,in_app_readiness_surface|dashboard,redis_notification_feed|remote_push|email,profile-readiness:execution-create-resume-resume-none:473c4613d839068ba7855d82,User has at least one resume artifact,,
user_prompt,ready_for_in_app_admin_delivery,30644d4d38a7469292f1c5ee,execution-create-resume-resume-none,execution,create-resume,resume.none,info,/resume,Create a resume artifact,"A resume gives essay, activity, and application analysis more reliable context.",Create resume,in_app_readiness_surface|dashboard,redis_notification_feed|remote_push|email,profile-readiness:execution-create-resume-resume-none:30644d4d38a7469292f1c5ee,User has at least one resume artifact,,
user_prompt,ready_for_in_app_admin_delivery,0defed87eef77bb11270748d,execution-create-resume-resume-none,execution,create-resume,resume.none,info,/resume,Create a resume artifact,"A resume gives essay, activity, and application analysis more reliable context.",Create resume,in_app_readiness_surface|dashboard,redis_notification_feed|remote_push|email,profile-readiness:execution-create-resume-resume-none:0defed87eef77bb11270748d,User has at least one resume artifact,,
user_prompt,ready_for_in_app_admin_delivery,cc241cedf886e14bf508182b,execution-create-resume-resume-none,execution,create-resume,resume.none,info,/resume,Create a resume artifact,"A resume gives essay, activity, and application analysis more reliable context.",Create resume,in_app_readiness_surface|dashboard,redis_notification_feed|remote_push|email,profile-readiness:execution-create-resume-resume-none:cc241cedf886e14bf508182b,User has at least one resume artifact,,
user_prompt,ready_for_in_app_admin_delivery,85490fb37f0bdf02f563ea85,execution-create-resume-resume-none,execution,create-resume,resume.none,info,/resume,Create a resume artifact,"A resume gives essay, activity, and application analysis more reliable context.",Create resume,in_app_readiness_surface|dashboard,redis_notification_feed|remote_push|email,profile-readiness:execution-create-resume-resume-none:85490fb37f0bdf02f563ea85,User has at least one resume artifact,,
user_prompt,ready_for_in_app_admin_delivery,6e2f97d15c122bdca8b5f6e9,execution-create-resume-resume-none,execution,create-resume,resume.none,info,/resume,Create a resume artifact,"A resume gives essay, activity, and application analysis more reliable context.",Create resume,in_app_readiness_surface|dashboard,redis_notification_feed|remote_push|email,profile-readiness:execution-create-resume-resume-none:6e2f97d15c122bdca8b5f6e9,User has at least one resume artifact,,
user_prompt,ready_for_in_app_admin_delivery,12c0646647db687d1a65aed0,execution-create-resume-resume-none,execution,create-resume,resume.none,info,/resume,Create a resume artifact,"A resume gives essay, activity, and application analysis more reliable context.",Create resume,in_app_readiness_surface|dashboard,redis_notification_feed|remote_push|email,profile-readiness:execution-create-resume-resume-none:12c0646647db687d1a65aed0,User has at least one resume artifact,,
user_prompt,ready_for_in_app_admin_delivery,beeb858786a6a35924e90fa8,execution-create-resume-resume-none,execution,create-resume,resume.none,info,/resume,Create a resume artifact,"A resume gives essay, activity, and application analysis more reliable context.",Create resume,in_app_readiness_surface|dashboard,redis_notification_feed|remote_push|email,profile-readiness:execution-create-resume-resume-none:beeb858786a6a35924e90fa8,User has at least one resume artifact,,
user_prompt,ready_for_in_app_admin_delivery,a11417640be59bed20bc3a98,execution-create-resume-resume-none,execution,create-resume,resume.none,info,/resume,Create a resume artifact,"A resume gives essay, activity, and application analysis more reliable context.",Create resume,in_app_readiness_surface|dashboard,redis_notification_feed|remote_push|email,profile-readiness:execution-create-resume-resume-none:a11417640be59bed20bc3a98,User has at least one resume artifact,,
user_prompt,ready_for_in_app_admin_delivery,3c3c2347076efa2874b00015,execution-create-resume-resume-none,execution,create-resume,resume.none,info,/resume,Create a resume artifact,"A resume gives essay, activity, and application analysis more reliable context.",Create resume,in_app_readiness_surface|dashboard,redis_notification_feed|remote_push|email,profile-readiness:execution-create-resume-resume-none:3c3c2347076efa2874b00015,User has at least one resume artifact,,
user_prompt,ready_for_in_app_admin_delivery,8f66d4f73209fbaccd3033bf,execution-create-resume-resume-none,execution,create-resume,resume.none,info,/resume,Create a resume artifact,"A resume gives essay, activity, and application analysis more reliable context.",Create resume,in_app_readiness_surface|dashboard,redis_notification_feed|remote_push|email,profile-readiness:execution-create-resume-resume-none:8f66d4f73209fbaccd3033bf,User has at least one resume artifact,,
user_prompt,ready_for_in_app_admin_delivery,c20f861a8c401467478f1ff8,execution-create-resume-resume-none,execution,create-resume,resume.none,info,/resume,Create a resume artifact,"A resume gives essay, activity, and application analysis more reliable context.",Create resume,in_app_readiness_surface|dashboard,redis_notification_feed|remote_push|email,profile-readiness:execution-create-resume-resume-none:c20f861a8c401467478f1ff8,User has at least one resume artifact,,
user_prompt,ready_for_in_app_admin_delivery,3e9f49d50ab7d023f1a8e39e,execution-create-resume-resume-none,execution,create-resume,resume.none,info,/resume,Create a resume artifact,"A resume gives essay, activity, and application analysis more reliable context.",Create resume,in_app_readiness_surface|dashboard,redis_notification_feed|remote_push|email,profile-readiness:execution-create-resume-resume-none:3e9f49d50ab7d023f1a8e39e,User has at least one resume artifact,,
user_prompt,ready_for_in_app_admin_delivery,8e31c7196b60b7f62dbf3e4d,execution-create-resume-resume-none,execution,create-resume,resume.none,info,/resume,Create a resume artifact,"A resume gives essay, activity, and application analysis more reliable context.",Create resume,in_app_readiness_surface|dashboard,redis_notification_feed|remote_push|email,profile-readiness:execution-create-resume-resume-none:8e31c7196b60b7f62dbf3e4d,User has at least one resume artifact,,
user_prompt,ready_for_in_app_admin_delivery,8965a5653322427763446164,execution-create-resume-resume-none,execution,create-resume,resume.none,info,/resume,Create a resume artifact,"A resume gives essay, activity, and application analysis more reliable context.",Create resume,in_app_readiness_surface|dashboard,redis_notification_feed|remote_push|email,profile-readiness:execution-create-resume-resume-none:8965a5653322427763446164,User has at least one resume artifact,,
user_prompt,ready_for_in_app_admin_delivery,cd35ea99c3d252c12d4d8c07,execution-create-resume-resume-none,execution,create-resume,resume.none,info,/resume,Create a resume artifact,"A resume gives essay, activity, and application analysis more reliable context.",Create resume,in_app_readiness_surface|dashboard,redis_notification_feed|remote_push|email,profile-readiness:execution-create-resume-resume-none:cd35ea99c3d252c12d4d8c07,User has at least one resume artifact,,
user_prompt,ready_for_in_app_admin_delivery,7a4f5720bd6266841ef5544e,execution-create-resume-resume-none,execution,create-resume,resume.none,info,/resume,Create a resume artifact,"A resume gives essay, activity, and application analysis more reliable context.",Create resume,in_app_readiness_surface|dashboard,redis_notification_feed|remote_push|email,profile-readiness:execution-create-resume-resume-none:7a4f5720bd6266841ef5544e,User has at least one resume artifact,,
user_prompt,ready_for_in_app_admin_delivery,e49e1cd8f6e246e9230a418b,execution-create-resume-resume-none,execution,create-resume,resume.none,info,/resume,Create a resume artifact,"A resume gives essay, activity, and application analysis more reliable context.",Create resume,in_app_readiness_surface|dashboard,redis_notification_feed|remote_push|email,profile-readiness:execution-create-resume-resume-none:e49e1cd8f6e246e9230a418b,User has at least one resume artifact,,
user_prompt,ready_for_in_app_admin_delivery,e0a0b6bb4a576cd6c527d28c,execution-create-resume-resume-none,execution,create-resume,resume.none,info,/resume,Create a resume artifact,"A resume gives essay, activity, and application analysis more reliable context.",Create resume,in_app_readiness_surface|dashboard,redis_notification_feed|remote_push|email,profile-readiness:execution-create-resume-resume-none:e0a0b6bb4a576cd6c527d28c,User has at least one resume artifact,,
user_prompt,ready_for_in_app_admin_delivery,ac2c023316430f730db17894,execution-create-resume-resume-none,execution,create-resume,resume.none,info,/resume,Create a resume artifact,"A resume gives essay, activity, and application analysis more reliable context.",Create resume,in_app_readiness_surface|dashboard,redis_notification_feed|remote_push|email,profile-readiness:execution-create-resume-resume-none:ac2c023316430f730db17894,User has at least one resume artifact,,
user_prompt,ready_for_in_app_admin_delivery,c55f20f3b89df5b634961f1e,execution-create-resume-resume-none,execution,create-resume,resume.none,info,/resume,Create a resume artifact,"A resume gives essay, activity, and application analysis more reliable context.",Create resume,in_app_readiness_surface|dashboard,redis_notification_feed|remote_push|email,profile-readiness:execution-create-resume-resume-none:c55f20f3b89df5b634961f1e,User has at least one resume artifact,,
user_prompt,ready_for_in_app_admin_delivery,7df532744d1a3bafc3330adc,execution-create-resume-resume-none,execution,create-resume,resume.none,info,/resume,Create a resume artifact,"A resume gives essay, activity, and application analysis more reliable context.",Create resume,in_app_readiness_surface|dashboard,redis_notification_feed|remote_push|email,profile-readiness:execution-create-resume-resume-none:7df532744d1a3bafc3330adc,User has at least one resume artifact,,
user_prompt,ready_for_in_app_admin_delivery,a55ab6c1a78d611492aa7abb,execution-create-resume-resume-none,execution,create-resume,resume.none,info,/resume,Create a resume artifact,"A resume gives essay, activity, and application analysis more reliable context.",Create resume,in_app_readiness_surface|dashboard,redis_notification_feed|remote_push|email,profile-readiness:execution-create-resume-resume-none:a55ab6c1a78d611492aa7abb,User has at least one resume artifact,,
user_prompt,ready_for_in_app_admin_delivery,a3d322ab4b6665e9ae55153b,execution-create-resume-resume-none,execution,create-resume,resume.none,info,/resume,Create a resume artifact,"A resume gives essay, activity, and application analysis more reliable context.",Create resume,in_app_readiness_surface|dashboard,redis_notification_feed|remote_push|email,profile-readiness:execution-create-resume-resume-none:a3d322ab4b6665e9ae55153b,User has at least one resume artifact,,
user_prompt,ready_for_in_app_admin_delivery,ae7152deb8b5ace78d0988b5,execution-create-resume-resume-none,execution,create-resume,resume.none,info,/resume,Create a resume artifact,"A resume gives essay, activity, and application analysis more reliable context.",Create resume,in_app_readiness_surface|dashboard,redis_notification_feed|remote_push|email,profile-readiness:execution-create-resume-resume-none:ae7152deb8b5ace78d0988b5,User has at least one resume artifact,,
user_prompt,ready_for_in_app_admin_delivery,3512b2c610d4daef63decaa6,execution-create-resume-resume-none,execution,create-resume,resume.none,info,/resume,Create a resume artifact,"A resume gives essay, activity, and application analysis more reliable context.",Create resume,in_app_readiness_surface|dashboard,redis_notification_feed|remote_push|email,profile-readiness:execution-create-resume-resume-none:3512b2c610d4daef63decaa6,User has at least one resume artifact,,
user_prompt,ready_for_in_app_admin_delivery,a1040538ac4757f6a01af3c6,execution-create-resume-resume-none,execution,create-resume,resume.none,info,/resume,Create a resume artifact,"A resume gives essay, activity, and application analysis more reliable context.",Create resume,in_app_readiness_surface|dashboard,redis_notification_feed|remote_push|email,profile-readiness:execution-create-resume-resume-none:a1040538ac4757f6a01af3c6,User has at least one resume artifact,,
user_prompt,ready_for_in_app_admin_delivery,dbc8709e2fca3a7750e035bd,execution-create-resume-resume-none,execution,create-resume,resume.none,info,/resume,Create a resume artifact,"A resume gives essay, activity, and application analysis more reliable context.",Create resume,in_app_readiness_surface|dashboard,redis_notification_feed|remote_push|email,profile-readiness:execution-create-resume-resume-none:dbc8709e2fca3a7750e035bd,User has at least one resume artifact,,
user_prompt,ready_for_in_app_admin_delivery,a5d338339df45749fb087e9b,execution-create-resume-resume-none,execution,create-resume,resume.none,info,/resume,Create a resume artifact,"A resume gives essay, activity, and application analysis more reliable context.",Create resume,in_app_readiness_surface|dashboard,redis_notification_feed|remote_push|email,profile-readiness:execution-create-resume-resume-none:a5d338339df45749fb087e9b,User has at least one resume artifact,,
user_prompt,ready_for_in_app_admin_delivery,f0c5fc6faa1df34435ff29e2,execution-create-resume-resume-none,execution,create-resume,resume.none,info,/resume,Create a resume artifact,"A resume gives essay, activity, and application analysis more reliable context.",Create resume,in_app_readiness_surface|dashboard,redis_notification_feed|remote_push|email,profile-readiness:execution-create-resume-resume-none:f0c5fc6faa1df34435ff29e2,User has at least one resume artifact,,
user_prompt,ready_for_in_app_admin_delivery,ef10e256980dcebb77dfd621,execution-create-resume-resume-none,execution,create-resume,resume.none,info,/resume,Create a resume artifact,"A resume gives essay, activity, and application analysis more reliable context.",Create resume,in_app_readiness_surface|dashboard,redis_notification_feed|remote_push|email,profile-readiness:execution-create-resume-resume-none:ef10e256980dcebb77dfd621,User has at least one resume artifact,,
user_prompt,ready_for_in_app_admin_delivery,a365f08979a29f52d46a610c,execution-create-resume-resume-none,execution,create-resume,resume.none,info,/resume,Create a resume artifact,"A resume gives essay, activity, and application analysis more reliable context.",Create resume,in_app_readiness_surface|dashboard,redis_notification_feed|remote_push|email,profile-readiness:execution-create-resume-resume-none:a365f08979a29f52d46a610c,User has at least one resume artifact,,
user_prompt,ready_for_in_app_admin_delivery,151da5994495423f1806b2f0,execution-create-resume-resume-none,execution,create-resume,resume.none,info,/resume,Create a resume artifact,"A resume gives essay, activity, and application analysis more reliable context.",Create resume,in_app_readiness_surface|dashboard,redis_notification_feed|remote_push|email,profile-readiness:execution-create-resume-resume-none:151da5994495423f1806b2f0,User has at least one resume artifact,,
user_prompt,ready_for_in_app_admin_delivery,090d8e54b0e955027644958a,execution-create-resume-resume-none,execution,create-resume,resume.none,info,/resume,Create a resume artifact,"A resume gives essay, activity, and application analysis more reliable context.",Create resume,in_app_readiness_surface|dashboard,redis_notification_feed|remote_push|email,profile-readiness:execution-create-resume-resume-none:090d8e54b0e955027644958a,User has at least one resume artifact,,
user_prompt,ready_for_in_app_admin_delivery,6f95063993edc2d69b750760,execution-create-resume-resume-none,execution,create-resume,resume.none,info,/resume,Create a resume artifact,"A resume gives essay, activity, and application analysis more reliable context.",Create resume,in_app_readiness_surface|dashboard,redis_notification_feed|remote_push|email,profile-readiness:execution-create-resume-resume-none:6f95063993edc2d69b750760,User has at least one resume artifact,,
user_prompt,ready_for_in_app_admin_delivery,efedd357e0c8b9536160f8f6,execution-create-resume-resume-none,execution,create-resume,resume.none,info,/resume,Create a resume artifact,"A resume gives essay, activity, and application analysis more reliable context.",Create resume,in_app_readiness_surface|dashboard,redis_notification_feed|remote_push|email,profile-readiness:execution-create-resume-resume-none:efedd357e0c8b9536160f8f6,User has at least one resume artifact,,
user_prompt,ready_for_in_app_admin_delivery,b29d033421d2c8ab0fa5c69b,execution-create-resume-resume-none,execution,create-resume,resume.none,info,/resume,Create a resume artifact,"A resume gives essay, activity, and application analysis more reliable context.",Create resume,in_app_readiness_surface|dashboard,redis_notification_feed|remote_push|email,profile-readiness:execution-create-resume-resume-none:b29d033421d2c8ab0fa5c69b,User has at least one resume artifact,,
user_prompt,ready_for_in_app_admin_delivery,1af5029e2c9cee54b3aa5379,execution-create-resume-resume-none,execution,create-resume,resume.none,info,/resume,Create a resume artifact,"A resume gives essay, activity, and application analysis more reliable context.",Create resume,in_app_readiness_surface|dashboard,redis_notification_feed|remote_push|email,profile-readiness:execution-create-resume-resume-none:1af5029e2c9cee54b3aa5379,User has at least one resume artifact,,
user_prompt,ready_for_in_app_admin_delivery,32824a404947ef3550d69a72,execution-create-resume-resume-none,execution,create-resume,resume.none,info,/resume,Create a resume artifact,"A resume gives essay, activity, and application analysis more reliable context.",Create resume,in_app_readiness_surface|dashboard,redis_notification_feed|remote_push|email,profile-readiness:execution-create-resume-resume-none:32824a404947ef3550d69a72,User has at least one resume artifact,,
user_prompt,ready_for_in_app_admin_delivery,a2676b11991f59fc253f6d0a,execution-create-resume-resume-none,execution,create-resume,resume.none,info,/resume,Create a resume artifact,"A resume gives essay, activity, and application analysis more reliable context.",Create resume,in_app_readiness_surface|dashboard,redis_notification_feed|remote_push|email,profile-readiness:execution-create-resume-resume-none:a2676b11991f59fc253f6d0a,User has at least one resume artifact,,
user_prompt,ready_for_in_app_admin_delivery,e90f73773879c88c915125d3,execution-create-resume-resume-none,execution,create-resume,resume.none,info,/resume,Create a resume artifact,"A resume gives essay, activity, and application analysis more reliable context.",Create resume,in_app_readiness_surface|dashboard,redis_notification_feed|remote_push|email,profile-readiness:execution-create-resume-resume-none:e90f73773879c88c915125d3,User has at least one resume artifact,,
user_prompt,ready_for_in_app_admin_delivery,241e0447f0aa4ae8bec24164,execution-create-resume-resume-none,execution,create-resume,resume.none,info,/resume,Create a resume artifact,"A resume gives essay, activity, and application analysis more reliable context.",Create resume,in_app_readiness_surface|dashboard,redis_notification_feed|remote_push|email,profile-readiness:execution-create-resume-resume-none:241e0447f0aa4ae8bec24164,User has at least one resume artifact,,
user_prompt,ready_for_in_app_admin_delivery,8677b59c1c43ffabba1f2edb,execution-create-resume-resume-none,execution,create-resume,resume.none,info,/resume,Create a resume artifact,"A resume gives essay, activity, and application analysis more reliable context.",Create resume,in_app_readiness_surface|dashboard,redis_notification_feed|remote_push|email,profile-readiness:execution-create-resume-resume-none:8677b59c1c43ffabba1f2edb,User has at least one resume artifact,,
user_prompt,ready_for_in_app_admin_delivery,f21afb7cbab11118d600aaf0,execution-create-resume-resume-none,execution,create-resume,resume.none,info,/resume,Create a resume artifact,"A resume gives essay, activity, and application analysis more reliable context.",Create resume,in_app_readiness_surface|dashboard,redis_notification_feed|remote_push|email,profile-readiness:execution-create-resume-resume-none:f21afb7cbab11118d600aaf0,User has at least one resume artifact,,
user_prompt,ready_for_in_app_admin_delivery,36cf7e859f087f74b75589c8,execution-create-resume-resume-none,execution,create-resume,resume.none,info,/resume,Create a resume artifact,"A resume gives essay, activity, and application analysis more reliable context.",Create resume,in_app_readiness_surface|dashboard,redis_notification_feed|remote_push|email,profile-readiness:execution-create-resume-resume-none:36cf7e859f087f74b75589c8,User has at least one resume artifact,,
user_prompt,ready_for_in_app_admin_delivery,de62d0f8511b17551ee7c676,execution-create-resume-resume-none,execution,create-resume,resume.none,info,/resume,Create a resume artifact,"A resume gives essay, activity, and application analysis more reliable context.",Create resume,in_app_readiness_surface|dashboard,redis_notification_feed|remote_push|email,profile-readiness:execution-create-resume-resume-none:de62d0f8511b17551ee7c676,User has at least one resume artifact,,
user_prompt,ready_for_in_app_admin_delivery,01ab33b5a74e8087d440a72b,execution-create-resume-resume-none,execution,create-resume,resume.none,info,/resume,Create a resume artifact,"A resume gives essay, activity, and application analysis more reliable context.",Create resume,in_app_readiness_surface|dashboard,redis_notification_feed|remote_push|email,profile-readiness:execution-create-resume-resume-none:01ab33b5a74e8087d440a72b,User has at least one resume artifact,,
user_prompt,ready_for_in_app_admin_delivery,31259b62c40c42e489b70961,execution-create-resume-resume-none,execution,create-resume,resume.none,info,/resume,Create a resume artifact,"A resume gives essay, activity, and application analysis more reliable context.",Create resume,in_app_readiness_surface|dashboard,redis_notification_feed|remote_push|email,profile-readiness:execution-create-resume-resume-none:31259b62c40c42e489b70961,User has at least one resume artifact,,
user_prompt,ready_for_in_app_admin_delivery,2b9fd436eb1380dafdc8bb61,execution-create-resume-resume-none,execution,create-resume,resume.none,info,/resume,Create a resume artifact,"A resume gives essay, activity, and application analysis more reliable context.",Create resume,in_app_readiness_surface|dashboard,redis_notification_feed|remote_push|email,profile-readiness:execution-create-resume-resume-none:2b9fd436eb1380dafdc8bb61,User has at least one resume artifact,,
user_prompt,ready_for_in_app_admin_delivery,82c25cdac81c232afa19074b,execution-create-resume-resume-none,execution,create-resume,resume.none,info,/resume,Create a resume artifact,"A resume gives essay, activity, and application analysis more reliable context.",Create resume,in_app_readiness_surface|dashboard,redis_notification_feed|remote_push|email,profile-readiness:execution-create-resume-resume-none:82c25cdac81c232afa19074b,User has at least one resume artifact,,
user_prompt,ready_for_in_app_admin_delivery,c64128137c011d1b7f7475ea,execution-create-resume-resume-none,execution,create-resume,resume.none,info,/resume,Create a resume artifact,"A resume gives essay, activity, and application analysis more reliable context.",Create resume,in_app_readiness_surface|dashboard,redis_notification_feed|remote_push|email,profile-readiness:execution-create-resume-resume-none:c64128137c011d1b7f7475ea,User has at least one resume artifact,,
user_prompt,ready_for_in_app_admin_delivery,c63f68036b2ddca06dc47664,execution-create-resume-resume-none,execution,create-resume,resume.none,info,/resume,Create a resume artifact,"A resume gives essay, activity, and application analysis more reliable context.",Create resume,in_app_readiness_surface|dashboard,redis_notification_feed|remote_push|email,profile-readiness:execution-create-resume-resume-none:c63f68036b2ddca06dc47664,User has at least one resume artifact,,
user_prompt,ready_for_in_app_admin_delivery,d1c0998ca351dc0a975ebd0a,execution-create-resume-resume-none,execution,create-resume,resume.none,info,/resume,Create a resume artifact,"A resume gives essay, activity, and application analysis more reliable context.",Create resume,in_app_readiness_surface|dashboard,redis_notification_feed|remote_push|email,profile-readiness:execution-create-resume-resume-none:d1c0998ca351dc0a975ebd0a,User has at least one resume artifact,,
user_prompt,ready_for_in_app_admin_delivery,b60798c40c1e2e577ce53ab4,execution-create-resume-resume-none,execution,create-resume,resume.none,info,/resume,Create a resume artifact,"A resume gives essay, activity, and application analysis more reliable context.",Create resume,in_app_readiness_surface|dashboard,redis_notification_feed|remote_push|email,profile-readiness:execution-create-resume-resume-none:b60798c40c1e2e577ce53ab4,User has at least one resume artifact,,
user_prompt,ready_for_in_app_admin_delivery,d128a2740df50dbab9cec084,execution-create-resume-resume-none,execution,create-resume,resume.none,info,/resume,Create a resume artifact,"A resume gives essay, activity, and application analysis more reliable context.",Create resume,in_app_readiness_surface|dashboard,redis_notification_feed|remote_push|email,profile-readiness:execution-create-resume-resume-none:d128a2740df50dbab9cec084,User has at least one resume artifact,,
user_prompt,ready_for_in_app_admin_delivery,7f6bb489de56e832f9e52127,execution-create-resume-resume-none,execution,create-resume,resume.none,info,/resume,Create a resume artifact,"A resume gives essay, activity, and application analysis more reliable context.",Create resume,in_app_readiness_surface|dashboard,redis_notification_feed|remote_push|email,profile-readiness:execution-create-resume-resume-none:7f6bb489de56e832f9e52127,User has at least one resume artifact,,
user_prompt,ready_for_in_app_admin_delivery,14c7de94a7e7ca1cdc53342f,execution-create-resume-resume-none,execution,create-resume,resume.none,info,/resume,Create a resume artifact,"A resume gives essay, activity, and application analysis more reliable context.",Create resume,in_app_readiness_surface|dashboard,redis_notification_feed|remote_push|email,profile-readiness:execution-create-resume-resume-none:14c7de94a7e7ca1cdc53342f,User has at least one resume artifact,,
user_prompt,ready_for_in_app_admin_delivery,0e8b80ea37c6c962912efbfe,execution-create-resume-resume-none,execution,create-resume,resume.none,info,/resume,Create a resume artifact,"A resume gives essay, activity, and application analysis more reliable context.",Create resume,in_app_readiness_surface|dashboard,redis_notification_feed|remote_push|email,profile-readiness:execution-create-resume-resume-none:0e8b80ea37c6c962912efbfe,User has at least one resume artifact,,
user_prompt,ready_for_in_app_admin_delivery,e8ec5713bb02702e3aeb2112,execution-create-resume-resume-none,execution,create-resume,resume.none,info,/resume,Create a resume artifact,"A resume gives essay, activity, and application analysis more reliable context.",Create resume,in_app_readiness_surface|dashboard,redis_notification_feed|remote_push|email,profile-readiness:execution-create-resume-resume-none:e8ec5713bb02702e3aeb2112,User has at least one resume artifact,,
user_prompt,ready_for_in_app_admin_delivery,ed4d86d4f0df5dbe3d418f2a,execution-create-resume-resume-none,execution,create-resume,resume.none,info,/resume,Create a resume artifact,"A resume gives essay, activity, and application analysis more reliable context.",Create resume,in_app_readiness_surface|dashboard,redis_notification_feed|remote_push|email,profile-readiness:execution-create-resume-resume-none:ed4d86d4f0df5dbe3d418f2a,User has at least one resume artifact,,
user_prompt,ready_for_in_app_admin_delivery,da498548b275de7c66eb51c4,execution-create-resume-resume-none,execution,create-resume,resume.none,info,/resume,Create a resume artifact,"A resume gives essay, activity, and application analysis more reliable context.",Create resume,in_app_readiness_surface|dashboard,redis_notification_feed|remote_push|email,profile-readiness:execution-create-resume-resume-none:da498548b275de7c66eb51c4,User has at least one resume artifact,,
user_prompt,ready_for_in_app_admin_delivery,c1ee26c6e5d5fc22a5ab6a68,execution-create-resume-resume-none,execution,create-resume,resume.none,info,/resume,Create a resume artifact,"A resume gives essay, activity, and application analysis more reliable context.",Create resume,in_app_readiness_surface|dashboard,redis_notification_feed|remote_push|email,profile-readiness:execution-create-resume-resume-none:c1ee26c6e5d5fc22a5ab6a68,User has at least one resume artifact,,
user_prompt,ready_for_in_app_admin_delivery,1f7d5b3f21061af17d61866b,execution-create-resume-resume-none,execution,create-resume,resume.none,info,/resume,Create a resume artifact,"A resume gives essay, activity, and application analysis more reliable context.",Create resume,in_app_readiness_surface|dashboard,redis_notification_feed|remote_push|email,profile-readiness:execution-create-resume-resume-none:1f7d5b3f21061af17d61866b,User has at least one resume artifact,,
user_prompt,ready_for_in_app_admin_delivery,27ae69e1f0abb0ad7feeb352,execution-create-resume-resume-none,execution,create-resume,resume.none,info,/resume,Create a resume artifact,"A resume gives essay, activity, and application analysis more reliable context.",Create resume,in_app_readiness_surface|dashboard,redis_notification_feed|remote_push|email,profile-readiness:execution-create-resume-resume-none:27ae69e1f0abb0ad7feeb352,User has at least one resume artifact,,
user_prompt,ready_for_in_app_admin_delivery,6a53d4fad2e59ce4a60c5ae2,execution-create-resume-resume-none,execution,create-resume,resume.none,info,/resume,Create a resume artifact,"A resume gives essay, activity, and application analysis more reliable context.",Create resume,in_app_readiness_surface|dashboard,redis_notification_feed|remote_push|email,profile-readiness:execution-create-resume-resume-none:6a53d4fad2e59ce4a60c5ae2,User has at least one resume artifact,,
user_prompt,ready_for_in_app_admin_delivery,49d7694af58affd0f130bcae,execution-create-resume-resume-none,execution,create-resume,resume.none,info,/resume,Create a resume artifact,"A resume gives essay, activity, and application analysis more reliable context.",Create resume,in_app_readiness_surface|dashboard,redis_notification_feed|remote_push|email,profile-readiness:execution-create-resume-resume-none:49d7694af58affd0f130bcae,User has at least one resume artifact,,
user_prompt,ready_for_in_app_admin_delivery,220b9db20712a950a9b77b12,execution-create-resume-resume-none,execution,create-resume,resume.none,info,/resume,Create a resume artifact,"A resume gives essay, activity, and application analysis more reliable context.",Create resume,in_app_readiness_surface|dashboard,redis_notification_feed|remote_push|email,profile-readiness:execution-create-resume-resume-none:220b9db20712a950a9b77b12,User has at least one resume artifact,,
user_prompt,ready_for_in_app_admin_delivery,c8f04079c9635234dcac71c3,execution-create-resume-resume-none,execution,create-resume,resume.none,info,/resume,Create a resume artifact,"A resume gives essay, activity, and application analysis more reliable context.",Create resume,in_app_readiness_surface|dashboard,redis_notification_feed|remote_push|email,profile-readiness:execution-create-resume-resume-none:c8f04079c9635234dcac71c3,User has at least one resume artifact,,
user_prompt,ready_for_in_app_admin_delivery,1588484e9c43a3c90218c532,execution-create-resume-resume-none,execution,create-resume,resume.none,info,/resume,Create a resume artifact,"A resume gives essay, activity, and application analysis more reliable context.",Create resume,in_app_readiness_surface|dashboard,redis_notification_feed|remote_push|email,profile-readiness:execution-create-resume-resume-none:1588484e9c43a3c90218c532,User has at least one resume artifact,,
user_prompt,ready_for_in_app_admin_delivery,97d38830683f5a612a219f6e,execution-create-resume-resume-none,execution,create-resume,resume.none,info,/resume,Create a resume artifact,"A resume gives essay, activity, and application analysis more reliable context.",Create resume,in_app_readiness_surface|dashboard,redis_notification_feed|remote_push|email,profile-readiness:execution-create-resume-resume-none:97d38830683f5a612a219f6e,User has at least one resume artifact,,
user_prompt,ready_for_in_app_admin_delivery,5e07c7724824ddb82aee1eee,execution-create-resume-resume-none,execution,create-resume,resume.none,info,/resume,Create a resume artifact,"A resume gives essay, activity, and application analysis more reliable context.",Create resume,in_app_readiness_surface|dashboard,redis_notification_feed|remote_push|email,profile-readiness:execution-create-resume-resume-none:5e07c7724824ddb82aee1eee,User has at least one resume artifact,,
operator_review,ready_for_operator_review,52fc44e64057db34b5c2120d,profile-match-activity-template-profile-activities-template-unmatched,profile,match-activity-template,profile.activities.template_unmatched,info,/profile?tab=activities,,,,admin_queue,redis_notification_feed|remote_push|email,,Activity rows are linked to reviewed activity templates,,
operator_review,ready_for_operator_review,d2873959d1b08e2959358f2c,profile-match-activity-template-profile-activities-template-unmatched,profile,match-activity-template,profile.activities.template_unmatched,info,/profile?tab=activities,,,,admin_queue,redis_notification_feed|remote_push|email,,Activity rows are linked to reviewed activity templates,,
operator_review,ready_for_operator_review,8f07e9c0290d4e24209a80f2,profile-match-activity-template-profile-activities-template-unmatched,profile,match-activity-template,profile.activities.template_unmatched,info,/profile?tab=activities,,,,admin_queue,redis_notification_feed|remote_push|email,,Activity rows are linked to reviewed activity templates,,
operator_review,ready_for_operator_review,cf27088d6e9f6b8654edfc1b,profile-match-activity-template-profile-activities-template-unmatched,profile,match-activity-template,profile.activities.template_unmatched,info,/profile?tab=activities,,,,admin_queue,redis_notification_feed|remote_push|email,,Activity rows are linked to reviewed activity templates,,
operator_review,ready_for_operator_review,66a64079cf88a7d41a17d7d0,profile-match-activity-template-profile-activities-template-unmatched,profile,match-activity-template,profile.activities.template_unmatched,info,/profile?tab=activities,,,,admin_queue,redis_notification_feed|remote_push|email,,Activity rows are linked to reviewed activity templates,,
operator_review,ready_for_operator_review,11eddca546f63d3d58c39515,profile-match-activity-template-profile-activities-template-unmatched,profile,match-activity-template,profile.activities.template_unmatched,info,/profile?tab=activities,,,,admin_queue,redis_notification_feed|remote_push|email,,Activity rows are linked to reviewed activity templates,,
operator_review,ready_for_operator_review,cd4c24d8fe3e08fda3d08c11,profile-match-activity-template-profile-activities-template-unmatched,profile,match-activity-template,profile.activities.template_unmatched,info,/profile?tab=activities,,,,admin_queue,redis_notification_feed|remote_push|email,,Activity rows are linked to reviewed activity templates,,
operator_review,ready_for_operator_review,fb3746bf1583a3a638ae650b,profile-match-activity-template-profile-activities-template-unmatched,profile,match-activity-template,profile.activities.template_unmatched,info,/profile?tab=activities,,,,admin_queue,redis_notification_feed|remote_push|email,,Activity rows are linked to reviewed activity templates,,
operator_review,ready_for_operator_review,cd35ea99c3d252c12d4d8c07,profile-match-activity-template-profile-activities-template-unmatched,profile,match-activity-template,profile.activities.template_unmatched,info,/profile?tab=activities,,,,admin_queue,redis_notification_feed|remote_push|email,,Activity rows are linked to reviewed activity templates,,
operator_review,ready_for_operator_review,e49e1cd8f6e246e9230a418b,profile-match-activity-template-profile-activities-template-unmatched,profile,match-activity-template,profile.activities.template_unmatched,info,/profile?tab=activities,,,,admin_queue,redis_notification_feed|remote_push|email,,Activity rows are linked to reviewed activity templates,,
operator_review,ready_for_operator_review,e0a0b6bb4a576cd6c527d28c,profile-match-activity-template-profile-activities-template-unmatched,profile,match-activity-template,profile.activities.template_unmatched,info,/profile?tab=activities,,,,admin_queue,redis_notification_feed|remote_push|email,,Activity rows are linked to reviewed activity templates,,
operator_review,ready_for_operator_review,a3d322ab4b6665e9ae55153b,profile-match-activity-template-profile-activities-template-unmatched,profile,match-activity-template,profile.activities.template_unmatched,info,/profile?tab=activities,,,,admin_queue,redis_notification_feed|remote_push|email,,Activity rows are linked to reviewed activity templates,,
operator_review,ready_for_operator_review,dbc8709e2fca3a7750e035bd,profile-match-activity-template-profile-activities-template-unmatched,profile,match-activity-template,profile.activities.template_unmatched,info,/profile?tab=activities,,,,admin_queue,redis_notification_feed|remote_push|email,,Activity rows are linked to reviewed activity templates,,
operator_review,ready_for_operator_review,a5d338339df45749fb087e9b,profile-match-activity-template-profile-activities-template-unmatched,profile,match-activity-template,profile.activities.template_unmatched,info,/profile?tab=activities,,,,admin_queue,redis_notification_feed|remote_push|email,,Activity rows are linked to reviewed activity templates,,
operator_review,ready_for_operator_review,5e07c7724824ddb82aee1eee,profile-match-activity-template-profile-activities-template-unmatched,profile,match-activity-template,profile.activities.template_unmatched,info,/profile?tab=activities,,,,admin_queue,redis_notification_feed|remote_push|email,,Activity rows are linked to reviewed activity templates,,
user_prompt,ready_for_in_app_admin_delivery,7a29e78a2be76e25d6e24374,profile-prompt-user-profile-awards,profile,prompt-user,profile.awards,info,/profile?tab=awards,Add awards,Awards help the platform understand academic and extracurricular distinction.,Add awards,in_app_readiness_surface|dashboard,redis_notification_feed|remote_push|email,profile-readiness:profile-prompt-user-profile-awards:7a29e78a2be76e25d6e24374,User has at least one award row,,
user_prompt,ready_for_in_app_admin_delivery,a76676d472710aa2483a96c4,profile-prompt-user-profile-awards,profile,prompt-user,profile.awards,info,/profile?tab=awards,Add awards,Awards help the platform understand academic and extracurricular distinction.,Add awards,in_app_readiness_surface|dashboard,redis_notification_feed|remote_push|email,profile-readiness:profile-prompt-user-profile-awards:a76676d472710aa2483a96c4,User has at least one award row,,
user_prompt,ready_for_in_app_admin_delivery,8b6443ed32abc9d51922f7b4,profile-prompt-user-profile-awards,profile,prompt-user,profile.awards,info,/profile?tab=awards,Add awards,Awards help the platform understand academic and extracurricular distinction.,Add awards,in_app_readiness_surface|dashboard,redis_notification_feed|remote_push|email,profile-readiness:profile-prompt-user-profile-awards:8b6443ed32abc9d51922f7b4,User has at least one award row,,
user_prompt,ready_for_in_app_admin_delivery,ffddc1934c2544d68ce63314,profile-prompt-user-profile-awards,profile,prompt-user,profile.awards,info,/profile?tab=awards,Add awards,Awards help the platform understand academic and extracurricular distinction.,Add awards,in_app_readiness_surface|dashboard,redis_notification_feed|remote_push|email,profile-readiness:profile-prompt-user-profile-awards:ffddc1934c2544d68ce63314,User has at least one award row,,
user_prompt,ready_for_in_app_admin_delivery,b9967b9b5171217045f25da8,profile-prompt-user-profile-awards,profile,prompt-user,profile.awards,info,/profile?tab=awards,Add awards,Awards help the platform understand academic and extracurricular distinction.,Add awards,in_app_readiness_surface|dashboard,redis_notification_feed|remote_push|email,profile-readiness:profile-prompt-user-profile-awards:b9967b9b5171217045f25da8,User has at least one award row,,
user_prompt,ready_for_in_app_admin_delivery,f1365adaa12cdb38d8e7055e,profile-prompt-user-profile-awards,profile,prompt-user,profile.awards,info,/profile?tab=awards,Add awards,Awards help the platform understand academic and extracurricular distinction.,Add awards,in_app_readiness_surface|dashboard,redis_notification_feed|remote_push|email,profile-readiness:profile-prompt-user-profile-awards:f1365adaa12cdb38d8e7055e,User has at least one award row,,
user_prompt,ready_for_in_app_admin_delivery,be27f8a18041d6d00d7af95b,profile-prompt-user-profile-awards,profile,prompt-user,profile.awards,info,/profile?tab=awards,Add awards,Awards help the platform understand academic and extracurricular distinction.,Add awards,in_app_readiness_surface|dashboard,redis_notification_feed|remote_push|email,profile-readiness:profile-prompt-user-profile-awards:be27f8a18041d6d00d7af95b,User has at least one award row,,
user_prompt,ready_for_in_app_admin_delivery,fbebd41cf5af26d73edb886c,profile-prompt-user-profile-awards,profile,prompt-user,profile.awards,info,/profile?tab=awards,Add awards,Awards help the platform understand academic and extracurricular distinction.,Add awards,in_app_readiness_surface|dashboard,redis_notification_feed|remote_push|email,profile-readiness:profile-prompt-user-profile-awards:fbebd41cf5af26d73edb886c,User has at least one award row,,
user_prompt,ready_for_in_app_admin_delivery,819e264db561cad594fc3424,profile-prompt-user-profile-awards,profile,prompt-user,profile.awards,info,/profile?tab=awards,Add awards,Awards help the platform understand academic and extracurricular distinction.,Add awards,in_app_readiness_surface|dashboard,redis_notification_feed|remote_push|email,profile-readiness:profile-prompt-user-profile-awards:819e264db561cad594fc3424,User has at least one award row,,
user_prompt,ready_for_in_app_admin_delivery,0894db086e3f4b4fc895f73a,profile-prompt-user-profile-awards,profile,prompt-user,profile.awards,info,/profile?tab=awards,Add awards,Awards help the platform understand academic and extracurricular distinction.,Add awards,in_app_readiness_surface|dashboard,redis_notification_feed|remote_push|email,profile-readiness:profile-prompt-user-profile-awards:0894db086e3f4b4fc895f73a,User has at least one award row,,
user_prompt,ready_for_in_app_admin_delivery,ffd3d30f800c70b4474e17f0,profile-prompt-user-profile-awards,profile,prompt-user,profile.awards,info,/profile?tab=awards,Add awards,Awards help the platform understand academic and extracurricular distinction.,Add awards,in_app_readiness_surface|dashboard,redis_notification_feed|remote_push|email,profile-readiness:profile-prompt-user-profile-awards:ffd3d30f800c70b4474e17f0,User has at least one award row,,
user_prompt,ready_for_in_app_admin_delivery,ab643620cb4c3d701bd65b74,profile-prompt-user-profile-awards,profile,prompt-user,profile.awards,info,/profile?tab=awards,Add awards,Awards help the platform understand academic and extracurricular distinction.,Add awards,in_app_readiness_surface|dashboard,redis_notification_feed|remote_push|email,profile-readiness:profile-prompt-user-profile-awards:ab643620cb4c3d701bd65b74,User has at least one award row,,
user_prompt,ready_for_in_app_admin_delivery,c99677ed495aaf074082582c,profile-prompt-user-profile-awards,profile,prompt-user,profile.awards,info,/profile?tab=awards,Add awards,Awards help the platform understand academic and extracurricular distinction.,Add awards,in_app_readiness_surface|dashboard,redis_notification_feed|remote_push|email,profile-readiness:profile-prompt-user-profile-awards:c99677ed495aaf074082582c,User has at least one award row,,
user_prompt,ready_for_in_app_admin_delivery,8758f245bb5b0e6bffd40998,profile-prompt-user-profile-awards,profile,prompt-user,profile.awards,info,/profile?tab=awards,Add awards,Awards help the platform understand academic and extracurricular distinction.,Add awards,in_app_readiness_surface|dashboard,redis_notification_feed|remote_push|email,profile-readiness:profile-prompt-user-profile-awards:8758f245bb5b0e6bffd40998,User has at least one award row,,
user_prompt,ready_for_in_app_admin_delivery,742e79987159c980e75b20c7,profile-prompt-user-profile-awards,profile,prompt-user,profile.awards,info,/profile?tab=awards,Add awards,Awards help the platform understand academic and extracurricular distinction.,Add awards,in_app_readiness_surface|dashboard,redis_notification_feed|remote_push|email,profile-readiness:profile-prompt-user-profile-awards:742e79987159c980e75b20c7,User has at least one award row,,
user_prompt,ready_for_in_app_admin_delivery,8af993107f24d792723e4fc1,profile-prompt-user-profile-awards,profile,prompt-user,profile.awards,info,/profile?tab=awards,Add awards,Awards help the platform understand academic and extracurricular distinction.,Add awards,in_app_readiness_surface|dashboard,redis_notification_feed|remote_push|email,profile-readiness:profile-prompt-user-profile-awards:8af993107f24d792723e4fc1,User has at least one award row,,
user_prompt,ready_for_in_app_admin_delivery,023ef579e34956e6a8f61adb,profile-prompt-user-profile-awards,profile,prompt-user,profile.awards,info,/profile?tab=awards,Add awards,Awards help the platform understand academic and extracurricular distinction.,Add awards,in_app_readiness_surface|dashboard,redis_notification_feed|remote_push|email,profile-readiness:profile-prompt-user-profile-awards:023ef579e34956e6a8f61adb,User has at least one award row,,
user_prompt,ready_for_in_app_admin_delivery,d74687608cda95b086d53cdc,profile-prompt-user-profile-awards,profile,prompt-user,profile.awards,info,/profile?tab=awards,Add awards,Awards help the platform understand academic and extracurricular distinction.,Add awards,in_app_readiness_surface|dashboard,redis_notification_feed|remote_push|email,profile-readiness:profile-prompt-user-profile-awards:d74687608cda95b086d53cdc,User has at least one award row,,
user_prompt,ready_for_in_app_admin_delivery,138284095a25d1fae7337a3c,profile-prompt-user-profile-awards,profile,prompt-user,profile.awards,info,/profile?tab=awards,Add awards,Awards help the platform understand academic and extracurricular distinction.,Add awards,in_app_readiness_surface|dashboard,redis_notification_feed|remote_push|email,profile-readiness:profile-prompt-user-profile-awards:138284095a25d1fae7337a3c,User has at least one award row,,
user_prompt,ready_for_in_app_admin_delivery,5de082603a9960cfa8117421,profile-prompt-user-profile-awards,profile,prompt-user,profile.awards,info,/profile?tab=awards,Add awards,Awards help the platform understand academic and extracurricular distinction.,Add awards,in_app_readiness_surface|dashboard,redis_notification_feed|remote_push|email,profile-readiness:profile-prompt-user-profile-awards:5de082603a9960cfa8117421,User has at least one award row,,
user_prompt,ready_for_in_app_admin_delivery,06cab65bad990f73a0e2013e,profile-prompt-user-profile-awards,profile,prompt-user,profile.awards,info,/profile?tab=awards,Add awards,Awards help the platform understand academic and extracurricular distinction.,Add awards,in_app_readiness_surface|dashboard,redis_notification_feed|remote_push|email,profile-readiness:profile-prompt-user-profile-awards:06cab65bad990f73a0e2013e,User has at least one award row,,
user_prompt,ready_for_in_app_admin_delivery,0bbf03a984664dce330f7155,profile-prompt-user-profile-awards,profile,prompt-user,profile.awards,info,/profile?tab=awards,Add awards,Awards help the platform understand academic and extracurricular distinction.,Add awards,in_app_readiness_surface|dashboard,redis_notification_feed|remote_push|email,profile-readiness:profile-prompt-user-profile-awards:0bbf03a984664dce330f7155,User has at least one award row,,
user_prompt,ready_for_in_app_admin_delivery,0eb09c84fa76d4593c74706c,profile-prompt-user-profile-awards,profile,prompt-user,profile.awards,info,/profile?tab=awards,Add awards,Awards help the platform understand academic and extracurricular distinction.,Add awards,in_app_readiness_surface|dashboard,redis_notification_feed|remote_push|email,profile-readiness:profile-prompt-user-profile-awards:0eb09c84fa76d4593c74706c,User has at least one award row,,
user_prompt,ready_for_in_app_admin_delivery,122faf6ff8256a49bad4e360,profile-prompt-user-profile-awards,profile,prompt-user,profile.awards,info,/profile?tab=awards,Add awards,Awards help the platform understand academic and extracurricular distinction.,Add awards,in_app_readiness_surface|dashboard,redis_notification_feed|remote_push|email,profile-readiness:profile-prompt-user-profile-awards:122faf6ff8256a49bad4e360,User has at least one award row,,
user_prompt,ready_for_in_app_admin_delivery,3ad283595e8c8fc0b173911f,profile-prompt-user-profile-awards,profile,prompt-user,profile.awards,info,/profile?tab=awards,Add awards,Awards help the platform understand academic and extracurricular distinction.,Add awards,in_app_readiness_surface|dashboard,redis_notification_feed|remote_push|email,profile-readiness:profile-prompt-user-profile-awards:3ad283595e8c8fc0b173911f,User has at least one award row,,
user_prompt,ready_for_in_app_admin_delivery,e0e634d85a0cf22c31cc8a35,profile-prompt-user-profile-awards,profile,prompt-user,profile.awards,info,/profile?tab=awards,Add awards,Awards help the platform understand academic and extracurricular distinction.,Add awards,in_app_readiness_surface|dashboard,redis_notification_feed|remote_push|email,profile-readiness:profile-prompt-user-profile-awards:e0e634d85a0cf22c31cc8a35,User has at least one award row,,
user_prompt,ready_for_in_app_admin_delivery,832d3d67127cd463e2d158ef,profile-prompt-user-profile-awards,profile,prompt-user,profile.awards,info,/profile?tab=awards,Add awards,Awards help the platform understand academic and extracurricular distinction.,Add awards,in_app_readiness_surface|dashboard,redis_notification_feed|remote_push|email,profile-readiness:profile-prompt-user-profile-awards:832d3d67127cd463e2d158ef,User has at least one award row,,
user_prompt,ready_for_in_app_admin_delivery,e77a4fa0fcedef43de0cb4bb,profile-prompt-user-profile-awards,profile,prompt-user,profile.awards,info,/profile?tab=awards,Add awards,Awards help the platform understand academic and extracurricular distinction.,Add awards,in_app_readiness_surface|dashboard,redis_notification_feed|remote_push|email,profile-readiness:profile-prompt-user-profile-awards:e77a4fa0fcedef43de0cb4bb,User has at least one award row,,
user_prompt,ready_for_in_app_admin_delivery,10238acf3b2e2675d06ce76c,profile-prompt-user-profile-awards,profile,prompt-user,profile.awards,info,/profile?tab=awards,Add awards,Awards help the platform understand academic and extracurricular distinction.,Add awards,in_app_readiness_surface|dashboard,redis_notification_feed|remote_push|email,profile-readiness:profile-prompt-user-profile-awards:10238acf3b2e2675d06ce76c,User has at least one award row,,
user_prompt,ready_for_in_app_admin_delivery,7819fedbfc32d7ad6de164f3,profile-prompt-user-profile-awards,profile,prompt-user,profile.awards,info,/profile?tab=awards,Add awards,Awards help the platform understand academic and extracurricular distinction.,Add awards,in_app_readiness_surface|dashboard,redis_notification_feed|remote_push|email,profile-readiness:profile-prompt-user-profile-awards:7819fedbfc32d7ad6de164f3,User has at least one award row,,
user_prompt,ready_for_in_app_admin_delivery,4a947b901c3d9b7ce0481cf2,profile-prompt-user-profile-awards,profile,prompt-user,profile.awards,info,/profile?tab=awards,Add awards,Awards help the platform understand academic and extracurricular distinction.,Add awards,in_app_readiness_surface|dashboard,redis_notification_feed|remote_push|email,profile-readiness:profile-prompt-user-profile-awards:4a947b901c3d9b7ce0481cf2,User has at least one award row,,
user_prompt,ready_for_in_app_admin_delivery,977aba20a74e363bcb348888,profile-prompt-user-profile-awards,profile,prompt-user,profile.awards,info,/profile?tab=awards,Add awards,Awards help the platform understand academic and extracurricular distinction.,Add awards,in_app_readiness_surface|dashboard,redis_notification_feed|remote_push|email,profile-readiness:profile-prompt-user-profile-awards:977aba20a74e363bcb348888,User has at least one award row,,
user_prompt,ready_for_in_app_admin_delivery,bdfbfe398683d67d68f39557,profile-prompt-user-profile-awards,profile,prompt-user,profile.awards,info,/profile?tab=awards,Add awards,Awards help the platform understand academic and extracurricular distinction.,Add awards,in_app_readiness_surface|dashboard,redis_notification_feed|remote_push|email,profile-readiness:profile-prompt-user-profile-awards:bdfbfe398683d67d68f39557,User has at least one award row,,
user_prompt,ready_for_in_app_admin_delivery,3f980c4c6e95243d6daa6974,profile-prompt-user-profile-awards,profile,prompt-user,profile.awards,info,/profile?tab=awards,Add awards,Awards help the platform understand academic and extracurricular distinction.,Add awards,in_app_readiness_surface|dashboard,redis_notification_feed|remote_push|email,profile-readiness:profile-prompt-user-profile-awards:3f980c4c6e95243d6daa6974,User has at least one award row,,
user_prompt,ready_for_in_app_admin_delivery,95337d5e96446798743732c1,profile-prompt-user-profile-awards,profile,prompt-user,profile.awards,info,/profile?tab=awards,Add awards,Awards help the platform understand academic and extracurricular distinction.,Add awards,in_app_readiness_surface|dashboard,redis_notification_feed|remote_push|email,profile-readiness:profile-prompt-user-profile-awards:95337d5e96446798743732c1,User has at least one award row,,
user_prompt,ready_for_in_app_admin_delivery,c1950cf2ac294babc3aadf4e,profile-prompt-user-profile-awards,profile,prompt-user,profile.awards,info,/profile?tab=awards,Add awards,Awards help the platform understand academic and extracurricular distinction.,Add awards,in_app_readiness_surface|dashboard,redis_notification_feed|remote_push|email,profile-readiness:profile-prompt-user-profile-awards:c1950cf2ac294babc3aadf4e,User has at least one award row,,
user_prompt,ready_for_in_app_admin_delivery,566af6ea3815e2e9d4ec7b10,profile-prompt-user-profile-awards,profile,prompt-user,profile.awards,info,/profile?tab=awards,Add awards,Awards help the platform understand academic and extracurricular distinction.,Add awards,in_app_readiness_surface|dashboard,redis_notification_feed|remote_push|email,profile-readiness:profile-prompt-user-profile-awards:566af6ea3815e2e9d4ec7b10,User has at least one award row,,
user_prompt,ready_for_in_app_admin_delivery,b49b375f2ecd18e1d3e2c548,profile-prompt-user-profile-awards,profile,prompt-user,profile.awards,info,/profile?tab=awards,Add awards,Awards help the platform understand academic and extracurricular distinction.,Add awards,in_app_readiness_surface|dashboard,redis_notification_feed|remote_push|email,profile-readiness:profile-prompt-user-profile-awards:b49b375f2ecd18e1d3e2c548,User has at least one award row,,
user_prompt,ready_for_in_app_admin_delivery,4cab3e79c7dd8e492a909e7f,profile-prompt-user-profile-awards,profile,prompt-user,profile.awards,info,/profile?tab=awards,Add awards,Awards help the platform understand academic and extracurricular distinction.,Add awards,in_app_readiness_surface|dashboard,redis_notification_feed|remote_push|email,profile-readiness:profile-prompt-user-profile-awards:4cab3e79c7dd8e492a909e7f,User has at least one award row,,
user_prompt,ready_for_in_app_admin_delivery,fae66721875e65f51507bf27,profile-prompt-user-profile-awards,profile,prompt-user,profile.awards,info,/profile?tab=awards,Add awards,Awards help the platform understand academic and extracurricular distinction.,Add awards,in_app_readiness_surface|dashboard,redis_notification_feed|remote_push|email,profile-readiness:profile-prompt-user-profile-awards:fae66721875e65f51507bf27,User has at least one award row,,
user_prompt,ready_for_in_app_admin_delivery,7c8c8ff6a81333ff3e9a04a6,profile-prompt-user-profile-awards,profile,prompt-user,profile.awards,info,/profile?tab=awards,Add awards,Awards help the platform understand academic and extracurricular distinction.,Add awards,in_app_readiness_surface|dashboard,redis_notification_feed|remote_push|email,profile-readiness:profile-prompt-user-profile-awards:7c8c8ff6a81333ff3e9a04a6,User has at least one award row,,
user_prompt,ready_for_in_app_admin_delivery,2317f70b9e80abca4ad0824d,profile-prompt-user-profile-awards,profile,prompt-user,profile.awards,info,/profile?tab=awards,Add awards,Awards help the platform understand academic and extracurricular distinction.,Add awards,in_app_readiness_surface|dashboard,redis_notification_feed|remote_push|email,profile-readiness:profile-prompt-user-profile-awards:2317f70b9e80abca4ad0824d,User has at least one award row,,
user_prompt,ready_for_in_app_admin_delivery,53abd2f8c90243ba345fa599,profile-prompt-user-profile-awards,profile,prompt-user,profile.awards,info,/profile?tab=awards,Add awards,Awards help the platform understand academic and extracurricular distinction.,Add awards,in_app_readiness_surface|dashboard,redis_notification_feed|remote_push|email,profile-readiness:profile-prompt-user-profile-awards:53abd2f8c90243ba345fa599,User has at least one award row,,
user_prompt,ready_for_in_app_admin_delivery,b4a7670b022c83cb17a856df,profile-prompt-user-profile-awards,profile,prompt-user,profile.awards,info,/profile?tab=awards,Add awards,Awards help the platform understand academic and extracurricular distinction.,Add awards,in_app_readiness_surface|dashboard,redis_notification_feed|remote_push|email,profile-readiness:profile-prompt-user-profile-awards:b4a7670b022c83cb17a856df,User has at least one award row,,
user_prompt,ready_for_in_app_admin_delivery,9814382a1d3be3e627c28c80,profile-prompt-user-profile-awards,profile,prompt-user,profile.awards,info,/profile?tab=awards,Add awards,Awards help the platform understand academic and extracurricular distinction.,Add awards,in_app_readiness_surface|dashboard,redis_notification_feed|remote_push|email,profile-readiness:profile-prompt-user-profile-awards:9814382a1d3be3e627c28c80,User has at least one award row,,
user_prompt,ready_for_in_app_admin_delivery,d4e514871d10cb9f36b65d29,profile-prompt-user-profile-awards,profile,prompt-user,profile.awards,info,/profile?tab=awards,Add awards,Awards help the platform understand academic and extracurricular distinction.,Add awards,in_app_readiness_surface|dashboard,redis_notification_feed|remote_push|email,profile-readiness:profile-prompt-user-profile-awards:d4e514871d10cb9f36b65d29,User has at least one award row,,
user_prompt,ready_for_in_app_admin_delivery,1d0c77f67037725ac9e941b2,profile-prompt-user-profile-awards,profile,prompt-user,profile.awards,info,/profile?tab=awards,Add awards,Awards help the platform understand academic and extracurricular distinction.,Add awards,in_app_readiness_surface|dashboard,redis_notification_feed|remote_push|email,profile-readiness:profile-prompt-user-profile-awards:1d0c77f67037725ac9e941b2,User has at least one award row,,
user_prompt,ready_for_in_app_admin_delivery,556224a224a1c7679127d097,profile-prompt-user-profile-awards,profile,prompt-user,profile.awards,info,/profile?tab=awards,Add awards,Awards help the platform understand academic and extracurricular distinction.,Add awards,in_app_readiness_surface|dashboard,redis_notification_feed|remote_push|email,profile-readiness:profile-prompt-user-profile-awards:556224a224a1c7679127d097,User has at least one award row,,
user_prompt,ready_for_in_app_admin_delivery,f371531d3d25666bda7eafeb,profile-prompt-user-profile-awards,profile,prompt-user,profile.awards,info,/profile?tab=awards,Add awards,Awards help the platform understand academic and extracurricular distinction.,Add awards,in_app_readiness_surface|dashboard,redis_notification_feed|remote_push|email,profile-readiness:profile-prompt-user-profile-awards:f371531d3d25666bda7eafeb,User has at least one award row,,
user_prompt,ready_for_in_app_admin_delivery,a2d3062f8e09c9cc2ddbd88d,profile-prompt-user-profile-awards,profile,prompt-user,profile.awards,info,/profile?tab=awards,Add awards,Awards help the platform understand academic and extracurricular distinction.,Add awards,in_app_readiness_surface|dashboard,redis_notification_feed|remote_push|email,profile-readiness:profile-prompt-user-profile-awards:a2d3062f8e09c9cc2ddbd88d,User has at least one award row,,
user_prompt,ready_for_in_app_admin_delivery,5424d5ace64e813a2f73dceb,profile-prompt-user-profile-awards,profile,prompt-user,profile.awards,info,/profile?tab=awards,Add awards,Awards help the platform understand academic and extracurricular distinction.,Add awards,in_app_readiness_surface|dashboard,redis_notification_feed|remote_push|email,profile-readiness:profile-prompt-user-profile-awards:5424d5ace64e813a2f73dceb,User has at least one award row,,
user_prompt,ready_for_in_app_admin_delivery,67db31e10f819cc055ebc5e6,profile-prompt-user-profile-awards,profile,prompt-user,profile.awards,info,/profile?tab=awards,Add awards,Awards help the platform understand academic and extracurricular distinction.,Add awards,in_app_readiness_surface|dashboard,redis_notification_feed|remote_push|email,profile-readiness:profile-prompt-user-profile-awards:67db31e10f819cc055ebc5e6,User has at least one award row,,
user_prompt,ready_for_in_app_admin_delivery,21453a247f2c36664ca1f4e7,profile-prompt-user-profile-awards,profile,prompt-user,profile.awards,info,/profile?tab=awards,Add awards,Awards help the platform understand academic and extracurricular distinction.,Add awards,in_app_readiness_surface|dashboard,redis_notification_feed|remote_push|email,profile-readiness:profile-prompt-user-profile-awards:21453a247f2c36664ca1f4e7,User has at least one award row,,
user_prompt,ready_for_in_app_admin_delivery,bc78a5a24d4822c1254deb2d,profile-prompt-user-profile-awards,profile,prompt-user,profile.awards,info,/profile?tab=awards,Add awards,Awards help the platform understand academic and extracurricular distinction.,Add awards,in_app_readiness_surface|dashboard,redis_notification_feed|remote_push|email,profile-readiness:profile-prompt-user-profile-awards:bc78a5a24d4822c1254deb2d,User has at least one award row,,
user_prompt,ready_for_in_app_admin_delivery,9d929fa72ae2cc1c5f3d8d82,profile-prompt-user-profile-awards,profile,prompt-user,profile.awards,info,/profile?tab=awards,Add awards,Awards help the platform understand academic and extracurricular distinction.,Add awards,in_app_readiness_surface|dashboard,redis_notification_feed|remote_push|email,profile-readiness:profile-prompt-user-profile-awards:9d929fa72ae2cc1c5f3d8d82,User has at least one award row,,
user_prompt,ready_for_in_app_admin_delivery,8c13a70fc5c14aacfa48572e,profile-prompt-user-profile-awards,profile,prompt-user,profile.awards,info,/profile?tab=awards,Add awards,Awards help the platform understand academic and extracurricular distinction.,Add awards,in_app_readiness_surface|dashboard,redis_notification_feed|remote_push|email,profile-readiness:profile-prompt-user-profile-awards:8c13a70fc5c14aacfa48572e,User has at least one award row,,
user_prompt,ready_for_in_app_admin_delivery,5e71abdcb6160d9592741988,profile-prompt-user-profile-awards,profile,prompt-user,profile.awards,info,/profile?tab=awards,Add awards,Awards help the platform understand academic and extracurricular distinction.,Add awards,in_app_readiness_surface|dashboard,redis_notification_feed|remote_push|email,profile-readiness:profile-prompt-user-profile-awards:5e71abdcb6160d9592741988,User has at least one award row,,
user_prompt,ready_for_in_app_admin_delivery,8d2ae0fbd6efab48cb0052c2,profile-prompt-user-profile-awards,profile,prompt-user,profile.awards,info,/profile?tab=awards,Add awards,Awards help the platform understand academic and extracurricular distinction.,Add awards,in_app_readiness_surface|dashboard,redis_notification_feed|remote_push|email,profile-readiness:profile-prompt-user-profile-awards:8d2ae0fbd6efab48cb0052c2,User has at least one award row,,
user_prompt,ready_for_in_app_admin_delivery,adb916c3e591190afd9b45f8,profile-prompt-user-profile-awards,profile,prompt-user,profile.awards,info,/profile?tab=awards,Add awards,Awards help the platform understand academic and extracurricular distinction.,Add awards,in_app_readiness_surface|dashboard,redis_notification_feed|remote_push|email,profile-readiness:profile-prompt-user-profile-awards:adb916c3e591190afd9b45f8,User has at least one award row,,
user_prompt,ready_for_in_app_admin_delivery,00c69013a76020fd12b4db56,profile-prompt-user-profile-awards,profile,prompt-user,profile.awards,info,/profile?tab=awards,Add awards,Awards help the platform understand academic and extracurricular distinction.,Add awards,in_app_readiness_surface|dashboard,redis_notification_feed|remote_push|email,profile-readiness:profile-prompt-user-profile-awards:00c69013a76020fd12b4db56,User has at least one award row,,
user_prompt,ready_for_in_app_admin_delivery,1fcb3fd1f8acdc0e2e312acc,profile-prompt-user-profile-awards,profile,prompt-user,profile.awards,info,/profile?tab=awards,Add awards,Awards help the platform understand academic and extracurricular distinction.,Add awards,in_app_readiness_surface|dashboard,redis_notification_feed|remote_push|email,profile-readiness:profile-prompt-user-profile-awards:1fcb3fd1f8acdc0e2e312acc,User has at least one award row,,
user_prompt,ready_for_in_app_admin_delivery,805c5da5dfebc142dddca509,profile-prompt-user-profile-awards,profile,prompt-user,profile.awards,info,/profile?tab=awards,Add awards,Awards help the platform understand academic and extracurricular distinction.,Add awards,in_app_readiness_surface|dashboard,redis_notification_feed|remote_push|email,profile-readiness:profile-prompt-user-profile-awards:805c5da5dfebc142dddca509,User has at least one award row,,
user_prompt,ready_for_in_app_admin_delivery,176643ab074df2c6330bdc05,profile-prompt-user-profile-awards,profile,prompt-user,profile.awards,info,/profile?tab=awards,Add awards,Awards help the platform understand academic and extracurricular distinction.,Add awards,in_app_readiness_surface|dashboard,redis_notification_feed|remote_push|email,profile-readiness:profile-prompt-user-profile-awards:176643ab074df2c6330bdc05,User has at least one award row,,
user_prompt,ready_for_in_app_admin_delivery,c33c10777a45726a21deed93,profile-prompt-user-profile-awards,profile,prompt-user,profile.awards,info,/profile?tab=awards,Add awards,Awards help the platform understand academic and extracurricular distinction.,Add awards,in_app_readiness_surface|dashboard,redis_notification_feed|remote_push|email,profile-readiness:profile-prompt-user-profile-awards:c33c10777a45726a21deed93,User has at least one award row,,
user_prompt,ready_for_in_app_admin_delivery,ee27103855fd947a0585e587,profile-prompt-user-profile-awards,profile,prompt-user,profile.awards,info,/profile?tab=awards,Add awards,Awards help the platform understand academic and extracurricular distinction.,Add awards,in_app_readiness_surface|dashboard,redis_notification_feed|remote_push|email,profile-readiness:profile-prompt-user-profile-awards:ee27103855fd947a0585e587,User has at least one award row,,
user_prompt,ready_for_in_app_admin_delivery,d0b967b32741d9ec6459f774,profile-prompt-user-profile-awards,profile,prompt-user,profile.awards,info,/profile?tab=awards,Add awards,Awards help the platform understand academic and extracurricular distinction.,Add awards,in_app_readiness_surface|dashboard,redis_notification_feed|remote_push|email,profile-readiness:profile-prompt-user-profile-awards:d0b967b32741d9ec6459f774,User has at least one award row,,
user_prompt,ready_for_in_app_admin_delivery,f0dca2416b19d212b3180e2a,profile-prompt-user-profile-awards,profile,prompt-user,profile.awards,info,/profile?tab=awards,Add awards,Awards help the platform understand academic and extracurricular distinction.,Add awards,in_app_readiness_surface|dashboard,redis_notification_feed|remote_push|email,profile-readiness:profile-prompt-user-profile-awards:f0dca2416b19d212b3180e2a,User has at least one award row,,
user_prompt,ready_for_in_app_admin_delivery,3d0f9da60e8980d06930b481,profile-prompt-user-profile-awards,profile,prompt-user,profile.awards,info,/profile?tab=awards,Add awards,Awards help the platform understand academic and extracurricular distinction.,Add awards,in_app_readiness_surface|dashboard,redis_notification_feed|remote_push|email,profile-readiness:profile-prompt-user-profile-awards:3d0f9da60e8980d06930b481,User has at least one award row,,
user_prompt,ready_for_in_app_admin_delivery,ca5eb63722908f440c293dc4,profile-prompt-user-profile-awards,profile,prompt-user,profile.awards,info,/profile?tab=awards,Add awards,Awards help the platform understand academic and extracurricular distinction.,Add awards,in_app_readiness_surface|dashboard,redis_notification_feed|remote_push|email,profile-readiness:profile-prompt-user-profile-awards:ca5eb63722908f440c293dc4,User has at least one award row,,
user_prompt,ready_for_in_app_admin_delivery,9f15e7b53f10db2c2e0f4099,profile-prompt-user-profile-awards,profile,prompt-user,profile.awards,info,/profile?tab=awards,Add awards,Awards help the platform understand academic and extracurricular distinction.,Add awards,in_app_readiness_surface|dashboard,redis_notification_feed|remote_push|email,profile-readiness:profile-prompt-user-profile-awards:9f15e7b53f10db2c2e0f4099,User has at least one award row,,
user_prompt,ready_for_in_app_admin_delivery,33c78f08811b5c66f475a7f1,profile-prompt-user-profile-awards,profile,prompt-user,profile.awards,info,/profile?tab=awards,Add awards,Awards help the platform understand academic and extracurricular distinction.,Add awards,in_app_readiness_surface|dashboard,redis_notification_feed|remote_push|email,profile-readiness:profile-prompt-user-profile-awards:33c78f08811b5c66f475a7f1,User has at least one award row,,
user_prompt,ready_for_in_app_admin_delivery,cd0e333cdda02719666fbe49,profile-prompt-user-profile-awards,profile,prompt-user,profile.awards,info,/profile?tab=awards,Add awards,Awards help the platform understand academic and extracurricular distinction.,Add awards,in_app_readiness_surface|dashboard,redis_notification_feed|remote_push|email,profile-readiness:profile-prompt-user-profile-awards:cd0e333cdda02719666fbe49,User has at least one award row,,
user_prompt,ready_for_in_app_admin_delivery,980eac363cffa8fdead3089a,profile-prompt-user-profile-awards,profile,prompt-user,profile.awards,info,/profile?tab=awards,Add awards,Awards help the platform understand academic and extracurricular distinction.,Add awards,in_app_readiness_surface|dashboard,redis_notification_feed|remote_push|email,profile-readiness:profile-prompt-user-profile-awards:980eac363cffa8fdead3089a,User has at least one award row,,
user_prompt,ready_for_in_app_admin_delivery,4dff462899d7fb76f8396bdd,profile-prompt-user-profile-awards,profile,prompt-user,profile.awards,info,/profile?tab=awards,Add awards,Awards help the platform understand academic and extracurricular distinction.,Add awards,in_app_readiness_surface|dashboard,redis_notification_feed|remote_push|email,profile-readiness:profile-prompt-user-profile-awards:4dff462899d7fb76f8396bdd,User has at least one award row,,
user_prompt,ready_for_in_app_admin_delivery,95516cf74b0d570a8bd7faf3,profile-prompt-user-profile-awards,profile,prompt-user,profile.awards,info,/profile?tab=awards,Add awards,Awards help the platform understand academic and extracurricular distinction.,Add awards,in_app_readiness_surface|dashboard,redis_notification_feed|remote_push|email,profile-readiness:profile-prompt-user-profile-awards:95516cf74b0d570a8bd7faf3,User has at least one award row,,
user_prompt,ready_for_in_app_admin_delivery,b8c3f50120c9a5d54a39ddb5,profile-prompt-user-profile-awards,profile,prompt-user,profile.awards,info,/profile?tab=awards,Add awards,Awards help the platform understand academic and extracurricular distinction.,Add awards,in_app_readiness_surface|dashboard,redis_notification_feed|remote_push|email,profile-readiness:profile-prompt-user-profile-awards:b8c3f50120c9a5d54a39ddb5,User has at least one award row,,
user_prompt,ready_for_in_app_admin_delivery,e6ac6819060422a01033b7c2,profile-prompt-user-profile-awards,profile,prompt-user,profile.awards,info,/profile?tab=awards,Add awards,Awards help the platform understand academic and extracurricular distinction.,Add awards,in_app_readiness_surface|dashboard,redis_notification_feed|remote_push|email,profile-readiness:profile-prompt-user-profile-awards:e6ac6819060422a01033b7c2,User has at least one award row,,
user_prompt,ready_for_in_app_admin_delivery,0487162eb16fe3731a2dcd5f,profile-prompt-user-profile-awards,profile,prompt-user,profile.awards,info,/profile?tab=awards,Add awards,Awards help the platform understand academic and extracurricular distinction.,Add awards,in_app_readiness_surface|dashboard,redis_notification_feed|remote_push|email,profile-readiness:profile-prompt-user-profile-awards:0487162eb16fe3731a2dcd5f,User has at least one award row,,
user_prompt,ready_for_in_app_admin_delivery,625571854e8fb624c0e36346,profile-prompt-user-profile-awards,profile,prompt-user,profile.awards,info,/profile?tab=awards,Add awards,Awards help the platform understand academic and extracurricular distinction.,Add awards,in_app_readiness_surface|dashboard,redis_notification_feed|remote_push|email,profile-readiness:profile-prompt-user-profile-awards:625571854e8fb624c0e36346,User has at least one award row,,
user_prompt,ready_for_in_app_admin_delivery,8f44cd19e12bead2f651a52f,profile-prompt-user-profile-awards,profile,prompt-user,profile.awards,info,/profile?tab=awards,Add awards,Awards help the platform understand academic and extracurricular distinction.,Add awards,in_app_readiness_surface|dashboard,redis_notification_feed|remote_push|email,profile-readiness:profile-prompt-user-profile-awards:8f44cd19e12bead2f651a52f,User has at least one award row,,
user_prompt,ready_for_in_app_admin_delivery,12d9095e28814d34280ce5f8,profile-prompt-user-profile-awards,profile,prompt-user,profile.awards,info,/profile?tab=awards,Add awards,Awards help the platform understand academic and extracurricular distinction.,Add awards,in_app_readiness_surface|dashboard,redis_notification_feed|remote_push|email,profile-readiness:profile-prompt-user-profile-awards:12d9095e28814d34280ce5f8,User has at least one award row,,
user_prompt,ready_for_in_app_admin_delivery,512557be39aeec8a261e16f5,profile-prompt-user-profile-awards,profile,prompt-user,profile.awards,info,/profile?tab=awards,Add awards,Awards help the platform understand academic and extracurricular distinction.,Add awards,in_app_readiness_surface|dashboard,redis_notification_feed|remote_push|email,profile-readiness:profile-prompt-user-profile-awards:512557be39aeec8a261e16f5,User has at least one award row,,
user_prompt,ready_for_in_app_admin_delivery,8a9894f022079555414c8aeb,profile-prompt-user-profile-awards,profile,prompt-user,profile.awards,info,/profile?tab=awards,Add awards,Awards help the platform understand academic and extracurricular distinction.,Add awards,in_app_readiness_surface|dashboard,redis_notification_feed|remote_push|email,profile-readiness:profile-prompt-user-profile-awards:8a9894f022079555414c8aeb,User has at least one award row,,
user_prompt,ready_for_in_app_admin_delivery,6174b3d014f4f619a3ff6b72,profile-prompt-user-profile-awards,profile,prompt-user,profile.awards,info,/profile?tab=awards,Add awards,Awards help the platform understand academic and extracurricular distinction.,Add awards,in_app_readiness_surface|dashboard,redis_notification_feed|remote_push|email,profile-readiness:profile-prompt-user-profile-awards:6174b3d014f4f619a3ff6b72,User has at least one award row,,
user_prompt,ready_for_in_app_admin_delivery,ef468fe3f9990bb15e47ad28,profile-prompt-user-profile-awards,profile,prompt-user,profile.awards,info,/profile?tab=awards,Add awards,Awards help the platform understand academic and extracurricular distinction.,Add awards,in_app_readiness_surface|dashboard,redis_notification_feed|remote_push|email,profile-readiness:profile-prompt-user-profile-awards:ef468fe3f9990bb15e47ad28,User has at least one award row,,
user_prompt,ready_for_in_app_admin_delivery,120e94098a641151055e7401,profile-prompt-user-profile-awards,profile,prompt-user,profile.awards,info,/profile?tab=awards,Add awards,Awards help the platform understand academic and extracurricular distinction.,Add awards,in_app_readiness_surface|dashboard,redis_notification_feed|remote_push|email,profile-readiness:profile-prompt-user-profile-awards:120e94098a641151055e7401,User has at least one award row,,
user_prompt,ready_for_in_app_admin_delivery,d9259906488359e282745726,profile-prompt-user-profile-awards,profile,prompt-user,profile.awards,info,/profile?tab=awards,Add awards,Awards help the platform understand academic and extracurricular distinction.,Add awards,in_app_readiness_surface|dashboard,redis_notification_feed|remote_push|email,profile-readiness:profile-prompt-user-profile-awards:d9259906488359e282745726,User has at least one award row,,
user_prompt,ready_for_in_app_admin_delivery,beeae0f88a46824bd6e36f90,profile-prompt-user-profile-awards,profile,prompt-user,profile.awards,info,/profile?tab=awards,Add awards,Awards help the platform understand academic and extracurricular distinction.,Add awards,in_app_readiness_surface|dashboard,redis_notification_feed|remote_push|email,profile-readiness:profile-prompt-user-profile-awards:beeae0f88a46824bd6e36f90,User has at least one award row,,
user_prompt,ready_for_in_app_admin_delivery,962fe005af82e4f313bedb2d,profile-prompt-user-profile-awards,profile,prompt-user,profile.awards,info,/profile?tab=awards,Add awards,Awards help the platform understand academic and extracurricular distinction.,Add awards,in_app_readiness_surface|dashboard,redis_notification_feed|remote_push|email,profile-readiness:profile-prompt-user-profile-awards:962fe005af82e4f313bedb2d,User has at least one award row,,
user_prompt,ready_for_in_app_admin_delivery,e2d4f5f8fc21d9e4dd7d2df2,profile-prompt-user-profile-awards,profile,prompt-user,profile.awards,info,/profile?tab=awards,Add awards,Awards help the platform understand academic and extracurricular distinction.,Add awards,in_app_readiness_surface|dashboard,redis_notification_feed|remote_push|email,profile-readiness:profile-prompt-user-profile-awards:e2d4f5f8fc21d9e4dd7d2df2,User has at least one award row,,
user_prompt,ready_for_in_app_admin_delivery,dcade48028aa7004b2e2b982,profile-prompt-user-profile-awards,profile,prompt-user,profile.awards,info,/profile?tab=awards,Add awards,Awards help the platform understand academic and extracurricular distinction.,Add awards,in_app_readiness_surface|dashboard,redis_notification_feed|remote_push|email,profile-readiness:profile-prompt-user-profile-awards:dcade48028aa7004b2e2b982,User has at least one award row,,
user_prompt,ready_for_in_app_admin_delivery,da83d1a201eb1e0112b7eec4,profile-prompt-user-profile-awards,profile,prompt-user,profile.awards,info,/profile?tab=awards,Add awards,Awards help the platform understand academic and extracurricular distinction.,Add awards,in_app_readiness_surface|dashboard,redis_notification_feed|remote_push|email,profile-readiness:profile-prompt-user-profile-awards:da83d1a201eb1e0112b7eec4,User has at least one award row,,
user_prompt,ready_for_in_app_admin_delivery,0f06d8ca1b23d3a1dc68a6eb,profile-prompt-user-profile-awards,profile,prompt-user,profile.awards,info,/profile?tab=awards,Add awards,Awards help the platform understand academic and extracurricular distinction.,Add awards,in_app_readiness_surface|dashboard,redis_notification_feed|remote_push|email,profile-readiness:profile-prompt-user-profile-awards:0f06d8ca1b23d3a1dc68a6eb,User has at least one award row,,
user_prompt,ready_for_in_app_admin_delivery,473c4613d839068ba7855d82,profile-prompt-user-profile-awards,profile,prompt-user,profile.awards,info,/profile?tab=awards,Add awards,Awards help the platform understand academic and extracurricular distinction.,Add awards,in_app_readiness_surface|dashboard,redis_notification_feed|remote_push|email,profile-readiness:profile-prompt-user-profile-awards:473c4613d839068ba7855d82,User has at least one award row,,
user_prompt,ready_for_in_app_admin_delivery,30644d4d38a7469292f1c5ee,profile-prompt-user-profile-awards,profile,prompt-user,profile.awards,info,/profile?tab=awards,Add awards,Awards help the platform understand academic and extracurricular distinction.,Add awards,in_app_readiness_surface|dashboard,redis_notification_feed|remote_push|email,profile-readiness:profile-prompt-user-profile-awards:30644d4d38a7469292f1c5ee,User has at least one award row,,
user_prompt,ready_for_in_app_admin_delivery,0defed87eef77bb11270748d,profile-prompt-user-profile-awards,profile,prompt-user,profile.awards,info,/profile?tab=awards,Add awards,Awards help the platform understand academic and extracurricular distinction.,Add awards,in_app_readiness_surface|dashboard,redis_notification_feed|remote_push|email,profile-readiness:profile-prompt-user-profile-awards:0defed87eef77bb11270748d,User has at least one award row,,
user_prompt,ready_for_in_app_admin_delivery,cc241cedf886e14bf508182b,profile-prompt-user-profile-awards,profile,prompt-user,profile.awards,info,/profile?tab=awards,Add awards,Awards help the platform understand academic and extracurricular distinction.,Add awards,in_app_readiness_surface|dashboard,redis_notification_feed|remote_push|email,profile-readiness:profile-prompt-user-profile-awards:cc241cedf886e14bf508182b,User has at least one award row,,
user_prompt,ready_for_in_app_admin_delivery,85490fb37f0bdf02f563ea85,profile-prompt-user-profile-awards,profile,prompt-user,profile.awards,info,/profile?tab=awards,Add awards,Awards help the platform understand academic and extracurricular distinction.,Add awards,in_app_readiness_surface|dashboard,redis_notification_feed|remote_push|email,profile-readiness:profile-prompt-user-profile-awards:85490fb37f0bdf02f563ea85,User has at least one award row,,
user_prompt,ready_for_in_app_admin_delivery,12c0646647db687d1a65aed0,profile-prompt-user-profile-awards,profile,prompt-user,profile.awards,info,/profile?tab=awards,Add awards,Awards help the platform understand academic and extracurricular distinction.,Add awards,in_app_readiness_surface|dashboard,redis_notification_feed|remote_push|email,profile-readiness:profile-prompt-user-profile-awards:12c0646647db687d1a65aed0,User has at least one award row,,
user_prompt,ready_for_in_app_admin_delivery,a11417640be59bed20bc3a98,profile-prompt-user-profile-awards,profile,prompt-user,profile.awards,info,/profile?tab=awards,Add awards,Awards help the platform understand academic and extracurricular distinction.,Add awards,in_app_readiness_surface|dashboard,redis_notification_feed|remote_push|email,profile-readiness:profile-prompt-user-profile-awards:a11417640be59bed20bc3a98,User has at least one award row,,
user_prompt,ready_for_in_app_admin_delivery,8f66d4f73209fbaccd3033bf,profile-prompt-user-profile-awards,profile,prompt-user,profile.awards,info,/profile?tab=awards,Add awards,Awards help the platform understand academic and extracurricular distinction.,Add awards,in_app_readiness_surface|dashboard,redis_notification_feed|remote_push|email,profile-readiness:profile-prompt-user-profile-awards:8f66d4f73209fbaccd3033bf,User has at least one award row,,
user_prompt,ready_for_in_app_admin_delivery,c20f861a8c401467478f1ff8,profile-prompt-user-profile-awards,profile,prompt-user,profile.awards,info,/profile?tab=awards,Add awards,Awards help the platform understand academic and extracurricular distinction.,Add awards,in_app_readiness_surface|dashboard,redis_notification_feed|remote_push|email,profile-readiness:profile-prompt-user-profile-awards:c20f861a8c401467478f1ff8,User has at least one award row,,
user_prompt,ready_for_in_app_admin_delivery,3e9f49d50ab7d023f1a8e39e,profile-prompt-user-profile-awards,profile,prompt-user,profile.awards,info,/profile?tab=awards,Add awards,Awards help the platform understand academic and extracurricular distinction.,Add awards,in_app_readiness_surface|dashboard,redis_notification_feed|remote_push|email,profile-readiness:profile-prompt-user-profile-awards:3e9f49d50ab7d023f1a8e39e,User has at least one award row,,
user_prompt,ready_for_in_app_admin_delivery,8e31c7196b60b7f62dbf3e4d,profile-prompt-user-profile-awards,profile,prompt-user,profile.awards,info,/profile?tab=awards,Add awards,Awards help the platform understand academic and extracurricular distinction.,Add awards,in_app_readiness_surface|dashboard,redis_notification_feed|remote_push|email,profile-readiness:profile-prompt-user-profile-awards:8e31c7196b60b7f62dbf3e4d,User has at least one award row,,
user_prompt,ready_for_in_app_admin_delivery,8965a5653322427763446164,profile-prompt-user-profile-awards,profile,prompt-user,profile.awards,info,/profile?tab=awards,Add awards,Awards help the platform understand academic and extracurricular distinction.,Add awards,in_app_readiness_surface|dashboard,redis_notification_feed|remote_push|email,profile-readiness:profile-prompt-user-profile-awards:8965a5653322427763446164,User has at least one award row,,
user_prompt,ready_for_in_app_admin_delivery,ac2c023316430f730db17894,profile-prompt-user-profile-awards,profile,prompt-user,profile.awards,info,/profile?tab=awards,Add awards,Awards help the platform understand academic and extracurricular distinction.,Add awards,in_app_readiness_surface|dashboard,redis_notification_feed|remote_push|email,profile-readiness:profile-prompt-user-profile-awards:ac2c023316430f730db17894,User has at least one award row,,
user_prompt,ready_for_in_app_admin_delivery,c55f20f3b89df5b634961f1e,profile-prompt-user-profile-awards,profile,prompt-user,profile.awards,info,/profile?tab=awards,Add awards,Awards help the platform understand academic and extracurricular distinction.,Add awards,in_app_readiness_surface|dashboard,redis_notification_feed|remote_push|email,profile-readiness:profile-prompt-user-profile-awards:c55f20f3b89df5b634961f1e,User has at least one award row,,
user_prompt,ready_for_in_app_admin_delivery,7df532744d1a3bafc3330adc,profile-prompt-user-profile-awards,profile,prompt-user,profile.awards,info,/profile?tab=awards,Add awards,Awards help the platform understand academic and extracurricular distinction.,Add awards,in_app_readiness_surface|dashboard,redis_notification_feed|remote_push|email,profile-readiness:profile-prompt-user-profile-awards:7df532744d1a3bafc3330adc,User has at least one award row,,
user_prompt,ready_for_in_app_admin_delivery,a55ab6c1a78d611492aa7abb,profile-prompt-user-profile-awards,profile,prompt-user,profile.awards,info,/profile?tab=awards,Add awards,Awards help the platform understand academic and extracurricular distinction.,Add awards,in_app_readiness_surface|dashboard,redis_notification_feed|remote_push|email,profile-readiness:profile-prompt-user-profile-awards:a55ab6c1a78d611492aa7abb,User has at least one award row,,
user_prompt,ready_for_in_app_admin_delivery,ae7152deb8b5ace78d0988b5,profile-prompt-user-profile-awards,profile,prompt-user,profile.awards,info,/profile?tab=awards,Add awards,Awards help the platform understand academic and extracurricular distinction.,Add awards,in_app_readiness_surface|dashboard,redis_notification_feed|remote_push|email,profile-readiness:profile-prompt-user-profile-awards:ae7152deb8b5ace78d0988b5,User has at least one award row,,
user_prompt,ready_for_in_app_admin_delivery,3512b2c610d4daef63decaa6,profile-prompt-user-profile-awards,profile,prompt-user,profile.awards,info,/profile?tab=awards,Add awards,Awards help the platform understand academic and extracurricular distinction.,Add awards,in_app_readiness_surface|dashboard,redis_notification_feed|remote_push|email,profile-readiness:profile-prompt-user-profile-awards:3512b2c610d4daef63decaa6,User has at least one award row,,
user_prompt,ready_for_in_app_admin_delivery,a1040538ac4757f6a01af3c6,profile-prompt-user-profile-awards,profile,prompt-user,profile.awards,info,/profile?tab=awards,Add awards,Awards help the platform understand academic and extracurricular distinction.,Add awards,in_app_readiness_surface|dashboard,redis_notification_feed|remote_push|email,profile-readiness:profile-prompt-user-profile-awards:a1040538ac4757f6a01af3c6,User has at least one award row,,
user_prompt,ready_for_in_app_admin_delivery,f0c5fc6faa1df34435ff29e2,profile-prompt-user-profile-awards,profile,prompt-user,profile.awards,info,/profile?tab=awards,Add awards,Awards help the platform understand academic and extracurricular distinction.,Add awards,in_app_readiness_surface|dashboard,redis_notification_feed|remote_push|email,profile-readiness:profile-prompt-user-profile-awards:f0c5fc6faa1df34435ff29e2,User has at least one award row,,
user_prompt,ready_for_in_app_admin_delivery,ef10e256980dcebb77dfd621,profile-prompt-user-profile-awards,profile,prompt-user,profile.awards,info,/profile?tab=awards,Add awards,Awards help the platform understand academic and extracurricular distinction.,Add awards,in_app_readiness_surface|dashboard,redis_notification_feed|remote_push|email,profile-readiness:profile-prompt-user-profile-awards:ef10e256980dcebb77dfd621,User has at least one award row,,
user_prompt,ready_for_in_app_admin_delivery,a365f08979a29f52d46a610c,profile-prompt-user-profile-awards,profile,prompt-user,profile.awards,info,/profile?tab=awards,Add awards,Awards help the platform understand academic and extracurricular distinction.,Add awards,in_app_readiness_surface|dashboard,redis_notification_feed|remote_push|email,profile-readiness:profile-prompt-user-profile-awards:a365f08979a29f52d46a610c,User has at least one award row,,
user_prompt,ready_for_in_app_admin_delivery,151da5994495423f1806b2f0,profile-prompt-user-profile-awards,profile,prompt-user,profile.awards,info,/profile?tab=awards,Add awards,Awards help the platform understand academic and extracurricular distinction.,Add awards,in_app_readiness_surface|dashboard,redis_notification_feed|remote_push|email,profile-readiness:profile-prompt-user-profile-awards:151da5994495423f1806b2f0,User has at least one award row,,
user_prompt,ready_for_in_app_admin_delivery,090d8e54b0e955027644958a,profile-prompt-user-profile-awards,profile,prompt-user,profile.awards,info,/profile?tab=awards,Add awards,Awards help the platform understand academic and extracurricular distinction.,Add awards,in_app_readiness_surface|dashboard,redis_notification_feed|remote_push|email,profile-readiness:profile-prompt-user-profile-awards:090d8e54b0e955027644958a,User has at least one award row,,
user_prompt,ready_for_in_app_admin_delivery,6f95063993edc2d69b750760,profile-prompt-user-profile-awards,profile,prompt-user,profile.awards,info,/profile?tab=awards,Add awards,Awards help the platform understand academic and extracurricular distinction.,Add awards,in_app_readiness_surface|dashboard,redis_notification_feed|remote_push|email,profile-readiness:profile-prompt-user-profile-awards:6f95063993edc2d69b750760,User has at least one award row,,
user_prompt,ready_for_in_app_admin_delivery,efedd357e0c8b9536160f8f6,profile-prompt-user-profile-awards,profile,prompt-user,profile.awards,info,/profile?tab=awards,Add awards,Awards help the platform understand academic and extracurricular distinction.,Add awards,in_app_readiness_surface|dashboard,redis_notification_feed|remote_push|email,profile-readiness:profile-prompt-user-profile-awards:efedd357e0c8b9536160f8f6,User has at least one award row,,
user_prompt,ready_for_in_app_admin_delivery,b29d033421d2c8ab0fa5c69b,profile-prompt-user-profile-awards,profile,prompt-user,profile.awards,info,/profile?tab=awards,Add awards,Awards help the platform understand academic and extracurricular distinction.,Add awards,in_app_readiness_surface|dashboard,redis_notification_feed|remote_push|email,profile-readiness:profile-prompt-user-profile-awards:b29d033421d2c8ab0fa5c69b,User has at least one award row,,
user_prompt,ready_for_in_app_admin_delivery,1af5029e2c9cee54b3aa5379,profile-prompt-user-profile-awards,profile,prompt-user,profile.awards,info,/profile?tab=awards,Add awards,Awards help the platform understand academic and extracurricular distinction.,Add awards,in_app_readiness_surface|dashboard,redis_notification_feed|remote_push|email,profile-readiness:profile-prompt-user-profile-awards:1af5029e2c9cee54b3aa5379,User has at least one award row,,
user_prompt,ready_for_in_app_admin_delivery,32824a404947ef3550d69a72,profile-prompt-user-profile-awards,profile,prompt-user,profile.awards,info,/profile?tab=awards,Add awards,Awards help the platform understand academic and extracurricular distinction.,Add awards,in_app_readiness_surface|dashboard,redis_notification_feed|remote_push|email,profile-readiness:profile-prompt-user-profile-awards:32824a404947ef3550d69a72,User has at least one award row,,
user_prompt,ready_for_in_app_admin_delivery,a2676b11991f59fc253f6d0a,profile-prompt-user-profile-awards,profile,prompt-user,profile.awards,info,/profile?tab=awards,Add awards,Awards help the platform understand academic and extracurricular distinction.,Add awards,in_app_readiness_surface|dashboard,redis_notification_feed|remote_push|email,profile-readiness:profile-prompt-user-profile-awards:a2676b11991f59fc253f6d0a,User has at least one award row,,
user_prompt,ready_for_in_app_admin_delivery,e90f73773879c88c915125d3,profile-prompt-user-profile-awards,profile,prompt-user,profile.awards,info,/profile?tab=awards,Add awards,Awards help the platform understand academic and extracurricular distinction.,Add awards,in_app_readiness_surface|dashboard,redis_notification_feed|remote_push|email,profile-readiness:profile-prompt-user-profile-awards:e90f73773879c88c915125d3,User has at least one award row,,
user_prompt,ready_for_in_app_admin_delivery,241e0447f0aa4ae8bec24164,profile-prompt-user-profile-awards,profile,prompt-user,profile.awards,info,/profile?tab=awards,Add awards,Awards help the platform understand academic and extracurricular distinction.,Add awards,in_app_readiness_surface|dashboard,redis_notification_feed|remote_push|email,profile-readiness:profile-prompt-user-profile-awards:241e0447f0aa4ae8bec24164,User has at least one award row,,
user_prompt,ready_for_in_app_admin_delivery,8677b59c1c43ffabba1f2edb,profile-prompt-user-profile-awards,profile,prompt-user,profile.awards,info,/profile?tab=awards,Add awards,Awards help the platform understand academic and extracurricular distinction.,Add awards,in_app_readiness_surface|dashboard,redis_notification_feed|remote_push|email,profile-readiness:profile-prompt-user-profile-awards:8677b59c1c43ffabba1f2edb,User has at least one award row,,
user_prompt,ready_for_in_app_admin_delivery,f21afb7cbab11118d600aaf0,profile-prompt-user-profile-awards,profile,prompt-user,profile.awards,info,/profile?tab=awards,Add awards,Awards help the platform understand academic and extracurricular distinction.,Add awards,in_app_readiness_surface|dashboard,redis_notification_feed|remote_push|email,profile-readiness:profile-prompt-user-profile-awards:f21afb7cbab11118d600aaf0,User has at least one award row,,
user_prompt,ready_for_in_app_admin_delivery,36cf7e859f087f74b75589c8,profile-prompt-user-profile-awards,profile,prompt-user,profile.awards,info,/profile?tab=awards,Add awards,Awards help the platform understand academic and extracurricular distinction.,Add awards,in_app_readiness_surface|dashboard,redis_notification_feed|remote_push|email,profile-readiness:profile-prompt-user-profile-awards:36cf7e859f087f74b75589c8,User has at least one award row,,
user_prompt,ready_for_in_app_admin_delivery,de62d0f8511b17551ee7c676,profile-prompt-user-profile-awards,profile,prompt-user,profile.awards,info,/profile?tab=awards,Add awards,Awards help the platform understand academic and extracurricular distinction.,Add awards,in_app_readiness_surface|dashboard,redis_notification_feed|remote_push|email,profile-readiness:profile-prompt-user-profile-awards:de62d0f8511b17551ee7c676,User has at least one award row,,
user_prompt,ready_for_in_app_admin_delivery,01ab33b5a74e8087d440a72b,profile-prompt-user-profile-awards,profile,prompt-user,profile.awards,info,/profile?tab=awards,Add awards,Awards help the platform understand academic and extracurricular distinction.,Add awards,in_app_readiness_surface|dashboard,redis_notification_feed|remote_push|email,profile-readiness:profile-prompt-user-profile-awards:01ab33b5a74e8087d440a72b,User has at least one award row,,
user_prompt,ready_for_in_app_admin_delivery,31259b62c40c42e489b70961,profile-prompt-user-profile-awards,profile,prompt-user,profile.awards,info,/profile?tab=awards,Add awards,Awards help the platform understand academic and extracurricular distinction.,Add awards,in_app_readiness_surface|dashboard,redis_notification_feed|remote_push|email,profile-readiness:profile-prompt-user-profile-awards:31259b62c40c42e489b70961,User has at least one award row,,
user_prompt,ready_for_in_app_admin_delivery,2b9fd436eb1380dafdc8bb61,profile-prompt-user-profile-awards,profile,prompt-user,profile.awards,info,/profile?tab=awards,Add awards,Awards help the platform understand academic and extracurricular distinction.,Add awards,in_app_readiness_surface|dashboard,redis_notification_feed|remote_push|email,profile-readiness:profile-prompt-user-profile-awards:2b9fd436eb1380dafdc8bb61,User has at least one award row,,
user_prompt,ready_for_in_app_admin_delivery,82c25cdac81c232afa19074b,profile-prompt-user-profile-awards,profile,prompt-user,profile.awards,info,/profile?tab=awards,Add awards,Awards help the platform understand academic and extracurricular distinction.,Add awards,in_app_readiness_surface|dashboard,redis_notification_feed|remote_push|email,profile-readiness:profile-prompt-user-profile-awards:82c25cdac81c232afa19074b,User has at least one award row,,
user_prompt,ready_for_in_app_admin_delivery,c64128137c011d1b7f7475ea,profile-prompt-user-profile-awards,profile,prompt-user,profile.awards,info,/profile?tab=awards,Add awards,Awards help the platform understand academic and extracurricular distinction.,Add awards,in_app_readiness_surface|dashboard,redis_notification_feed|remote_push|email,profile-readiness:profile-prompt-user-profile-awards:c64128137c011d1b7f7475ea,User has at least one award row,,
user_prompt,ready_for_in_app_admin_delivery,c63f68036b2ddca06dc47664,profile-prompt-user-profile-awards,profile,prompt-user,profile.awards,info,/profile?tab=awards,Add awards,Awards help the platform understand academic and extracurricular distinction.,Add awards,in_app_readiness_surface|dashboard,redis_notification_feed|remote_push|email,profile-readiness:profile-prompt-user-profile-awards:c63f68036b2ddca06dc47664,User has at least one award row,,
user_prompt,ready_for_in_app_admin_delivery,d1c0998ca351dc0a975ebd0a,profile-prompt-user-profile-awards,profile,prompt-user,profile.awards,info,/profile?tab=awards,Add awards,Awards help the platform understand academic and extracurricular distinction.,Add awards,in_app_readiness_surface|dashboard,redis_notification_feed|remote_push|email,profile-readiness:profile-prompt-user-profile-awards:d1c0998ca351dc0a975ebd0a,User has at least one award row,,
user_prompt,ready_for_in_app_admin_delivery,b60798c40c1e2e577ce53ab4,profile-prompt-user-profile-awards,profile,prompt-user,profile.awards,info,/profile?tab=awards,Add awards,Awards help the platform understand academic and extracurricular distinction.,Add awards,in_app_readiness_surface|dashboard,redis_notification_feed|remote_push|email,profile-readiness:profile-prompt-user-profile-awards:b60798c40c1e2e577ce53ab4,User has at least one award row,,
user_prompt,ready_for_in_app_admin_delivery,d128a2740df50dbab9cec084,profile-prompt-user-profile-awards,profile,prompt-user,profile.awards,info,/profile?tab=awards,Add awards,Awards help the platform understand academic and extracurricular distinction.,Add awards,in_app_readiness_surface|dashboard,redis_notification_feed|remote_push|email,profile-readiness:profile-prompt-user-profile-awards:d128a2740df50dbab9cec084,User has at least one award row,,
user_prompt,ready_for_in_app_admin_delivery,7f6bb489de56e832f9e52127,profile-prompt-user-profile-awards,profile,prompt-user,profile.awards,info,/profile?tab=awards,Add awards,Awards help the platform understand academic and extracurricular distinction.,Add awards,in_app_readiness_surface|dashboard,redis_notification_feed|remote_push|email,profile-readiness:profile-prompt-user-profile-awards:7f6bb489de56e832f9e52127,User has at least one award row,,
user_prompt,ready_for_in_app_admin_delivery,14c7de94a7e7ca1cdc53342f,profile-prompt-user-profile-awards,profile,prompt-user,profile.awards,info,/profile?tab=awards,Add awards,Awards help the platform understand academic and extracurricular distinction.,Add awards,in_app_readiness_surface|dashboard,redis_notification_feed|remote_push|email,profile-readiness:profile-prompt-user-profile-awards:14c7de94a7e7ca1cdc53342f,User has at least one award row,,
user_prompt,ready_for_in_app_admin_delivery,0e8b80ea37c6c962912efbfe,profile-prompt-user-profile-awards,profile,prompt-user,profile.awards,info,/profile?tab=awards,Add awards,Awards help the platform understand academic and extracurricular distinction.,Add awards,in_app_readiness_surface|dashboard,redis_notification_feed|remote_push|email,profile-readiness:profile-prompt-user-profile-awards:0e8b80ea37c6c962912efbfe,User has at least one award row,,
user_prompt,ready_for_in_app_admin_delivery,e8ec5713bb02702e3aeb2112,profile-prompt-user-profile-awards,profile,prompt-user,profile.awards,info,/profile?tab=awards,Add awards,Awards help the platform understand academic and extracurricular distinction.,Add awards,in_app_readiness_surface|dashboard,redis_notification_feed|remote_push|email,profile-readiness:profile-prompt-user-profile-awards:e8ec5713bb02702e3aeb2112,User has at least one award row,,
user_prompt,ready_for_in_app_admin_delivery,ed4d86d4f0df5dbe3d418f2a,profile-prompt-user-profile-awards,profile,prompt-user,profile.awards,info,/profile?tab=awards,Add awards,Awards help the platform understand academic and extracurricular distinction.,Add awards,in_app_readiness_surface|dashboard,redis_notification_feed|remote_push|email,profile-readiness:profile-prompt-user-profile-awards:ed4d86d4f0df5dbe3d418f2a,User has at least one award row,,
user_prompt,ready_for_in_app_admin_delivery,da498548b275de7c66eb51c4,profile-prompt-user-profile-awards,profile,prompt-user,profile.awards,info,/profile?tab=awards,Add awards,Awards help the platform understand academic and extracurricular distinction.,Add awards,in_app_readiness_surface|dashboard,redis_notification_feed|remote_push|email,profile-readiness:profile-prompt-user-profile-awards:da498548b275de7c66eb51c4,User has at least one award row,,
user_prompt,ready_for_in_app_admin_delivery,c1ee26c6e5d5fc22a5ab6a68,profile-prompt-user-profile-awards,profile,prompt-user,profile.awards,info,/profile?tab=awards,Add awards,Awards help the platform understand academic and extracurricular distinction.,Add awards,in_app_readiness_surface|dashboard,redis_notification_feed|remote_push|email,profile-readiness:profile-prompt-user-profile-awards:c1ee26c6e5d5fc22a5ab6a68,User has at least one award row,,
user_prompt,ready_for_in_app_admin_delivery,1f7d5b3f21061af17d61866b,profile-prompt-user-profile-awards,profile,prompt-user,profile.awards,info,/profile?tab=awards,Add awards,Awards help the platform understand academic and extracurricular distinction.,Add awards,in_app_readiness_surface|dashboard,redis_notification_feed|remote_push|email,profile-readiness:profile-prompt-user-profile-awards:1f7d5b3f21061af17d61866b,User has at least one award row,,
user_prompt,ready_for_in_app_admin_delivery,27ae69e1f0abb0ad7feeb352,profile-prompt-user-profile-awards,profile,prompt-user,profile.awards,info,/profile?tab=awards,Add awards,Awards help the platform understand academic and extracurricular distinction.,Add awards,in_app_readiness_surface|dashboard,redis_notification_feed|remote_push|email,profile-readiness:profile-prompt-user-profile-awards:27ae69e1f0abb0ad7feeb352,User has at least one award row,,
user_prompt,ready_for_in_app_admin_delivery,6a53d4fad2e59ce4a60c5ae2,profile-prompt-user-profile-awards,profile,prompt-user,profile.awards,info,/profile?tab=awards,Add awards,Awards help the platform understand academic and extracurricular distinction.,Add awards,in_app_readiness_surface|dashboard,redis_notification_feed|remote_push|email,profile-readiness:profile-prompt-user-profile-awards:6a53d4fad2e59ce4a60c5ae2,User has at least one award row,,
user_prompt,ready_for_in_app_admin_delivery,49d7694af58affd0f130bcae,profile-prompt-user-profile-awards,profile,prompt-user,profile.awards,info,/profile?tab=awards,Add awards,Awards help the platform understand academic and extracurricular distinction.,Add awards,in_app_readiness_surface|dashboard,redis_notification_feed|remote_push|email,profile-readiness:profile-prompt-user-profile-awards:49d7694af58affd0f130bcae,User has at least one award row,,
user_prompt,ready_for_in_app_admin_delivery,220b9db20712a950a9b77b12,profile-prompt-user-profile-awards,profile,prompt-user,profile.awards,info,/profile?tab=awards,Add awards,Awards help the platform understand academic and extracurricular distinction.,Add awards,in_app_readiness_surface|dashboard,redis_notification_feed|remote_push|email,profile-readiness:profile-prompt-user-profile-awards:220b9db20712a950a9b77b12,User has at least one award row,,
user_prompt,ready_for_in_app_admin_delivery,c8f04079c9635234dcac71c3,profile-prompt-user-profile-awards,profile,prompt-user,profile.awards,info,/profile?tab=awards,Add awards,Awards help the platform understand academic and extracurricular distinction.,Add awards,in_app_readiness_surface|dashboard,redis_notification_feed|remote_push|email,profile-readiness:profile-prompt-user-profile-awards:c8f04079c9635234dcac71c3,User has at least one award row,,
user_prompt,ready_for_in_app_admin_delivery,1588484e9c43a3c90218c532,profile-prompt-user-profile-awards,profile,prompt-user,profile.awards,info,/profile?tab=awards,Add awards,Awards help the platform understand academic and extracurricular distinction.,Add awards,in_app_readiness_surface|dashboard,redis_notification_feed|remote_push|email,profile-readiness:profile-prompt-user-profile-awards:1588484e9c43a3c90218c532,User has at least one award row,,
user_prompt,ready_for_in_app_admin_delivery,97d38830683f5a612a219f6e,profile-prompt-user-profile-awards,profile,prompt-user,profile.awards,info,/profile?tab=awards,Add awards,Awards help the platform understand academic and extracurricular distinction.,Add awards,in_app_readiness_surface|dashboard,redis_notification_feed|remote_push|email,profile-readiness:profile-prompt-user-profile-awards:97d38830683f5a612a219f6e,User has at least one award row,,
user_prompt,ready_for_in_app_admin_delivery,5e07c7724824ddb82aee1eee,profile-prompt-user-profile-awards,profile,prompt-user,profile.awards,info,/profile?tab=awards,Add awards,Awards help the platform understand academic and extracurricular distinction.,Add awards,in_app_readiness_surface|dashboard,redis_notification_feed|remote_push|email,profile-readiness:profile-prompt-user-profile-awards:5e07c7724824ddb82aee1eee,User has at least one award row,,
operator_review,ready_for_operator_review,055d9e308db51968e031377f,profile-match-award-competition-profile-awards-competition-unmatched,profile,match-award-competition,profile.awards.competition_unmatched,info,/profile?tab=awards,,,,admin_queue,redis_notification_feed|remote_push|email,,Award rows are linked to reviewed competition records,,
operator_review,ready_for_operator_review,52fc44e64057db34b5c2120d,profile-match-award-competition-profile-awards-competition-unmatched,profile,match-award-competition,profile.awards.competition_unmatched,info,/profile?tab=awards,,,,admin_queue,redis_notification_feed|remote_push|email,,Award rows are linked to reviewed competition records,,
operator_review,ready_for_operator_review,d2873959d1b08e2959358f2c,profile-match-award-competition-profile-awards-competition-unmatched,profile,match-award-competition,profile.awards.competition_unmatched,info,/profile?tab=awards,,,,admin_queue,redis_notification_feed|remote_push|email,,Award rows are linked to reviewed competition records,,
operator_review,ready_for_operator_review,8f07e9c0290d4e24209a80f2,profile-match-award-competition-profile-awards-competition-unmatched,profile,match-award-competition,profile.awards.competition_unmatched,info,/profile?tab=awards,,,,admin_queue,redis_notification_feed|remote_push|email,,Award rows are linked to reviewed competition records,,
operator_review,ready_for_operator_review,cf27088d6e9f6b8654edfc1b,profile-match-award-competition-profile-awards-competition-unmatched,profile,match-award-competition,profile.awards.competition_unmatched,info,/profile?tab=awards,,,,admin_queue,redis_notification_feed|remote_push|email,,Award rows are linked to reviewed competition records,,
operator_review,ready_for_operator_review,66a64079cf88a7d41a17d7d0,profile-match-award-competition-profile-awards-competition-unmatched,profile,match-award-competition,profile.awards.competition_unmatched,info,/profile?tab=awards,,,,admin_queue,redis_notification_feed|remote_push|email,,Award rows are linked to reviewed competition records,,
operator_review,ready_for_operator_review,11eddca546f63d3d58c39515,profile-match-award-competition-profile-awards-competition-unmatched,profile,match-award-competition,profile.awards.competition_unmatched,info,/profile?tab=awards,,,,admin_queue,redis_notification_feed|remote_push|email,,Award rows are linked to reviewed competition records,,
operator_review,ready_for_operator_review,cd4c24d8fe3e08fda3d08c11,profile-match-award-competition-profile-awards-competition-unmatched,profile,match-award-competition,profile.awards.competition_unmatched,info,/profile?tab=awards,,,,admin_queue,redis_notification_feed|remote_push|email,,Award rows are linked to reviewed competition records,,
operator_review,ready_for_operator_review,fb3746bf1583a3a638ae650b,profile-match-award-competition-profile-awards-competition-unmatched,profile,match-award-competition,profile.awards.competition_unmatched,info,/profile?tab=awards,,,,admin_queue,redis_notification_feed|remote_push|email,,Award rows are linked to reviewed competition records,,
operator_review,ready_for_operator_review,dbc8709e2fca3a7750e035bd,profile-match-award-competition-profile-awards-competition-unmatched,profile,match-award-competition,profile.awards.competition_unmatched,info,/profile?tab=awards,,,,admin_queue,redis_notification_feed|remote_push|email,,Award rows are linked to reviewed competition records,,
operator_review,ready_for_operator_review,a5d338339df45749fb087e9b,profile-match-award-competition-profile-awards-competition-unmatched,profile,match-award-competition,profile.awards.competition_unmatched,info,/profile?tab=awards,,,,admin_queue,redis_notification_feed|remote_push|email,,Award rows are linked to reviewed competition records,,
user_prompt,ready_for_in_app_admin_delivery,7a29e78a2be76e25d6e24374,profile-prompt-user-profile-education,profile,prompt-user,profile.education,info,/profile?tab=education,Add education history,"Education history helps interpret GPA, curriculum, and school context.",Add education,in_app_readiness_surface|dashboard,redis_notification_feed|remote_push|email,profile-readiness:profile-prompt-user-profile-education:7a29e78a2be76e25d6e24374,User has education history rows,,
user_prompt,ready_for_in_app_admin_delivery,fbebd41cf5af26d73edb886c,profile-prompt-user-profile-education,profile,prompt-user,profile.education,info,/profile?tab=education,Add education history,"Education history helps interpret GPA, curriculum, and school context.",Add education,in_app_readiness_surface|dashboard,redis_notification_feed|remote_push|email,profile-readiness:profile-prompt-user-profile-education:fbebd41cf5af26d73edb886c,User has education history rows,,
user_prompt,ready_for_in_app_admin_delivery,819e264db561cad594fc3424,profile-prompt-user-profile-education,profile,prompt-user,profile.education,info,/profile?tab=education,Add education history,"Education history helps interpret GPA, curriculum, and school context.",Add education,in_app_readiness_surface|dashboard,redis_notification_feed|remote_push|email,profile-readiness:profile-prompt-user-profile-education:819e264db561cad594fc3424,User has education history rows,,
user_prompt,ready_for_in_app_admin_delivery,0894db086e3f4b4fc895f73a,profile-prompt-user-profile-education,profile,prompt-user,profile.education,info,/profile?tab=education,Add education history,"Education history helps interpret GPA, curriculum, and school context.",Add education,in_app_readiness_surface|dashboard,redis_notification_feed|remote_push|email,profile-readiness:profile-prompt-user-profile-education:0894db086e3f4b4fc895f73a,User has education history rows,,
user_prompt,ready_for_in_app_admin_delivery,ffd3d30f800c70b4474e17f0,profile-prompt-user-profile-education,profile,prompt-user,profile.education,info,/profile?tab=education,Add education history,"Education history helps interpret GPA, curriculum, and school context.",Add education,in_app_readiness_surface|dashboard,redis_notification_feed|remote_push|email,profile-readiness:profile-prompt-user-profile-education:ffd3d30f800c70b4474e17f0,User has education history rows,,
user_prompt,ready_for_in_app_admin_delivery,ab643620cb4c3d701bd65b74,profile-prompt-user-profile-education,profile,prompt-user,profile.education,info,/profile?tab=education,Add education history,"Education history helps interpret GPA, curriculum, and school context.",Add education,in_app_readiness_surface|dashboard,redis_notification_feed|remote_push|email,profile-readiness:profile-prompt-user-profile-education:ab643620cb4c3d701bd65b74,User has education history rows,,
user_prompt,ready_for_in_app_admin_delivery,c99677ed495aaf074082582c,profile-prompt-user-profile-education,profile,prompt-user,profile.education,info,/profile?tab=education,Add education history,"Education history helps interpret GPA, curriculum, and school context.",Add education,in_app_readiness_surface|dashboard,redis_notification_feed|remote_push|email,profile-readiness:profile-prompt-user-profile-education:c99677ed495aaf074082582c,User has education history rows,,
user_prompt,ready_for_in_app_admin_delivery,8758f245bb5b0e6bffd40998,profile-prompt-user-profile-education,profile,prompt-user,profile.education,info,/profile?tab=education,Add education history,"Education history helps interpret GPA, curriculum, and school context.",Add education,in_app_readiness_surface|dashboard,redis_notification_feed|remote_push|email,profile-readiness:profile-prompt-user-profile-education:8758f245bb5b0e6bffd40998,User has education history rows,,
user_prompt,ready_for_in_app_admin_delivery,742e79987159c980e75b20c7,profile-prompt-user-profile-education,profile,prompt-user,profile.education,info,/profile?tab=education,Add education history,"Education history helps interpret GPA, curriculum, and school context.",Add education,in_app_readiness_surface|dashboard,redis_notification_feed|remote_push|email,profile-readiness:profile-prompt-user-profile-education:742e79987159c980e75b20c7,User has education history rows,,
user_prompt,ready_for_in_app_admin_delivery,8af993107f24d792723e4fc1,profile-prompt-user-profile-education,profile,prompt-user,profile.education,info,/profile?tab=education,Add education history,"Education history helps interpret GPA, curriculum, and school context.",Add education,in_app_readiness_surface|dashboard,redis_notification_feed|remote_push|email,profile-readiness:profile-prompt-user-profile-education:8af993107f24d792723e4fc1,User has education history rows,,
user_prompt,ready_for_in_app_admin_delivery,023ef579e34956e6a8f61adb,profile-prompt-user-profile-education,profile,prompt-user,profile.education,info,/profile?tab=education,Add education history,"Education history helps interpret GPA, curriculum, and school context.",Add education,in_app_readiness_surface|dashboard,redis_notification_feed|remote_push|email,profile-readiness:profile-prompt-user-profile-education:023ef579e34956e6a8f61adb,User has education history rows,,
user_prompt,ready_for_in_app_admin_delivery,d74687608cda95b086d53cdc,profile-prompt-user-profile-education,profile,prompt-user,profile.education,info,/profile?tab=education,Add education history,"Education history helps interpret GPA, curriculum, and school context.",Add education,in_app_readiness_surface|dashboard,redis_notification_feed|remote_push|email,profile-readiness:profile-prompt-user-profile-education:d74687608cda95b086d53cdc,User has education history rows,,
user_prompt,ready_for_in_app_admin_delivery,138284095a25d1fae7337a3c,profile-prompt-user-profile-education,profile,prompt-user,profile.education,info,/profile?tab=education,Add education history,"Education history helps interpret GPA, curriculum, and school context.",Add education,in_app_readiness_surface|dashboard,redis_notification_feed|remote_push|email,profile-readiness:profile-prompt-user-profile-education:138284095a25d1fae7337a3c,User has education history rows,,
user_prompt,ready_for_in_app_admin_delivery,5de082603a9960cfa8117421,profile-prompt-user-profile-education,profile,prompt-user,profile.education,info,/profile?tab=education,Add education history,"Education history helps interpret GPA, curriculum, and school context.",Add education,in_app_readiness_surface|dashboard,redis_notification_feed|remote_push|email,profile-readiness:profile-prompt-user-profile-education:5de082603a9960cfa8117421,User has education history rows,,
user_prompt,ready_for_in_app_admin_delivery,06cab65bad990f73a0e2013e,profile-prompt-user-profile-education,profile,prompt-user,profile.education,info,/profile?tab=education,Add education history,"Education history helps interpret GPA, curriculum, and school context.",Add education,in_app_readiness_surface|dashboard,redis_notification_feed|remote_push|email,profile-readiness:profile-prompt-user-profile-education:06cab65bad990f73a0e2013e,User has education history rows,,
user_prompt,ready_for_in_app_admin_delivery,0bbf03a984664dce330f7155,profile-prompt-user-profile-education,profile,prompt-user,profile.education,info,/profile?tab=education,Add education history,"Education history helps interpret GPA, curriculum, and school context.",Add education,in_app_readiness_surface|dashboard,redis_notification_feed|remote_push|email,profile-readiness:profile-prompt-user-profile-education:0bbf03a984664dce330f7155,User has education history rows,,
user_prompt,ready_for_in_app_admin_delivery,0eb09c84fa76d4593c74706c,profile-prompt-user-profile-education,profile,prompt-user,profile.education,info,/profile?tab=education,Add education history,"Education history helps interpret GPA, curriculum, and school context.",Add education,in_app_readiness_surface|dashboard,redis_notification_feed|remote_push|email,profile-readiness:profile-prompt-user-profile-education:0eb09c84fa76d4593c74706c,User has education history rows,,
user_prompt,ready_for_in_app_admin_delivery,122faf6ff8256a49bad4e360,profile-prompt-user-profile-education,profile,prompt-user,profile.education,info,/profile?tab=education,Add education history,"Education history helps interpret GPA, curriculum, and school context.",Add education,in_app_readiness_surface|dashboard,redis_notification_feed|remote_push|email,profile-readiness:profile-prompt-user-profile-education:122faf6ff8256a49bad4e360,User has education history rows,,
user_prompt,ready_for_in_app_admin_delivery,3ad283595e8c8fc0b173911f,profile-prompt-user-profile-education,profile,prompt-user,profile.education,info,/profile?tab=education,Add education history,"Education history helps interpret GPA, curriculum, and school context.",Add education,in_app_readiness_surface|dashboard,redis_notification_feed|remote_push|email,profile-readiness:profile-prompt-user-profile-education:3ad283595e8c8fc0b173911f,User has education history rows,,
user_prompt,ready_for_in_app_admin_delivery,e0e634d85a0cf22c31cc8a35,profile-prompt-user-profile-education,profile,prompt-user,profile.education,info,/profile?tab=education,Add education history,"Education history helps interpret GPA, curriculum, and school context.",Add education,in_app_readiness_surface|dashboard,redis_notification_feed|remote_push|email,profile-readiness:profile-prompt-user-profile-education:e0e634d85a0cf22c31cc8a35,User has education history rows,,
user_prompt,ready_for_in_app_admin_delivery,832d3d67127cd463e2d158ef,profile-prompt-user-profile-education,profile,prompt-user,profile.education,info,/profile?tab=education,Add education history,"Education history helps interpret GPA, curriculum, and school context.",Add education,in_app_readiness_surface|dashboard,redis_notification_feed|remote_push|email,profile-readiness:profile-prompt-user-profile-education:832d3d67127cd463e2d158ef,User has education history rows,,
user_prompt,ready_for_in_app_admin_delivery,e77a4fa0fcedef43de0cb4bb,profile-prompt-user-profile-education,profile,prompt-user,profile.education,info,/profile?tab=education,Add education history,"Education history helps interpret GPA, curriculum, and school context.",Add education,in_app_readiness_surface|dashboard,redis_notification_feed|remote_push|email,profile-readiness:profile-prompt-user-profile-education:e77a4fa0fcedef43de0cb4bb,User has education history rows,,
user_prompt,ready_for_in_app_admin_delivery,10238acf3b2e2675d06ce76c,profile-prompt-user-profile-education,profile,prompt-user,profile.education,info,/profile?tab=education,Add education history,"Education history helps interpret GPA, curriculum, and school context.",Add education,in_app_readiness_surface|dashboard,redis_notification_feed|remote_push|email,profile-readiness:profile-prompt-user-profile-education:10238acf3b2e2675d06ce76c,User has education history rows,,
user_prompt,ready_for_in_app_admin_delivery,7819fedbfc32d7ad6de164f3,profile-prompt-user-profile-education,profile,prompt-user,profile.education,info,/profile?tab=education,Add education history,"Education history helps interpret GPA, curriculum, and school context.",Add education,in_app_readiness_surface|dashboard,redis_notification_feed|remote_push|email,profile-readiness:profile-prompt-user-profile-education:7819fedbfc32d7ad6de164f3,User has education history rows,,
user_prompt,ready_for_in_app_admin_delivery,4a947b901c3d9b7ce0481cf2,profile-prompt-user-profile-education,profile,prompt-user,profile.education,info,/profile?tab=education,Add education history,"Education history helps interpret GPA, curriculum, and school context.",Add education,in_app_readiness_surface|dashboard,redis_notification_feed|remote_push|email,profile-readiness:profile-prompt-user-profile-education:4a947b901c3d9b7ce0481cf2,User has education history rows,,
user_prompt,ready_for_in_app_admin_delivery,977aba20a74e363bcb348888,profile-prompt-user-profile-education,profile,prompt-user,profile.education,info,/profile?tab=education,Add education history,"Education history helps interpret GPA, curriculum, and school context.",Add education,in_app_readiness_surface|dashboard,redis_notification_feed|remote_push|email,profile-readiness:profile-prompt-user-profile-education:977aba20a74e363bcb348888,User has education history rows,,
user_prompt,ready_for_in_app_admin_delivery,bdfbfe398683d67d68f39557,profile-prompt-user-profile-education,profile,prompt-user,profile.education,info,/profile?tab=education,Add education history,"Education history helps interpret GPA, curriculum, and school context.",Add education,in_app_readiness_surface|dashboard,redis_notification_feed|remote_push|email,profile-readiness:profile-prompt-user-profile-education:bdfbfe398683d67d68f39557,User has education history rows,,
user_prompt,ready_for_in_app_admin_delivery,3f980c4c6e95243d6daa6974,profile-prompt-user-profile-education,profile,prompt-user,profile.education,info,/profile?tab=education,Add education history,"Education history helps interpret GPA, curriculum, and school context.",Add education,in_app_readiness_surface|dashboard,redis_notification_feed|remote_push|email,profile-readiness:profile-prompt-user-profile-education:3f980c4c6e95243d6daa6974,User has education history rows,,
user_prompt,ready_for_in_app_admin_delivery,95337d5e96446798743732c1,profile-prompt-user-profile-education,profile,prompt-user,profile.education,info,/profile?tab=education,Add education history,"Education history helps interpret GPA, curriculum, and school context.",Add education,in_app_readiness_surface|dashboard,redis_notification_feed|remote_push|email,profile-readiness:profile-prompt-user-profile-education:95337d5e96446798743732c1,User has education history rows,,
user_prompt,ready_for_in_app_admin_delivery,c1950cf2ac294babc3aadf4e,profile-prompt-user-profile-education,profile,prompt-user,profile.education,info,/profile?tab=education,Add education history,"Education history helps interpret GPA, curriculum, and school context.",Add education,in_app_readiness_surface|dashboard,redis_notification_feed|remote_push|email,profile-readiness:profile-prompt-user-profile-education:c1950cf2ac294babc3aadf4e,User has education history rows,,
user_prompt,ready_for_in_app_admin_delivery,566af6ea3815e2e9d4ec7b10,profile-prompt-user-profile-education,profile,prompt-user,profile.education,info,/profile?tab=education,Add education history,"Education history helps interpret GPA, curriculum, and school context.",Add education,in_app_readiness_surface|dashboard,redis_notification_feed|remote_push|email,profile-readiness:profile-prompt-user-profile-education:566af6ea3815e2e9d4ec7b10,User has education history rows,,
user_prompt,ready_for_in_app_admin_delivery,b49b375f2ecd18e1d3e2c548,profile-prompt-user-profile-education,profile,prompt-user,profile.education,info,/profile?tab=education,Add education history,"Education history helps interpret GPA, curriculum, and school context.",Add education,in_app_readiness_surface|dashboard,redis_notification_feed|remote_push|email,profile-readiness:profile-prompt-user-profile-education:b49b375f2ecd18e1d3e2c548,User has education history rows,,
user_prompt,ready_for_in_app_admin_delivery,4cab3e79c7dd8e492a909e7f,profile-prompt-user-profile-education,profile,prompt-user,profile.education,info,/profile?tab=education,Add education history,"Education history helps interpret GPA, curriculum, and school context.",Add education,in_app_readiness_surface|dashboard,redis_notification_feed|remote_push|email,profile-readiness:profile-prompt-user-profile-education:4cab3e79c7dd8e492a909e7f,User has education history rows,,
user_prompt,ready_for_in_app_admin_delivery,fae66721875e65f51507bf27,profile-prompt-user-profile-education,profile,prompt-user,profile.education,info,/profile?tab=education,Add education history,"Education history helps interpret GPA, curriculum, and school context.",Add education,in_app_readiness_surface|dashboard,redis_notification_feed|remote_push|email,profile-readiness:profile-prompt-user-profile-education:fae66721875e65f51507bf27,User has education history rows,,
user_prompt,ready_for_in_app_admin_delivery,7c8c8ff6a81333ff3e9a04a6,profile-prompt-user-profile-education,profile,prompt-user,profile.education,info,/profile?tab=education,Add education history,"Education history helps interpret GPA, curriculum, and school context.",Add education,in_app_readiness_surface|dashboard,redis_notification_feed|remote_push|email,profile-readiness:profile-prompt-user-profile-education:7c8c8ff6a81333ff3e9a04a6,User has education history rows,,
user_prompt,ready_for_in_app_admin_delivery,2317f70b9e80abca4ad0824d,profile-prompt-user-profile-education,profile,prompt-user,profile.education,info,/profile?tab=education,Add education history,"Education history helps interpret GPA, curriculum, and school context.",Add education,in_app_readiness_surface|dashboard,redis_notification_feed|remote_push|email,profile-readiness:profile-prompt-user-profile-education:2317f70b9e80abca4ad0824d,User has education history rows,,
user_prompt,ready_for_in_app_admin_delivery,53abd2f8c90243ba345fa599,profile-prompt-user-profile-education,profile,prompt-user,profile.education,info,/profile?tab=education,Add education history,"Education history helps interpret GPA, curriculum, and school context.",Add education,in_app_readiness_surface|dashboard,redis_notification_feed|remote_push|email,profile-readiness:profile-prompt-user-profile-education:53abd2f8c90243ba345fa599,User has education history rows,,
user_prompt,ready_for_in_app_admin_delivery,b4a7670b022c83cb17a856df,profile-prompt-user-profile-education,profile,prompt-user,profile.education,info,/profile?tab=education,Add education history,"Education history helps interpret GPA, curriculum, and school context.",Add education,in_app_readiness_surface|dashboard,redis_notification_feed|remote_push|email,profile-readiness:profile-prompt-user-profile-education:b4a7670b022c83cb17a856df,User has education history rows,,
user_prompt,ready_for_in_app_admin_delivery,9814382a1d3be3e627c28c80,profile-prompt-user-profile-education,profile,prompt-user,profile.education,info,/profile?tab=education,Add education history,"Education history helps interpret GPA, curriculum, and school context.",Add education,in_app_readiness_surface|dashboard,redis_notification_feed|remote_push|email,profile-readiness:profile-prompt-user-profile-education:9814382a1d3be3e627c28c80,User has education history rows,,
user_prompt,ready_for_in_app_admin_delivery,d4e514871d10cb9f36b65d29,profile-prompt-user-profile-education,profile,prompt-user,profile.education,info,/profile?tab=education,Add education history,"Education history helps interpret GPA, curriculum, and school context.",Add education,in_app_readiness_surface|dashboard,redis_notification_feed|remote_push|email,profile-readiness:profile-prompt-user-profile-education:d4e514871d10cb9f36b65d29,User has education history rows,,
user_prompt,ready_for_in_app_admin_delivery,1d0c77f67037725ac9e941b2,profile-prompt-user-profile-education,profile,prompt-user,profile.education,info,/profile?tab=education,Add education history,"Education history helps interpret GPA, curriculum, and school context.",Add education,in_app_readiness_surface|dashboard,redis_notification_feed|remote_push|email,profile-readiness:profile-prompt-user-profile-education:1d0c77f67037725ac9e941b2,User has education history rows,,
user_prompt,ready_for_in_app_admin_delivery,556224a224a1c7679127d097,profile-prompt-user-profile-education,profile,prompt-user,profile.education,info,/profile?tab=education,Add education history,"Education history helps interpret GPA, curriculum, and school context.",Add education,in_app_readiness_surface|dashboard,redis_notification_feed|remote_push|email,profile-readiness:profile-prompt-user-profile-education:556224a224a1c7679127d097,User has education history rows,,
user_prompt,ready_for_in_app_admin_delivery,f371531d3d25666bda7eafeb,profile-prompt-user-profile-education,profile,prompt-user,profile.education,info,/profile?tab=education,Add education history,"Education history helps interpret GPA, curriculum, and school context.",Add education,in_app_readiness_surface|dashboard,redis_notification_feed|remote_push|email,profile-readiness:profile-prompt-user-profile-education:f371531d3d25666bda7eafeb,User has education history rows,,
user_prompt,ready_for_in_app_admin_delivery,a2d3062f8e09c9cc2ddbd88d,profile-prompt-user-profile-education,profile,prompt-user,profile.education,info,/profile?tab=education,Add education history,"Education history helps interpret GPA, curriculum, and school context.",Add education,in_app_readiness_surface|dashboard,redis_notification_feed|remote_push|email,profile-readiness:profile-prompt-user-profile-education:a2d3062f8e09c9cc2ddbd88d,User has education history rows,,
user_prompt,ready_for_in_app_admin_delivery,5424d5ace64e813a2f73dceb,profile-prompt-user-profile-education,profile,prompt-user,profile.education,info,/profile?tab=education,Add education history,"Education history helps interpret GPA, curriculum, and school context.",Add education,in_app_readiness_surface|dashboard,redis_notification_feed|remote_push|email,profile-readiness:profile-prompt-user-profile-education:5424d5ace64e813a2f73dceb,User has education history rows,,
user_prompt,ready_for_in_app_admin_delivery,67db31e10f819cc055ebc5e6,profile-prompt-user-profile-education,profile,prompt-user,profile.education,info,/profile?tab=education,Add education history,"Education history helps interpret GPA, curriculum, and school context.",Add education,in_app_readiness_surface|dashboard,redis_notification_feed|remote_push|email,profile-readiness:profile-prompt-user-profile-education:67db31e10f819cc055ebc5e6,User has education history rows,,
user_prompt,ready_for_in_app_admin_delivery,21453a247f2c36664ca1f4e7,profile-prompt-user-profile-education,profile,prompt-user,profile.education,info,/profile?tab=education,Add education history,"Education history helps interpret GPA, curriculum, and school context.",Add education,in_app_readiness_surface|dashboard,redis_notification_feed|remote_push|email,profile-readiness:profile-prompt-user-profile-education:21453a247f2c36664ca1f4e7,User has education history rows,,
user_prompt,ready_for_in_app_admin_delivery,bc78a5a24d4822c1254deb2d,profile-prompt-user-profile-education,profile,prompt-user,profile.education,info,/profile?tab=education,Add education history,"Education history helps interpret GPA, curriculum, and school context.",Add education,in_app_readiness_surface|dashboard,redis_notification_feed|remote_push|email,profile-readiness:profile-prompt-user-profile-education:bc78a5a24d4822c1254deb2d,User has education history rows,,
user_prompt,ready_for_in_app_admin_delivery,9d929fa72ae2cc1c5f3d8d82,profile-prompt-user-profile-education,profile,prompt-user,profile.education,info,/profile?tab=education,Add education history,"Education history helps interpret GPA, curriculum, and school context.",Add education,in_app_readiness_surface|dashboard,redis_notification_feed|remote_push|email,profile-readiness:profile-prompt-user-profile-education:9d929fa72ae2cc1c5f3d8d82,User has education history rows,,
user_prompt,ready_for_in_app_admin_delivery,8c13a70fc5c14aacfa48572e,profile-prompt-user-profile-education,profile,prompt-user,profile.education,info,/profile?tab=education,Add education history,"Education history helps interpret GPA, curriculum, and school context.",Add education,in_app_readiness_surface|dashboard,redis_notification_feed|remote_push|email,profile-readiness:profile-prompt-user-profile-education:8c13a70fc5c14aacfa48572e,User has education history rows,,
user_prompt,ready_for_in_app_admin_delivery,5e71abdcb6160d9592741988,profile-prompt-user-profile-education,profile,prompt-user,profile.education,info,/profile?tab=education,Add education history,"Education history helps interpret GPA, curriculum, and school context.",Add education,in_app_readiness_surface|dashboard,redis_notification_feed|remote_push|email,profile-readiness:profile-prompt-user-profile-education:5e71abdcb6160d9592741988,User has education history rows,,
user_prompt,ready_for_in_app_admin_delivery,8d2ae0fbd6efab48cb0052c2,profile-prompt-user-profile-education,profile,prompt-user,profile.education,info,/profile?tab=education,Add education history,"Education history helps interpret GPA, curriculum, and school context.",Add education,in_app_readiness_surface|dashboard,redis_notification_feed|remote_push|email,profile-readiness:profile-prompt-user-profile-education:8d2ae0fbd6efab48cb0052c2,User has education history rows,,
user_prompt,ready_for_in_app_admin_delivery,adb916c3e591190afd9b45f8,profile-prompt-user-profile-education,profile,prompt-user,profile.education,info,/profile?tab=education,Add education history,"Education history helps interpret GPA, curriculum, and school context.",Add education,in_app_readiness_surface|dashboard,redis_notification_feed|remote_push|email,profile-readiness:profile-prompt-user-profile-education:adb916c3e591190afd9b45f8,User has education history rows,,
user_prompt,ready_for_in_app_admin_delivery,00c69013a76020fd12b4db56,profile-prompt-user-profile-education,profile,prompt-user,profile.education,info,/profile?tab=education,Add education history,"Education history helps interpret GPA, curriculum, and school context.",Add education,in_app_readiness_surface|dashboard,redis_notification_feed|remote_push|email,profile-readiness:profile-prompt-user-profile-education:00c69013a76020fd12b4db56,User has education history rows,,
user_prompt,ready_for_in_app_admin_delivery,1fcb3fd1f8acdc0e2e312acc,profile-prompt-user-profile-education,profile,prompt-user,profile.education,info,/profile?tab=education,Add education history,"Education history helps interpret GPA, curriculum, and school context.",Add education,in_app_readiness_surface|dashboard,redis_notification_feed|remote_push|email,profile-readiness:profile-prompt-user-profile-education:1fcb3fd1f8acdc0e2e312acc,User has education history rows,,
user_prompt,ready_for_in_app_admin_delivery,805c5da5dfebc142dddca509,profile-prompt-user-profile-education,profile,prompt-user,profile.education,info,/profile?tab=education,Add education history,"Education history helps interpret GPA, curriculum, and school context.",Add education,in_app_readiness_surface|dashboard,redis_notification_feed|remote_push|email,profile-readiness:profile-prompt-user-profile-education:805c5da5dfebc142dddca509,User has education history rows,,
user_prompt,ready_for_in_app_admin_delivery,176643ab074df2c6330bdc05,profile-prompt-user-profile-education,profile,prompt-user,profile.education,info,/profile?tab=education,Add education history,"Education history helps interpret GPA, curriculum, and school context.",Add education,in_app_readiness_surface|dashboard,redis_notification_feed|remote_push|email,profile-readiness:profile-prompt-user-profile-education:176643ab074df2c6330bdc05,User has education history rows,,
user_prompt,ready_for_in_app_admin_delivery,c33c10777a45726a21deed93,profile-prompt-user-profile-education,profile,prompt-user,profile.education,info,/profile?tab=education,Add education history,"Education history helps interpret GPA, curriculum, and school context.",Add education,in_app_readiness_surface|dashboard,redis_notification_feed|remote_push|email,profile-readiness:profile-prompt-user-profile-education:c33c10777a45726a21deed93,User has education history rows,,
user_prompt,ready_for_in_app_admin_delivery,ee27103855fd947a0585e587,profile-prompt-user-profile-education,profile,prompt-user,profile.education,info,/profile?tab=education,Add education history,"Education history helps interpret GPA, curriculum, and school context.",Add education,in_app_readiness_surface|dashboard,redis_notification_feed|remote_push|email,profile-readiness:profile-prompt-user-profile-education:ee27103855fd947a0585e587,User has education history rows,,
user_prompt,ready_for_in_app_admin_delivery,d0b967b32741d9ec6459f774,profile-prompt-user-profile-education,profile,prompt-user,profile.education,info,/profile?tab=education,Add education history,"Education history helps interpret GPA, curriculum, and school context.",Add education,in_app_readiness_surface|dashboard,redis_notification_feed|remote_push|email,profile-readiness:profile-prompt-user-profile-education:d0b967b32741d9ec6459f774,User has education history rows,,
user_prompt,ready_for_in_app_admin_delivery,f0dca2416b19d212b3180e2a,profile-prompt-user-profile-education,profile,prompt-user,profile.education,info,/profile?tab=education,Add education history,"Education history helps interpret GPA, curriculum, and school context.",Add education,in_app_readiness_surface|dashboard,redis_notification_feed|remote_push|email,profile-readiness:profile-prompt-user-profile-education:f0dca2416b19d212b3180e2a,User has education history rows,,
user_prompt,ready_for_in_app_admin_delivery,3d0f9da60e8980d06930b481,profile-prompt-user-profile-education,profile,prompt-user,profile.education,info,/profile?tab=education,Add education history,"Education history helps interpret GPA, curriculum, and school context.",Add education,in_app_readiness_surface|dashboard,redis_notification_feed|remote_push|email,profile-readiness:profile-prompt-user-profile-education:3d0f9da60e8980d06930b481,User has education history rows,,
user_prompt,ready_for_in_app_admin_delivery,ca5eb63722908f440c293dc4,profile-prompt-user-profile-education,profile,prompt-user,profile.education,info,/profile?tab=education,Add education history,"Education history helps interpret GPA, curriculum, and school context.",Add education,in_app_readiness_surface|dashboard,redis_notification_feed|remote_push|email,profile-readiness:profile-prompt-user-profile-education:ca5eb63722908f440c293dc4,User has education history rows,,
user_prompt,ready_for_in_app_admin_delivery,9f15e7b53f10db2c2e0f4099,profile-prompt-user-profile-education,profile,prompt-user,profile.education,info,/profile?tab=education,Add education history,"Education history helps interpret GPA, curriculum, and school context.",Add education,in_app_readiness_surface|dashboard,redis_notification_feed|remote_push|email,profile-readiness:profile-prompt-user-profile-education:9f15e7b53f10db2c2e0f4099,User has education history rows,,
user_prompt,ready_for_in_app_admin_delivery,33c78f08811b5c66f475a7f1,profile-prompt-user-profile-education,profile,prompt-user,profile.education,info,/profile?tab=education,Add education history,"Education history helps interpret GPA, curriculum, and school context.",Add education,in_app_readiness_surface|dashboard,redis_notification_feed|remote_push|email,profile-readiness:profile-prompt-user-profile-education:33c78f08811b5c66f475a7f1,User has education history rows,,
user_prompt,ready_for_in_app_admin_delivery,cd0e333cdda02719666fbe49,profile-prompt-user-profile-education,profile,prompt-user,profile.education,info,/profile?tab=education,Add education history,"Education history helps interpret GPA, curriculum, and school context.",Add education,in_app_readiness_surface|dashboard,redis_notification_feed|remote_push|email,profile-readiness:profile-prompt-user-profile-education:cd0e333cdda02719666fbe49,User has education history rows,,
user_prompt,ready_for_in_app_admin_delivery,980eac363cffa8fdead3089a,profile-prompt-user-profile-education,profile,prompt-user,profile.education,info,/profile?tab=education,Add education history,"Education history helps interpret GPA, curriculum, and school context.",Add education,in_app_readiness_surface|dashboard,redis_notification_feed|remote_push|email,profile-readiness:profile-prompt-user-profile-education:980eac363cffa8fdead3089a,User has education history rows,,
user_prompt,ready_for_in_app_admin_delivery,4dff462899d7fb76f8396bdd,profile-prompt-user-profile-education,profile,prompt-user,profile.education,info,/profile?tab=education,Add education history,"Education history helps interpret GPA, curriculum, and school context.",Add education,in_app_readiness_surface|dashboard,redis_notification_feed|remote_push|email,profile-readiness:profile-prompt-user-profile-education:4dff462899d7fb76f8396bdd,User has education history rows,,
user_prompt,ready_for_in_app_admin_delivery,95516cf74b0d570a8bd7faf3,profile-prompt-user-profile-education,profile,prompt-user,profile.education,info,/profile?tab=education,Add education history,"Education history helps interpret GPA, curriculum, and school context.",Add education,in_app_readiness_surface|dashboard,redis_notification_feed|remote_push|email,profile-readiness:profile-prompt-user-profile-education:95516cf74b0d570a8bd7faf3,User has education history rows,,
user_prompt,ready_for_in_app_admin_delivery,b8c3f50120c9a5d54a39ddb5,profile-prompt-user-profile-education,profile,prompt-user,profile.education,info,/profile?tab=education,Add education history,"Education history helps interpret GPA, curriculum, and school context.",Add education,in_app_readiness_surface|dashboard,redis_notification_feed|remote_push|email,profile-readiness:profile-prompt-user-profile-education:b8c3f50120c9a5d54a39ddb5,User has education history rows,,
user_prompt,ready_for_in_app_admin_delivery,e6ac6819060422a01033b7c2,profile-prompt-user-profile-education,profile,prompt-user,profile.education,info,/profile?tab=education,Add education history,"Education history helps interpret GPA, curriculum, and school context.",Add education,in_app_readiness_surface|dashboard,redis_notification_feed|remote_push|email,profile-readiness:profile-prompt-user-profile-education:e6ac6819060422a01033b7c2,User has education history rows,,
user_prompt,ready_for_in_app_admin_delivery,0487162eb16fe3731a2dcd5f,profile-prompt-user-profile-education,profile,prompt-user,profile.education,info,/profile?tab=education,Add education history,"Education history helps interpret GPA, curriculum, and school context.",Add education,in_app_readiness_surface|dashboard,redis_notification_feed|remote_push|email,profile-readiness:profile-prompt-user-profile-education:0487162eb16fe3731a2dcd5f,User has education history rows,,
user_prompt,ready_for_in_app_admin_delivery,625571854e8fb624c0e36346,profile-prompt-user-profile-education,profile,prompt-user,profile.education,info,/profile?tab=education,Add education history,"Education history helps interpret GPA, curriculum, and school context.",Add education,in_app_readiness_surface|dashboard,redis_notification_feed|remote_push|email,profile-readiness:profile-prompt-user-profile-education:625571854e8fb624c0e36346,User has education history rows,,
user_prompt,ready_for_in_app_admin_delivery,8f44cd19e12bead2f651a52f,profile-prompt-user-profile-education,profile,prompt-user,profile.education,info,/profile?tab=education,Add education history,"Education history helps interpret GPA, curriculum, and school context.",Add education,in_app_readiness_surface|dashboard,redis_notification_feed|remote_push|email,profile-readiness:profile-prompt-user-profile-education:8f44cd19e12bead2f651a52f,User has education history rows,,
user_prompt,ready_for_in_app_admin_delivery,12d9095e28814d34280ce5f8,profile-prompt-user-profile-education,profile,prompt-user,profile.education,info,/profile?tab=education,Add education history,"Education history helps interpret GPA, curriculum, and school context.",Add education,in_app_readiness_surface|dashboard,redis_notification_feed|remote_push|email,profile-readiness:profile-prompt-user-profile-education:12d9095e28814d34280ce5f8,User has education history rows,,
user_prompt,ready_for_in_app_admin_delivery,512557be39aeec8a261e16f5,profile-prompt-user-profile-education,profile,prompt-user,profile.education,info,/profile?tab=education,Add education history,"Education history helps interpret GPA, curriculum, and school context.",Add education,in_app_readiness_surface|dashboard,redis_notification_feed|remote_push|email,profile-readiness:profile-prompt-user-profile-education:512557be39aeec8a261e16f5,User has education history rows,,
user_prompt,ready_for_in_app_admin_delivery,8a9894f022079555414c8aeb,profile-prompt-user-profile-education,profile,prompt-user,profile.education,info,/profile?tab=education,Add education history,"Education history helps interpret GPA, curriculum, and school context.",Add education,in_app_readiness_surface|dashboard,redis_notification_feed|remote_push|email,profile-readiness:profile-prompt-user-profile-education:8a9894f022079555414c8aeb,User has education history rows,,
user_prompt,ready_for_in_app_admin_delivery,6174b3d014f4f619a3ff6b72,profile-prompt-user-profile-education,profile,prompt-user,profile.education,info,/profile?tab=education,Add education history,"Education history helps interpret GPA, curriculum, and school context.",Add education,in_app_readiness_surface|dashboard,redis_notification_feed|remote_push|email,profile-readiness:profile-prompt-user-profile-education:6174b3d014f4f619a3ff6b72,User has education history rows,,
user_prompt,ready_for_in_app_admin_delivery,ef468fe3f9990bb15e47ad28,profile-prompt-user-profile-education,profile,prompt-user,profile.education,info,/profile?tab=education,Add education history,"Education history helps interpret GPA, curriculum, and school context.",Add education,in_app_readiness_surface|dashboard,redis_notification_feed|remote_push|email,profile-readiness:profile-prompt-user-profile-education:ef468fe3f9990bb15e47ad28,User has education history rows,,
user_prompt,ready_for_in_app_admin_delivery,120e94098a641151055e7401,profile-prompt-user-profile-education,profile,prompt-user,profile.education,info,/profile?tab=education,Add education history,"Education history helps interpret GPA, curriculum, and school context.",Add education,in_app_readiness_surface|dashboard,redis_notification_feed|remote_push|email,profile-readiness:profile-prompt-user-profile-education:120e94098a641151055e7401,User has education history rows,,
user_prompt,ready_for_in_app_admin_delivery,d9259906488359e282745726,profile-prompt-user-profile-education,profile,prompt-user,profile.education,info,/profile?tab=education,Add education history,"Education history helps interpret GPA, curriculum, and school context.",Add education,in_app_readiness_surface|dashboard,redis_notification_feed|remote_push|email,profile-readiness:profile-prompt-user-profile-education:d9259906488359e282745726,User has education history rows,,
user_prompt,ready_for_in_app_admin_delivery,beeae0f88a46824bd6e36f90,profile-prompt-user-profile-education,profile,prompt-user,profile.education,info,/profile?tab=education,Add education history,"Education history helps interpret GPA, curriculum, and school context.",Add education,in_app_readiness_surface|dashboard,redis_notification_feed|remote_push|email,profile-readiness:profile-prompt-user-profile-education:beeae0f88a46824bd6e36f90,User has education history rows,,
user_prompt,ready_for_in_app_admin_delivery,962fe005af82e4f313bedb2d,profile-prompt-user-profile-education,profile,prompt-user,profile.education,info,/profile?tab=education,Add education history,"Education history helps interpret GPA, curriculum, and school context.",Add education,in_app_readiness_surface|dashboard,redis_notification_feed|remote_push|email,profile-readiness:profile-prompt-user-profile-education:962fe005af82e4f313bedb2d,User has education history rows,,
user_prompt,ready_for_in_app_admin_delivery,e2d4f5f8fc21d9e4dd7d2df2,profile-prompt-user-profile-education,profile,prompt-user,profile.education,info,/profile?tab=education,Add education history,"Education history helps interpret GPA, curriculum, and school context.",Add education,in_app_readiness_surface|dashboard,redis_notification_feed|remote_push|email,profile-readiness:profile-prompt-user-profile-education:e2d4f5f8fc21d9e4dd7d2df2,User has education history rows,,
user_prompt,ready_for_in_app_admin_delivery,dcade48028aa7004b2e2b982,profile-prompt-user-profile-education,profile,prompt-user,profile.education,info,/profile?tab=education,Add education history,"Education history helps interpret GPA, curriculum, and school context.",Add education,in_app_readiness_surface|dashboard,redis_notification_feed|remote_push|email,profile-readiness:profile-prompt-user-profile-education:dcade48028aa7004b2e2b982,User has education history rows,,
user_prompt,ready_for_in_app_admin_delivery,da83d1a201eb1e0112b7eec4,profile-prompt-user-profile-education,profile,prompt-user,profile.education,info,/profile?tab=education,Add education history,"Education history helps interpret GPA, curriculum, and school context.",Add education,in_app_readiness_surface|dashboard,redis_notification_feed|remote_push|email,profile-readiness:profile-prompt-user-profile-education:da83d1a201eb1e0112b7eec4,User has education history rows,,
user_prompt,ready_for_in_app_admin_delivery,0f06d8ca1b23d3a1dc68a6eb,profile-prompt-user-profile-education,profile,prompt-user,profile.education,info,/profile?tab=education,Add education history,"Education history helps interpret GPA, curriculum, and school context.",Add education,in_app_readiness_surface|dashboard,redis_notification_feed|remote_push|email,profile-readiness:profile-prompt-user-profile-education:0f06d8ca1b23d3a1dc68a6eb,User has education history rows,,
user_prompt,ready_for_in_app_admin_delivery,473c4613d839068ba7855d82,profile-prompt-user-profile-education,profile,prompt-user,profile.education,info,/profile?tab=education,Add education history,"Education history helps interpret GPA, curriculum, and school context.",Add education,in_app_readiness_surface|dashboard,redis_notification_feed|remote_push|email,profile-readiness:profile-prompt-user-profile-education:473c4613d839068ba7855d82,User has education history rows,,
user_prompt,ready_for_in_app_admin_delivery,30644d4d38a7469292f1c5ee,profile-prompt-user-profile-education,profile,prompt-user,profile.education,info,/profile?tab=education,Add education history,"Education history helps interpret GPA, curriculum, and school context.",Add education,in_app_readiness_surface|dashboard,redis_notification_feed|remote_push|email,profile-readiness:profile-prompt-user-profile-education:30644d4d38a7469292f1c5ee,User has education history rows,,
user_prompt,ready_for_in_app_admin_delivery,0defed87eef77bb11270748d,profile-prompt-user-profile-education,profile,prompt-user,profile.education,info,/profile?tab=education,Add education history,"Education history helps interpret GPA, curriculum, and school context.",Add education,in_app_readiness_surface|dashboard,redis_notification_feed|remote_push|email,profile-readiness:profile-prompt-user-profile-education:0defed87eef77bb11270748d,User has education history rows,,
user_prompt,ready_for_in_app_admin_delivery,cc241cedf886e14bf508182b,profile-prompt-user-profile-education,profile,prompt-user,profile.education,info,/profile?tab=education,Add education history,"Education history helps interpret GPA, curriculum, and school context.",Add education,in_app_readiness_surface|dashboard,redis_notification_feed|remote_push|email,profile-readiness:profile-prompt-user-profile-education:cc241cedf886e14bf508182b,User has education history rows,,
user_prompt,ready_for_in_app_admin_delivery,85490fb37f0bdf02f563ea85,profile-prompt-user-profile-education,profile,prompt-user,profile.education,info,/profile?tab=education,Add education history,"Education history helps interpret GPA, curriculum, and school context.",Add education,in_app_readiness_surface|dashboard,redis_notification_feed|remote_push|email,profile-readiness:profile-prompt-user-profile-education:85490fb37f0bdf02f563ea85,User has education history rows,,
user_prompt,ready_for_in_app_admin_delivery,12c0646647db687d1a65aed0,profile-prompt-user-profile-education,profile,prompt-user,profile.education,info,/profile?tab=education,Add education history,"Education history helps interpret GPA, curriculum, and school context.",Add education,in_app_readiness_surface|dashboard,redis_notification_feed|remote_push|email,profile-readiness:profile-prompt-user-profile-education:12c0646647db687d1a65aed0,User has education history rows,,
user_prompt,ready_for_in_app_admin_delivery,a11417640be59bed20bc3a98,profile-prompt-user-profile-education,profile,prompt-user,profile.education,info,/profile?tab=education,Add education history,"Education history helps interpret GPA, curriculum, and school context.",Add education,in_app_readiness_surface|dashboard,redis_notification_feed|remote_push|email,profile-readiness:profile-prompt-user-profile-education:a11417640be59bed20bc3a98,User has education history rows,,
user_prompt,ready_for_in_app_admin_delivery,8f66d4f73209fbaccd3033bf,profile-prompt-user-profile-education,profile,prompt-user,profile.education,info,/profile?tab=education,Add education history,"Education history helps interpret GPA, curriculum, and school context.",Add education,in_app_readiness_surface|dashboard,redis_notification_feed|remote_push|email,profile-readiness:profile-prompt-user-profile-education:8f66d4f73209fbaccd3033bf,User has education history rows,,
user_prompt,ready_for_in_app_admin_delivery,c20f861a8c401467478f1ff8,profile-prompt-user-profile-education,profile,prompt-user,profile.education,info,/profile?tab=education,Add education history,"Education history helps interpret GPA, curriculum, and school context.",Add education,in_app_readiness_surface|dashboard,redis_notification_feed|remote_push|email,profile-readiness:profile-prompt-user-profile-education:c20f861a8c401467478f1ff8,User has education history rows,,
user_prompt,ready_for_in_app_admin_delivery,3e9f49d50ab7d023f1a8e39e,profile-prompt-user-profile-education,profile,prompt-user,profile.education,info,/profile?tab=education,Add education history,"Education history helps interpret GPA, curriculum, and school context.",Add education,in_app_readiness_surface|dashboard,redis_notification_feed|remote_push|email,profile-readiness:profile-prompt-user-profile-education:3e9f49d50ab7d023f1a8e39e,User has education history rows,,
user_prompt,ready_for_in_app_admin_delivery,8e31c7196b60b7f62dbf3e4d,profile-prompt-user-profile-education,profile,prompt-user,profile.education,info,/profile?tab=education,Add education history,"Education history helps interpret GPA, curriculum, and school context.",Add education,in_app_readiness_surface|dashboard,redis_notification_feed|remote_push|email,profile-readiness:profile-prompt-user-profile-education:8e31c7196b60b7f62dbf3e4d,User has education history rows,,
user_prompt,ready_for_in_app_admin_delivery,8965a5653322427763446164,profile-prompt-user-profile-education,profile,prompt-user,profile.education,info,/profile?tab=education,Add education history,"Education history helps interpret GPA, curriculum, and school context.",Add education,in_app_readiness_surface|dashboard,redis_notification_feed|remote_push|email,profile-readiness:profile-prompt-user-profile-education:8965a5653322427763446164,User has education history rows,,
user_prompt,ready_for_in_app_admin_delivery,dbc8709e2fca3a7750e035bd,profile-prompt-user-profile-education,profile,prompt-user,profile.education,info,/profile?tab=education,Add education history,"Education history helps interpret GPA, curriculum, and school context.",Add education,in_app_readiness_surface|dashboard,redis_notification_feed|remote_push|email,profile-readiness:profile-prompt-user-profile-education:dbc8709e2fca3a7750e035bd,User has education history rows,,
user_prompt,ready_for_in_app_admin_delivery,a5d338339df45749fb087e9b,profile-prompt-user-profile-education,profile,prompt-user,profile.education,info,/profile?tab=education,Add education history,"Education history helps interpret GPA, curriculum, and school context.",Add education,in_app_readiness_surface|dashboard,redis_notification_feed|remote_push|email,profile-readiness:profile-prompt-user-profile-education:a5d338339df45749fb087e9b,User has education history rows,,
user_prompt,ready_for_in_app_admin_delivery,f0c5fc6faa1df34435ff29e2,profile-prompt-user-profile-education,profile,prompt-user,profile.education,info,/profile?tab=education,Add education history,"Education history helps interpret GPA, curriculum, and school context.",Add education,in_app_readiness_surface|dashboard,redis_notification_feed|remote_push|email,profile-readiness:profile-prompt-user-profile-education:f0c5fc6faa1df34435ff29e2,User has education history rows,,
user_prompt,ready_for_in_app_admin_delivery,ef10e256980dcebb77dfd621,profile-prompt-user-profile-education,profile,prompt-user,profile.education,info,/profile?tab=education,Add education history,"Education history helps interpret GPA, curriculum, and school context.",Add education,in_app_readiness_surface|dashboard,redis_notification_feed|remote_push|email,profile-readiness:profile-prompt-user-profile-education:ef10e256980dcebb77dfd621,User has education history rows,,
user_prompt,ready_for_in_app_admin_delivery,a365f08979a29f52d46a610c,profile-prompt-user-profile-education,profile,prompt-user,profile.education,info,/profile?tab=education,Add education history,"Education history helps interpret GPA, curriculum, and school context.",Add education,in_app_readiness_surface|dashboard,redis_notification_feed|remote_push|email,profile-readiness:profile-prompt-user-profile-education:a365f08979a29f52d46a610c,User has education history rows,,
user_prompt,ready_for_in_app_admin_delivery,151da5994495423f1806b2f0,profile-prompt-user-profile-education,profile,prompt-user,profile.education,info,/profile?tab=education,Add education history,"Education history helps interpret GPA, curriculum, and school context.",Add education,in_app_readiness_surface|dashboard,redis_notification_feed|remote_push|email,profile-readiness:profile-prompt-user-profile-education:151da5994495423f1806b2f0,User has education history rows,,
user_prompt,ready_for_in_app_admin_delivery,090d8e54b0e955027644958a,profile-prompt-user-profile-education,profile,prompt-user,profile.education,info,/profile?tab=education,Add education history,"Education history helps interpret GPA, curriculum, and school context.",Add education,in_app_readiness_surface|dashboard,redis_notification_feed|remote_push|email,profile-readiness:profile-prompt-user-profile-education:090d8e54b0e955027644958a,User has education history rows,,
user_prompt,ready_for_in_app_admin_delivery,6f95063993edc2d69b750760,profile-prompt-user-profile-education,profile,prompt-user,profile.education,info,/profile?tab=education,Add education history,"Education history helps interpret GPA, curriculum, and school context.",Add education,in_app_readiness_surface|dashboard,redis_notification_feed|remote_push|email,profile-readiness:profile-prompt-user-profile-education:6f95063993edc2d69b750760,User has education history rows,,
user_prompt,ready_for_in_app_admin_delivery,49d7694af58affd0f130bcae,profile-prompt-user-profile-education,profile,prompt-user,profile.education,info,/profile?tab=education,Add education history,"Education history helps interpret GPA, curriculum, and school context.",Add education,in_app_readiness_surface|dashboard,redis_notification_feed|remote_push|email,profile-readiness:profile-prompt-user-profile-education:49d7694af58affd0f130bcae,User has education history rows,,
user_prompt,ready_for_in_app_admin_delivery,220b9db20712a950a9b77b12,profile-prompt-user-profile-education,profile,prompt-user,profile.education,info,/profile?tab=education,Add education history,"Education history helps interpret GPA, curriculum, and school context.",Add education,in_app_readiness_surface|dashboard,redis_notification_feed|remote_push|email,profile-readiness:profile-prompt-user-profile-education:220b9db20712a950a9b77b12,User has education history rows,,
user_prompt,ready_for_in_app_admin_delivery,c8f04079c9635234dcac71c3,profile-prompt-user-profile-education,profile,prompt-user,profile.education,info,/profile?tab=education,Add education history,"Education history helps interpret GPA, curriculum, and school context.",Add education,in_app_readiness_surface|dashboard,redis_notification_feed|remote_push|email,profile-readiness:profile-prompt-user-profile-education:c8f04079c9635234dcac71c3,User has education history rows,,
user_prompt,ready_for_in_app_admin_delivery,1588484e9c43a3c90218c532,profile-prompt-user-profile-education,profile,prompt-user,profile.education,info,/profile?tab=education,Add education history,"Education history helps interpret GPA, curriculum, and school context.",Add education,in_app_readiness_surface|dashboard,redis_notification_feed|remote_push|email,profile-readiness:profile-prompt-user-profile-education:1588484e9c43a3c90218c532,User has education history rows,,
user_prompt,ready_for_in_app_admin_delivery,97d38830683f5a612a219f6e,profile-prompt-user-profile-education,profile,prompt-user,profile.education,info,/profile?tab=education,Add education history,"Education history helps interpret GPA, curriculum, and school context.",Add education,in_app_readiness_surface|dashboard,redis_notification_feed|remote_push|email,profile-readiness:profile-prompt-user-profile-education:97d38830683f5a612a219f6e,User has education history rows,,
user_prompt,ready_for_in_app_admin_delivery,52fc44e64057db34b5c2120d,timeline-prompt-user-timeline-overdue-tasks,timeline,prompt-user,timeline.overdue_tasks,info,/timeline,Review overdue timeline tasks,Overdue tasks can hide execution risk even when your school list is ready.,Open timeline,in_app_readiness_surface|dashboard,redis_notification_feed|remote_push|email,profile-readiness:timeline-prompt-user-timeline-overdue-tasks:52fc44e64057db34b5c2120d,No overdue application timeline tasks remain,,
user_prompt,ready_for_in_app_admin_delivery,d2873959d1b08e2959358f2c,timeline-prompt-user-timeline-overdue-tasks,timeline,prompt-user,timeline.overdue_tasks,info,/timeline,Review overdue timeline tasks,Overdue tasks can hide execution risk even when your school list is ready.,Open timeline,in_app_readiness_surface|dashboard,redis_notification_feed|remote_push|email,profile-readiness:timeline-prompt-user-timeline-overdue-tasks:d2873959d1b08e2959358f2c,No overdue application timeline tasks remain,,
user_prompt,ready_for_in_app_admin_delivery,8f07e9c0290d4e24209a80f2,timeline-prompt-user-timeline-overdue-tasks,timeline,prompt-user,timeline.overdue_tasks,info,/timeline,Review overdue timeline tasks,Overdue tasks can hide execution risk even when your school list is ready.,Open timeline,in_app_readiness_surface|dashboard,redis_notification_feed|remote_push|email,profile-readiness:timeline-prompt-user-timeline-overdue-tasks:8f07e9c0290d4e24209a80f2,No overdue application timeline tasks remain,,
