queue,status,recipientKey,campaignId,domain,action,gap,severity,route,title,content,cta,allowedChannels,liveChannelsDisabled,frequencyDedupeKey,suppressWhen,schoolId,schoolName
user_prompt,ready_for_in_app_admin_delivery,76173fed23213267fcbdb625,profile-prompt-user-profile-gpa-anchor,profile,prompt-user,profile.gpa_anchor,critical,/profile?tab=gpa,Complete your GPA anchor,Add GPA and scale so predictions and school-list advice use your real academic baseline.,Update GPA,in_app_readiness_surface|dashboard,redis_notification_feed|remote_push|email,profile-readiness:profile-prompt-user-profile-gpa-anchor:76173fed23213267fcbdb625,Profile has GPA value and GPA scale,,
user_prompt,ready_for_in_app_admin_delivery,30fe2d5347423af96ac6d4da,profile-prompt-user-profile-gpa-anchor,profile,prompt-user,profile.gpa_anchor,critical,/profile?tab=gpa,Complete your GPA anchor,Add GPA and scale so predictions and school-list advice use your real academic baseline.,Update GPA,in_app_readiness_surface|dashboard,redis_notification_feed|remote_push|email,profile-readiness:profile-prompt-user-profile-gpa-anchor:30fe2d5347423af96ac6d4da,Profile has GPA value and GPA scale,,
user_prompt,ready_for_in_app_admin_delivery,98dfd71a8e5b3c8220d93a2f,profile-prompt-user-profile-gpa-anchor,profile,prompt-user,profile.gpa_anchor,critical,/profile?tab=gpa,Complete your GPA anchor,Add GPA and scale so predictions and school-list advice use your real academic baseline.,Update GPA,in_app_readiness_surface|dashboard,redis_notification_feed|remote_push|email,profile-readiness:profile-prompt-user-profile-gpa-anchor:98dfd71a8e5b3c8220d93a2f,Profile has GPA value and GPA scale,,
user_prompt,ready_for_in_app_admin_delivery,ae5657e23b66e66516a7e9d1,profile-prompt-user-profile-gpa-anchor,profile,prompt-user,profile.gpa_anchor,critical,/profile?tab=gpa,Complete your GPA anchor,Add GPA and scale so predictions and school-list advice use your real academic baseline.,Update GPA,in_app_readiness_surface|dashboard,redis_notification_feed|remote_push|email,profile-readiness:profile-prompt-user-profile-gpa-anchor:ae5657e23b66e66516a7e9d1,Profile has GPA value and GPA scale,,
user_prompt,ready_for_in_app_admin_delivery,18c9d038f473702fa45fe736,profile-prompt-user-profile-gpa-anchor,profile,prompt-user,profile.gpa_anchor,critical,/profile?tab=gpa,Complete your GPA anchor,Add GPA and scale so predictions and school-list advice use your real academic baseline.,Update GPA,in_app_readiness_surface|dashboard,redis_notification_feed|remote_push|email,profile-readiness:profile-prompt-user-profile-gpa-anchor:18c9d038f473702fa45fe736,Profile has GPA value and GPA scale,,
user_prompt,ready_for_in_app_admin_delivery,e56f4cd9413b9ecbf1bcbcba,profile-prompt-user-profile-gpa-anchor,profile,prompt-user,profile.gpa_anchor,critical,/profile?tab=gpa,Complete your GPA anchor,Add GPA and scale so predictions and school-list advice use your real academic baseline.,Update GPA,in_app_readiness_surface|dashboard,redis_notification_feed|remote_push|email,profile-readiness:profile-prompt-user-profile-gpa-anchor:e56f4cd9413b9ecbf1bcbcba,Profile has GPA value and GPA scale,,
user_prompt,ready_for_in_app_admin_delivery,7203b8a5306454a2f2dcafbd,profile-prompt-user-profile-gpa-anchor,profile,prompt-user,profile.gpa_anchor,critical,/profile?tab=gpa,Complete your GPA anchor,Add GPA and scale so predictions and school-list advice use your real academic baseline.,Update GPA,in_app_readiness_surface|dashboard,redis_notification_feed|remote_push|email,profile-readiness:profile-prompt-user-profile-gpa-anchor:7203b8a5306454a2f2dcafbd,Profile has GPA value and GPA scale,,
user_prompt,ready_for_in_app_admin_delivery,5dced8f2cab4208d93ea32cc,profile-prompt-user-profile-gpa-anchor,profile,prompt-user,profile.gpa_anchor,critical,/profile?tab=gpa,Complete your GPA anchor,Add GPA and scale so predictions and school-list advice use your real academic baseline.,Update GPA,in_app_readiness_surface|dashboard,redis_notification_feed|remote_push|email,profile-readiness:profile-prompt-user-profile-gpa-anchor:5dced8f2cab4208d93ea32cc,Profile has GPA value and GPA scale,,
user_prompt,ready_for_in_app_admin_delivery,13d8d8819466efe18e24e5ff,profile-prompt-user-profile-gpa-anchor,profile,prompt-user,profile.gpa_anchor,critical,/profile?tab=gpa,Complete your GPA anchor,Add GPA and scale so predictions and school-list advice use your real academic baseline.,Update GPA,in_app_readiness_surface|dashboard,redis_notification_feed|remote_push|email,profile-readiness:profile-prompt-user-profile-gpa-anchor:13d8d8819466efe18e24e5ff,Profile has GPA value and GPA scale,,
user_prompt,ready_for_in_app_admin_delivery,fdb725ce58cec7818228713c,profile-prompt-user-profile-gpa-anchor,profile,prompt-user,profile.gpa_anchor,critical,/profile?tab=gpa,Complete your GPA anchor,Add GPA and scale so predictions and school-list advice use your real academic baseline.,Update GPA,in_app_readiness_surface|dashboard,redis_notification_feed|remote_push|email,profile-readiness:profile-prompt-user-profile-gpa-anchor:fdb725ce58cec7818228713c,Profile has GPA value and GPA scale,,
user_prompt,ready_for_in_app_admin_delivery,41cab8192bb7944cf1674c74,profile-prompt-user-profile-gpa-anchor,profile,prompt-user,profile.gpa_anchor,critical,/profile?tab=gpa,Complete your GPA anchor,Add GPA and scale so predictions and school-list advice use your real academic baseline.,Update GPA,in_app_readiness_surface|dashboard,redis_notification_feed|remote_push|email,profile-readiness:profile-prompt-user-profile-gpa-anchor:41cab8192bb7944cf1674c74,Profile has GPA value and GPA scale,,
user_prompt,ready_for_in_app_admin_delivery,ba24bac742056fd91695e8d4,profile-prompt-user-profile-gpa-anchor,profile,prompt-user,profile.gpa_anchor,critical,/profile?tab=gpa,Complete your GPA anchor,Add GPA and scale so predictions and school-list advice use your real academic baseline.,Update GPA,in_app_readiness_surface|dashboard,redis_notification_feed|remote_push|email,profile-readiness:profile-prompt-user-profile-gpa-anchor:ba24bac742056fd91695e8d4,Profile has GPA value and GPA scale,,
user_prompt,ready_for_in_app_admin_delivery,70275824c96e0ed9635e9621,profile-prompt-user-profile-gpa-anchor,profile,prompt-user,profile.gpa_anchor,critical,/profile?tab=gpa,Complete your GPA anchor,Add GPA and scale so predictions and school-list advice use your real academic baseline.,Update GPA,in_app_readiness_surface|dashboard,redis_notification_feed|remote_push|email,profile-readiness:profile-prompt-user-profile-gpa-anchor:70275824c96e0ed9635e9621,Profile has GPA value and GPA scale,,
user_prompt,ready_for_in_app_admin_delivery,0fdaf9fc2a953a2c1a38b72c,profile-prompt-user-profile-gpa-anchor,profile,prompt-user,profile.gpa_anchor,critical,/profile?tab=gpa,Complete your GPA anchor,Add GPA and scale so predictions and school-list advice use your real academic baseline.,Update GPA,in_app_readiness_surface|dashboard,redis_notification_feed|remote_push|email,profile-readiness:profile-prompt-user-profile-gpa-anchor:0fdaf9fc2a953a2c1a38b72c,Profile has GPA value and GPA scale,,
user_prompt,ready_for_in_app_admin_delivery,d3ea679cb62edcd18c915bf5,profile-prompt-user-profile-gpa-anchor,profile,prompt-user,profile.gpa_anchor,critical,/profile?tab=gpa,Complete your GPA anchor,Add GPA and scale so predictions and school-list advice use your real academic baseline.,Update GPA,in_app_readiness_surface|dashboard,redis_notification_feed|remote_push|email,profile-readiness:profile-prompt-user-profile-gpa-anchor:d3ea679cb62edcd18c915bf5,Profile has GPA value and GPA scale,,
user_prompt,ready_for_in_app_admin_delivery,13bf78bd172a63271d1fac48,profile-prompt-user-profile-gpa-anchor,profile,prompt-user,profile.gpa_anchor,critical,/profile?tab=gpa,Complete your GPA anchor,Add GPA and scale so predictions and school-list advice use your real academic baseline.,Update GPA,in_app_readiness_surface|dashboard,redis_notification_feed|remote_push|email,profile-readiness:profile-prompt-user-profile-gpa-anchor:13bf78bd172a63271d1fac48,Profile has GPA value and GPA scale,,
user_prompt,ready_for_in_app_admin_delivery,c6c26599ad02f5ef7d181061,profile-prompt-user-profile-gpa-anchor,profile,prompt-user,profile.gpa_anchor,critical,/profile?tab=gpa,Complete your GPA anchor,Add GPA and scale so predictions and school-list advice use your real academic baseline.,Update GPA,in_app_readiness_surface|dashboard,redis_notification_feed|remote_push|email,profile-readiness:profile-prompt-user-profile-gpa-anchor:c6c26599ad02f5ef7d181061,Profile has GPA value and GPA scale,,
user_prompt,ready_for_in_app_admin_delivery,c680e4451570f2e75a4c3659,profile-prompt-user-profile-gpa-anchor,profile,prompt-user,profile.gpa_anchor,critical,/profile?tab=gpa,Complete your GPA anchor,Add GPA and scale so predictions and school-list advice use your real academic baseline.,Update GPA,in_app_readiness_surface|dashboard,redis_notification_feed|remote_push|email,profile-readiness:profile-prompt-user-profile-gpa-anchor:c680e4451570f2e75a4c3659,Profile has GPA value and GPA scale,,
user_prompt,ready_for_in_app_admin_delivery,069adf71ed91b67b5bd8647a,profile-prompt-user-profile-gpa-anchor,profile,prompt-user,profile.gpa_anchor,critical,/profile?tab=gpa,Complete your GPA anchor,Add GPA and scale so predictions and school-list advice use your real academic baseline.,Update GPA,in_app_readiness_surface|dashboard,redis_notification_feed|remote_push|email,profile-readiness:profile-prompt-user-profile-gpa-anchor:069adf71ed91b67b5bd8647a,Profile has GPA value and GPA scale,,
user_prompt,ready_for_in_app_admin_delivery,12fa5aa67e13035ed2fe94a9,profile-prompt-user-profile-gpa-anchor,profile,prompt-user,profile.gpa_anchor,critical,/profile?tab=gpa,Complete your GPA anchor,Add GPA and scale so predictions and school-list advice use your real academic baseline.,Update GPA,in_app_readiness_surface|dashboard,redis_notification_feed|remote_push|email,profile-readiness:profile-prompt-user-profile-gpa-anchor:12fa5aa67e13035ed2fe94a9,Profile has GPA value and GPA scale,,
user_prompt,ready_for_in_app_admin_delivery,c9b51675e0ee089bc3dc2d41,profile-prompt-user-profile-gpa-anchor,profile,prompt-user,profile.gpa_anchor,critical,/profile?tab=gpa,Complete your GPA anchor,Add GPA and scale so predictions and school-list advice use your real academic baseline.,Update GPA,in_app_readiness_surface|dashboard,redis_notification_feed|remote_push|email,profile-readiness:profile-prompt-user-profile-gpa-anchor:c9b51675e0ee089bc3dc2d41,Profile has GPA value and GPA scale,,
user_prompt,ready_for_in_app_admin_delivery,a0f26938ef29cb764a09d121,profile-prompt-user-profile-gpa-anchor,profile,prompt-user,profile.gpa_anchor,critical,/profile?tab=gpa,Complete your GPA anchor,Add GPA and scale so predictions and school-list advice use your real academic baseline.,Update GPA,in_app_readiness_surface|dashboard,redis_notification_feed|remote_push|email,profile-readiness:profile-prompt-user-profile-gpa-anchor:a0f26938ef29cb764a09d121,Profile has GPA value and GPA scale,,
user_prompt,ready_for_in_app_admin_delivery,07e5ae3fb4bc7e2f3abf6d6e,profile-prompt-user-profile-gpa-anchor,profile,prompt-user,profile.gpa_anchor,critical,/profile?tab=gpa,Complete your GPA anchor,Add GPA and scale so predictions and school-list advice use your real academic baseline.,Update GPA,in_app_readiness_surface|dashboard,redis_notification_feed|remote_push|email,profile-readiness:profile-prompt-user-profile-gpa-anchor:07e5ae3fb4bc7e2f3abf6d6e,Profile has GPA value and GPA scale,,
user_prompt,ready_for_in_app_admin_delivery,ef8e2db14c12df9f2824f921,profile-prompt-user-profile-gpa-anchor,profile,prompt-user,profile.gpa_anchor,critical,/profile?tab=gpa,Complete your GPA anchor,Add GPA and scale so predictions and school-list advice use your real academic baseline.,Update GPA,in_app_readiness_surface|dashboard,redis_notification_feed|remote_push|email,profile-readiness:profile-prompt-user-profile-gpa-anchor:ef8e2db14c12df9f2824f921,Profile has GPA value and GPA scale,,
user_prompt,ready_for_in_app_admin_delivery,460914874de7d773fb20d981,profile-prompt-user-profile-gpa-anchor,profile,prompt-user,profile.gpa_anchor,critical,/profile?tab=gpa,Complete your GPA anchor,Add GPA and scale so predictions and school-list advice use your real academic baseline.,Update GPA,in_app_readiness_surface|dashboard,redis_notification_feed|remote_push|email,profile-readiness:profile-prompt-user-profile-gpa-anchor:460914874de7d773fb20d981,Profile has GPA value and GPA scale,,
user_prompt,ready_for_in_app_admin_delivery,7e2df240033ce09916c1a824,profile-prompt-user-profile-gpa-anchor,profile,prompt-user,profile.gpa_anchor,critical,/profile?tab=gpa,Complete your GPA anchor,Add GPA and scale so predictions and school-list advice use your real academic baseline.,Update GPA,in_app_readiness_surface|dashboard,redis_notification_feed|remote_push|email,profile-readiness:profile-prompt-user-profile-gpa-anchor:7e2df240033ce09916c1a824,Profile has GPA value and GPA scale,,
user_prompt,ready_for_in_app_admin_delivery,35e0dc4735a90f6a12623fc2,profile-prompt-user-profile-gpa-anchor,profile,prompt-user,profile.gpa_anchor,critical,/profile?tab=gpa,Complete your GPA anchor,Add GPA and scale so predictions and school-list advice use your real academic baseline.,Update GPA,in_app_readiness_surface|dashboard,redis_notification_feed|remote_push|email,profile-readiness:profile-prompt-user-profile-gpa-anchor:35e0dc4735a90f6a12623fc2,Profile has GPA value and GPA scale,,
user_prompt,ready_for_in_app_admin_delivery,2aa8ae2841e941080f283cc7,profile-prompt-user-profile-gpa-anchor,profile,prompt-user,profile.gpa_anchor,critical,/profile?tab=gpa,Complete your GPA anchor,Add GPA and scale so predictions and school-list advice use your real academic baseline.,Update GPA,in_app_readiness_surface|dashboard,redis_notification_feed|remote_push|email,profile-readiness:profile-prompt-user-profile-gpa-anchor:2aa8ae2841e941080f283cc7,Profile has GPA value and GPA scale,,
user_prompt,ready_for_in_app_admin_delivery,592a40705457aa2f3b26803a,profile-prompt-user-profile-gpa-anchor,profile,prompt-user,profile.gpa_anchor,critical,/profile?tab=gpa,Complete your GPA anchor,Add GPA and scale so predictions and school-list advice use your real academic baseline.,Update GPA,in_app_readiness_surface|dashboard,redis_notification_feed|remote_push|email,profile-readiness:profile-prompt-user-profile-gpa-anchor:592a40705457aa2f3b26803a,Profile has GPA value and GPA scale,,
user_prompt,ready_for_in_app_admin_delivery,e4a2dd617ded5a4f75a0fb6d,profile-prompt-user-profile-gpa-anchor,profile,prompt-user,profile.gpa_anchor,critical,/profile?tab=gpa,Complete your GPA anchor,Add GPA and scale so predictions and school-list advice use your real academic baseline.,Update GPA,in_app_readiness_surface|dashboard,redis_notification_feed|remote_push|email,profile-readiness:profile-prompt-user-profile-gpa-anchor:e4a2dd617ded5a4f75a0fb6d,Profile has GPA value and GPA scale,,
user_prompt,ready_for_in_app_admin_delivery,72af9488d9d43119ff287984,profile-prompt-user-profile-gpa-anchor,profile,prompt-user,profile.gpa_anchor,critical,/profile?tab=gpa,Complete your GPA anchor,Add GPA and scale so predictions and school-list advice use your real academic baseline.,Update GPA,in_app_readiness_surface|dashboard,redis_notification_feed|remote_push|email,profile-readiness:profile-prompt-user-profile-gpa-anchor:72af9488d9d43119ff287984,Profile has GPA value and GPA scale,,
user_prompt,ready_for_in_app_admin_delivery,cff4908bc7552632f53f82f0,profile-prompt-user-profile-gpa-anchor,profile,prompt-user,profile.gpa_anchor,critical,/profile?tab=gpa,Complete your GPA anchor,Add GPA and scale so predictions and school-list advice use your real academic baseline.,Update GPA,in_app_readiness_surface|dashboard,redis_notification_feed|remote_push|email,profile-readiness:profile-prompt-user-profile-gpa-anchor:cff4908bc7552632f53f82f0,Profile has GPA value and GPA scale,,
user_prompt,ready_for_in_app_admin_delivery,75b0b435d01ee63221d07883,profile-prompt-user-profile-gpa-anchor,profile,prompt-user,profile.gpa_anchor,critical,/profile?tab=gpa,Complete your GPA anchor,Add GPA and scale so predictions and school-list advice use your real academic baseline.,Update GPA,in_app_readiness_surface|dashboard,redis_notification_feed|remote_push|email,profile-readiness:profile-prompt-user-profile-gpa-anchor:75b0b435d01ee63221d07883,Profile has GPA value and GPA scale,,
user_prompt,ready_for_in_app_admin_delivery,67288596e86e425949c367bb,profile-prompt-user-profile-gpa-anchor,profile,prompt-user,profile.gpa_anchor,critical,/profile?tab=gpa,Complete your GPA anchor,Add GPA and scale so predictions and school-list advice use your real academic baseline.,Update GPA,in_app_readiness_surface|dashboard,redis_notification_feed|remote_push|email,profile-readiness:profile-prompt-user-profile-gpa-anchor:67288596e86e425949c367bb,Profile has GPA value and GPA scale,,
user_prompt,ready_for_in_app_admin_delivery,c414d57ebae4292c129c8073,profile-prompt-user-profile-gpa-anchor,profile,prompt-user,profile.gpa_anchor,critical,/profile?tab=gpa,Complete your GPA anchor,Add GPA and scale so predictions and school-list advice use your real academic baseline.,Update GPA,in_app_readiness_surface|dashboard,redis_notification_feed|remote_push|email,profile-readiness:profile-prompt-user-profile-gpa-anchor:c414d57ebae4292c129c8073,Profile has GPA value and GPA scale,,
user_prompt,ready_for_in_app_admin_delivery,04e7256b305932c30c94dcb1,profile-prompt-user-profile-gpa-anchor,profile,prompt-user,profile.gpa_anchor,critical,/profile?tab=gpa,Complete your GPA anchor,Add GPA and scale so predictions and school-list advice use your real academic baseline.,Update GPA,in_app_readiness_surface|dashboard,redis_notification_feed|remote_push|email,profile-readiness:profile-prompt-user-profile-gpa-anchor:04e7256b305932c30c94dcb1,Profile has GPA value and GPA scale,,
user_prompt,ready_for_in_app_admin_delivery,6a3e84271e6bc8e1f626e70c,profile-prompt-user-profile-gpa-anchor,profile,prompt-user,profile.gpa_anchor,critical,/profile?tab=gpa,Complete your GPA anchor,Add GPA and scale so predictions and school-list advice use your real academic baseline.,Update GPA,in_app_readiness_surface|dashboard,redis_notification_feed|remote_push|email,profile-readiness:profile-prompt-user-profile-gpa-anchor:6a3e84271e6bc8e1f626e70c,Profile has GPA value and GPA scale,,
user_prompt,ready_for_in_app_admin_delivery,5c19cd612af2bdd05a2d7673,profile-prompt-user-profile-gpa-anchor,profile,prompt-user,profile.gpa_anchor,critical,/profile?tab=gpa,Complete your GPA anchor,Add GPA and scale so predictions and school-list advice use your real academic baseline.,Update GPA,in_app_readiness_surface|dashboard,redis_notification_feed|remote_push|email,profile-readiness:profile-prompt-user-profile-gpa-anchor:5c19cd612af2bdd05a2d7673,Profile has GPA value and GPA scale,,
user_prompt,ready_for_in_app_admin_delivery,7e58f65e491b62feb920ccf7,profile-prompt-user-profile-gpa-anchor,profile,prompt-user,profile.gpa_anchor,critical,/profile?tab=gpa,Complete your GPA anchor,Add GPA and scale so predictions and school-list advice use your real academic baseline.,Update GPA,in_app_readiness_surface|dashboard,redis_notification_feed|remote_push|email,profile-readiness:profile-prompt-user-profile-gpa-anchor:7e58f65e491b62feb920ccf7,Profile has GPA value and GPA scale,,
user_prompt,ready_for_in_app_admin_delivery,fb1dab5da10f8a978267e902,profile-prompt-user-profile-gpa-anchor,profile,prompt-user,profile.gpa_anchor,critical,/profile?tab=gpa,Complete your GPA anchor,Add GPA and scale so predictions and school-list advice use your real academic baseline.,Update GPA,in_app_readiness_surface|dashboard,redis_notification_feed|remote_push|email,profile-readiness:profile-prompt-user-profile-gpa-anchor:fb1dab5da10f8a978267e902,Profile has GPA value and GPA scale,,
user_prompt,ready_for_in_app_admin_delivery,0987deb326b0cf9536be5edb,profile-prompt-user-profile-gpa-anchor,profile,prompt-user,profile.gpa_anchor,critical,/profile?tab=gpa,Complete your GPA anchor,Add GPA and scale so predictions and school-list advice use your real academic baseline.,Update GPA,in_app_readiness_surface|dashboard,redis_notification_feed|remote_push|email,profile-readiness:profile-prompt-user-profile-gpa-anchor:0987deb326b0cf9536be5edb,Profile has GPA value and GPA scale,,
user_prompt,ready_for_in_app_admin_delivery,ca269f0d74c11e503917667d,profile-prompt-user-profile-gpa-anchor,profile,prompt-user,profile.gpa_anchor,critical,/profile?tab=gpa,Complete your GPA anchor,Add GPA and scale so predictions and school-list advice use your real academic baseline.,Update GPA,in_app_readiness_surface|dashboard,redis_notification_feed|remote_push|email,profile-readiness:profile-prompt-user-profile-gpa-anchor:ca269f0d74c11e503917667d,Profile has GPA value and GPA scale,,
user_prompt,ready_for_in_app_admin_delivery,f3652e1e7f273867dfc33cd0,profile-prompt-user-profile-gpa-anchor,profile,prompt-user,profile.gpa_anchor,critical,/profile?tab=gpa,Complete your GPA anchor,Add GPA and scale so predictions and school-list advice use your real academic baseline.,Update GPA,in_app_readiness_surface|dashboard,redis_notification_feed|remote_push|email,profile-readiness:profile-prompt-user-profile-gpa-anchor:f3652e1e7f273867dfc33cd0,Profile has GPA value and GPA scale,,
user_prompt,ready_for_in_app_admin_delivery,5eb6652a2acf0b6fddf19eea,profile-prompt-user-profile-gpa-anchor,profile,prompt-user,profile.gpa_anchor,critical,/profile?tab=gpa,Complete your GPA anchor,Add GPA and scale so predictions and school-list advice use your real academic baseline.,Update GPA,in_app_readiness_surface|dashboard,redis_notification_feed|remote_push|email,profile-readiness:profile-prompt-user-profile-gpa-anchor:5eb6652a2acf0b6fddf19eea,Profile has GPA value and GPA scale,,
user_prompt,ready_for_in_app_admin_delivery,1500b0b863d4a038abd97619,profile-prompt-user-profile-gpa-anchor,profile,prompt-user,profile.gpa_anchor,critical,/profile?tab=gpa,Complete your GPA anchor,Add GPA and scale so predictions and school-list advice use your real academic baseline.,Update GPA,in_app_readiness_surface|dashboard,redis_notification_feed|remote_push|email,profile-readiness:profile-prompt-user-profile-gpa-anchor:1500b0b863d4a038abd97619,Profile has GPA value and GPA scale,,
user_prompt,ready_for_in_app_admin_delivery,d8c29c743de39f58796ec3f2,profile-prompt-user-profile-gpa-anchor,profile,prompt-user,profile.gpa_anchor,critical,/profile?tab=gpa,Complete your GPA anchor,Add GPA and scale so predictions and school-list advice use your real academic baseline.,Update GPA,in_app_readiness_surface|dashboard,redis_notification_feed|remote_push|email,profile-readiness:profile-prompt-user-profile-gpa-anchor:d8c29c743de39f58796ec3f2,Profile has GPA value and GPA scale,,
user_prompt,ready_for_in_app_admin_delivery,11dd76414bada0ed104c2265,profile-prompt-user-profile-gpa-anchor,profile,prompt-user,profile.gpa_anchor,critical,/profile?tab=gpa,Complete your GPA anchor,Add GPA and scale so predictions and school-list advice use your real academic baseline.,Update GPA,in_app_readiness_surface|dashboard,redis_notification_feed|remote_push|email,profile-readiness:profile-prompt-user-profile-gpa-anchor:11dd76414bada0ed104c2265,Profile has GPA value and GPA scale,,
user_prompt,ready_for_in_app_admin_delivery,0ff88f19a1363122441452ae,profile-prompt-user-profile-gpa-anchor,profile,prompt-user,profile.gpa_anchor,critical,/profile?tab=gpa,Complete your GPA anchor,Add GPA and scale so predictions and school-list advice use your real academic baseline.,Update GPA,in_app_readiness_surface|dashboard,redis_notification_feed|remote_push|email,profile-readiness:profile-prompt-user-profile-gpa-anchor:0ff88f19a1363122441452ae,Profile has GPA value and GPA scale,,
user_prompt,ready_for_in_app_admin_delivery,bf6a84d9cfb6cfc9d069bf1e,profile-prompt-user-profile-gpa-anchor,profile,prompt-user,profile.gpa_anchor,critical,/profile?tab=gpa,Complete your GPA anchor,Add GPA and scale so predictions and school-list advice use your real academic baseline.,Update GPA,in_app_readiness_surface|dashboard,redis_notification_feed|remote_push|email,profile-readiness:profile-prompt-user-profile-gpa-anchor:bf6a84d9cfb6cfc9d069bf1e,Profile has GPA value and GPA scale,,
user_prompt,ready_for_in_app_admin_delivery,171e2063b6c3e3df23b73496,profile-prompt-user-profile-gpa-anchor,profile,prompt-user,profile.gpa_anchor,critical,/profile?tab=gpa,Complete your GPA anchor,Add GPA and scale so predictions and school-list advice use your real academic baseline.,Update GPA,in_app_readiness_surface|dashboard,redis_notification_feed|remote_push|email,profile-readiness:profile-prompt-user-profile-gpa-anchor:171e2063b6c3e3df23b73496,Profile has GPA value and GPA scale,,
user_prompt,ready_for_in_app_admin_delivery,e300d7e0198bdcdd266c4d64,profile-prompt-user-profile-gpa-anchor,profile,prompt-user,profile.gpa_anchor,critical,/profile?tab=gpa,Complete your GPA anchor,Add GPA and scale so predictions and school-list advice use your real academic baseline.,Update GPA,in_app_readiness_surface|dashboard,redis_notification_feed|remote_push|email,profile-readiness:profile-prompt-user-profile-gpa-anchor:e300d7e0198bdcdd266c4d64,Profile has GPA value and GPA scale,,
user_prompt,ready_for_in_app_admin_delivery,16e3334ff8056801a6a19f91,profile-prompt-user-profile-gpa-anchor,profile,prompt-user,profile.gpa_anchor,critical,/profile?tab=gpa,Complete your GPA anchor,Add GPA and scale so predictions and school-list advice use your real academic baseline.,Update GPA,in_app_readiness_surface|dashboard,redis_notification_feed|remote_push|email,profile-readiness:profile-prompt-user-profile-gpa-anchor:16e3334ff8056801a6a19f91,Profile has GPA value and GPA scale,,
user_prompt,ready_for_in_app_admin_delivery,94582f1f73f879f138b62246,profile-prompt-user-profile-gpa-anchor,profile,prompt-user,profile.gpa_anchor,critical,/profile?tab=gpa,Complete your GPA anchor,Add GPA and scale so predictions and school-list advice use your real academic baseline.,Update GPA,in_app_readiness_surface|dashboard,redis_notification_feed|remote_push|email,profile-readiness:profile-prompt-user-profile-gpa-anchor:94582f1f73f879f138b62246,Profile has GPA value and GPA scale,,
user_prompt,ready_for_in_app_admin_delivery,dd830f0917357a6c9a64c80b,profile-prompt-user-profile-gpa-anchor,profile,prompt-user,profile.gpa_anchor,critical,/profile?tab=gpa,Complete your GPA anchor,Add GPA and scale so predictions and school-list advice use your real academic baseline.,Update GPA,in_app_readiness_surface|dashboard,redis_notification_feed|remote_push|email,profile-readiness:profile-prompt-user-profile-gpa-anchor:dd830f0917357a6c9a64c80b,Profile has GPA value and GPA scale,,
user_prompt,ready_for_in_app_admin_delivery,dba262b494aac35337dc453a,profile-prompt-user-profile-gpa-anchor,profile,prompt-user,profile.gpa_anchor,critical,/profile?tab=gpa,Complete your GPA anchor,Add GPA and scale so predictions and school-list advice use your real academic baseline.,Update GPA,in_app_readiness_surface|dashboard,redis_notification_feed|remote_push|email,profile-readiness:profile-prompt-user-profile-gpa-anchor:dba262b494aac35337dc453a,Profile has GPA value and GPA scale,,
user_prompt,ready_for_in_app_admin_delivery,89910bbd433dad1e86e522ed,profile-prompt-user-profile-gpa-anchor,profile,prompt-user,profile.gpa_anchor,critical,/profile?tab=gpa,Complete your GPA anchor,Add GPA and scale so predictions and school-list advice use your real academic baseline.,Update GPA,in_app_readiness_surface|dashboard,redis_notification_feed|remote_push|email,profile-readiness:profile-prompt-user-profile-gpa-anchor:89910bbd433dad1e86e522ed,Profile has GPA value and GPA scale,,
user_prompt,ready_for_in_app_admin_delivery,435d643300b960f51c341e94,profile-prompt-user-profile-gpa-anchor,profile,prompt-user,profile.gpa_anchor,critical,/profile?tab=gpa,Complete your GPA anchor,Add GPA and scale so predictions and school-list advice use your real academic baseline.,Update GPA,in_app_readiness_surface|dashboard,redis_notification_feed|remote_push|email,profile-readiness:profile-prompt-user-profile-gpa-anchor:435d643300b960f51c341e94,Profile has GPA value and GPA scale,,
user_prompt,ready_for_in_app_admin_delivery,cdfa7a42e15e6f930aeb078a,profile-prompt-user-profile-gpa-anchor,profile,prompt-user,profile.gpa_anchor,critical,/profile?tab=gpa,Complete your GPA anchor,Add GPA and scale so predictions and school-list advice use your real academic baseline.,Update GPA,in_app_readiness_surface|dashboard,redis_notification_feed|remote_push|email,profile-readiness:profile-prompt-user-profile-gpa-anchor:cdfa7a42e15e6f930aeb078a,Profile has GPA value and GPA scale,,
user_prompt,ready_for_in_app_admin_delivery,e1a2a0bfb30fd9e12f28f1bf,profile-prompt-user-profile-gpa-anchor,profile,prompt-user,profile.gpa_anchor,critical,/profile?tab=gpa,Complete your GPA anchor,Add GPA and scale so predictions and school-list advice use your real academic baseline.,Update GPA,in_app_readiness_surface|dashboard,redis_notification_feed|remote_push|email,profile-readiness:profile-prompt-user-profile-gpa-anchor:e1a2a0bfb30fd9e12f28f1bf,Profile has GPA value and GPA scale,,
user_prompt,ready_for_in_app_admin_delivery,970c61016c09de767e490847,profile-prompt-user-profile-gpa-anchor,profile,prompt-user,profile.gpa_anchor,critical,/profile?tab=gpa,Complete your GPA anchor,Add GPA and scale so predictions and school-list advice use your real academic baseline.,Update GPA,in_app_readiness_surface|dashboard,redis_notification_feed|remote_push|email,profile-readiness:profile-prompt-user-profile-gpa-anchor:970c61016c09de767e490847,Profile has GPA value and GPA scale,,
user_prompt,ready_for_in_app_admin_delivery,cdd1a893337ce61ea3e86a63,profile-prompt-user-profile-gpa-anchor,profile,prompt-user,profile.gpa_anchor,critical,/profile?tab=gpa,Complete your GPA anchor,Add GPA and scale so predictions and school-list advice use your real academic baseline.,Update GPA,in_app_readiness_surface|dashboard,redis_notification_feed|remote_push|email,profile-readiness:profile-prompt-user-profile-gpa-anchor:cdd1a893337ce61ea3e86a63,Profile has GPA value and GPA scale,,
user_prompt,ready_for_in_app_admin_delivery,27d10e0014d3d3f6e50a8711,profile-prompt-user-profile-gpa-anchor,profile,prompt-user,profile.gpa_anchor,critical,/profile?tab=gpa,Complete your GPA anchor,Add GPA and scale so predictions and school-list advice use your real academic baseline.,Update GPA,in_app_readiness_surface|dashboard,redis_notification_feed|remote_push|email,profile-readiness:profile-prompt-user-profile-gpa-anchor:27d10e0014d3d3f6e50a8711,Profile has GPA value and GPA scale,,
user_prompt,ready_for_in_app_admin_delivery,0fb9d5944b420b594f6eb95f,profile-prompt-user-profile-gpa-anchor,profile,prompt-user,profile.gpa_anchor,critical,/profile?tab=gpa,Complete your GPA anchor,Add GPA and scale so predictions and school-list advice use your real academic baseline.,Update GPA,in_app_readiness_surface|dashboard,redis_notification_feed|remote_push|email,profile-readiness:profile-prompt-user-profile-gpa-anchor:0fb9d5944b420b594f6eb95f,Profile has GPA value and GPA scale,,
user_prompt,ready_for_in_app_admin_delivery,ea3a01bf118cba4ca26a30cb,profile-prompt-user-profile-gpa-anchor,profile,prompt-user,profile.gpa_anchor,critical,/profile?tab=gpa,Complete your GPA anchor,Add GPA and scale so predictions and school-list advice use your real academic baseline.,Update GPA,in_app_readiness_surface|dashboard,redis_notification_feed|remote_push|email,profile-readiness:profile-prompt-user-profile-gpa-anchor:ea3a01bf118cba4ca26a30cb,Profile has GPA value and GPA scale,,
user_prompt,ready_for_in_app_admin_delivery,0af15af6f8c94bb8bc34116a,profile-prompt-user-profile-gpa-anchor,profile,prompt-user,profile.gpa_anchor,critical,/profile?tab=gpa,Complete your GPA anchor,Add GPA and scale so predictions and school-list advice use your real academic baseline.,Update GPA,in_app_readiness_surface|dashboard,redis_notification_feed|remote_push|email,profile-readiness:profile-prompt-user-profile-gpa-anchor:0af15af6f8c94bb8bc34116a,Profile has GPA value and GPA scale,,
user_prompt,ready_for_in_app_admin_delivery,4cb57262998138cf87aad6a8,profile-prompt-user-profile-gpa-anchor,profile,prompt-user,profile.gpa_anchor,critical,/profile?tab=gpa,Complete your GPA anchor,Add GPA and scale so predictions and school-list advice use your real academic baseline.,Update GPA,in_app_readiness_surface|dashboard,redis_notification_feed|remote_push|email,profile-readiness:profile-prompt-user-profile-gpa-anchor:4cb57262998138cf87aad6a8,Profile has GPA value and GPA scale,,
user_prompt,ready_for_in_app_admin_delivery,f6215af433166476d1d6620b,profile-prompt-user-profile-gpa-anchor,profile,prompt-user,profile.gpa_anchor,critical,/profile?tab=gpa,Complete your GPA anchor,Add GPA and scale so predictions and school-list advice use your real academic baseline.,Update GPA,in_app_readiness_surface|dashboard,redis_notification_feed|remote_push|email,profile-readiness:profile-prompt-user-profile-gpa-anchor:f6215af433166476d1d6620b,Profile has GPA value and GPA scale,,
user_prompt,ready_for_in_app_admin_delivery,b3d85db19dcad793cfc05d01,profile-prompt-user-profile-gpa-anchor,profile,prompt-user,profile.gpa_anchor,critical,/profile?tab=gpa,Complete your GPA anchor,Add GPA and scale so predictions and school-list advice use your real academic baseline.,Update GPA,in_app_readiness_surface|dashboard,redis_notification_feed|remote_push|email,profile-readiness:profile-prompt-user-profile-gpa-anchor:b3d85db19dcad793cfc05d01,Profile has GPA value and GPA scale,,
user_prompt,ready_for_in_app_admin_delivery,54df2014c63795a607ffe6d2,profile-prompt-user-profile-gpa-anchor,profile,prompt-user,profile.gpa_anchor,critical,/profile?tab=gpa,Complete your GPA anchor,Add GPA and scale so predictions and school-list advice use your real academic baseline.,Update GPA,in_app_readiness_surface|dashboard,redis_notification_feed|remote_push|email,profile-readiness:profile-prompt-user-profile-gpa-anchor:54df2014c63795a607ffe6d2,Profile has GPA value and GPA scale,,
user_prompt,ready_for_in_app_admin_delivery,5504fdb4c0003bda7135c70f,profile-prompt-user-profile-gpa-anchor,profile,prompt-user,profile.gpa_anchor,critical,/profile?tab=gpa,Complete your GPA anchor,Add GPA and scale so predictions and school-list advice use your real academic baseline.,Update GPA,in_app_readiness_surface|dashboard,redis_notification_feed|remote_push|email,profile-readiness:profile-prompt-user-profile-gpa-anchor:5504fdb4c0003bda7135c70f,Profile has GPA value and GPA scale,,
user_prompt,ready_for_in_app_admin_delivery,c4d64c860a51a29038c15b16,profile-prompt-user-profile-gpa-anchor,profile,prompt-user,profile.gpa_anchor,critical,/profile?tab=gpa,Complete your GPA anchor,Add GPA and scale so predictions and school-list advice use your real academic baseline.,Update GPA,in_app_readiness_surface|dashboard,redis_notification_feed|remote_push|email,profile-readiness:profile-prompt-user-profile-gpa-anchor:c4d64c860a51a29038c15b16,Profile has GPA value and GPA scale,,
user_prompt,ready_for_in_app_admin_delivery,39c4a716b89ff7b7278249b9,profile-prompt-user-profile-gpa-anchor,profile,prompt-user,profile.gpa_anchor,critical,/profile?tab=gpa,Complete your GPA anchor,Add GPA and scale so predictions and school-list advice use your real academic baseline.,Update GPA,in_app_readiness_surface|dashboard,redis_notification_feed|remote_push|email,profile-readiness:profile-prompt-user-profile-gpa-anchor:39c4a716b89ff7b7278249b9,Profile has GPA value and GPA scale,,
user_prompt,ready_for_in_app_admin_delivery,e68e1710d1631379c3567a0f,profile-prompt-user-profile-gpa-anchor,profile,prompt-user,profile.gpa_anchor,critical,/profile?tab=gpa,Complete your GPA anchor,Add GPA and scale so predictions and school-list advice use your real academic baseline.,Update GPA,in_app_readiness_surface|dashboard,redis_notification_feed|remote_push|email,profile-readiness:profile-prompt-user-profile-gpa-anchor:e68e1710d1631379c3567a0f,Profile has GPA value and GPA scale,,
user_prompt,ready_for_in_app_admin_delivery,aad8b68304ca8ea63b2312d4,profile-prompt-user-profile-gpa-anchor,profile,prompt-user,profile.gpa_anchor,critical,/profile?tab=gpa,Complete your GPA anchor,Add GPA and scale so predictions and school-list advice use your real academic baseline.,Update GPA,in_app_readiness_surface|dashboard,redis_notification_feed|remote_push|email,profile-readiness:profile-prompt-user-profile-gpa-anchor:aad8b68304ca8ea63b2312d4,Profile has GPA value and GPA scale,,
user_prompt,ready_for_in_app_admin_delivery,fc34d9f828d41668e99d6532,profile-prompt-user-profile-gpa-anchor,profile,prompt-user,profile.gpa_anchor,critical,/profile?tab=gpa,Complete your GPA anchor,Add GPA and scale so predictions and school-list advice use your real academic baseline.,Update GPA,in_app_readiness_surface|dashboard,redis_notification_feed|remote_push|email,profile-readiness:profile-prompt-user-profile-gpa-anchor:fc34d9f828d41668e99d6532,Profile has GPA value and GPA scale,,
user_prompt,ready_for_in_app_admin_delivery,eccccd4bd2b1aeab19c7b90f,profile-prompt-user-profile-gpa-anchor,profile,prompt-user,profile.gpa_anchor,critical,/profile?tab=gpa,Complete your GPA anchor,Add GPA and scale so predictions and school-list advice use your real academic baseline.,Update GPA,in_app_readiness_surface|dashboard,redis_notification_feed|remote_push|email,profile-readiness:profile-prompt-user-profile-gpa-anchor:eccccd4bd2b1aeab19c7b90f,Profile has GPA value and GPA scale,,
user_prompt,ready_for_in_app_admin_delivery,a59939baa4add6136b8a46d7,profile-prompt-user-profile-gpa-anchor,profile,prompt-user,profile.gpa_anchor,critical,/profile?tab=gpa,Complete your GPA anchor,Add GPA and scale so predictions and school-list advice use your real academic baseline.,Update GPA,in_app_readiness_surface|dashboard,redis_notification_feed|remote_push|email,profile-readiness:profile-prompt-user-profile-gpa-anchor:a59939baa4add6136b8a46d7,Profile has GPA value and GPA scale,,
user_prompt,ready_for_in_app_admin_delivery,301bab4168bcd8b9da467ddd,profile-prompt-user-profile-gpa-anchor,profile,prompt-user,profile.gpa_anchor,critical,/profile?tab=gpa,Complete your GPA anchor,Add GPA and scale so predictions and school-list advice use your real academic baseline.,Update GPA,in_app_readiness_surface|dashboard,redis_notification_feed|remote_push|email,profile-readiness:profile-prompt-user-profile-gpa-anchor:301bab4168bcd8b9da467ddd,Profile has GPA value and GPA scale,,
user_prompt,ready_for_in_app_admin_delivery,2bad6db4e0c27281a315208c,profile-prompt-user-profile-gpa-anchor,profile,prompt-user,profile.gpa_anchor,critical,/profile?tab=gpa,Complete your GPA anchor,Add GPA and scale so predictions and school-list advice use your real academic baseline.,Update GPA,in_app_readiness_surface|dashboard,redis_notification_feed|remote_push|email,profile-readiness:profile-prompt-user-profile-gpa-anchor:2bad6db4e0c27281a315208c,Profile has GPA value and GPA scale,,
user_prompt,ready_for_in_app_admin_delivery,5f0584b602b4f719b7ff66f4,profile-prompt-user-profile-gpa-anchor,profile,prompt-user,profile.gpa_anchor,critical,/profile?tab=gpa,Complete your GPA anchor,Add GPA and scale so predictions and school-list advice use your real academic baseline.,Update GPA,in_app_readiness_surface|dashboard,redis_notification_feed|remote_push|email,profile-readiness:profile-prompt-user-profile-gpa-anchor:5f0584b602b4f719b7ff66f4,Profile has GPA value and GPA scale,,
user_prompt,ready_for_in_app_admin_delivery,4a372f98e4b8ee78197c22b6,profile-prompt-user-profile-gpa-anchor,profile,prompt-user,profile.gpa_anchor,critical,/profile?tab=gpa,Complete your GPA anchor,Add GPA and scale so predictions and school-list advice use your real academic baseline.,Update GPA,in_app_readiness_surface|dashboard,redis_notification_feed|remote_push|email,profile-readiness:profile-prompt-user-profile-gpa-anchor:4a372f98e4b8ee78197c22b6,Profile has GPA value and GPA scale,,
user_prompt,ready_for_in_app_admin_delivery,4ef64767ddcdaf15bbc2080d,profile-prompt-user-profile-gpa-anchor,profile,prompt-user,profile.gpa_anchor,critical,/profile?tab=gpa,Complete your GPA anchor,Add GPA and scale so predictions and school-list advice use your real academic baseline.,Update GPA,in_app_readiness_surface|dashboard,redis_notification_feed|remote_push|email,profile-readiness:profile-prompt-user-profile-gpa-anchor:4ef64767ddcdaf15bbc2080d,Profile has GPA value and GPA scale,,
user_prompt,ready_for_in_app_admin_delivery,8d7b12f1f4da99c94959e2ab,profile-prompt-user-profile-gpa-anchor,profile,prompt-user,profile.gpa_anchor,critical,/profile?tab=gpa,Complete your GPA anchor,Add GPA and scale so predictions and school-list advice use your real academic baseline.,Update GPA,in_app_readiness_surface|dashboard,redis_notification_feed|remote_push|email,profile-readiness:profile-prompt-user-profile-gpa-anchor:8d7b12f1f4da99c94959e2ab,Profile has GPA value and GPA scale,,
user_prompt,ready_for_in_app_admin_delivery,61f0530f41a4b1e7fa623b29,profile-prompt-user-profile-gpa-anchor,profile,prompt-user,profile.gpa_anchor,critical,/profile?tab=gpa,Complete your GPA anchor,Add GPA and scale so predictions and school-list advice use your real academic baseline.,Update GPA,in_app_readiness_surface|dashboard,redis_notification_feed|remote_push|email,profile-readiness:profile-prompt-user-profile-gpa-anchor:61f0530f41a4b1e7fa623b29,Profile has GPA value and GPA scale,,
user_prompt,ready_for_in_app_admin_delivery,a877a2151e5b797711a07fa6,profile-prompt-user-profile-gpa-anchor,profile,prompt-user,profile.gpa_anchor,critical,/profile?tab=gpa,Complete your GPA anchor,Add GPA and scale so predictions and school-list advice use your real academic baseline.,Update GPA,in_app_readiness_surface|dashboard,redis_notification_feed|remote_push|email,profile-readiness:profile-prompt-user-profile-gpa-anchor:a877a2151e5b797711a07fa6,Profile has GPA value and GPA scale,,
user_prompt,ready_for_in_app_admin_delivery,94199cf9466b86ddd3c2aca6,profile-prompt-user-profile-gpa-anchor,profile,prompt-user,profile.gpa_anchor,critical,/profile?tab=gpa,Complete your GPA anchor,Add GPA and scale so predictions and school-list advice use your real academic baseline.,Update GPA,in_app_readiness_surface|dashboard,redis_notification_feed|remote_push|email,profile-readiness:profile-prompt-user-profile-gpa-anchor:94199cf9466b86ddd3c2aca6,Profile has GPA value and GPA scale,,
user_prompt,ready_for_in_app_admin_delivery,7570ebc496c4a58cf91b507c,profile-prompt-user-profile-gpa-anchor,profile,prompt-user,profile.gpa_anchor,critical,/profile?tab=gpa,Complete your GPA anchor,Add GPA and scale so predictions and school-list advice use your real academic baseline.,Update GPA,in_app_readiness_surface|dashboard,redis_notification_feed|remote_push|email,profile-readiness:profile-prompt-user-profile-gpa-anchor:7570ebc496c4a58cf91b507c,Profile has GPA value and GPA scale,,
user_prompt,ready_for_in_app_admin_delivery,f2526159c034c9c47f29a41c,profile-prompt-user-profile-gpa-anchor,profile,prompt-user,profile.gpa_anchor,critical,/profile?tab=gpa,Complete your GPA anchor,Add GPA and scale so predictions and school-list advice use your real academic baseline.,Update GPA,in_app_readiness_surface|dashboard,redis_notification_feed|remote_push|email,profile-readiness:profile-prompt-user-profile-gpa-anchor:f2526159c034c9c47f29a41c,Profile has GPA value and GPA scale,,
user_prompt,ready_for_in_app_admin_delivery,b60bef5e17fd3650b1c95823,profile-prompt-user-profile-gpa-anchor,profile,prompt-user,profile.gpa_anchor,critical,/profile?tab=gpa,Complete your GPA anchor,Add GPA and scale so predictions and school-list advice use your real academic baseline.,Update GPA,in_app_readiness_surface|dashboard,redis_notification_feed|remote_push|email,profile-readiness:profile-prompt-user-profile-gpa-anchor:b60bef5e17fd3650b1c95823,Profile has GPA value and GPA scale,,
user_prompt,ready_for_in_app_admin_delivery,b5853ffb646ffd786f986979,profile-prompt-user-profile-gpa-anchor,profile,prompt-user,profile.gpa_anchor,critical,/profile?tab=gpa,Complete your GPA anchor,Add GPA and scale so predictions and school-list advice use your real academic baseline.,Update GPA,in_app_readiness_surface|dashboard,redis_notification_feed|remote_push|email,profile-readiness:profile-prompt-user-profile-gpa-anchor:b5853ffb646ffd786f986979,Profile has GPA value and GPA scale,,
user_prompt,ready_for_in_app_admin_delivery,3e2d435a34a48cffb81641d5,profile-prompt-user-profile-gpa-anchor,profile,prompt-user,profile.gpa_anchor,critical,/profile?tab=gpa,Complete your GPA anchor,Add GPA and scale so predictions and school-list advice use your real academic baseline.,Update GPA,in_app_readiness_surface|dashboard,redis_notification_feed|remote_push|email,profile-readiness:profile-prompt-user-profile-gpa-anchor:3e2d435a34a48cffb81641d5,Profile has GPA value and GPA scale,,
user_prompt,ready_for_in_app_admin_delivery,70c39343466c9d6903b6b909,profile-prompt-user-profile-gpa-anchor,profile,prompt-user,profile.gpa_anchor,critical,/profile?tab=gpa,Complete your GPA anchor,Add GPA and scale so predictions and school-list advice use your real academic baseline.,Update GPA,in_app_readiness_surface|dashboard,redis_notification_feed|remote_push|email,profile-readiness:profile-prompt-user-profile-gpa-anchor:70c39343466c9d6903b6b909,Profile has GPA value and GPA scale,,
user_prompt,ready_for_in_app_admin_delivery,31c3ed47a802490c4846fe1f,profile-prompt-user-profile-gpa-anchor,profile,prompt-user,profile.gpa_anchor,critical,/profile?tab=gpa,Complete your GPA anchor,Add GPA and scale so predictions and school-list advice use your real academic baseline.,Update GPA,in_app_readiness_surface|dashboard,redis_notification_feed|remote_push|email,profile-readiness:profile-prompt-user-profile-gpa-anchor:31c3ed47a802490c4846fe1f,Profile has GPA value and GPA scale,,
user_prompt,ready_for_in_app_admin_delivery,c475a6d251d8b078d2826981,profile-prompt-user-profile-gpa-anchor,profile,prompt-user,profile.gpa_anchor,critical,/profile?tab=gpa,Complete your GPA anchor,Add GPA and scale so predictions and school-list advice use your real academic baseline.,Update GPA,in_app_readiness_surface|dashboard,redis_notification_feed|remote_push|email,profile-readiness:profile-prompt-user-profile-gpa-anchor:c475a6d251d8b078d2826981,Profile has GPA value and GPA scale,,
user_prompt,ready_for_in_app_admin_delivery,071da0c4742da8dc1dcf6d94,profile-prompt-user-profile-gpa-anchor,profile,prompt-user,profile.gpa_anchor,critical,/profile?tab=gpa,Complete your GPA anchor,Add GPA and scale so predictions and school-list advice use your real academic baseline.,Update GPA,in_app_readiness_surface|dashboard,redis_notification_feed|remote_push|email,profile-readiness:profile-prompt-user-profile-gpa-anchor:071da0c4742da8dc1dcf6d94,Profile has GPA value and GPA scale,,
user_prompt,ready_for_in_app_admin_delivery,87840ad0e7cd3705c86d4a5d,profile-prompt-user-profile-gpa-anchor,profile,prompt-user,profile.gpa_anchor,critical,/profile?tab=gpa,Complete your GPA anchor,Add GPA and scale so predictions and school-list advice use your real academic baseline.,Update GPA,in_app_readiness_surface|dashboard,redis_notification_feed|remote_push|email,profile-readiness:profile-prompt-user-profile-gpa-anchor:87840ad0e7cd3705c86d4a5d,Profile has GPA value and GPA scale,,
user_prompt,ready_for_in_app_admin_delivery,5a33fc159e57a535e8cf1e0f,profile-prompt-user-profile-gpa-anchor,profile,prompt-user,profile.gpa_anchor,critical,/profile?tab=gpa,Complete your GPA anchor,Add GPA and scale so predictions and school-list advice use your real academic baseline.,Update GPA,in_app_readiness_surface|dashboard,redis_notification_feed|remote_push|email,profile-readiness:profile-prompt-user-profile-gpa-anchor:5a33fc159e57a535e8cf1e0f,Profile has GPA value and GPA scale,,
user_prompt,ready_for_in_app_admin_delivery,c9706c565798085285c7f213,profile-prompt-user-profile-gpa-anchor,profile,prompt-user,profile.gpa_anchor,critical,/profile?tab=gpa,Complete your GPA anchor,Add GPA and scale so predictions and school-list advice use your real academic baseline.,Update GPA,in_app_readiness_surface|dashboard,redis_notification_feed|remote_push|email,profile-readiness:profile-prompt-user-profile-gpa-anchor:c9706c565798085285c7f213,Profile has GPA value and GPA scale,,
user_prompt,ready_for_in_app_admin_delivery,6a9586dc76eca3beb6bba023,profile-prompt-user-profile-gpa-anchor,profile,prompt-user,profile.gpa_anchor,critical,/profile?tab=gpa,Complete your GPA anchor,Add GPA and scale so predictions and school-list advice use your real academic baseline.,Update GPA,in_app_readiness_surface|dashboard,redis_notification_feed|remote_push|email,profile-readiness:profile-prompt-user-profile-gpa-anchor:6a9586dc76eca3beb6bba023,Profile has GPA value and GPA scale,,
user_prompt,ready_for_in_app_admin_delivery,6f9b54841f8fa0f67f59711f,profile-prompt-user-profile-gpa-anchor,profile,prompt-user,profile.gpa_anchor,critical,/profile?tab=gpa,Complete your GPA anchor,Add GPA and scale so predictions and school-list advice use your real academic baseline.,Update GPA,in_app_readiness_surface|dashboard,redis_notification_feed|remote_push|email,profile-readiness:profile-prompt-user-profile-gpa-anchor:6f9b54841f8fa0f67f59711f,Profile has GPA value and GPA scale,,
user_prompt,ready_for_in_app_admin_delivery,bef00e3cfdf053cfca345af1,profile-prompt-user-profile-gpa-anchor,profile,prompt-user,profile.gpa_anchor,critical,/profile?tab=gpa,Complete your GPA anchor,Add GPA and scale so predictions and school-list advice use your real academic baseline.,Update GPA,in_app_readiness_surface|dashboard,redis_notification_feed|remote_push|email,profile-readiness:profile-prompt-user-profile-gpa-anchor:bef00e3cfdf053cfca345af1,Profile has GPA value and GPA scale,,
user_prompt,ready_for_in_app_admin_delivery,5f60d121d5f8e1c60d3a7954,profile-prompt-user-profile-gpa-anchor,profile,prompt-user,profile.gpa_anchor,critical,/profile?tab=gpa,Complete your GPA anchor,Add GPA and scale so predictions and school-list advice use your real academic baseline.,Update GPA,in_app_readiness_surface|dashboard,redis_notification_feed|remote_push|email,profile-readiness:profile-prompt-user-profile-gpa-anchor:5f60d121d5f8e1c60d3a7954,Profile has GPA value and GPA scale,,
user_prompt,ready_for_in_app_admin_delivery,0839ab4ac6894f45f8b5326e,profile-prompt-user-profile-gpa-anchor,profile,prompt-user,profile.gpa_anchor,critical,/profile?tab=gpa,Complete your GPA anchor,Add GPA and scale so predictions and school-list advice use your real academic baseline.,Update GPA,in_app_readiness_surface|dashboard,redis_notification_feed|remote_push|email,profile-readiness:profile-prompt-user-profile-gpa-anchor:0839ab4ac6894f45f8b5326e,Profile has GPA value and GPA scale,,
user_prompt,ready_for_in_app_admin_delivery,1a5b0a46226de7b2fdf7ee6d,profile-prompt-user-profile-gpa-anchor,profile,prompt-user,profile.gpa_anchor,critical,/profile?tab=gpa,Complete your GPA anchor,Add GPA and scale so predictions and school-list advice use your real academic baseline.,Update GPA,in_app_readiness_surface|dashboard,redis_notification_feed|remote_push|email,profile-readiness:profile-prompt-user-profile-gpa-anchor:1a5b0a46226de7b2fdf7ee6d,Profile has GPA value and GPA scale,,
user_prompt,ready_for_in_app_admin_delivery,07f56d07aabc5e498391d8ea,profile-prompt-user-profile-gpa-anchor,profile,prompt-user,profile.gpa_anchor,critical,/profile?tab=gpa,Complete your GPA anchor,Add GPA and scale so predictions and school-list advice use your real academic baseline.,Update GPA,in_app_readiness_surface|dashboard,redis_notification_feed|remote_push|email,profile-readiness:profile-prompt-user-profile-gpa-anchor:07f56d07aabc5e498391d8ea,Profile has GPA value and GPA scale,,
user_prompt,ready_for_in_app_admin_delivery,0bedcbf1da324b470b0c1b76,profile-prompt-user-profile-gpa-anchor,profile,prompt-user,profile.gpa_anchor,critical,/profile?tab=gpa,Complete your GPA anchor,Add GPA and scale so predictions and school-list advice use your real academic baseline.,Update GPA,in_app_readiness_surface|dashboard,redis_notification_feed|remote_push|email,profile-readiness:profile-prompt-user-profile-gpa-anchor:0bedcbf1da324b470b0c1b76,Profile has GPA value and GPA scale,,
user_prompt,ready_for_in_app_admin_delivery,0fb59725a227fac3fc75dc14,profile-prompt-user-profile-gpa-anchor,profile,prompt-user,profile.gpa_anchor,critical,/profile?tab=gpa,Complete your GPA anchor,Add GPA and scale so predictions and school-list advice use your real academic baseline.,Update GPA,in_app_readiness_surface|dashboard,redis_notification_feed|remote_push|email,profile-readiness:profile-prompt-user-profile-gpa-anchor:0fb59725a227fac3fc75dc14,Profile has GPA value and GPA scale,,
user_prompt,ready_for_in_app_admin_delivery,65b959f31034539c5f366774,profile-prompt-user-profile-gpa-anchor,profile,prompt-user,profile.gpa_anchor,critical,/profile?tab=gpa,Complete your GPA anchor,Add GPA and scale so predictions and school-list advice use your real academic baseline.,Update GPA,in_app_readiness_surface|dashboard,redis_notification_feed|remote_push|email,profile-readiness:profile-prompt-user-profile-gpa-anchor:65b959f31034539c5f366774,Profile has GPA value and GPA scale,,
user_prompt,ready_for_in_app_admin_delivery,970550533738cbfcf61daf11,profile-prompt-user-profile-gpa-anchor,profile,prompt-user,profile.gpa_anchor,critical,/profile?tab=gpa,Complete your GPA anchor,Add GPA and scale so predictions and school-list advice use your real academic baseline.,Update GPA,in_app_readiness_surface|dashboard,redis_notification_feed|remote_push|email,profile-readiness:profile-prompt-user-profile-gpa-anchor:970550533738cbfcf61daf11,Profile has GPA value and GPA scale,,
user_prompt,ready_for_in_app_admin_delivery,5504c626383507821dfcb876,profile-prompt-user-profile-gpa-anchor,profile,prompt-user,profile.gpa_anchor,critical,/profile?tab=gpa,Complete your GPA anchor,Add GPA and scale so predictions and school-list advice use your real academic baseline.,Update GPA,in_app_readiness_surface|dashboard,redis_notification_feed|remote_push|email,profile-readiness:profile-prompt-user-profile-gpa-anchor:5504c626383507821dfcb876,Profile has GPA value and GPA scale,,
user_prompt,ready_for_in_app_admin_delivery,3230af06184fff02111b4d9d,profile-prompt-user-profile-gpa-anchor,profile,prompt-user,profile.gpa_anchor,critical,/profile?tab=gpa,Complete your GPA anchor,Add GPA and scale so predictions and school-list advice use your real academic baseline.,Update GPA,in_app_readiness_surface|dashboard,redis_notification_feed|remote_push|email,profile-readiness:profile-prompt-user-profile-gpa-anchor:3230af06184fff02111b4d9d,Profile has GPA value and GPA scale,,
user_prompt,ready_for_in_app_admin_delivery,4f8c4e9527c625cebc8cbe71,profile-prompt-user-profile-gpa-anchor,profile,prompt-user,profile.gpa_anchor,critical,/profile?tab=gpa,Complete your GPA anchor,Add GPA and scale so predictions and school-list advice use your real academic baseline.,Update GPA,in_app_readiness_surface|dashboard,redis_notification_feed|remote_push|email,profile-readiness:profile-prompt-user-profile-gpa-anchor:4f8c4e9527c625cebc8cbe71,Profile has GPA value and GPA scale,,
user_prompt,ready_for_in_app_admin_delivery,a5db6455215f7e110a7bc07b,profile-prompt-user-profile-gpa-anchor,profile,prompt-user,profile.gpa_anchor,critical,/profile?tab=gpa,Complete your GPA anchor,Add GPA and scale so predictions and school-list advice use your real academic baseline.,Update GPA,in_app_readiness_surface|dashboard,redis_notification_feed|remote_push|email,profile-readiness:profile-prompt-user-profile-gpa-anchor:a5db6455215f7e110a7bc07b,Profile has GPA value and GPA scale,,
user_prompt,ready_for_in_app_admin_delivery,b8a277a6cd429920ef85d6db,profile-prompt-user-profile-gpa-anchor,profile,prompt-user,profile.gpa_anchor,critical,/profile?tab=gpa,Complete your GPA anchor,Add GPA and scale so predictions and school-list advice use your real academic baseline.,Update GPA,in_app_readiness_surface|dashboard,redis_notification_feed|remote_push|email,profile-readiness:profile-prompt-user-profile-gpa-anchor:b8a277a6cd429920ef85d6db,Profile has GPA value and GPA scale,,
user_prompt,ready_for_in_app_admin_delivery,3ccaf93035fe93ab284da697,profile-prompt-user-profile-gpa-anchor,profile,prompt-user,profile.gpa_anchor,critical,/profile?tab=gpa,Complete your GPA anchor,Add GPA and scale so predictions and school-list advice use your real academic baseline.,Update GPA,in_app_readiness_surface|dashboard,redis_notification_feed|remote_push|email,profile-readiness:profile-prompt-user-profile-gpa-anchor:3ccaf93035fe93ab284da697,Profile has GPA value and GPA scale,,
user_prompt,ready_for_in_app_admin_delivery,af0e0c0e572ee90213df32e5,profile-prompt-user-profile-gpa-anchor,profile,prompt-user,profile.gpa_anchor,critical,/profile?tab=gpa,Complete your GPA anchor,Add GPA and scale so predictions and school-list advice use your real academic baseline.,Update GPA,in_app_readiness_surface|dashboard,redis_notification_feed|remote_push|email,profile-readiness:profile-prompt-user-profile-gpa-anchor:af0e0c0e572ee90213df32e5,Profile has GPA value and GPA scale,,
user_prompt,ready_for_in_app_admin_delivery,9ee435ab1a9d1b8f505711e6,profile-prompt-user-profile-gpa-anchor,profile,prompt-user,profile.gpa_anchor,critical,/profile?tab=gpa,Complete your GPA anchor,Add GPA and scale so predictions and school-list advice use your real academic baseline.,Update GPA,in_app_readiness_surface|dashboard,redis_notification_feed|remote_push|email,profile-readiness:profile-prompt-user-profile-gpa-anchor:9ee435ab1a9d1b8f505711e6,Profile has GPA value and GPA scale,,
user_prompt,ready_for_in_app_admin_delivery,e75b8f15f0abc0f737026417,profile-prompt-user-profile-gpa-anchor,profile,prompt-user,profile.gpa_anchor,critical,/profile?tab=gpa,Complete your GPA anchor,Add GPA and scale so predictions and school-list advice use your real academic baseline.,Update GPA,in_app_readiness_surface|dashboard,redis_notification_feed|remote_push|email,profile-readiness:profile-prompt-user-profile-gpa-anchor:e75b8f15f0abc0f737026417,Profile has GPA value and GPA scale,,
user_prompt,ready_for_in_app_admin_delivery,5a84c043be7d20ddd26a2d37,profile-prompt-user-profile-gpa-anchor,profile,prompt-user,profile.gpa_anchor,critical,/profile?tab=gpa,Complete your GPA anchor,Add GPA and scale so predictions and school-list advice use your real academic baseline.,Update GPA,in_app_readiness_surface|dashboard,redis_notification_feed|remote_push|email,profile-readiness:profile-prompt-user-profile-gpa-anchor:5a84c043be7d20ddd26a2d37,Profile has GPA value and GPA scale,,
user_prompt,ready_for_in_app_admin_delivery,6f6a6ebf8b74420c7c988135,profile-prompt-user-profile-gpa-anchor,profile,prompt-user,profile.gpa_anchor,critical,/profile?tab=gpa,Complete your GPA anchor,Add GPA and scale so predictions and school-list advice use your real academic baseline.,Update GPA,in_app_readiness_surface|dashboard,redis_notification_feed|remote_push|email,profile-readiness:profile-prompt-user-profile-gpa-anchor:6f6a6ebf8b74420c7c988135,Profile has GPA value and GPA scale,,
user_prompt,ready_for_in_app_admin_delivery,9acaace15769689a2e8d8f79,profile-prompt-user-profile-gpa-anchor,profile,prompt-user,profile.gpa_anchor,critical,/profile?tab=gpa,Complete your GPA anchor,Add GPA and scale so predictions and school-list advice use your real academic baseline.,Update GPA,in_app_readiness_surface|dashboard,redis_notification_feed|remote_push|email,profile-readiness:profile-prompt-user-profile-gpa-anchor:9acaace15769689a2e8d8f79,Profile has GPA value and GPA scale,,
user_prompt,ready_for_in_app_admin_delivery,ace96bc16dc15505a994e478,profile-prompt-user-profile-gpa-anchor,profile,prompt-user,profile.gpa_anchor,critical,/profile?tab=gpa,Complete your GPA anchor,Add GPA and scale so predictions and school-list advice use your real academic baseline.,Update GPA,in_app_readiness_surface|dashboard,redis_notification_feed|remote_push|email,profile-readiness:profile-prompt-user-profile-gpa-anchor:ace96bc16dc15505a994e478,Profile has GPA value and GPA scale,,
user_prompt,ready_for_in_app_admin_delivery,a6446192083fe17748decf25,profile-prompt-user-profile-gpa-anchor,profile,prompt-user,profile.gpa_anchor,critical,/profile?tab=gpa,Complete your GPA anchor,Add GPA and scale so predictions and school-list advice use your real academic baseline.,Update GPA,in_app_readiness_surface|dashboard,redis_notification_feed|remote_push|email,profile-readiness:profile-prompt-user-profile-gpa-anchor:a6446192083fe17748decf25,Profile has GPA value and GPA scale,,
user_prompt,ready_for_in_app_admin_delivery,30300b62cf60b25ace2aa505,profile-prompt-user-profile-gpa-anchor,profile,prompt-user,profile.gpa_anchor,critical,/profile?tab=gpa,Complete your GPA anchor,Add GPA and scale so predictions and school-list advice use your real academic baseline.,Update GPA,in_app_readiness_surface|dashboard,redis_notification_feed|remote_push|email,profile-readiness:profile-prompt-user-profile-gpa-anchor:30300b62cf60b25ace2aa505,Profile has GPA value and GPA scale,,
user_prompt,ready_for_in_app_admin_delivery,3181f198897bc42eb9c1bcd0,profile-prompt-user-profile-gpa-anchor,profile,prompt-user,profile.gpa_anchor,critical,/profile?tab=gpa,Complete your GPA anchor,Add GPA and scale so predictions and school-list advice use your real academic baseline.,Update GPA,in_app_readiness_surface|dashboard,redis_notification_feed|remote_push|email,profile-readiness:profile-prompt-user-profile-gpa-anchor:3181f198897bc42eb9c1bcd0,Profile has GPA value and GPA scale,,
user_prompt,ready_for_in_app_admin_delivery,89560102c8965d0f1b544a1b,profile-prompt-user-profile-gpa-anchor,profile,prompt-user,profile.gpa_anchor,critical,/profile?tab=gpa,Complete your GPA anchor,Add GPA and scale so predictions and school-list advice use your real academic baseline.,Update GPA,in_app_readiness_surface|dashboard,redis_notification_feed|remote_push|email,profile-readiness:profile-prompt-user-profile-gpa-anchor:89560102c8965d0f1b544a1b,Profile has GPA value and GPA scale,,
user_prompt,ready_for_in_app_admin_delivery,5f99150f51a167a11be62e9c,profile-prompt-user-profile-gpa-anchor,profile,prompt-user,profile.gpa_anchor,critical,/profile?tab=gpa,Complete your GPA anchor,Add GPA and scale so predictions and school-list advice use your real academic baseline.,Update GPA,in_app_readiness_surface|dashboard,redis_notification_feed|remote_push|email,profile-readiness:profile-prompt-user-profile-gpa-anchor:5f99150f51a167a11be62e9c,Profile has GPA value and GPA scale,,
user_prompt,ready_for_in_app_admin_delivery,d394d8ed654c6e76df4649c9,profile-prompt-user-profile-gpa-anchor,profile,prompt-user,profile.gpa_anchor,critical,/profile?tab=gpa,Complete your GPA anchor,Add GPA and scale so predictions and school-list advice use your real academic baseline.,Update GPA,in_app_readiness_surface|dashboard,redis_notification_feed|remote_push|email,profile-readiness:profile-prompt-user-profile-gpa-anchor:d394d8ed654c6e76df4649c9,Profile has GPA value and GPA scale,,
user_prompt,ready_for_in_app_admin_delivery,996e84d1748493b471c1fbc1,profile-prompt-user-profile-major,profile,prompt-user,profile.major,critical,/profile?tab=basic,Add your intended major,Your major helps recommendations and application analysis compare the right programs.,Add major,in_app_readiness_surface|dashboard,redis_notification_feed|remote_push|email,profile-readiness:profile-prompt-user-profile-major:996e84d1748493b471c1fbc1,Profile intendedMajor or targetMajor is set,,
user_prompt,ready_for_in_app_admin_delivery,76173fed23213267fcbdb625,profile-prompt-user-profile-major,profile,prompt-user,profile.major,critical,/profile?tab=basic,Add your intended major,Your major helps recommendations and application analysis compare the right programs.,Add major,in_app_readiness_surface|dashboard,redis_notification_feed|remote_push|email,profile-readiness:profile-prompt-user-profile-major:76173fed23213267fcbdb625,Profile intendedMajor or targetMajor is set,,
user_prompt,ready_for_in_app_admin_delivery,30fe2d5347423af96ac6d4da,profile-prompt-user-profile-major,profile,prompt-user,profile.major,critical,/profile?tab=basic,Add your intended major,Your major helps recommendations and application analysis compare the right programs.,Add major,in_app_readiness_surface|dashboard,redis_notification_feed|remote_push|email,profile-readiness:profile-prompt-user-profile-major:30fe2d5347423af96ac6d4da,Profile intendedMajor or targetMajor is set,,
user_prompt,ready_for_in_app_admin_delivery,98dfd71a8e5b3c8220d93a2f,profile-prompt-user-profile-major,profile,prompt-user,profile.major,critical,/profile?tab=basic,Add your intended major,Your major helps recommendations and application analysis compare the right programs.,Add major,in_app_readiness_surface|dashboard,redis_notification_feed|remote_push|email,profile-readiness:profile-prompt-user-profile-major:98dfd71a8e5b3c8220d93a2f,Profile intendedMajor or targetMajor is set,,
user_prompt,ready_for_in_app_admin_delivery,ae5657e23b66e66516a7e9d1,profile-prompt-user-profile-major,profile,prompt-user,profile.major,critical,/profile?tab=basic,Add your intended major,Your major helps recommendations and application analysis compare the right programs.,Add major,in_app_readiness_surface|dashboard,redis_notification_feed|remote_push|email,profile-readiness:profile-prompt-user-profile-major:ae5657e23b66e66516a7e9d1,Profile intendedMajor or targetMajor is set,,
user_prompt,ready_for_in_app_admin_delivery,18c9d038f473702fa45fe736,profile-prompt-user-profile-major,profile,prompt-user,profile.major,critical,/profile?tab=basic,Add your intended major,Your major helps recommendations and application analysis compare the right programs.,Add major,in_app_readiness_surface|dashboard,redis_notification_feed|remote_push|email,profile-readiness:profile-prompt-user-profile-major:18c9d038f473702fa45fe736,Profile intendedMajor or targetMajor is set,,
user_prompt,ready_for_in_app_admin_delivery,e56f4cd9413b9ecbf1bcbcba,profile-prompt-user-profile-major,profile,prompt-user,profile.major,critical,/profile?tab=basic,Add your intended major,Your major helps recommendations and application analysis compare the right programs.,Add major,in_app_readiness_surface|dashboard,redis_notification_feed|remote_push|email,profile-readiness:profile-prompt-user-profile-major:e56f4cd9413b9ecbf1bcbcba,Profile intendedMajor or targetMajor is set,,
user_prompt,ready_for_in_app_admin_delivery,7203b8a5306454a2f2dcafbd,profile-prompt-user-profile-major,profile,prompt-user,profile.major,critical,/profile?tab=basic,Add your intended major,Your major helps recommendations and application analysis compare the right programs.,Add major,in_app_readiness_surface|dashboard,redis_notification_feed|remote_push|email,profile-readiness:profile-prompt-user-profile-major:7203b8a5306454a2f2dcafbd,Profile intendedMajor or targetMajor is set,,
user_prompt,ready_for_in_app_admin_delivery,5dced8f2cab4208d93ea32cc,profile-prompt-user-profile-major,profile,prompt-user,profile.major,critical,/profile?tab=basic,Add your intended major,Your major helps recommendations and application analysis compare the right programs.,Add major,in_app_readiness_surface|dashboard,redis_notification_feed|remote_push|email,profile-readiness:profile-prompt-user-profile-major:5dced8f2cab4208d93ea32cc,Profile intendedMajor or targetMajor is set,,
user_prompt,ready_for_in_app_admin_delivery,13d8d8819466efe18e24e5ff,profile-prompt-user-profile-major,profile,prompt-user,profile.major,critical,/profile?tab=basic,Add your intended major,Your major helps recommendations and application analysis compare the right programs.,Add major,in_app_readiness_surface|dashboard,redis_notification_feed|remote_push|email,profile-readiness:profile-prompt-user-profile-major:13d8d8819466efe18e24e5ff,Profile intendedMajor or targetMajor is set,,
user_prompt,ready_for_in_app_admin_delivery,fdb725ce58cec7818228713c,profile-prompt-user-profile-major,profile,prompt-user,profile.major,critical,/profile?tab=basic,Add your intended major,Your major helps recommendations and application analysis compare the right programs.,Add major,in_app_readiness_surface|dashboard,redis_notification_feed|remote_push|email,profile-readiness:profile-prompt-user-profile-major:fdb725ce58cec7818228713c,Profile intendedMajor or targetMajor is set,,
user_prompt,ready_for_in_app_admin_delivery,41cab8192bb7944cf1674c74,profile-prompt-user-profile-major,profile,prompt-user,profile.major,critical,/profile?tab=basic,Add your intended major,Your major helps recommendations and application analysis compare the right programs.,Add major,in_app_readiness_surface|dashboard,redis_notification_feed|remote_push|email,profile-readiness:profile-prompt-user-profile-major:41cab8192bb7944cf1674c74,Profile intendedMajor or targetMajor is set,,
user_prompt,ready_for_in_app_admin_delivery,ba24bac742056fd91695e8d4,profile-prompt-user-profile-major,profile,prompt-user,profile.major,critical,/profile?tab=basic,Add your intended major,Your major helps recommendations and application analysis compare the right programs.,Add major,in_app_readiness_surface|dashboard,redis_notification_feed|remote_push|email,profile-readiness:profile-prompt-user-profile-major:ba24bac742056fd91695e8d4,Profile intendedMajor or targetMajor is set,,
user_prompt,ready_for_in_app_admin_delivery,70275824c96e0ed9635e9621,profile-prompt-user-profile-major,profile,prompt-user,profile.major,critical,/profile?tab=basic,Add your intended major,Your major helps recommendations and application analysis compare the right programs.,Add major,in_app_readiness_surface|dashboard,redis_notification_feed|remote_push|email,profile-readiness:profile-prompt-user-profile-major:70275824c96e0ed9635e9621,Profile intendedMajor or targetMajor is set,,
user_prompt,ready_for_in_app_admin_delivery,0fdaf9fc2a953a2c1a38b72c,profile-prompt-user-profile-major,profile,prompt-user,profile.major,critical,/profile?tab=basic,Add your intended major,Your major helps recommendations and application analysis compare the right programs.,Add major,in_app_readiness_surface|dashboard,redis_notification_feed|remote_push|email,profile-readiness:profile-prompt-user-profile-major:0fdaf9fc2a953a2c1a38b72c,Profile intendedMajor or targetMajor is set,,
user_prompt,ready_for_in_app_admin_delivery,d3ea679cb62edcd18c915bf5,profile-prompt-user-profile-major,profile,prompt-user,profile.major,critical,/profile?tab=basic,Add your intended major,Your major helps recommendations and application analysis compare the right programs.,Add major,in_app_readiness_surface|dashboard,redis_notification_feed|remote_push|email,profile-readiness:profile-prompt-user-profile-major:d3ea679cb62edcd18c915bf5,Profile intendedMajor or targetMajor is set,,
user_prompt,ready_for_in_app_admin_delivery,13bf78bd172a63271d1fac48,profile-prompt-user-profile-major,profile,prompt-user,profile.major,critical,/profile?tab=basic,Add your intended major,Your major helps recommendations and application analysis compare the right programs.,Add major,in_app_readiness_surface|dashboard,redis_notification_feed|remote_push|email,profile-readiness:profile-prompt-user-profile-major:13bf78bd172a63271d1fac48,Profile intendedMajor or targetMajor is set,,
user_prompt,ready_for_in_app_admin_delivery,c6c26599ad02f5ef7d181061,profile-prompt-user-profile-major,profile,prompt-user,profile.major,critical,/profile?tab=basic,Add your intended major,Your major helps recommendations and application analysis compare the right programs.,Add major,in_app_readiness_surface|dashboard,redis_notification_feed|remote_push|email,profile-readiness:profile-prompt-user-profile-major:c6c26599ad02f5ef7d181061,Profile intendedMajor or targetMajor is set,,
user_prompt,ready_for_in_app_admin_delivery,c680e4451570f2e75a4c3659,profile-prompt-user-profile-major,profile,prompt-user,profile.major,critical,/profile?tab=basic,Add your intended major,Your major helps recommendations and application analysis compare the right programs.,Add major,in_app_readiness_surface|dashboard,redis_notification_feed|remote_push|email,profile-readiness:profile-prompt-user-profile-major:c680e4451570f2e75a4c3659,Profile intendedMajor or targetMajor is set,,
user_prompt,ready_for_in_app_admin_delivery,069adf71ed91b67b5bd8647a,profile-prompt-user-profile-major,profile,prompt-user,profile.major,critical,/profile?tab=basic,Add your intended major,Your major helps recommendations and application analysis compare the right programs.,Add major,in_app_readiness_surface|dashboard,redis_notification_feed|remote_push|email,profile-readiness:profile-prompt-user-profile-major:069adf71ed91b67b5bd8647a,Profile intendedMajor or targetMajor is set,,
user_prompt,ready_for_in_app_admin_delivery,12fa5aa67e13035ed2fe94a9,profile-prompt-user-profile-major,profile,prompt-user,profile.major,critical,/profile?tab=basic,Add your intended major,Your major helps recommendations and application analysis compare the right programs.,Add major,in_app_readiness_surface|dashboard,redis_notification_feed|remote_push|email,profile-readiness:profile-prompt-user-profile-major:12fa5aa67e13035ed2fe94a9,Profile intendedMajor or targetMajor is set,,
user_prompt,ready_for_in_app_admin_delivery,c9b51675e0ee089bc3dc2d41,profile-prompt-user-profile-major,profile,prompt-user,profile.major,critical,/profile?tab=basic,Add your intended major,Your major helps recommendations and application analysis compare the right programs.,Add major,in_app_readiness_surface|dashboard,redis_notification_feed|remote_push|email,profile-readiness:profile-prompt-user-profile-major:c9b51675e0ee089bc3dc2d41,Profile intendedMajor or targetMajor is set,,
user_prompt,ready_for_in_app_admin_delivery,a0f26938ef29cb764a09d121,profile-prompt-user-profile-major,profile,prompt-user,profile.major,critical,/profile?tab=basic,Add your intended major,Your major helps recommendations and application analysis compare the right programs.,Add major,in_app_readiness_surface|dashboard,redis_notification_feed|remote_push|email,profile-readiness:profile-prompt-user-profile-major:a0f26938ef29cb764a09d121,Profile intendedMajor or targetMajor is set,,
user_prompt,ready_for_in_app_admin_delivery,07e5ae3fb4bc7e2f3abf6d6e,profile-prompt-user-profile-major,profile,prompt-user,profile.major,critical,/profile?tab=basic,Add your intended major,Your major helps recommendations and application analysis compare the right programs.,Add major,in_app_readiness_surface|dashboard,redis_notification_feed|remote_push|email,profile-readiness:profile-prompt-user-profile-major:07e5ae3fb4bc7e2f3abf6d6e,Profile intendedMajor or targetMajor is set,,
user_prompt,ready_for_in_app_admin_delivery,ef8e2db14c12df9f2824f921,profile-prompt-user-profile-major,profile,prompt-user,profile.major,critical,/profile?tab=basic,Add your intended major,Your major helps recommendations and application analysis compare the right programs.,Add major,in_app_readiness_surface|dashboard,redis_notification_feed|remote_push|email,profile-readiness:profile-prompt-user-profile-major:ef8e2db14c12df9f2824f921,Profile intendedMajor or targetMajor is set,,
user_prompt,ready_for_in_app_admin_delivery,460914874de7d773fb20d981,profile-prompt-user-profile-major,profile,prompt-user,profile.major,critical,/profile?tab=basic,Add your intended major,Your major helps recommendations and application analysis compare the right programs.,Add major,in_app_readiness_surface|dashboard,redis_notification_feed|remote_push|email,profile-readiness:profile-prompt-user-profile-major:460914874de7d773fb20d981,Profile intendedMajor or targetMajor is set,,
user_prompt,ready_for_in_app_admin_delivery,7e2df240033ce09916c1a824,profile-prompt-user-profile-major,profile,prompt-user,profile.major,critical,/profile?tab=basic,Add your intended major,Your major helps recommendations and application analysis compare the right programs.,Add major,in_app_readiness_surface|dashboard,redis_notification_feed|remote_push|email,profile-readiness:profile-prompt-user-profile-major:7e2df240033ce09916c1a824,Profile intendedMajor or targetMajor is set,,
user_prompt,ready_for_in_app_admin_delivery,35e0dc4735a90f6a12623fc2,profile-prompt-user-profile-major,profile,prompt-user,profile.major,critical,/profile?tab=basic,Add your intended major,Your major helps recommendations and application analysis compare the right programs.,Add major,in_app_readiness_surface|dashboard,redis_notification_feed|remote_push|email,profile-readiness:profile-prompt-user-profile-major:35e0dc4735a90f6a12623fc2,Profile intendedMajor or targetMajor is set,,
user_prompt,ready_for_in_app_admin_delivery,2aa8ae2841e941080f283cc7,profile-prompt-user-profile-major,profile,prompt-user,profile.major,critical,/profile?tab=basic,Add your intended major,Your major helps recommendations and application analysis compare the right programs.,Add major,in_app_readiness_surface|dashboard,redis_notification_feed|remote_push|email,profile-readiness:profile-prompt-user-profile-major:2aa8ae2841e941080f283cc7,Profile intendedMajor or targetMajor is set,,
user_prompt,ready_for_in_app_admin_delivery,592a40705457aa2f3b26803a,profile-prompt-user-profile-major,profile,prompt-user,profile.major,critical,/profile?tab=basic,Add your intended major,Your major helps recommendations and application analysis compare the right programs.,Add major,in_app_readiness_surface|dashboard,redis_notification_feed|remote_push|email,profile-readiness:profile-prompt-user-profile-major:592a40705457aa2f3b26803a,Profile intendedMajor or targetMajor is set,,
user_prompt,ready_for_in_app_admin_delivery,e4a2dd617ded5a4f75a0fb6d,profile-prompt-user-profile-major,profile,prompt-user,profile.major,critical,/profile?tab=basic,Add your intended major,Your major helps recommendations and application analysis compare the right programs.,Add major,in_app_readiness_surface|dashboard,redis_notification_feed|remote_push|email,profile-readiness:profile-prompt-user-profile-major:e4a2dd617ded5a4f75a0fb6d,Profile intendedMajor or targetMajor is set,,
user_prompt,ready_for_in_app_admin_delivery,72af9488d9d43119ff287984,profile-prompt-user-profile-major,profile,prompt-user,profile.major,critical,/profile?tab=basic,Add your intended major,Your major helps recommendations and application analysis compare the right programs.,Add major,in_app_readiness_surface|dashboard,redis_notification_feed|remote_push|email,profile-readiness:profile-prompt-user-profile-major:72af9488d9d43119ff287984,Profile intendedMajor or targetMajor is set,,
user_prompt,ready_for_in_app_admin_delivery,cff4908bc7552632f53f82f0,profile-prompt-user-profile-major,profile,prompt-user,profile.major,critical,/profile?tab=basic,Add your intended major,Your major helps recommendations and application analysis compare the right programs.,Add major,in_app_readiness_surface|dashboard,redis_notification_feed|remote_push|email,profile-readiness:profile-prompt-user-profile-major:cff4908bc7552632f53f82f0,Profile intendedMajor or targetMajor is set,,
user_prompt,ready_for_in_app_admin_delivery,75b0b435d01ee63221d07883,profile-prompt-user-profile-major,profile,prompt-user,profile.major,critical,/profile?tab=basic,Add your intended major,Your major helps recommendations and application analysis compare the right programs.,Add major,in_app_readiness_surface|dashboard,redis_notification_feed|remote_push|email,profile-readiness:profile-prompt-user-profile-major:75b0b435d01ee63221d07883,Profile intendedMajor or targetMajor is set,,
user_prompt,ready_for_in_app_admin_delivery,67288596e86e425949c367bb,profile-prompt-user-profile-major,profile,prompt-user,profile.major,critical,/profile?tab=basic,Add your intended major,Your major helps recommendations and application analysis compare the right programs.,Add major,in_app_readiness_surface|dashboard,redis_notification_feed|remote_push|email,profile-readiness:profile-prompt-user-profile-major:67288596e86e425949c367bb,Profile intendedMajor or targetMajor is set,,
user_prompt,ready_for_in_app_admin_delivery,c414d57ebae4292c129c8073,profile-prompt-user-profile-major,profile,prompt-user,profile.major,critical,/profile?tab=basic,Add your intended major,Your major helps recommendations and application analysis compare the right programs.,Add major,in_app_readiness_surface|dashboard,redis_notification_feed|remote_push|email,profile-readiness:profile-prompt-user-profile-major:c414d57ebae4292c129c8073,Profile intendedMajor or targetMajor is set,,
user_prompt,ready_for_in_app_admin_delivery,04e7256b305932c30c94dcb1,profile-prompt-user-profile-major,profile,prompt-user,profile.major,critical,/profile?tab=basic,Add your intended major,Your major helps recommendations and application analysis compare the right programs.,Add major,in_app_readiness_surface|dashboard,redis_notification_feed|remote_push|email,profile-readiness:profile-prompt-user-profile-major:04e7256b305932c30c94dcb1,Profile intendedMajor or targetMajor is set,,
user_prompt,ready_for_in_app_admin_delivery,6a3e84271e6bc8e1f626e70c,profile-prompt-user-profile-major,profile,prompt-user,profile.major,critical,/profile?tab=basic,Add your intended major,Your major helps recommendations and application analysis compare the right programs.,Add major,in_app_readiness_surface|dashboard,redis_notification_feed|remote_push|email,profile-readiness:profile-prompt-user-profile-major:6a3e84271e6bc8e1f626e70c,Profile intendedMajor or targetMajor is set,,
user_prompt,ready_for_in_app_admin_delivery,5c19cd612af2bdd05a2d7673,profile-prompt-user-profile-major,profile,prompt-user,profile.major,critical,/profile?tab=basic,Add your intended major,Your major helps recommendations and application analysis compare the right programs.,Add major,in_app_readiness_surface|dashboard,redis_notification_feed|remote_push|email,profile-readiness:profile-prompt-user-profile-major:5c19cd612af2bdd05a2d7673,Profile intendedMajor or targetMajor is set,,
user_prompt,ready_for_in_app_admin_delivery,7e58f65e491b62feb920ccf7,profile-prompt-user-profile-major,profile,prompt-user,profile.major,critical,/profile?tab=basic,Add your intended major,Your major helps recommendations and application analysis compare the right programs.,Add major,in_app_readiness_surface|dashboard,redis_notification_feed|remote_push|email,profile-readiness:profile-prompt-user-profile-major:7e58f65e491b62feb920ccf7,Profile intendedMajor or targetMajor is set,,
user_prompt,ready_for_in_app_admin_delivery,fb1dab5da10f8a978267e902,profile-prompt-user-profile-major,profile,prompt-user,profile.major,critical,/profile?tab=basic,Add your intended major,Your major helps recommendations and application analysis compare the right programs.,Add major,in_app_readiness_surface|dashboard,redis_notification_feed|remote_push|email,profile-readiness:profile-prompt-user-profile-major:fb1dab5da10f8a978267e902,Profile intendedMajor or targetMajor is set,,
user_prompt,ready_for_in_app_admin_delivery,0987deb326b0cf9536be5edb,profile-prompt-user-profile-major,profile,prompt-user,profile.major,critical,/profile?tab=basic,Add your intended major,Your major helps recommendations and application analysis compare the right programs.,Add major,in_app_readiness_surface|dashboard,redis_notification_feed|remote_push|email,profile-readiness:profile-prompt-user-profile-major:0987deb326b0cf9536be5edb,Profile intendedMajor or targetMajor is set,,
user_prompt,ready_for_in_app_admin_delivery,ca269f0d74c11e503917667d,profile-prompt-user-profile-major,profile,prompt-user,profile.major,critical,/profile?tab=basic,Add your intended major,Your major helps recommendations and application analysis compare the right programs.,Add major,in_app_readiness_surface|dashboard,redis_notification_feed|remote_push|email,profile-readiness:profile-prompt-user-profile-major:ca269f0d74c11e503917667d,Profile intendedMajor or targetMajor is set,,
user_prompt,ready_for_in_app_admin_delivery,f3652e1e7f273867dfc33cd0,profile-prompt-user-profile-major,profile,prompt-user,profile.major,critical,/profile?tab=basic,Add your intended major,Your major helps recommendations and application analysis compare the right programs.,Add major,in_app_readiness_surface|dashboard,redis_notification_feed|remote_push|email,profile-readiness:profile-prompt-user-profile-major:f3652e1e7f273867dfc33cd0,Profile intendedMajor or targetMajor is set,,
user_prompt,ready_for_in_app_admin_delivery,5eb6652a2acf0b6fddf19eea,profile-prompt-user-profile-major,profile,prompt-user,profile.major,critical,/profile?tab=basic,Add your intended major,Your major helps recommendations and application analysis compare the right programs.,Add major,in_app_readiness_surface|dashboard,redis_notification_feed|remote_push|email,profile-readiness:profile-prompt-user-profile-major:5eb6652a2acf0b6fddf19eea,Profile intendedMajor or targetMajor is set,,
user_prompt,ready_for_in_app_admin_delivery,1500b0b863d4a038abd97619,profile-prompt-user-profile-major,profile,prompt-user,profile.major,critical,/profile?tab=basic,Add your intended major,Your major helps recommendations and application analysis compare the right programs.,Add major,in_app_readiness_surface|dashboard,redis_notification_feed|remote_push|email,profile-readiness:profile-prompt-user-profile-major:1500b0b863d4a038abd97619,Profile intendedMajor or targetMajor is set,,
user_prompt,ready_for_in_app_admin_delivery,d8c29c743de39f58796ec3f2,profile-prompt-user-profile-major,profile,prompt-user,profile.major,critical,/profile?tab=basic,Add your intended major,Your major helps recommendations and application analysis compare the right programs.,Add major,in_app_readiness_surface|dashboard,redis_notification_feed|remote_push|email,profile-readiness:profile-prompt-user-profile-major:d8c29c743de39f58796ec3f2,Profile intendedMajor or targetMajor is set,,
user_prompt,ready_for_in_app_admin_delivery,11dd76414bada0ed104c2265,profile-prompt-user-profile-major,profile,prompt-user,profile.major,critical,/profile?tab=basic,Add your intended major,Your major helps recommendations and application analysis compare the right programs.,Add major,in_app_readiness_surface|dashboard,redis_notification_feed|remote_push|email,profile-readiness:profile-prompt-user-profile-major:11dd76414bada0ed104c2265,Profile intendedMajor or targetMajor is set,,
user_prompt,ready_for_in_app_admin_delivery,0ff88f19a1363122441452ae,profile-prompt-user-profile-major,profile,prompt-user,profile.major,critical,/profile?tab=basic,Add your intended major,Your major helps recommendations and application analysis compare the right programs.,Add major,in_app_readiness_surface|dashboard,redis_notification_feed|remote_push|email,profile-readiness:profile-prompt-user-profile-major:0ff88f19a1363122441452ae,Profile intendedMajor or targetMajor is set,,
user_prompt,ready_for_in_app_admin_delivery,bf6a84d9cfb6cfc9d069bf1e,profile-prompt-user-profile-major,profile,prompt-user,profile.major,critical,/profile?tab=basic,Add your intended major,Your major helps recommendations and application analysis compare the right programs.,Add major,in_app_readiness_surface|dashboard,redis_notification_feed|remote_push|email,profile-readiness:profile-prompt-user-profile-major:bf6a84d9cfb6cfc9d069bf1e,Profile intendedMajor or targetMajor is set,,
user_prompt,ready_for_in_app_admin_delivery,171e2063b6c3e3df23b73496,profile-prompt-user-profile-major,profile,prompt-user,profile.major,critical,/profile?tab=basic,Add your intended major,Your major helps recommendations and application analysis compare the right programs.,Add major,in_app_readiness_surface|dashboard,redis_notification_feed|remote_push|email,profile-readiness:profile-prompt-user-profile-major:171e2063b6c3e3df23b73496,Profile intendedMajor or targetMajor is set,,
user_prompt,ready_for_in_app_admin_delivery,e300d7e0198bdcdd266c4d64,profile-prompt-user-profile-major,profile,prompt-user,profile.major,critical,/profile?tab=basic,Add your intended major,Your major helps recommendations and application analysis compare the right programs.,Add major,in_app_readiness_surface|dashboard,redis_notification_feed|remote_push|email,profile-readiness:profile-prompt-user-profile-major:e300d7e0198bdcdd266c4d64,Profile intendedMajor or targetMajor is set,,
user_prompt,ready_for_in_app_admin_delivery,16e3334ff8056801a6a19f91,profile-prompt-user-profile-major,profile,prompt-user,profile.major,critical,/profile?tab=basic,Add your intended major,Your major helps recommendations and application analysis compare the right programs.,Add major,in_app_readiness_surface|dashboard,redis_notification_feed|remote_push|email,profile-readiness:profile-prompt-user-profile-major:16e3334ff8056801a6a19f91,Profile intendedMajor or targetMajor is set,,
user_prompt,ready_for_in_app_admin_delivery,94582f1f73f879f138b62246,profile-prompt-user-profile-major,profile,prompt-user,profile.major,critical,/profile?tab=basic,Add your intended major,Your major helps recommendations and application analysis compare the right programs.,Add major,in_app_readiness_surface|dashboard,redis_notification_feed|remote_push|email,profile-readiness:profile-prompt-user-profile-major:94582f1f73f879f138b62246,Profile intendedMajor or targetMajor is set,,
user_prompt,ready_for_in_app_admin_delivery,dd830f0917357a6c9a64c80b,profile-prompt-user-profile-major,profile,prompt-user,profile.major,critical,/profile?tab=basic,Add your intended major,Your major helps recommendations and application analysis compare the right programs.,Add major,in_app_readiness_surface|dashboard,redis_notification_feed|remote_push|email,profile-readiness:profile-prompt-user-profile-major:dd830f0917357a6c9a64c80b,Profile intendedMajor or targetMajor is set,,
user_prompt,ready_for_in_app_admin_delivery,dba262b494aac35337dc453a,profile-prompt-user-profile-major,profile,prompt-user,profile.major,critical,/profile?tab=basic,Add your intended major,Your major helps recommendations and application analysis compare the right programs.,Add major,in_app_readiness_surface|dashboard,redis_notification_feed|remote_push|email,profile-readiness:profile-prompt-user-profile-major:dba262b494aac35337dc453a,Profile intendedMajor or targetMajor is set,,
user_prompt,ready_for_in_app_admin_delivery,89910bbd433dad1e86e522ed,profile-prompt-user-profile-major,profile,prompt-user,profile.major,critical,/profile?tab=basic,Add your intended major,Your major helps recommendations and application analysis compare the right programs.,Add major,in_app_readiness_surface|dashboard,redis_notification_feed|remote_push|email,profile-readiness:profile-prompt-user-profile-major:89910bbd433dad1e86e522ed,Profile intendedMajor or targetMajor is set,,
user_prompt,ready_for_in_app_admin_delivery,435d643300b960f51c341e94,profile-prompt-user-profile-major,profile,prompt-user,profile.major,critical,/profile?tab=basic,Add your intended major,Your major helps recommendations and application analysis compare the right programs.,Add major,in_app_readiness_surface|dashboard,redis_notification_feed|remote_push|email,profile-readiness:profile-prompt-user-profile-major:435d643300b960f51c341e94,Profile intendedMajor or targetMajor is set,,
user_prompt,ready_for_in_app_admin_delivery,cdfa7a42e15e6f930aeb078a,profile-prompt-user-profile-major,profile,prompt-user,profile.major,critical,/profile?tab=basic,Add your intended major,Your major helps recommendations and application analysis compare the right programs.,Add major,in_app_readiness_surface|dashboard,redis_notification_feed|remote_push|email,profile-readiness:profile-prompt-user-profile-major:cdfa7a42e15e6f930aeb078a,Profile intendedMajor or targetMajor is set,,
user_prompt,ready_for_in_app_admin_delivery,e1a2a0bfb30fd9e12f28f1bf,profile-prompt-user-profile-major,profile,prompt-user,profile.major,critical,/profile?tab=basic,Add your intended major,Your major helps recommendations and application analysis compare the right programs.,Add major,in_app_readiness_surface|dashboard,redis_notification_feed|remote_push|email,profile-readiness:profile-prompt-user-profile-major:e1a2a0bfb30fd9e12f28f1bf,Profile intendedMajor or targetMajor is set,,
user_prompt,ready_for_in_app_admin_delivery,970c61016c09de767e490847,profile-prompt-user-profile-major,profile,prompt-user,profile.major,critical,/profile?tab=basic,Add your intended major,Your major helps recommendations and application analysis compare the right programs.,Add major,in_app_readiness_surface|dashboard,redis_notification_feed|remote_push|email,profile-readiness:profile-prompt-user-profile-major:970c61016c09de767e490847,Profile intendedMajor or targetMajor is set,,
user_prompt,ready_for_in_app_admin_delivery,cdd1a893337ce61ea3e86a63,profile-prompt-user-profile-major,profile,prompt-user,profile.major,critical,/profile?tab=basic,Add your intended major,Your major helps recommendations and application analysis compare the right programs.,Add major,in_app_readiness_surface|dashboard,redis_notification_feed|remote_push|email,profile-readiness:profile-prompt-user-profile-major:cdd1a893337ce61ea3e86a63,Profile intendedMajor or targetMajor is set,,
user_prompt,ready_for_in_app_admin_delivery,27d10e0014d3d3f6e50a8711,profile-prompt-user-profile-major,profile,prompt-user,profile.major,critical,/profile?tab=basic,Add your intended major,Your major helps recommendations and application analysis compare the right programs.,Add major,in_app_readiness_surface|dashboard,redis_notification_feed|remote_push|email,profile-readiness:profile-prompt-user-profile-major:27d10e0014d3d3f6e50a8711,Profile intendedMajor or targetMajor is set,,
user_prompt,ready_for_in_app_admin_delivery,0fb9d5944b420b594f6eb95f,profile-prompt-user-profile-major,profile,prompt-user,profile.major,critical,/profile?tab=basic,Add your intended major,Your major helps recommendations and application analysis compare the right programs.,Add major,in_app_readiness_surface|dashboard,redis_notification_feed|remote_push|email,profile-readiness:profile-prompt-user-profile-major:0fb9d5944b420b594f6eb95f,Profile intendedMajor or targetMajor is set,,
user_prompt,ready_for_in_app_admin_delivery,ea3a01bf118cba4ca26a30cb,profile-prompt-user-profile-major,profile,prompt-user,profile.major,critical,/profile?tab=basic,Add your intended major,Your major helps recommendations and application analysis compare the right programs.,Add major,in_app_readiness_surface|dashboard,redis_notification_feed|remote_push|email,profile-readiness:profile-prompt-user-profile-major:ea3a01bf118cba4ca26a30cb,Profile intendedMajor or targetMajor is set,,
user_prompt,ready_for_in_app_admin_delivery,0af15af6f8c94bb8bc34116a,profile-prompt-user-profile-major,profile,prompt-user,profile.major,critical,/profile?tab=basic,Add your intended major,Your major helps recommendations and application analysis compare the right programs.,Add major,in_app_readiness_surface|dashboard,redis_notification_feed|remote_push|email,profile-readiness:profile-prompt-user-profile-major:0af15af6f8c94bb8bc34116a,Profile intendedMajor or targetMajor is set,,
user_prompt,ready_for_in_app_admin_delivery,4cb57262998138cf87aad6a8,profile-prompt-user-profile-major,profile,prompt-user,profile.major,critical,/profile?tab=basic,Add your intended major,Your major helps recommendations and application analysis compare the right programs.,Add major,in_app_readiness_surface|dashboard,redis_notification_feed|remote_push|email,profile-readiness:profile-prompt-user-profile-major:4cb57262998138cf87aad6a8,Profile intendedMajor or targetMajor is set,,
user_prompt,ready_for_in_app_admin_delivery,f6215af433166476d1d6620b,profile-prompt-user-profile-major,profile,prompt-user,profile.major,critical,/profile?tab=basic,Add your intended major,Your major helps recommendations and application analysis compare the right programs.,Add major,in_app_readiness_surface|dashboard,redis_notification_feed|remote_push|email,profile-readiness:profile-prompt-user-profile-major:f6215af433166476d1d6620b,Profile intendedMajor or targetMajor is set,,
user_prompt,ready_for_in_app_admin_delivery,b3d85db19dcad793cfc05d01,profile-prompt-user-profile-major,profile,prompt-user,profile.major,critical,/profile?tab=basic,Add your intended major,Your major helps recommendations and application analysis compare the right programs.,Add major,in_app_readiness_surface|dashboard,redis_notification_feed|remote_push|email,profile-readiness:profile-prompt-user-profile-major:b3d85db19dcad793cfc05d01,Profile intendedMajor or targetMajor is set,,
user_prompt,ready_for_in_app_admin_delivery,54df2014c63795a607ffe6d2,profile-prompt-user-profile-major,profile,prompt-user,profile.major,critical,/profile?tab=basic,Add your intended major,Your major helps recommendations and application analysis compare the right programs.,Add major,in_app_readiness_surface|dashboard,redis_notification_feed|remote_push|email,profile-readiness:profile-prompt-user-profile-major:54df2014c63795a607ffe6d2,Profile intendedMajor or targetMajor is set,,
user_prompt,ready_for_in_app_admin_delivery,5504fdb4c0003bda7135c70f,profile-prompt-user-profile-major,profile,prompt-user,profile.major,critical,/profile?tab=basic,Add your intended major,Your major helps recommendations and application analysis compare the right programs.,Add major,in_app_readiness_surface|dashboard,redis_notification_feed|remote_push|email,profile-readiness:profile-prompt-user-profile-major:5504fdb4c0003bda7135c70f,Profile intendedMajor or targetMajor is set,,
user_prompt,ready_for_in_app_admin_delivery,c4d64c860a51a29038c15b16,profile-prompt-user-profile-major,profile,prompt-user,profile.major,critical,/profile?tab=basic,Add your intended major,Your major helps recommendations and application analysis compare the right programs.,Add major,in_app_readiness_surface|dashboard,redis_notification_feed|remote_push|email,profile-readiness:profile-prompt-user-profile-major:c4d64c860a51a29038c15b16,Profile intendedMajor or targetMajor is set,,
user_prompt,ready_for_in_app_admin_delivery,39c4a716b89ff7b7278249b9,profile-prompt-user-profile-major,profile,prompt-user,profile.major,critical,/profile?tab=basic,Add your intended major,Your major helps recommendations and application analysis compare the right programs.,Add major,in_app_readiness_surface|dashboard,redis_notification_feed|remote_push|email,profile-readiness:profile-prompt-user-profile-major:39c4a716b89ff7b7278249b9,Profile intendedMajor or targetMajor is set,,
user_prompt,ready_for_in_app_admin_delivery,e68e1710d1631379c3567a0f,profile-prompt-user-profile-major,profile,prompt-user,profile.major,critical,/profile?tab=basic,Add your intended major,Your major helps recommendations and application analysis compare the right programs.,Add major,in_app_readiness_surface|dashboard,redis_notification_feed|remote_push|email,profile-readiness:profile-prompt-user-profile-major:e68e1710d1631379c3567a0f,Profile intendedMajor or targetMajor is set,,
user_prompt,ready_for_in_app_admin_delivery,aad8b68304ca8ea63b2312d4,profile-prompt-user-profile-major,profile,prompt-user,profile.major,critical,/profile?tab=basic,Add your intended major,Your major helps recommendations and application analysis compare the right programs.,Add major,in_app_readiness_surface|dashboard,redis_notification_feed|remote_push|email,profile-readiness:profile-prompt-user-profile-major:aad8b68304ca8ea63b2312d4,Profile intendedMajor or targetMajor is set,,
user_prompt,ready_for_in_app_admin_delivery,fc34d9f828d41668e99d6532,profile-prompt-user-profile-major,profile,prompt-user,profile.major,critical,/profile?tab=basic,Add your intended major,Your major helps recommendations and application analysis compare the right programs.,Add major,in_app_readiness_surface|dashboard,redis_notification_feed|remote_push|email,profile-readiness:profile-prompt-user-profile-major:fc34d9f828d41668e99d6532,Profile intendedMajor or targetMajor is set,,
user_prompt,ready_for_in_app_admin_delivery,eccccd4bd2b1aeab19c7b90f,profile-prompt-user-profile-major,profile,prompt-user,profile.major,critical,/profile?tab=basic,Add your intended major,Your major helps recommendations and application analysis compare the right programs.,Add major,in_app_readiness_surface|dashboard,redis_notification_feed|remote_push|email,profile-readiness:profile-prompt-user-profile-major:eccccd4bd2b1aeab19c7b90f,Profile intendedMajor or targetMajor is set,,
user_prompt,ready_for_in_app_admin_delivery,a59939baa4add6136b8a46d7,profile-prompt-user-profile-major,profile,prompt-user,profile.major,critical,/profile?tab=basic,Add your intended major,Your major helps recommendations and application analysis compare the right programs.,Add major,in_app_readiness_surface|dashboard,redis_notification_feed|remote_push|email,profile-readiness:profile-prompt-user-profile-major:a59939baa4add6136b8a46d7,Profile intendedMajor or targetMajor is set,,
user_prompt,ready_for_in_app_admin_delivery,301bab4168bcd8b9da467ddd,profile-prompt-user-profile-major,profile,prompt-user,profile.major,critical,/profile?tab=basic,Add your intended major,Your major helps recommendations and application analysis compare the right programs.,Add major,in_app_readiness_surface|dashboard,redis_notification_feed|remote_push|email,profile-readiness:profile-prompt-user-profile-major:301bab4168bcd8b9da467ddd,Profile intendedMajor or targetMajor is set,,
user_prompt,ready_for_in_app_admin_delivery,2bad6db4e0c27281a315208c,profile-prompt-user-profile-major,profile,prompt-user,profile.major,critical,/profile?tab=basic,Add your intended major,Your major helps recommendations and application analysis compare the right programs.,Add major,in_app_readiness_surface|dashboard,redis_notification_feed|remote_push|email,profile-readiness:profile-prompt-user-profile-major:2bad6db4e0c27281a315208c,Profile intendedMajor or targetMajor is set,,
user_prompt,ready_for_in_app_admin_delivery,5f0584b602b4f719b7ff66f4,profile-prompt-user-profile-major,profile,prompt-user,profile.major,critical,/profile?tab=basic,Add your intended major,Your major helps recommendations and application analysis compare the right programs.,Add major,in_app_readiness_surface|dashboard,redis_notification_feed|remote_push|email,profile-readiness:profile-prompt-user-profile-major:5f0584b602b4f719b7ff66f4,Profile intendedMajor or targetMajor is set,,
user_prompt,ready_for_in_app_admin_delivery,4a372f98e4b8ee78197c22b6,profile-prompt-user-profile-major,profile,prompt-user,profile.major,critical,/profile?tab=basic,Add your intended major,Your major helps recommendations and application analysis compare the right programs.,Add major,in_app_readiness_surface|dashboard,redis_notification_feed|remote_push|email,profile-readiness:profile-prompt-user-profile-major:4a372f98e4b8ee78197c22b6,Profile intendedMajor or targetMajor is set,,
user_prompt,ready_for_in_app_admin_delivery,4ef64767ddcdaf15bbc2080d,profile-prompt-user-profile-major,profile,prompt-user,profile.major,critical,/profile?tab=basic,Add your intended major,Your major helps recommendations and application analysis compare the right programs.,Add major,in_app_readiness_surface|dashboard,redis_notification_feed|remote_push|email,profile-readiness:profile-prompt-user-profile-major:4ef64767ddcdaf15bbc2080d,Profile intendedMajor or targetMajor is set,,
user_prompt,ready_for_in_app_admin_delivery,8d7b12f1f4da99c94959e2ab,profile-prompt-user-profile-major,profile,prompt-user,profile.major,critical,/profile?tab=basic,Add your intended major,Your major helps recommendations and application analysis compare the right programs.,Add major,in_app_readiness_surface|dashboard,redis_notification_feed|remote_push|email,profile-readiness:profile-prompt-user-profile-major:8d7b12f1f4da99c94959e2ab,Profile intendedMajor or targetMajor is set,,
user_prompt,ready_for_in_app_admin_delivery,61f0530f41a4b1e7fa623b29,profile-prompt-user-profile-major,profile,prompt-user,profile.major,critical,/profile?tab=basic,Add your intended major,Your major helps recommendations and application analysis compare the right programs.,Add major,in_app_readiness_surface|dashboard,redis_notification_feed|remote_push|email,profile-readiness:profile-prompt-user-profile-major:61f0530f41a4b1e7fa623b29,Profile intendedMajor or targetMajor is set,,
user_prompt,ready_for_in_app_admin_delivery,a877a2151e5b797711a07fa6,profile-prompt-user-profile-major,profile,prompt-user,profile.major,critical,/profile?tab=basic,Add your intended major,Your major helps recommendations and application analysis compare the right programs.,Add major,in_app_readiness_surface|dashboard,redis_notification_feed|remote_push|email,profile-readiness:profile-prompt-user-profile-major:a877a2151e5b797711a07fa6,Profile intendedMajor or targetMajor is set,,
user_prompt,ready_for_in_app_admin_delivery,94199cf9466b86ddd3c2aca6,profile-prompt-user-profile-major,profile,prompt-user,profile.major,critical,/profile?tab=basic,Add your intended major,Your major helps recommendations and application analysis compare the right programs.,Add major,in_app_readiness_surface|dashboard,redis_notification_feed|remote_push|email,profile-readiness:profile-prompt-user-profile-major:94199cf9466b86ddd3c2aca6,Profile intendedMajor or targetMajor is set,,
user_prompt,ready_for_in_app_admin_delivery,7570ebc496c4a58cf91b507c,profile-prompt-user-profile-major,profile,prompt-user,profile.major,critical,/profile?tab=basic,Add your intended major,Your major helps recommendations and application analysis compare the right programs.,Add major,in_app_readiness_surface|dashboard,redis_notification_feed|remote_push|email,profile-readiness:profile-prompt-user-profile-major:7570ebc496c4a58cf91b507c,Profile intendedMajor or targetMajor is set,,
user_prompt,ready_for_in_app_admin_delivery,f2526159c034c9c47f29a41c,profile-prompt-user-profile-major,profile,prompt-user,profile.major,critical,/profile?tab=basic,Add your intended major,Your major helps recommendations and application analysis compare the right programs.,Add major,in_app_readiness_surface|dashboard,redis_notification_feed|remote_push|email,profile-readiness:profile-prompt-user-profile-major:f2526159c034c9c47f29a41c,Profile intendedMajor or targetMajor is set,,
user_prompt,ready_for_in_app_admin_delivery,b60bef5e17fd3650b1c95823,profile-prompt-user-profile-major,profile,prompt-user,profile.major,critical,/profile?tab=basic,Add your intended major,Your major helps recommendations and application analysis compare the right programs.,Add major,in_app_readiness_surface|dashboard,redis_notification_feed|remote_push|email,profile-readiness:profile-prompt-user-profile-major:b60bef5e17fd3650b1c95823,Profile intendedMajor or targetMajor is set,,
user_prompt,ready_for_in_app_admin_delivery,b5853ffb646ffd786f986979,profile-prompt-user-profile-major,profile,prompt-user,profile.major,critical,/profile?tab=basic,Add your intended major,Your major helps recommendations and application analysis compare the right programs.,Add major,in_app_readiness_surface|dashboard,redis_notification_feed|remote_push|email,profile-readiness:profile-prompt-user-profile-major:b5853ffb646ffd786f986979,Profile intendedMajor or targetMajor is set,,
user_prompt,ready_for_in_app_admin_delivery,3e2d435a34a48cffb81641d5,profile-prompt-user-profile-major,profile,prompt-user,profile.major,critical,/profile?tab=basic,Add your intended major,Your major helps recommendations and application analysis compare the right programs.,Add major,in_app_readiness_surface|dashboard,redis_notification_feed|remote_push|email,profile-readiness:profile-prompt-user-profile-major:3e2d435a34a48cffb81641d5,Profile intendedMajor or targetMajor is set,,
user_prompt,ready_for_in_app_admin_delivery,70c39343466c9d6903b6b909,profile-prompt-user-profile-major,profile,prompt-user,profile.major,critical,/profile?tab=basic,Add your intended major,Your major helps recommendations and application analysis compare the right programs.,Add major,in_app_readiness_surface|dashboard,redis_notification_feed|remote_push|email,profile-readiness:profile-prompt-user-profile-major:70c39343466c9d6903b6b909,Profile intendedMajor or targetMajor is set,,
user_prompt,ready_for_in_app_admin_delivery,31c3ed47a802490c4846fe1f,profile-prompt-user-profile-major,profile,prompt-user,profile.major,critical,/profile?tab=basic,Add your intended major,Your major helps recommendations and application analysis compare the right programs.,Add major,in_app_readiness_surface|dashboard,redis_notification_feed|remote_push|email,profile-readiness:profile-prompt-user-profile-major:31c3ed47a802490c4846fe1f,Profile intendedMajor or targetMajor is set,,
user_prompt,ready_for_in_app_admin_delivery,c475a6d251d8b078d2826981,profile-prompt-user-profile-major,profile,prompt-user,profile.major,critical,/profile?tab=basic,Add your intended major,Your major helps recommendations and application analysis compare the right programs.,Add major,in_app_readiness_surface|dashboard,redis_notification_feed|remote_push|email,profile-readiness:profile-prompt-user-profile-major:c475a6d251d8b078d2826981,Profile intendedMajor or targetMajor is set,,
user_prompt,ready_for_in_app_admin_delivery,071da0c4742da8dc1dcf6d94,profile-prompt-user-profile-major,profile,prompt-user,profile.major,critical,/profile?tab=basic,Add your intended major,Your major helps recommendations and application analysis compare the right programs.,Add major,in_app_readiness_surface|dashboard,redis_notification_feed|remote_push|email,profile-readiness:profile-prompt-user-profile-major:071da0c4742da8dc1dcf6d94,Profile intendedMajor or targetMajor is set,,
user_prompt,ready_for_in_app_admin_delivery,87840ad0e7cd3705c86d4a5d,profile-prompt-user-profile-major,profile,prompt-user,profile.major,critical,/profile?tab=basic,Add your intended major,Your major helps recommendations and application analysis compare the right programs.,Add major,in_app_readiness_surface|dashboard,redis_notification_feed|remote_push|email,profile-readiness:profile-prompt-user-profile-major:87840ad0e7cd3705c86d4a5d,Profile intendedMajor or targetMajor is set,,
user_prompt,ready_for_in_app_admin_delivery,5a33fc159e57a535e8cf1e0f,profile-prompt-user-profile-major,profile,prompt-user,profile.major,critical,/profile?tab=basic,Add your intended major,Your major helps recommendations and application analysis compare the right programs.,Add major,in_app_readiness_surface|dashboard,redis_notification_feed|remote_push|email,profile-readiness:profile-prompt-user-profile-major:5a33fc159e57a535e8cf1e0f,Profile intendedMajor or targetMajor is set,,
user_prompt,ready_for_in_app_admin_delivery,c9706c565798085285c7f213,profile-prompt-user-profile-major,profile,prompt-user,profile.major,critical,/profile?tab=basic,Add your intended major,Your major helps recommendations and application analysis compare the right programs.,Add major,in_app_readiness_surface|dashboard,redis_notification_feed|remote_push|email,profile-readiness:profile-prompt-user-profile-major:c9706c565798085285c7f213,Profile intendedMajor or targetMajor is set,,
user_prompt,ready_for_in_app_admin_delivery,a192f2bcd9de194245d069aa,profile-prompt-user-profile-missing,profile,prompt-user,profile.missing,critical,/profile,Create your profile,"A profile is required before predictions, school planning, essays, and timelines can become personalized.",Create profile,in_app_readiness_surface|dashboard,redis_notification_feed|remote_push|email,profile-readiness:profile-prompt-user-profile-missing:a192f2bcd9de194245d069aa,Profile row exists for user,,
user_prompt,ready_for_in_app_admin_delivery,30b23685dd6eb0e10efcfcf7,profile-prompt-user-profile-missing,profile,prompt-user,profile.missing,critical,/profile,Create your profile,"A profile is required before predictions, school planning, essays, and timelines can become personalized.",Create profile,in_app_readiness_surface|dashboard,redis_notification_feed|remote_push|email,profile-readiness:profile-prompt-user-profile-missing:30b23685dd6eb0e10efcfcf7,Profile row exists for user,,
user_prompt,ready_for_in_app_admin_delivery,f508587700d963a3aa0c7816,profile-prompt-user-profile-missing,profile,prompt-user,profile.missing,critical,/profile,Create your profile,"A profile is required before predictions, school planning, essays, and timelines can become personalized.",Create profile,in_app_readiness_surface|dashboard,redis_notification_feed|remote_push|email,profile-readiness:profile-prompt-user-profile-missing:f508587700d963a3aa0c7816,Profile row exists for user,,
user_prompt,ready_for_in_app_admin_delivery,6ea879a16a966e83548baebe,profile-prompt-user-profile-missing,profile,prompt-user,profile.missing,critical,/profile,Create your profile,"A profile is required before predictions, school planning, essays, and timelines can become personalized.",Create profile,in_app_readiness_surface|dashboard,redis_notification_feed|remote_push|email,profile-readiness:profile-prompt-user-profile-missing:6ea879a16a966e83548baebe,Profile row exists for user,,
user_prompt,ready_for_in_app_admin_delivery,0e5fc82d5211441ce6acb8a0,profile-prompt-user-profile-test-strategy,profile,prompt-user,profile.test_strategy,critical,/profile?tab=scores,Set your test strategy,"Tell us whether you have scores, plan to test, or are applying test-optional.",Update scores,in_app_readiness_surface|dashboard,redis_notification_feed|remote_push|email,profile-readiness:profile-prompt-user-profile-test-strategy:0e5fc82d5211441ce6acb8a0,Profile has test scores or explicit test plan,,
user_prompt,ready_for_in_app_admin_delivery,dcf79bc49e46cd2900c75b7e,profile-prompt-user-profile-test-strategy,profile,prompt-user,profile.test_strategy,critical,/profile?tab=scores,Set your test strategy,"Tell us whether you have scores, plan to test, or are applying test-optional.",Update scores,in_app_readiness_surface|dashboard,redis_notification_feed|remote_push|email,profile-readiness:profile-prompt-user-profile-test-strategy:dcf79bc49e46cd2900c75b7e,Profile has test scores or explicit test plan,,
user_prompt,ready_for_in_app_admin_delivery,724bc9edd9733fd71aafc056,profile-prompt-user-profile-test-strategy,profile,prompt-user,profile.test_strategy,critical,/profile?tab=scores,Set your test strategy,"Tell us whether you have scores, plan to test, or are applying test-optional.",Update scores,in_app_readiness_surface|dashboard,redis_notification_feed|remote_push|email,profile-readiness:profile-prompt-user-profile-test-strategy:724bc9edd9733fd71aafc056,Profile has test scores or explicit test plan,,
user_prompt,ready_for_in_app_admin_delivery,97c68cc201886124c3e4f445,profile-prompt-user-profile-test-strategy,profile,prompt-user,profile.test_strategy,critical,/profile?tab=scores,Set your test strategy,"Tell us whether you have scores, plan to test, or are applying test-optional.",Update scores,in_app_readiness_surface|dashboard,redis_notification_feed|remote_push|email,profile-readiness:profile-prompt-user-profile-test-strategy:97c68cc201886124c3e4f445,Profile has test scores or explicit test plan,,
user_prompt,ready_for_in_app_admin_delivery,0e0e1801367036b7da53ce63,profile-prompt-user-profile-test-strategy,profile,prompt-user,profile.test_strategy,critical,/profile?tab=scores,Set your test strategy,"Tell us whether you have scores, plan to test, or are applying test-optional.",Update scores,in_app_readiness_surface|dashboard,redis_notification_feed|remote_push|email,profile-readiness:profile-prompt-user-profile-test-strategy:0e0e1801367036b7da53ce63,Profile has test scores or explicit test plan,,
user_prompt,ready_for_in_app_admin_delivery,1938a7b212a0cb4a222c1dfb,profile-prompt-user-profile-test-strategy,profile,prompt-user,profile.test_strategy,critical,/profile?tab=scores,Set your test strategy,"Tell us whether you have scores, plan to test, or are applying test-optional.",Update scores,in_app_readiness_surface|dashboard,redis_notification_feed|remote_push|email,profile-readiness:profile-prompt-user-profile-test-strategy:1938a7b212a0cb4a222c1dfb,Profile has test scores or explicit test plan,,
user_prompt,ready_for_in_app_admin_delivery,76173fed23213267fcbdb625,profile-prompt-user-profile-test-strategy,profile,prompt-user,profile.test_strategy,critical,/profile?tab=scores,Set your test strategy,"Tell us whether you have scores, plan to test, or are applying test-optional.",Update scores,in_app_readiness_surface|dashboard,redis_notification_feed|remote_push|email,profile-readiness:profile-prompt-user-profile-test-strategy:76173fed23213267fcbdb625,Profile has test scores or explicit test plan,,
user_prompt,ready_for_in_app_admin_delivery,30fe2d5347423af96ac6d4da,profile-prompt-user-profile-test-strategy,profile,prompt-user,profile.test_strategy,critical,/profile?tab=scores,Set your test strategy,"Tell us whether you have scores, plan to test, or are applying test-optional.",Update scores,in_app_readiness_surface|dashboard,redis_notification_feed|remote_push|email,profile-readiness:profile-prompt-user-profile-test-strategy:30fe2d5347423af96ac6d4da,Profile has test scores or explicit test plan,,
user_prompt,ready_for_in_app_admin_delivery,98dfd71a8e5b3c8220d93a2f,profile-prompt-user-profile-test-strategy,profile,prompt-user,profile.test_strategy,critical,/profile?tab=scores,Set your test strategy,"Tell us whether you have scores, plan to test, or are applying test-optional.",Update scores,in_app_readiness_surface|dashboard,redis_notification_feed|remote_push|email,profile-readiness:profile-prompt-user-profile-test-strategy:98dfd71a8e5b3c8220d93a2f,Profile has test scores or explicit test plan,,
user_prompt,ready_for_in_app_admin_delivery,ae5657e23b66e66516a7e9d1,profile-prompt-user-profile-test-strategy,profile,prompt-user,profile.test_strategy,critical,/profile?tab=scores,Set your test strategy,"Tell us whether you have scores, plan to test, or are applying test-optional.",Update scores,in_app_readiness_surface|dashboard,redis_notification_feed|remote_push|email,profile-readiness:profile-prompt-user-profile-test-strategy:ae5657e23b66e66516a7e9d1,Profile has test scores or explicit test plan,,
user_prompt,ready_for_in_app_admin_delivery,18c9d038f473702fa45fe736,profile-prompt-user-profile-test-strategy,profile,prompt-user,profile.test_strategy,critical,/profile?tab=scores,Set your test strategy,"Tell us whether you have scores, plan to test, or are applying test-optional.",Update scores,in_app_readiness_surface|dashboard,redis_notification_feed|remote_push|email,profile-readiness:profile-prompt-user-profile-test-strategy:18c9d038f473702fa45fe736,Profile has test scores or explicit test plan,,
user_prompt,ready_for_in_app_admin_delivery,e56f4cd9413b9ecbf1bcbcba,profile-prompt-user-profile-test-strategy,profile,prompt-user,profile.test_strategy,critical,/profile?tab=scores,Set your test strategy,"Tell us whether you have scores, plan to test, or are applying test-optional.",Update scores,in_app_readiness_surface|dashboard,redis_notification_feed|remote_push|email,profile-readiness:profile-prompt-user-profile-test-strategy:e56f4cd9413b9ecbf1bcbcba,Profile has test scores or explicit test plan,,
user_prompt,ready_for_in_app_admin_delivery,7203b8a5306454a2f2dcafbd,profile-prompt-user-profile-test-strategy,profile,prompt-user,profile.test_strategy,critical,/profile?tab=scores,Set your test strategy,"Tell us whether you have scores, plan to test, or are applying test-optional.",Update scores,in_app_readiness_surface|dashboard,redis_notification_feed|remote_push|email,profile-readiness:profile-prompt-user-profile-test-strategy:7203b8a5306454a2f2dcafbd,Profile has test scores or explicit test plan,,
user_prompt,ready_for_in_app_admin_delivery,5dced8f2cab4208d93ea32cc,profile-prompt-user-profile-test-strategy,profile,prompt-user,profile.test_strategy,critical,/profile?tab=scores,Set your test strategy,"Tell us whether you have scores, plan to test, or are applying test-optional.",Update scores,in_app_readiness_surface|dashboard,redis_notification_feed|remote_push|email,profile-readiness:profile-prompt-user-profile-test-strategy:5dced8f2cab4208d93ea32cc,Profile has test scores or explicit test plan,,
user_prompt,ready_for_in_app_admin_delivery,13d8d8819466efe18e24e5ff,profile-prompt-user-profile-test-strategy,profile,prompt-user,profile.test_strategy,critical,/profile?tab=scores,Set your test strategy,"Tell us whether you have scores, plan to test, or are applying test-optional.",Update scores,in_app_readiness_surface|dashboard,redis_notification_feed|remote_push|email,profile-readiness:profile-prompt-user-profile-test-strategy:13d8d8819466efe18e24e5ff,Profile has test scores or explicit test plan,,
user_prompt,ready_for_in_app_admin_delivery,fdb725ce58cec7818228713c,profile-prompt-user-profile-test-strategy,profile,prompt-user,profile.test_strategy,critical,/profile?tab=scores,Set your test strategy,"Tell us whether you have scores, plan to test, or are applying test-optional.",Update scores,in_app_readiness_surface|dashboard,redis_notification_feed|remote_push|email,profile-readiness:profile-prompt-user-profile-test-strategy:fdb725ce58cec7818228713c,Profile has test scores or explicit test plan,,
user_prompt,ready_for_in_app_admin_delivery,41cab8192bb7944cf1674c74,profile-prompt-user-profile-test-strategy,profile,prompt-user,profile.test_strategy,critical,/profile?tab=scores,Set your test strategy,"Tell us whether you have scores, plan to test, or are applying test-optional.",Update scores,in_app_readiness_surface|dashboard,redis_notification_feed|remote_push|email,profile-readiness:profile-prompt-user-profile-test-strategy:41cab8192bb7944cf1674c74,Profile has test scores or explicit test plan,,
user_prompt,ready_for_in_app_admin_delivery,ba24bac742056fd91695e8d4,profile-prompt-user-profile-test-strategy,profile,prompt-user,profile.test_strategy,critical,/profile?tab=scores,Set your test strategy,"Tell us whether you have scores, plan to test, or are applying test-optional.",Update scores,in_app_readiness_surface|dashboard,redis_notification_feed|remote_push|email,profile-readiness:profile-prompt-user-profile-test-strategy:ba24bac742056fd91695e8d4,Profile has test scores or explicit test plan,,
user_prompt,ready_for_in_app_admin_delivery,70275824c96e0ed9635e9621,profile-prompt-user-profile-test-strategy,profile,prompt-user,profile.test_strategy,critical,/profile?tab=scores,Set your test strategy,"Tell us whether you have scores, plan to test, or are applying test-optional.",Update scores,in_app_readiness_surface|dashboard,redis_notification_feed|remote_push|email,profile-readiness:profile-prompt-user-profile-test-strategy:70275824c96e0ed9635e9621,Profile has test scores or explicit test plan,,
user_prompt,ready_for_in_app_admin_delivery,0fdaf9fc2a953a2c1a38b72c,profile-prompt-user-profile-test-strategy,profile,prompt-user,profile.test_strategy,critical,/profile?tab=scores,Set your test strategy,"Tell us whether you have scores, plan to test, or are applying test-optional.",Update scores,in_app_readiness_surface|dashboard,redis_notification_feed|remote_push|email,profile-readiness:profile-prompt-user-profile-test-strategy:0fdaf9fc2a953a2c1a38b72c,Profile has test scores or explicit test plan,,
user_prompt,ready_for_in_app_admin_delivery,d3ea679cb62edcd18c915bf5,profile-prompt-user-profile-test-strategy,profile,prompt-user,profile.test_strategy,critical,/profile?tab=scores,Set your test strategy,"Tell us whether you have scores, plan to test, or are applying test-optional.",Update scores,in_app_readiness_surface|dashboard,redis_notification_feed|remote_push|email,profile-readiness:profile-prompt-user-profile-test-strategy:d3ea679cb62edcd18c915bf5,Profile has test scores or explicit test plan,,
user_prompt,ready_for_in_app_admin_delivery,13bf78bd172a63271d1fac48,profile-prompt-user-profile-test-strategy,profile,prompt-user,profile.test_strategy,critical,/profile?tab=scores,Set your test strategy,"Tell us whether you have scores, plan to test, or are applying test-optional.",Update scores,in_app_readiness_surface|dashboard,redis_notification_feed|remote_push|email,profile-readiness:profile-prompt-user-profile-test-strategy:13bf78bd172a63271d1fac48,Profile has test scores or explicit test plan,,
user_prompt,ready_for_in_app_admin_delivery,c6c26599ad02f5ef7d181061,profile-prompt-user-profile-test-strategy,profile,prompt-user,profile.test_strategy,critical,/profile?tab=scores,Set your test strategy,"Tell us whether you have scores, plan to test, or are applying test-optional.",Update scores,in_app_readiness_surface|dashboard,redis_notification_feed|remote_push|email,profile-readiness:profile-prompt-user-profile-test-strategy:c6c26599ad02f5ef7d181061,Profile has test scores or explicit test plan,,
user_prompt,ready_for_in_app_admin_delivery,c680e4451570f2e75a4c3659,profile-prompt-user-profile-test-strategy,profile,prompt-user,profile.test_strategy,critical,/profile?tab=scores,Set your test strategy,"Tell us whether you have scores, plan to test, or are applying test-optional.",Update scores,in_app_readiness_surface|dashboard,redis_notification_feed|remote_push|email,profile-readiness:profile-prompt-user-profile-test-strategy:c680e4451570f2e75a4c3659,Profile has test scores or explicit test plan,,
user_prompt,ready_for_in_app_admin_delivery,069adf71ed91b67b5bd8647a,profile-prompt-user-profile-test-strategy,profile,prompt-user,profile.test_strategy,critical,/profile?tab=scores,Set your test strategy,"Tell us whether you have scores, plan to test, or are applying test-optional.",Update scores,in_app_readiness_surface|dashboard,redis_notification_feed|remote_push|email,profile-readiness:profile-prompt-user-profile-test-strategy:069adf71ed91b67b5bd8647a,Profile has test scores or explicit test plan,,
user_prompt,ready_for_in_app_admin_delivery,12fa5aa67e13035ed2fe94a9,profile-prompt-user-profile-test-strategy,profile,prompt-user,profile.test_strategy,critical,/profile?tab=scores,Set your test strategy,"Tell us whether you have scores, plan to test, or are applying test-optional.",Update scores,in_app_readiness_surface|dashboard,redis_notification_feed|remote_push|email,profile-readiness:profile-prompt-user-profile-test-strategy:12fa5aa67e13035ed2fe94a9,Profile has test scores or explicit test plan,,
user_prompt,ready_for_in_app_admin_delivery,c9b51675e0ee089bc3dc2d41,profile-prompt-user-profile-test-strategy,profile,prompt-user,profile.test_strategy,critical,/profile?tab=scores,Set your test strategy,"Tell us whether you have scores, plan to test, or are applying test-optional.",Update scores,in_app_readiness_surface|dashboard,redis_notification_feed|remote_push|email,profile-readiness:profile-prompt-user-profile-test-strategy:c9b51675e0ee089bc3dc2d41,Profile has test scores or explicit test plan,,
user_prompt,ready_for_in_app_admin_delivery,a0f26938ef29cb764a09d121,profile-prompt-user-profile-test-strategy,profile,prompt-user,profile.test_strategy,critical,/profile?tab=scores,Set your test strategy,"Tell us whether you have scores, plan to test, or are applying test-optional.",Update scores,in_app_readiness_surface|dashboard,redis_notification_feed|remote_push|email,profile-readiness:profile-prompt-user-profile-test-strategy:a0f26938ef29cb764a09d121,Profile has test scores or explicit test plan,,
user_prompt,ready_for_in_app_admin_delivery,07e5ae3fb4bc7e2f3abf6d6e,profile-prompt-user-profile-test-strategy,profile,prompt-user,profile.test_strategy,critical,/profile?tab=scores,Set your test strategy,"Tell us whether you have scores, plan to test, or are applying test-optional.",Update scores,in_app_readiness_surface|dashboard,redis_notification_feed|remote_push|email,profile-readiness:profile-prompt-user-profile-test-strategy:07e5ae3fb4bc7e2f3abf6d6e,Profile has test scores or explicit test plan,,
user_prompt,ready_for_in_app_admin_delivery,ef8e2db14c12df9f2824f921,profile-prompt-user-profile-test-strategy,profile,prompt-user,profile.test_strategy,critical,/profile?tab=scores,Set your test strategy,"Tell us whether you have scores, plan to test, or are applying test-optional.",Update scores,in_app_readiness_surface|dashboard,redis_notification_feed|remote_push|email,profile-readiness:profile-prompt-user-profile-test-strategy:ef8e2db14c12df9f2824f921,Profile has test scores or explicit test plan,,
user_prompt,ready_for_in_app_admin_delivery,460914874de7d773fb20d981,profile-prompt-user-profile-test-strategy,profile,prompt-user,profile.test_strategy,critical,/profile?tab=scores,Set your test strategy,"Tell us whether you have scores, plan to test, or are applying test-optional.",Update scores,in_app_readiness_surface|dashboard,redis_notification_feed|remote_push|email,profile-readiness:profile-prompt-user-profile-test-strategy:460914874de7d773fb20d981,Profile has test scores or explicit test plan,,
user_prompt,ready_for_in_app_admin_delivery,7e2df240033ce09916c1a824,profile-prompt-user-profile-test-strategy,profile,prompt-user,profile.test_strategy,critical,/profile?tab=scores,Set your test strategy,"Tell us whether you have scores, plan to test, or are applying test-optional.",Update scores,in_app_readiness_surface|dashboard,redis_notification_feed|remote_push|email,profile-readiness:profile-prompt-user-profile-test-strategy:7e2df240033ce09916c1a824,Profile has test scores or explicit test plan,,
user_prompt,ready_for_in_app_admin_delivery,35e0dc4735a90f6a12623fc2,profile-prompt-user-profile-test-strategy,profile,prompt-user,profile.test_strategy,critical,/profile?tab=scores,Set your test strategy,"Tell us whether you have scores, plan to test, or are applying test-optional.",Update scores,in_app_readiness_surface|dashboard,redis_notification_feed|remote_push|email,profile-readiness:profile-prompt-user-profile-test-strategy:35e0dc4735a90f6a12623fc2,Profile has test scores or explicit test plan,,
user_prompt,ready_for_in_app_admin_delivery,2aa8ae2841e941080f283cc7,profile-prompt-user-profile-test-strategy,profile,prompt-user,profile.test_strategy,critical,/profile?tab=scores,Set your test strategy,"Tell us whether you have scores, plan to test, or are applying test-optional.",Update scores,in_app_readiness_surface|dashboard,redis_notification_feed|remote_push|email,profile-readiness:profile-prompt-user-profile-test-strategy:2aa8ae2841e941080f283cc7,Profile has test scores or explicit test plan,,
user_prompt,ready_for_in_app_admin_delivery,592a40705457aa2f3b26803a,profile-prompt-user-profile-test-strategy,profile,prompt-user,profile.test_strategy,critical,/profile?tab=scores,Set your test strategy,"Tell us whether you have scores, plan to test, or are applying test-optional.",Update scores,in_app_readiness_surface|dashboard,redis_notification_feed|remote_push|email,profile-readiness:profile-prompt-user-profile-test-strategy:592a40705457aa2f3b26803a,Profile has test scores or explicit test plan,,
user_prompt,ready_for_in_app_admin_delivery,e4a2dd617ded5a4f75a0fb6d,profile-prompt-user-profile-test-strategy,profile,prompt-user,profile.test_strategy,critical,/profile?tab=scores,Set your test strategy,"Tell us whether you have scores, plan to test, or are applying test-optional.",Update scores,in_app_readiness_surface|dashboard,redis_notification_feed|remote_push|email,profile-readiness:profile-prompt-user-profile-test-strategy:e4a2dd617ded5a4f75a0fb6d,Profile has test scores or explicit test plan,,
user_prompt,ready_for_in_app_admin_delivery,72af9488d9d43119ff287984,profile-prompt-user-profile-test-strategy,profile,prompt-user,profile.test_strategy,critical,/profile?tab=scores,Set your test strategy,"Tell us whether you have scores, plan to test, or are applying test-optional.",Update scores,in_app_readiness_surface|dashboard,redis_notification_feed|remote_push|email,profile-readiness:profile-prompt-user-profile-test-strategy:72af9488d9d43119ff287984,Profile has test scores or explicit test plan,,
user_prompt,ready_for_in_app_admin_delivery,cff4908bc7552632f53f82f0,profile-prompt-user-profile-test-strategy,profile,prompt-user,profile.test_strategy,critical,/profile?tab=scores,Set your test strategy,"Tell us whether you have scores, plan to test, or are applying test-optional.",Update scores,in_app_readiness_surface|dashboard,redis_notification_feed|remote_push|email,profile-readiness:profile-prompt-user-profile-test-strategy:cff4908bc7552632f53f82f0,Profile has test scores or explicit test plan,,
user_prompt,ready_for_in_app_admin_delivery,75b0b435d01ee63221d07883,profile-prompt-user-profile-test-strategy,profile,prompt-user,profile.test_strategy,critical,/profile?tab=scores,Set your test strategy,"Tell us whether you have scores, plan to test, or are applying test-optional.",Update scores,in_app_readiness_surface|dashboard,redis_notification_feed|remote_push|email,profile-readiness:profile-prompt-user-profile-test-strategy:75b0b435d01ee63221d07883,Profile has test scores or explicit test plan,,
user_prompt,ready_for_in_app_admin_delivery,67288596e86e425949c367bb,profile-prompt-user-profile-test-strategy,profile,prompt-user,profile.test_strategy,critical,/profile?tab=scores,Set your test strategy,"Tell us whether you have scores, plan to test, or are applying test-optional.",Update scores,in_app_readiness_surface|dashboard,redis_notification_feed|remote_push|email,profile-readiness:profile-prompt-user-profile-test-strategy:67288596e86e425949c367bb,Profile has test scores or explicit test plan,,
user_prompt,ready_for_in_app_admin_delivery,c414d57ebae4292c129c8073,profile-prompt-user-profile-test-strategy,profile,prompt-user,profile.test_strategy,critical,/profile?tab=scores,Set your test strategy,"Tell us whether you have scores, plan to test, or are applying test-optional.",Update scores,in_app_readiness_surface|dashboard,redis_notification_feed|remote_push|email,profile-readiness:profile-prompt-user-profile-test-strategy:c414d57ebae4292c129c8073,Profile has test scores or explicit test plan,,
user_prompt,ready_for_in_app_admin_delivery,04e7256b305932c30c94dcb1,profile-prompt-user-profile-test-strategy,profile,prompt-user,profile.test_strategy,critical,/profile?tab=scores,Set your test strategy,"Tell us whether you have scores, plan to test, or are applying test-optional.",Update scores,in_app_readiness_surface|dashboard,redis_notification_feed|remote_push|email,profile-readiness:profile-prompt-user-profile-test-strategy:04e7256b305932c30c94dcb1,Profile has test scores or explicit test plan,,
user_prompt,ready_for_in_app_admin_delivery,6a3e84271e6bc8e1f626e70c,profile-prompt-user-profile-test-strategy,profile,prompt-user,profile.test_strategy,critical,/profile?tab=scores,Set your test strategy,"Tell us whether you have scores, plan to test, or are applying test-optional.",Update scores,in_app_readiness_surface|dashboard,redis_notification_feed|remote_push|email,profile-readiness:profile-prompt-user-profile-test-strategy:6a3e84271e6bc8e1f626e70c,Profile has test scores or explicit test plan,,
user_prompt,ready_for_in_app_admin_delivery,5c19cd612af2bdd05a2d7673,profile-prompt-user-profile-test-strategy,profile,prompt-user,profile.test_strategy,critical,/profile?tab=scores,Set your test strategy,"Tell us whether you have scores, plan to test, or are applying test-optional.",Update scores,in_app_readiness_surface|dashboard,redis_notification_feed|remote_push|email,profile-readiness:profile-prompt-user-profile-test-strategy:5c19cd612af2bdd05a2d7673,Profile has test scores or explicit test plan,,
user_prompt,ready_for_in_app_admin_delivery,7e58f65e491b62feb920ccf7,profile-prompt-user-profile-test-strategy,profile,prompt-user,profile.test_strategy,critical,/profile?tab=scores,Set your test strategy,"Tell us whether you have scores, plan to test, or are applying test-optional.",Update scores,in_app_readiness_surface|dashboard,redis_notification_feed|remote_push|email,profile-readiness:profile-prompt-user-profile-test-strategy:7e58f65e491b62feb920ccf7,Profile has test scores or explicit test plan,,
user_prompt,ready_for_in_app_admin_delivery,fb1dab5da10f8a978267e902,profile-prompt-user-profile-test-strategy,profile,prompt-user,profile.test_strategy,critical,/profile?tab=scores,Set your test strategy,"Tell us whether you have scores, plan to test, or are applying test-optional.",Update scores,in_app_readiness_surface|dashboard,redis_notification_feed|remote_push|email,profile-readiness:profile-prompt-user-profile-test-strategy:fb1dab5da10f8a978267e902,Profile has test scores or explicit test plan,,
user_prompt,ready_for_in_app_admin_delivery,0987deb326b0cf9536be5edb,profile-prompt-user-profile-test-strategy,profile,prompt-user,profile.test_strategy,critical,/profile?tab=scores,Set your test strategy,"Tell us whether you have scores, plan to test, or are applying test-optional.",Update scores,in_app_readiness_surface|dashboard,redis_notification_feed|remote_push|email,profile-readiness:profile-prompt-user-profile-test-strategy:0987deb326b0cf9536be5edb,Profile has test scores or explicit test plan,,
user_prompt,ready_for_in_app_admin_delivery,ca269f0d74c11e503917667d,profile-prompt-user-profile-test-strategy,profile,prompt-user,profile.test_strategy,critical,/profile?tab=scores,Set your test strategy,"Tell us whether you have scores, plan to test, or are applying test-optional.",Update scores,in_app_readiness_surface|dashboard,redis_notification_feed|remote_push|email,profile-readiness:profile-prompt-user-profile-test-strategy:ca269f0d74c11e503917667d,Profile has test scores or explicit test plan,,
user_prompt,ready_for_in_app_admin_delivery,f3652e1e7f273867dfc33cd0,profile-prompt-user-profile-test-strategy,profile,prompt-user,profile.test_strategy,critical,/profile?tab=scores,Set your test strategy,"Tell us whether you have scores, plan to test, or are applying test-optional.",Update scores,in_app_readiness_surface|dashboard,redis_notification_feed|remote_push|email,profile-readiness:profile-prompt-user-profile-test-strategy:f3652e1e7f273867dfc33cd0,Profile has test scores or explicit test plan,,
user_prompt,ready_for_in_app_admin_delivery,5eb6652a2acf0b6fddf19eea,profile-prompt-user-profile-test-strategy,profile,prompt-user,profile.test_strategy,critical,/profile?tab=scores,Set your test strategy,"Tell us whether you have scores, plan to test, or are applying test-optional.",Update scores,in_app_readiness_surface|dashboard,redis_notification_feed|remote_push|email,profile-readiness:profile-prompt-user-profile-test-strategy:5eb6652a2acf0b6fddf19eea,Profile has test scores or explicit test plan,,
user_prompt,ready_for_in_app_admin_delivery,1500b0b863d4a038abd97619,profile-prompt-user-profile-test-strategy,profile,prompt-user,profile.test_strategy,critical,/profile?tab=scores,Set your test strategy,"Tell us whether you have scores, plan to test, or are applying test-optional.",Update scores,in_app_readiness_surface|dashboard,redis_notification_feed|remote_push|email,profile-readiness:profile-prompt-user-profile-test-strategy:1500b0b863d4a038abd97619,Profile has test scores or explicit test plan,,
user_prompt,ready_for_in_app_admin_delivery,d8c29c743de39f58796ec3f2,profile-prompt-user-profile-test-strategy,profile,prompt-user,profile.test_strategy,critical,/profile?tab=scores,Set your test strategy,"Tell us whether you have scores, plan to test, or are applying test-optional.",Update scores,in_app_readiness_surface|dashboard,redis_notification_feed|remote_push|email,profile-readiness:profile-prompt-user-profile-test-strategy:d8c29c743de39f58796ec3f2,Profile has test scores or explicit test plan,,
user_prompt,ready_for_in_app_admin_delivery,11dd76414bada0ed104c2265,profile-prompt-user-profile-test-strategy,profile,prompt-user,profile.test_strategy,critical,/profile?tab=scores,Set your test strategy,"Tell us whether you have scores, plan to test, or are applying test-optional.",Update scores,in_app_readiness_surface|dashboard,redis_notification_feed|remote_push|email,profile-readiness:profile-prompt-user-profile-test-strategy:11dd76414bada0ed104c2265,Profile has test scores or explicit test plan,,
user_prompt,ready_for_in_app_admin_delivery,0ff88f19a1363122441452ae,profile-prompt-user-profile-test-strategy,profile,prompt-user,profile.test_strategy,critical,/profile?tab=scores,Set your test strategy,"Tell us whether you have scores, plan to test, or are applying test-optional.",Update scores,in_app_readiness_surface|dashboard,redis_notification_feed|remote_push|email,profile-readiness:profile-prompt-user-profile-test-strategy:0ff88f19a1363122441452ae,Profile has test scores or explicit test plan,,
user_prompt,ready_for_in_app_admin_delivery,bf6a84d9cfb6cfc9d069bf1e,profile-prompt-user-profile-test-strategy,profile,prompt-user,profile.test_strategy,critical,/profile?tab=scores,Set your test strategy,"Tell us whether you have scores, plan to test, or are applying test-optional.",Update scores,in_app_readiness_surface|dashboard,redis_notification_feed|remote_push|email,profile-readiness:profile-prompt-user-profile-test-strategy:bf6a84d9cfb6cfc9d069bf1e,Profile has test scores or explicit test plan,,
user_prompt,ready_for_in_app_admin_delivery,171e2063b6c3e3df23b73496,profile-prompt-user-profile-test-strategy,profile,prompt-user,profile.test_strategy,critical,/profile?tab=scores,Set your test strategy,"Tell us whether you have scores, plan to test, or are applying test-optional.",Update scores,in_app_readiness_surface|dashboard,redis_notification_feed|remote_push|email,profile-readiness:profile-prompt-user-profile-test-strategy:171e2063b6c3e3df23b73496,Profile has test scores or explicit test plan,,
user_prompt,ready_for_in_app_admin_delivery,e300d7e0198bdcdd266c4d64,profile-prompt-user-profile-test-strategy,profile,prompt-user,profile.test_strategy,critical,/profile?tab=scores,Set your test strategy,"Tell us whether you have scores, plan to test, or are applying test-optional.",Update scores,in_app_readiness_surface|dashboard,redis_notification_feed|remote_push|email,profile-readiness:profile-prompt-user-profile-test-strategy:e300d7e0198bdcdd266c4d64,Profile has test scores or explicit test plan,,
user_prompt,ready_for_in_app_admin_delivery,16e3334ff8056801a6a19f91,profile-prompt-user-profile-test-strategy,profile,prompt-user,profile.test_strategy,critical,/profile?tab=scores,Set your test strategy,"Tell us whether you have scores, plan to test, or are applying test-optional.",Update scores,in_app_readiness_surface|dashboard,redis_notification_feed|remote_push|email,profile-readiness:profile-prompt-user-profile-test-strategy:16e3334ff8056801a6a19f91,Profile has test scores or explicit test plan,,
user_prompt,ready_for_in_app_admin_delivery,94582f1f73f879f138b62246,profile-prompt-user-profile-test-strategy,profile,prompt-user,profile.test_strategy,critical,/profile?tab=scores,Set your test strategy,"Tell us whether you have scores, plan to test, or are applying test-optional.",Update scores,in_app_readiness_surface|dashboard,redis_notification_feed|remote_push|email,profile-readiness:profile-prompt-user-profile-test-strategy:94582f1f73f879f138b62246,Profile has test scores or explicit test plan,,
user_prompt,ready_for_in_app_admin_delivery,dd830f0917357a6c9a64c80b,profile-prompt-user-profile-test-strategy,profile,prompt-user,profile.test_strategy,critical,/profile?tab=scores,Set your test strategy,"Tell us whether you have scores, plan to test, or are applying test-optional.",Update scores,in_app_readiness_surface|dashboard,redis_notification_feed|remote_push|email,profile-readiness:profile-prompt-user-profile-test-strategy:dd830f0917357a6c9a64c80b,Profile has test scores or explicit test plan,,
user_prompt,ready_for_in_app_admin_delivery,dba262b494aac35337dc453a,profile-prompt-user-profile-test-strategy,profile,prompt-user,profile.test_strategy,critical,/profile?tab=scores,Set your test strategy,"Tell us whether you have scores, plan to test, or are applying test-optional.",Update scores,in_app_readiness_surface|dashboard,redis_notification_feed|remote_push|email,profile-readiness:profile-prompt-user-profile-test-strategy:dba262b494aac35337dc453a,Profile has test scores or explicit test plan,,
user_prompt,ready_for_in_app_admin_delivery,89910bbd433dad1e86e522ed,profile-prompt-user-profile-test-strategy,profile,prompt-user,profile.test_strategy,critical,/profile?tab=scores,Set your test strategy,"Tell us whether you have scores, plan to test, or are applying test-optional.",Update scores,in_app_readiness_surface|dashboard,redis_notification_feed|remote_push|email,profile-readiness:profile-prompt-user-profile-test-strategy:89910bbd433dad1e86e522ed,Profile has test scores or explicit test plan,,
user_prompt,ready_for_in_app_admin_delivery,435d643300b960f51c341e94,profile-prompt-user-profile-test-strategy,profile,prompt-user,profile.test_strategy,critical,/profile?tab=scores,Set your test strategy,"Tell us whether you have scores, plan to test, or are applying test-optional.",Update scores,in_app_readiness_surface|dashboard,redis_notification_feed|remote_push|email,profile-readiness:profile-prompt-user-profile-test-strategy:435d643300b960f51c341e94,Profile has test scores or explicit test plan,,
user_prompt,ready_for_in_app_admin_delivery,cdfa7a42e15e6f930aeb078a,profile-prompt-user-profile-test-strategy,profile,prompt-user,profile.test_strategy,critical,/profile?tab=scores,Set your test strategy,"Tell us whether you have scores, plan to test, or are applying test-optional.",Update scores,in_app_readiness_surface|dashboard,redis_notification_feed|remote_push|email,profile-readiness:profile-prompt-user-profile-test-strategy:cdfa7a42e15e6f930aeb078a,Profile has test scores or explicit test plan,,
user_prompt,ready_for_in_app_admin_delivery,6a9586dc76eca3beb6bba023,profile-prompt-user-profile-test-strategy,profile,prompt-user,profile.test_strategy,critical,/profile?tab=scores,Set your test strategy,"Tell us whether you have scores, plan to test, or are applying test-optional.",Update scores,in_app_readiness_surface|dashboard,redis_notification_feed|remote_push|email,profile-readiness:profile-prompt-user-profile-test-strategy:6a9586dc76eca3beb6bba023,Profile has test scores or explicit test plan,,
user_prompt,ready_for_in_app_admin_delivery,6f9b54841f8fa0f67f59711f,profile-prompt-user-profile-test-strategy,profile,prompt-user,profile.test_strategy,critical,/profile?tab=scores,Set your test strategy,"Tell us whether you have scores, plan to test, or are applying test-optional.",Update scores,in_app_readiness_surface|dashboard,redis_notification_feed|remote_push|email,profile-readiness:profile-prompt-user-profile-test-strategy:6f9b54841f8fa0f67f59711f,Profile has test scores or explicit test plan,,
user_prompt,ready_for_in_app_admin_delivery,bef00e3cfdf053cfca345af1,profile-prompt-user-profile-test-strategy,profile,prompt-user,profile.test_strategy,critical,/profile?tab=scores,Set your test strategy,"Tell us whether you have scores, plan to test, or are applying test-optional.",Update scores,in_app_readiness_surface|dashboard,redis_notification_feed|remote_push|email,profile-readiness:profile-prompt-user-profile-test-strategy:bef00e3cfdf053cfca345af1,Profile has test scores or explicit test plan,,
user_prompt,ready_for_in_app_admin_delivery,5f60d121d5f8e1c60d3a7954,profile-prompt-user-profile-test-strategy,profile,prompt-user,profile.test_strategy,critical,/profile?tab=scores,Set your test strategy,"Tell us whether you have scores, plan to test, or are applying test-optional.",Update scores,in_app_readiness_surface|dashboard,redis_notification_feed|remote_push|email,profile-readiness:profile-prompt-user-profile-test-strategy:5f60d121d5f8e1c60d3a7954,Profile has test scores or explicit test plan,,
user_prompt,ready_for_in_app_admin_delivery,0839ab4ac6894f45f8b5326e,profile-prompt-user-profile-test-strategy,profile,prompt-user,profile.test_strategy,critical,/profile?tab=scores,Set your test strategy,"Tell us whether you have scores, plan to test, or are applying test-optional.",Update scores,in_app_readiness_surface|dashboard,redis_notification_feed|remote_push|email,profile-readiness:profile-prompt-user-profile-test-strategy:0839ab4ac6894f45f8b5326e,Profile has test scores or explicit test plan,,
user_prompt,ready_for_in_app_admin_delivery,1a5b0a46226de7b2fdf7ee6d,profile-prompt-user-profile-test-strategy,profile,prompt-user,profile.test_strategy,critical,/profile?tab=scores,Set your test strategy,"Tell us whether you have scores, plan to test, or are applying test-optional.",Update scores,in_app_readiness_surface|dashboard,redis_notification_feed|remote_push|email,profile-readiness:profile-prompt-user-profile-test-strategy:1a5b0a46226de7b2fdf7ee6d,Profile has test scores or explicit test plan,,
user_prompt,ready_for_in_app_admin_delivery,07f56d07aabc5e498391d8ea,profile-prompt-user-profile-test-strategy,profile,prompt-user,profile.test_strategy,critical,/profile?tab=scores,Set your test strategy,"Tell us whether you have scores, plan to test, or are applying test-optional.",Update scores,in_app_readiness_surface|dashboard,redis_notification_feed|remote_push|email,profile-readiness:profile-prompt-user-profile-test-strategy:07f56d07aabc5e498391d8ea,Profile has test scores or explicit test plan,,
user_prompt,ready_for_in_app_admin_delivery,0bedcbf1da324b470b0c1b76,profile-prompt-user-profile-test-strategy,profile,prompt-user,profile.test_strategy,critical,/profile?tab=scores,Set your test strategy,"Tell us whether you have scores, plan to test, or are applying test-optional.",Update scores,in_app_readiness_surface|dashboard,redis_notification_feed|remote_push|email,profile-readiness:profile-prompt-user-profile-test-strategy:0bedcbf1da324b470b0c1b76,Profile has test scores or explicit test plan,,
user_prompt,ready_for_in_app_admin_delivery,0fb59725a227fac3fc75dc14,profile-prompt-user-profile-test-strategy,profile,prompt-user,profile.test_strategy,critical,/profile?tab=scores,Set your test strategy,"Tell us whether you have scores, plan to test, or are applying test-optional.",Update scores,in_app_readiness_surface|dashboard,redis_notification_feed|remote_push|email,profile-readiness:profile-prompt-user-profile-test-strategy:0fb59725a227fac3fc75dc14,Profile has test scores or explicit test plan,,
user_prompt,ready_for_in_app_admin_delivery,65b959f31034539c5f366774,profile-prompt-user-profile-test-strategy,profile,prompt-user,profile.test_strategy,critical,/profile?tab=scores,Set your test strategy,"Tell us whether you have scores, plan to test, or are applying test-optional.",Update scores,in_app_readiness_surface|dashboard,redis_notification_feed|remote_push|email,profile-readiness:profile-prompt-user-profile-test-strategy:65b959f31034539c5f366774,Profile has test scores or explicit test plan,,
user_prompt,ready_for_in_app_admin_delivery,970550533738cbfcf61daf11,profile-prompt-user-profile-test-strategy,profile,prompt-user,profile.test_strategy,critical,/profile?tab=scores,Set your test strategy,"Tell us whether you have scores, plan to test, or are applying test-optional.",Update scores,in_app_readiness_surface|dashboard,redis_notification_feed|remote_push|email,profile-readiness:profile-prompt-user-profile-test-strategy:970550533738cbfcf61daf11,Profile has test scores or explicit test plan,,
user_prompt,ready_for_in_app_admin_delivery,5504c626383507821dfcb876,profile-prompt-user-profile-test-strategy,profile,prompt-user,profile.test_strategy,critical,/profile?tab=scores,Set your test strategy,"Tell us whether you have scores, plan to test, or are applying test-optional.",Update scores,in_app_readiness_surface|dashboard,redis_notification_feed|remote_push|email,profile-readiness:profile-prompt-user-profile-test-strategy:5504c626383507821dfcb876,Profile has test scores or explicit test plan,,
user_prompt,ready_for_in_app_admin_delivery,3230af06184fff02111b4d9d,profile-prompt-user-profile-test-strategy,profile,prompt-user,profile.test_strategy,critical,/profile?tab=scores,Set your test strategy,"Tell us whether you have scores, plan to test, or are applying test-optional.",Update scores,in_app_readiness_surface|dashboard,redis_notification_feed|remote_push|email,profile-readiness:profile-prompt-user-profile-test-strategy:3230af06184fff02111b4d9d,Profile has test scores or explicit test plan,,
user_prompt,ready_for_in_app_admin_delivery,4f8c4e9527c625cebc8cbe71,profile-prompt-user-profile-test-strategy,profile,prompt-user,profile.test_strategy,critical,/profile?tab=scores,Set your test strategy,"Tell us whether you have scores, plan to test, or are applying test-optional.",Update scores,in_app_readiness_surface|dashboard,redis_notification_feed|remote_push|email,profile-readiness:profile-prompt-user-profile-test-strategy:4f8c4e9527c625cebc8cbe71,Profile has test scores or explicit test plan,,
user_prompt,ready_for_in_app_admin_delivery,a5db6455215f7e110a7bc07b,profile-prompt-user-profile-test-strategy,profile,prompt-user,profile.test_strategy,critical,/profile?tab=scores,Set your test strategy,"Tell us whether you have scores, plan to test, or are applying test-optional.",Update scores,in_app_readiness_surface|dashboard,redis_notification_feed|remote_push|email,profile-readiness:profile-prompt-user-profile-test-strategy:a5db6455215f7e110a7bc07b,Profile has test scores or explicit test plan,,
user_prompt,ready_for_in_app_admin_delivery,b8a277a6cd429920ef85d6db,profile-prompt-user-profile-test-strategy,profile,prompt-user,profile.test_strategy,critical,/profile?tab=scores,Set your test strategy,"Tell us whether you have scores, plan to test, or are applying test-optional.",Update scores,in_app_readiness_surface|dashboard,redis_notification_feed|remote_push|email,profile-readiness:profile-prompt-user-profile-test-strategy:b8a277a6cd429920ef85d6db,Profile has test scores or explicit test plan,,
user_prompt,ready_for_in_app_admin_delivery,3ccaf93035fe93ab284da697,profile-prompt-user-profile-test-strategy,profile,prompt-user,profile.test_strategy,critical,/profile?tab=scores,Set your test strategy,"Tell us whether you have scores, plan to test, or are applying test-optional.",Update scores,in_app_readiness_surface|dashboard,redis_notification_feed|remote_push|email,profile-readiness:profile-prompt-user-profile-test-strategy:3ccaf93035fe93ab284da697,Profile has test scores or explicit test plan,,
user_prompt,ready_for_in_app_admin_delivery,af0e0c0e572ee90213df32e5,profile-prompt-user-profile-test-strategy,profile,prompt-user,profile.test_strategy,critical,/profile?tab=scores,Set your test strategy,"Tell us whether you have scores, plan to test, or are applying test-optional.",Update scores,in_app_readiness_surface|dashboard,redis_notification_feed|remote_push|email,profile-readiness:profile-prompt-user-profile-test-strategy:af0e0c0e572ee90213df32e5,Profile has test scores or explicit test plan,,
user_prompt,ready_for_in_app_admin_delivery,9ee435ab1a9d1b8f505711e6,profile-prompt-user-profile-test-strategy,profile,prompt-user,profile.test_strategy,critical,/profile?tab=scores,Set your test strategy,"Tell us whether you have scores, plan to test, or are applying test-optional.",Update scores,in_app_readiness_surface|dashboard,redis_notification_feed|remote_push|email,profile-readiness:profile-prompt-user-profile-test-strategy:9ee435ab1a9d1b8f505711e6,Profile has test scores or explicit test plan,,
user_prompt,ready_for_in_app_admin_delivery,e75b8f15f0abc0f737026417,profile-prompt-user-profile-test-strategy,profile,prompt-user,profile.test_strategy,critical,/profile?tab=scores,Set your test strategy,"Tell us whether you have scores, plan to test, or are applying test-optional.",Update scores,in_app_readiness_surface|dashboard,redis_notification_feed|remote_push|email,profile-readiness:profile-prompt-user-profile-test-strategy:e75b8f15f0abc0f737026417,Profile has test scores or explicit test plan,,
user_prompt,ready_for_in_app_admin_delivery,5a84c043be7d20ddd26a2d37,profile-prompt-user-profile-test-strategy,profile,prompt-user,profile.test_strategy,critical,/profile?tab=scores,Set your test strategy,"Tell us whether you have scores, plan to test, or are applying test-optional.",Update scores,in_app_readiness_surface|dashboard,redis_notification_feed|remote_push|email,profile-readiness:profile-prompt-user-profile-test-strategy:5a84c043be7d20ddd26a2d37,Profile has test scores or explicit test plan,,
user_prompt,ready_for_in_app_admin_delivery,6f6a6ebf8b74420c7c988135,profile-prompt-user-profile-test-strategy,profile,prompt-user,profile.test_strategy,critical,/profile?tab=scores,Set your test strategy,"Tell us whether you have scores, plan to test, or are applying test-optional.",Update scores,in_app_readiness_surface|dashboard,redis_notification_feed|remote_push|email,profile-readiness:profile-prompt-user-profile-test-strategy:6f6a6ebf8b74420c7c988135,Profile has test scores or explicit test plan,,
user_prompt,ready_for_in_app_admin_delivery,9acaace15769689a2e8d8f79,profile-prompt-user-profile-test-strategy,profile,prompt-user,profile.test_strategy,critical,/profile?tab=scores,Set your test strategy,"Tell us whether you have scores, plan to test, or are applying test-optional.",Update scores,in_app_readiness_surface|dashboard,redis_notification_feed|remote_push|email,profile-readiness:profile-prompt-user-profile-test-strategy:9acaace15769689a2e8d8f79,Profile has test scores or explicit test plan,,
user_prompt,ready_for_in_app_admin_delivery,ace96bc16dc15505a994e478,profile-prompt-user-profile-test-strategy,profile,prompt-user,profile.test_strategy,critical,/profile?tab=scores,Set your test strategy,"Tell us whether you have scores, plan to test, or are applying test-optional.",Update scores,in_app_readiness_surface|dashboard,redis_notification_feed|remote_push|email,profile-readiness:profile-prompt-user-profile-test-strategy:ace96bc16dc15505a994e478,Profile has test scores or explicit test plan,,
user_prompt,ready_for_in_app_admin_delivery,a6446192083fe17748decf25,profile-prompt-user-profile-test-strategy,profile,prompt-user,profile.test_strategy,critical,/profile?tab=scores,Set your test strategy,"Tell us whether you have scores, plan to test, or are applying test-optional.",Update scores,in_app_readiness_surface|dashboard,redis_notification_feed|remote_push|email,profile-readiness:profile-prompt-user-profile-test-strategy:a6446192083fe17748decf25,Profile has test scores or explicit test plan,,
user_prompt,ready_for_in_app_admin_delivery,30300b62cf60b25ace2aa505,profile-prompt-user-profile-test-strategy,profile,prompt-user,profile.test_strategy,critical,/profile?tab=scores,Set your test strategy,"Tell us whether you have scores, plan to test, or are applying test-optional.",Update scores,in_app_readiness_surface|dashboard,redis_notification_feed|remote_push|email,profile-readiness:profile-prompt-user-profile-test-strategy:30300b62cf60b25ace2aa505,Profile has test scores or explicit test plan,,
user_prompt,ready_for_in_app_admin_delivery,3181f198897bc42eb9c1bcd0,profile-prompt-user-profile-test-strategy,profile,prompt-user,profile.test_strategy,critical,/profile?tab=scores,Set your test strategy,"Tell us whether you have scores, plan to test, or are applying test-optional.",Update scores,in_app_readiness_surface|dashboard,redis_notification_feed|remote_push|email,profile-readiness:profile-prompt-user-profile-test-strategy:3181f198897bc42eb9c1bcd0,Profile has test scores or explicit test plan,,
user_prompt,ready_for_in_app_admin_delivery,89560102c8965d0f1b544a1b,profile-prompt-user-profile-test-strategy,profile,prompt-user,profile.test_strategy,critical,/profile?tab=scores,Set your test strategy,"Tell us whether you have scores, plan to test, or are applying test-optional.",Update scores,in_app_readiness_surface|dashboard,redis_notification_feed|remote_push|email,profile-readiness:profile-prompt-user-profile-test-strategy:89560102c8965d0f1b544a1b,Profile has test scores or explicit test plan,,
user_prompt,ready_for_in_app_admin_delivery,5f99150f51a167a11be62e9c,profile-prompt-user-profile-test-strategy,profile,prompt-user,profile.test_strategy,critical,/profile?tab=scores,Set your test strategy,"Tell us whether you have scores, plan to test, or are applying test-optional.",Update scores,in_app_readiness_surface|dashboard,redis_notification_feed|remote_push|email,profile-readiness:profile-prompt-user-profile-test-strategy:5f99150f51a167a11be62e9c,Profile has test scores or explicit test plan,,
user_prompt,ready_for_in_app_admin_delivery,d394d8ed654c6e76df4649c9,profile-prompt-user-profile-test-strategy,profile,prompt-user,profile.test_strategy,critical,/profile?tab=scores,Set your test strategy,"Tell us whether you have scores, plan to test, or are applying test-optional.",Update scores,in_app_readiness_surface|dashboard,redis_notification_feed|remote_push|email,profile-readiness:profile-prompt-user-profile-test-strategy:d394d8ed654c6e76df4649c9,Profile has test scores or explicit test plan,,
user_prompt,ready_for_in_app_admin_delivery,0e5fc82d5211441ce6acb8a0,school-list-prompt-user-school-list-add-first,school_list,prompt-user,school_list.add_first,critical,/schools,Add your first target school,"A school list unlocks school-specific readiness, deadlines, predictions, and essays.",Add schools,in_app_readiness_surface|dashboard,redis_notification_feed|remote_push|email,profile-readiness:school-list-prompt-user-school-list-add-first:0e5fc82d5211441ce6acb8a0,SchoolListItem count > 0,,
user_prompt,ready_for_in_app_admin_delivery,dcf79bc49e46cd2900c75b7e,school-list-prompt-user-school-list-add-first,school_list,prompt-user,school_list.add_first,critical,/schools,Add your first target school,"A school list unlocks school-specific readiness, deadlines, predictions, and essays.",Add schools,in_app_readiness_surface|dashboard,redis_notification_feed|remote_push|email,profile-readiness:school-list-prompt-user-school-list-add-first:dcf79bc49e46cd2900c75b7e,SchoolListItem count > 0,,
user_prompt,ready_for_in_app_admin_delivery,724bc9edd9733fd71aafc056,school-list-prompt-user-school-list-add-first,school_list,prompt-user,school_list.add_first,critical,/schools,Add your first target school,"A school list unlocks school-specific readiness, deadlines, predictions, and essays.",Add schools,in_app_readiness_surface|dashboard,redis_notification_feed|remote_push|email,profile-readiness:school-list-prompt-user-school-list-add-first:724bc9edd9733fd71aafc056,SchoolListItem count > 0,,
user_prompt,ready_for_in_app_admin_delivery,97c68cc201886124c3e4f445,school-list-prompt-user-school-list-add-first,school_list,prompt-user,school_list.add_first,critical,/schools,Add your first target school,"A school list unlocks school-specific readiness, deadlines, predictions, and essays.",Add schools,in_app_readiness_surface|dashboard,redis_notification_feed|remote_push|email,profile-readiness:school-list-prompt-user-school-list-add-first:97c68cc201886124c3e4f445,SchoolListItem count > 0,,
user_prompt,ready_for_in_app_admin_delivery,f34466dccff86de7782bd650,school-list-prompt-user-school-list-add-first,school_list,prompt-user,school_list.add_first,critical,/schools,Add your first target school,"A school list unlocks school-specific readiness, deadlines, predictions, and essays.",Add schools,in_app_readiness_surface|dashboard,redis_notification_feed|remote_push|email,profile-readiness:school-list-prompt-user-school-list-add-first:f34466dccff86de7782bd650,SchoolListItem count > 0,,
user_prompt,ready_for_in_app_admin_delivery,0e0e1801367036b7da53ce63,school-list-prompt-user-school-list-add-first,school_list,prompt-user,school_list.add_first,critical,/schools,Add your first target school,"A school list unlocks school-specific readiness, deadlines, predictions, and essays.",Add schools,in_app_readiness_surface|dashboard,redis_notification_feed|remote_push|email,profile-readiness:school-list-prompt-user-school-list-add-first:0e0e1801367036b7da53ce63,SchoolListItem count > 0,,
user_prompt,ready_for_in_app_admin_delivery,1938a7b212a0cb4a222c1dfb,school-list-prompt-user-school-list-add-first,school_list,prompt-user,school_list.add_first,critical,/schools,Add your first target school,"A school list unlocks school-specific readiness, deadlines, predictions, and essays.",Add schools,in_app_readiness_surface|dashboard,redis_notification_feed|remote_push|email,profile-readiness:school-list-prompt-user-school-list-add-first:1938a7b212a0cb4a222c1dfb,SchoolListItem count > 0,,
user_prompt,ready_for_in_app_admin_delivery,76173fed23213267fcbdb625,school-list-prompt-user-school-list-add-first,school_list,prompt-user,school_list.add_first,critical,/schools,Add your first target school,"A school list unlocks school-specific readiness, deadlines, predictions, and essays.",Add schools,in_app_readiness_surface|dashboard,redis_notification_feed|remote_push|email,profile-readiness:school-list-prompt-user-school-list-add-first:76173fed23213267fcbdb625,SchoolListItem count > 0,,
user_prompt,ready_for_in_app_admin_delivery,30fe2d5347423af96ac6d4da,school-list-prompt-user-school-list-add-first,school_list,prompt-user,school_list.add_first,critical,/schools,Add your first target school,"A school list unlocks school-specific readiness, deadlines, predictions, and essays.",Add schools,in_app_readiness_surface|dashboard,redis_notification_feed|remote_push|email,profile-readiness:school-list-prompt-user-school-list-add-first:30fe2d5347423af96ac6d4da,SchoolListItem count > 0,,
user_prompt,ready_for_in_app_admin_delivery,98dfd71a8e5b3c8220d93a2f,school-list-prompt-user-school-list-add-first,school_list,prompt-user,school_list.add_first,critical,/schools,Add your first target school,"A school list unlocks school-specific readiness, deadlines, predictions, and essays.",Add schools,in_app_readiness_surface|dashboard,redis_notification_feed|remote_push|email,profile-readiness:school-list-prompt-user-school-list-add-first:98dfd71a8e5b3c8220d93a2f,SchoolListItem count > 0,,
user_prompt,ready_for_in_app_admin_delivery,ae5657e23b66e66516a7e9d1,school-list-prompt-user-school-list-add-first,school_list,prompt-user,school_list.add_first,critical,/schools,Add your first target school,"A school list unlocks school-specific readiness, deadlines, predictions, and essays.",Add schools,in_app_readiness_surface|dashboard,redis_notification_feed|remote_push|email,profile-readiness:school-list-prompt-user-school-list-add-first:ae5657e23b66e66516a7e9d1,SchoolListItem count > 0,,
user_prompt,ready_for_in_app_admin_delivery,18c9d038f473702fa45fe736,school-list-prompt-user-school-list-add-first,school_list,prompt-user,school_list.add_first,critical,/schools,Add your first target school,"A school list unlocks school-specific readiness, deadlines, predictions, and essays.",Add schools,in_app_readiness_surface|dashboard,redis_notification_feed|remote_push|email,profile-readiness:school-list-prompt-user-school-list-add-first:18c9d038f473702fa45fe736,SchoolListItem count > 0,,
user_prompt,ready_for_in_app_admin_delivery,e56f4cd9413b9ecbf1bcbcba,school-list-prompt-user-school-list-add-first,school_list,prompt-user,school_list.add_first,critical,/schools,Add your first target school,"A school list unlocks school-specific readiness, deadlines, predictions, and essays.",Add schools,in_app_readiness_surface|dashboard,redis_notification_feed|remote_push|email,profile-readiness:school-list-prompt-user-school-list-add-first:e56f4cd9413b9ecbf1bcbcba,SchoolListItem count > 0,,
user_prompt,ready_for_in_app_admin_delivery,7203b8a5306454a2f2dcafbd,school-list-prompt-user-school-list-add-first,school_list,prompt-user,school_list.add_first,critical,/schools,Add your first target school,"A school list unlocks school-specific readiness, deadlines, predictions, and essays.",Add schools,in_app_readiness_surface|dashboard,redis_notification_feed|remote_push|email,profile-readiness:school-list-prompt-user-school-list-add-first:7203b8a5306454a2f2dcafbd,SchoolListItem count > 0,,
user_prompt,ready_for_in_app_admin_delivery,5dced8f2cab4208d93ea32cc,school-list-prompt-user-school-list-add-first,school_list,prompt-user,school_list.add_first,critical,/schools,Add your first target school,"A school list unlocks school-specific readiness, deadlines, predictions, and essays.",Add schools,in_app_readiness_surface|dashboard,redis_notification_feed|remote_push|email,profile-readiness:school-list-prompt-user-school-list-add-first:5dced8f2cab4208d93ea32cc,SchoolListItem count > 0,,
user_prompt,ready_for_in_app_admin_delivery,13d8d8819466efe18e24e5ff,school-list-prompt-user-school-list-add-first,school_list,prompt-user,school_list.add_first,critical,/schools,Add your first target school,"A school list unlocks school-specific readiness, deadlines, predictions, and essays.",Add schools,in_app_readiness_surface|dashboard,redis_notification_feed|remote_push|email,profile-readiness:school-list-prompt-user-school-list-add-first:13d8d8819466efe18e24e5ff,SchoolListItem count > 0,,
user_prompt,ready_for_in_app_admin_delivery,fdb725ce58cec7818228713c,school-list-prompt-user-school-list-add-first,school_list,prompt-user,school_list.add_first,critical,/schools,Add your first target school,"A school list unlocks school-specific readiness, deadlines, predictions, and essays.",Add schools,in_app_readiness_surface|dashboard,redis_notification_feed|remote_push|email,profile-readiness:school-list-prompt-user-school-list-add-first:fdb725ce58cec7818228713c,SchoolListItem count > 0,,
user_prompt,ready_for_in_app_admin_delivery,41cab8192bb7944cf1674c74,school-list-prompt-user-school-list-add-first,school_list,prompt-user,school_list.add_first,critical,/schools,Add your first target school,"A school list unlocks school-specific readiness, deadlines, predictions, and essays.",Add schools,in_app_readiness_surface|dashboard,redis_notification_feed|remote_push|email,profile-readiness:school-list-prompt-user-school-list-add-first:41cab8192bb7944cf1674c74,SchoolListItem count > 0,,
user_prompt,ready_for_in_app_admin_delivery,ba24bac742056fd91695e8d4,school-list-prompt-user-school-list-add-first,school_list,prompt-user,school_list.add_first,critical,/schools,Add your first target school,"A school list unlocks school-specific readiness, deadlines, predictions, and essays.",Add schools,in_app_readiness_surface|dashboard,redis_notification_feed|remote_push|email,profile-readiness:school-list-prompt-user-school-list-add-first:ba24bac742056fd91695e8d4,SchoolListItem count > 0,,
user_prompt,ready_for_in_app_admin_delivery,70275824c96e0ed9635e9621,school-list-prompt-user-school-list-add-first,school_list,prompt-user,school_list.add_first,critical,/schools,Add your first target school,"A school list unlocks school-specific readiness, deadlines, predictions, and essays.",Add schools,in_app_readiness_surface|dashboard,redis_notification_feed|remote_push|email,profile-readiness:school-list-prompt-user-school-list-add-first:70275824c96e0ed9635e9621,SchoolListItem count > 0,,
user_prompt,ready_for_in_app_admin_delivery,0fdaf9fc2a953a2c1a38b72c,school-list-prompt-user-school-list-add-first,school_list,prompt-user,school_list.add_first,critical,/schools,Add your first target school,"A school list unlocks school-specific readiness, deadlines, predictions, and essays.",Add schools,in_app_readiness_surface|dashboard,redis_notification_feed|remote_push|email,profile-readiness:school-list-prompt-user-school-list-add-first:0fdaf9fc2a953a2c1a38b72c,SchoolListItem count > 0,,
user_prompt,ready_for_in_app_admin_delivery,d3ea679cb62edcd18c915bf5,school-list-prompt-user-school-list-add-first,school_list,prompt-user,school_list.add_first,critical,/schools,Add your first target school,"A school list unlocks school-specific readiness, deadlines, predictions, and essays.",Add schools,in_app_readiness_surface|dashboard,redis_notification_feed|remote_push|email,profile-readiness:school-list-prompt-user-school-list-add-first:d3ea679cb62edcd18c915bf5,SchoolListItem count > 0,,
user_prompt,ready_for_in_app_admin_delivery,13bf78bd172a63271d1fac48,school-list-prompt-user-school-list-add-first,school_list,prompt-user,school_list.add_first,critical,/schools,Add your first target school,"A school list unlocks school-specific readiness, deadlines, predictions, and essays.",Add schools,in_app_readiness_surface|dashboard,redis_notification_feed|remote_push|email,profile-readiness:school-list-prompt-user-school-list-add-first:13bf78bd172a63271d1fac48,SchoolListItem count > 0,,
user_prompt,ready_for_in_app_admin_delivery,c6c26599ad02f5ef7d181061,school-list-prompt-user-school-list-add-first,school_list,prompt-user,school_list.add_first,critical,/schools,Add your first target school,"A school list unlocks school-specific readiness, deadlines, predictions, and essays.",Add schools,in_app_readiness_surface|dashboard,redis_notification_feed|remote_push|email,profile-readiness:school-list-prompt-user-school-list-add-first:c6c26599ad02f5ef7d181061,SchoolListItem count > 0,,
user_prompt,ready_for_in_app_admin_delivery,c680e4451570f2e75a4c3659,school-list-prompt-user-school-list-add-first,school_list,prompt-user,school_list.add_first,critical,/schools,Add your first target school,"A school list unlocks school-specific readiness, deadlines, predictions, and essays.",Add schools,in_app_readiness_surface|dashboard,redis_notification_feed|remote_push|email,profile-readiness:school-list-prompt-user-school-list-add-first:c680e4451570f2e75a4c3659,SchoolListItem count > 0,,
user_prompt,ready_for_in_app_admin_delivery,069adf71ed91b67b5bd8647a,school-list-prompt-user-school-list-add-first,school_list,prompt-user,school_list.add_first,critical,/schools,Add your first target school,"A school list unlocks school-specific readiness, deadlines, predictions, and essays.",Add schools,in_app_readiness_surface|dashboard,redis_notification_feed|remote_push|email,profile-readiness:school-list-prompt-user-school-list-add-first:069adf71ed91b67b5bd8647a,SchoolListItem count > 0,,
user_prompt,ready_for_in_app_admin_delivery,12fa5aa67e13035ed2fe94a9,school-list-prompt-user-school-list-add-first,school_list,prompt-user,school_list.add_first,critical,/schools,Add your first target school,"A school list unlocks school-specific readiness, deadlines, predictions, and essays.",Add schools,in_app_readiness_surface|dashboard,redis_notification_feed|remote_push|email,profile-readiness:school-list-prompt-user-school-list-add-first:12fa5aa67e13035ed2fe94a9,SchoolListItem count > 0,,
user_prompt,ready_for_in_app_admin_delivery,523553cf7ce332d90a40dca6,school-list-prompt-user-school-list-add-first,school_list,prompt-user,school_list.add_first,critical,/schools,Add your first target school,"A school list unlocks school-specific readiness, deadlines, predictions, and essays.",Add schools,in_app_readiness_surface|dashboard,redis_notification_feed|remote_push|email,profile-readiness:school-list-prompt-user-school-list-add-first:523553cf7ce332d90a40dca6,SchoolListItem count > 0,,
user_prompt,ready_for_in_app_admin_delivery,b1dfe73fda884c4099abd257,school-list-prompt-user-school-list-add-first,school_list,prompt-user,school_list.add_first,critical,/schools,Add your first target school,"A school list unlocks school-specific readiness, deadlines, predictions, and essays.",Add schools,in_app_readiness_surface|dashboard,redis_notification_feed|remote_push|email,profile-readiness:school-list-prompt-user-school-list-add-first:b1dfe73fda884c4099abd257,SchoolListItem count > 0,,
user_prompt,ready_for_in_app_admin_delivery,5a31951ab9099420bd72f06f,school-list-prompt-user-school-list-add-first,school_list,prompt-user,school_list.add_first,critical,/schools,Add your first target school,"A school list unlocks school-specific readiness, deadlines, predictions, and essays.",Add schools,in_app_readiness_surface|dashboard,redis_notification_feed|remote_push|email,profile-readiness:school-list-prompt-user-school-list-add-first:5a31951ab9099420bd72f06f,SchoolListItem count > 0,,
user_prompt,ready_for_in_app_admin_delivery,00f0ded9f430935fdedc8db1,school-list-prompt-user-school-list-add-first,school_list,prompt-user,school_list.add_first,critical,/schools,Add your first target school,"A school list unlocks school-specific readiness, deadlines, predictions, and essays.",Add schools,in_app_readiness_surface|dashboard,redis_notification_feed|remote_push|email,profile-readiness:school-list-prompt-user-school-list-add-first:00f0ded9f430935fdedc8db1,SchoolListItem count > 0,,
user_prompt,ready_for_in_app_admin_delivery,c9b51675e0ee089bc3dc2d41,school-list-prompt-user-school-list-add-first,school_list,prompt-user,school_list.add_first,critical,/schools,Add your first target school,"A school list unlocks school-specific readiness, deadlines, predictions, and essays.",Add schools,in_app_readiness_surface|dashboard,redis_notification_feed|remote_push|email,profile-readiness:school-list-prompt-user-school-list-add-first:c9b51675e0ee089bc3dc2d41,SchoolListItem count > 0,,
user_prompt,ready_for_in_app_admin_delivery,a0f26938ef29cb764a09d121,school-list-prompt-user-school-list-add-first,school_list,prompt-user,school_list.add_first,critical,/schools,Add your first target school,"A school list unlocks school-specific readiness, deadlines, predictions, and essays.",Add schools,in_app_readiness_surface|dashboard,redis_notification_feed|remote_push|email,profile-readiness:school-list-prompt-user-school-list-add-first:a0f26938ef29cb764a09d121,SchoolListItem count > 0,,
user_prompt,ready_for_in_app_admin_delivery,07e5ae3fb4bc7e2f3abf6d6e,school-list-prompt-user-school-list-add-first,school_list,prompt-user,school_list.add_first,critical,/schools,Add your first target school,"A school list unlocks school-specific readiness, deadlines, predictions, and essays.",Add schools,in_app_readiness_surface|dashboard,redis_notification_feed|remote_push|email,profile-readiness:school-list-prompt-user-school-list-add-first:07e5ae3fb4bc7e2f3abf6d6e,SchoolListItem count > 0,,
user_prompt,ready_for_in_app_admin_delivery,ef8e2db14c12df9f2824f921,school-list-prompt-user-school-list-add-first,school_list,prompt-user,school_list.add_first,critical,/schools,Add your first target school,"A school list unlocks school-specific readiness, deadlines, predictions, and essays.",Add schools,in_app_readiness_surface|dashboard,redis_notification_feed|remote_push|email,profile-readiness:school-list-prompt-user-school-list-add-first:ef8e2db14c12df9f2824f921,SchoolListItem count > 0,,
user_prompt,ready_for_in_app_admin_delivery,460914874de7d773fb20d981,school-list-prompt-user-school-list-add-first,school_list,prompt-user,school_list.add_first,critical,/schools,Add your first target school,"A school list unlocks school-specific readiness, deadlines, predictions, and essays.",Add schools,in_app_readiness_surface|dashboard,redis_notification_feed|remote_push|email,profile-readiness:school-list-prompt-user-school-list-add-first:460914874de7d773fb20d981,SchoolListItem count > 0,,
user_prompt,ready_for_in_app_admin_delivery,7e2df240033ce09916c1a824,school-list-prompt-user-school-list-add-first,school_list,prompt-user,school_list.add_first,critical,/schools,Add your first target school,"A school list unlocks school-specific readiness, deadlines, predictions, and essays.",Add schools,in_app_readiness_surface|dashboard,redis_notification_feed|remote_push|email,profile-readiness:school-list-prompt-user-school-list-add-first:7e2df240033ce09916c1a824,SchoolListItem count > 0,,
user_prompt,ready_for_in_app_admin_delivery,35e0dc4735a90f6a12623fc2,school-list-prompt-user-school-list-add-first,school_list,prompt-user,school_list.add_first,critical,/schools,Add your first target school,"A school list unlocks school-specific readiness, deadlines, predictions, and essays.",Add schools,in_app_readiness_surface|dashboard,redis_notification_feed|remote_push|email,profile-readiness:school-list-prompt-user-school-list-add-first:35e0dc4735a90f6a12623fc2,SchoolListItem count > 0,,
user_prompt,ready_for_in_app_admin_delivery,2aa8ae2841e941080f283cc7,school-list-prompt-user-school-list-add-first,school_list,prompt-user,school_list.add_first,critical,/schools,Add your first target school,"A school list unlocks school-specific readiness, deadlines, predictions, and essays.",Add schools,in_app_readiness_surface|dashboard,redis_notification_feed|remote_push|email,profile-readiness:school-list-prompt-user-school-list-add-first:2aa8ae2841e941080f283cc7,SchoolListItem count > 0,,
user_prompt,ready_for_in_app_admin_delivery,592a40705457aa2f3b26803a,school-list-prompt-user-school-list-add-first,school_list,prompt-user,school_list.add_first,critical,/schools,Add your first target school,"A school list unlocks school-specific readiness, deadlines, predictions, and essays.",Add schools,in_app_readiness_surface|dashboard,redis_notification_feed|remote_push|email,profile-readiness:school-list-prompt-user-school-list-add-first:592a40705457aa2f3b26803a,SchoolListItem count > 0,,
user_prompt,ready_for_in_app_admin_delivery,e4a2dd617ded5a4f75a0fb6d,school-list-prompt-user-school-list-add-first,school_list,prompt-user,school_list.add_first,critical,/schools,Add your first target school,"A school list unlocks school-specific readiness, deadlines, predictions, and essays.",Add schools,in_app_readiness_surface|dashboard,redis_notification_feed|remote_push|email,profile-readiness:school-list-prompt-user-school-list-add-first:e4a2dd617ded5a4f75a0fb6d,SchoolListItem count > 0,,
user_prompt,ready_for_in_app_admin_delivery,72af9488d9d43119ff287984,school-list-prompt-user-school-list-add-first,school_list,prompt-user,school_list.add_first,critical,/schools,Add your first target school,"A school list unlocks school-specific readiness, deadlines, predictions, and essays.",Add schools,in_app_readiness_surface|dashboard,redis_notification_feed|remote_push|email,profile-readiness:school-list-prompt-user-school-list-add-first:72af9488d9d43119ff287984,SchoolListItem count > 0,,
user_prompt,ready_for_in_app_admin_delivery,cff4908bc7552632f53f82f0,school-list-prompt-user-school-list-add-first,school_list,prompt-user,school_list.add_first,critical,/schools,Add your first target school,"A school list unlocks school-specific readiness, deadlines, predictions, and essays.",Add schools,in_app_readiness_surface|dashboard,redis_notification_feed|remote_push|email,profile-readiness:school-list-prompt-user-school-list-add-first:cff4908bc7552632f53f82f0,SchoolListItem count > 0,,
user_prompt,ready_for_in_app_admin_delivery,75b0b435d01ee63221d07883,school-list-prompt-user-school-list-add-first,school_list,prompt-user,school_list.add_first,critical,/schools,Add your first target school,"A school list unlocks school-specific readiness, deadlines, predictions, and essays.",Add schools,in_app_readiness_surface|dashboard,redis_notification_feed|remote_push|email,profile-readiness:school-list-prompt-user-school-list-add-first:75b0b435d01ee63221d07883,SchoolListItem count > 0,,
user_prompt,ready_for_in_app_admin_delivery,67288596e86e425949c367bb,school-list-prompt-user-school-list-add-first,school_list,prompt-user,school_list.add_first,critical,/schools,Add your first target school,"A school list unlocks school-specific readiness, deadlines, predictions, and essays.",Add schools,in_app_readiness_surface|dashboard,redis_notification_feed|remote_push|email,profile-readiness:school-list-prompt-user-school-list-add-first:67288596e86e425949c367bb,SchoolListItem count > 0,,
user_prompt,ready_for_in_app_admin_delivery,c414d57ebae4292c129c8073,school-list-prompt-user-school-list-add-first,school_list,prompt-user,school_list.add_first,critical,/schools,Add your first target school,"A school list unlocks school-specific readiness, deadlines, predictions, and essays.",Add schools,in_app_readiness_surface|dashboard,redis_notification_feed|remote_push|email,profile-readiness:school-list-prompt-user-school-list-add-first:c414d57ebae4292c129c8073,SchoolListItem count > 0,,
user_prompt,ready_for_in_app_admin_delivery,04e7256b305932c30c94dcb1,school-list-prompt-user-school-list-add-first,school_list,prompt-user,school_list.add_first,critical,/schools,Add your first target school,"A school list unlocks school-specific readiness, deadlines, predictions, and essays.",Add schools,in_app_readiness_surface|dashboard,redis_notification_feed|remote_push|email,profile-readiness:school-list-prompt-user-school-list-add-first:04e7256b305932c30c94dcb1,SchoolListItem count > 0,,
user_prompt,ready_for_in_app_admin_delivery,6a3e84271e6bc8e1f626e70c,school-list-prompt-user-school-list-add-first,school_list,prompt-user,school_list.add_first,critical,/schools,Add your first target school,"A school list unlocks school-specific readiness, deadlines, predictions, and essays.",Add schools,in_app_readiness_surface|dashboard,redis_notification_feed|remote_push|email,profile-readiness:school-list-prompt-user-school-list-add-first:6a3e84271e6bc8e1f626e70c,SchoolListItem count > 0,,
user_prompt,ready_for_in_app_admin_delivery,5c19cd612af2bdd05a2d7673,school-list-prompt-user-school-list-add-first,school_list,prompt-user,school_list.add_first,critical,/schools,Add your first target school,"A school list unlocks school-specific readiness, deadlines, predictions, and essays.",Add schools,in_app_readiness_surface|dashboard,redis_notification_feed|remote_push|email,profile-readiness:school-list-prompt-user-school-list-add-first:5c19cd612af2bdd05a2d7673,SchoolListItem count > 0,,
user_prompt,ready_for_in_app_admin_delivery,7e58f65e491b62feb920ccf7,school-list-prompt-user-school-list-add-first,school_list,prompt-user,school_list.add_first,critical,/schools,Add your first target school,"A school list unlocks school-specific readiness, deadlines, predictions, and essays.",Add schools,in_app_readiness_surface|dashboard,redis_notification_feed|remote_push|email,profile-readiness:school-list-prompt-user-school-list-add-first:7e58f65e491b62feb920ccf7,SchoolListItem count > 0,,
user_prompt,ready_for_in_app_admin_delivery,fb1dab5da10f8a978267e902,school-list-prompt-user-school-list-add-first,school_list,prompt-user,school_list.add_first,critical,/schools,Add your first target school,"A school list unlocks school-specific readiness, deadlines, predictions, and essays.",Add schools,in_app_readiness_surface|dashboard,redis_notification_feed|remote_push|email,profile-readiness:school-list-prompt-user-school-list-add-first:fb1dab5da10f8a978267e902,SchoolListItem count > 0,,
user_prompt,ready_for_in_app_admin_delivery,0987deb326b0cf9536be5edb,school-list-prompt-user-school-list-add-first,school_list,prompt-user,school_list.add_first,critical,/schools,Add your first target school,"A school list unlocks school-specific readiness, deadlines, predictions, and essays.",Add schools,in_app_readiness_surface|dashboard,redis_notification_feed|remote_push|email,profile-readiness:school-list-prompt-user-school-list-add-first:0987deb326b0cf9536be5edb,SchoolListItem count > 0,,
user_prompt,ready_for_in_app_admin_delivery,ca269f0d74c11e503917667d,school-list-prompt-user-school-list-add-first,school_list,prompt-user,school_list.add_first,critical,/schools,Add your first target school,"A school list unlocks school-specific readiness, deadlines, predictions, and essays.",Add schools,in_app_readiness_surface|dashboard,redis_notification_feed|remote_push|email,profile-readiness:school-list-prompt-user-school-list-add-first:ca269f0d74c11e503917667d,SchoolListItem count > 0,,
user_prompt,ready_for_in_app_admin_delivery,f3652e1e7f273867dfc33cd0,school-list-prompt-user-school-list-add-first,school_list,prompt-user,school_list.add_first,critical,/schools,Add your first target school,"A school list unlocks school-specific readiness, deadlines, predictions, and essays.",Add schools,in_app_readiness_surface|dashboard,redis_notification_feed|remote_push|email,profile-readiness:school-list-prompt-user-school-list-add-first:f3652e1e7f273867dfc33cd0,SchoolListItem count > 0,,
user_prompt,ready_for_in_app_admin_delivery,5eb6652a2acf0b6fddf19eea,school-list-prompt-user-school-list-add-first,school_list,prompt-user,school_list.add_first,critical,/schools,Add your first target school,"A school list unlocks school-specific readiness, deadlines, predictions, and essays.",Add schools,in_app_readiness_surface|dashboard,redis_notification_feed|remote_push|email,profile-readiness:school-list-prompt-user-school-list-add-first:5eb6652a2acf0b6fddf19eea,SchoolListItem count > 0,,
user_prompt,ready_for_in_app_admin_delivery,1500b0b863d4a038abd97619,school-list-prompt-user-school-list-add-first,school_list,prompt-user,school_list.add_first,critical,/schools,Add your first target school,"A school list unlocks school-specific readiness, deadlines, predictions, and essays.",Add schools,in_app_readiness_surface|dashboard,redis_notification_feed|remote_push|email,profile-readiness:school-list-prompt-user-school-list-add-first:1500b0b863d4a038abd97619,SchoolListItem count > 0,,
user_prompt,ready_for_in_app_admin_delivery,d8c29c743de39f58796ec3f2,school-list-prompt-user-school-list-add-first,school_list,prompt-user,school_list.add_first,critical,/schools,Add your first target school,"A school list unlocks school-specific readiness, deadlines, predictions, and essays.",Add schools,in_app_readiness_surface|dashboard,redis_notification_feed|remote_push|email,profile-readiness:school-list-prompt-user-school-list-add-first:d8c29c743de39f58796ec3f2,SchoolListItem count > 0,,
user_prompt,ready_for_in_app_admin_delivery,11dd76414bada0ed104c2265,school-list-prompt-user-school-list-add-first,school_list,prompt-user,school_list.add_first,critical,/schools,Add your first target school,"A school list unlocks school-specific readiness, deadlines, predictions, and essays.",Add schools,in_app_readiness_surface|dashboard,redis_notification_feed|remote_push|email,profile-readiness:school-list-prompt-user-school-list-add-first:11dd76414bada0ed104c2265,SchoolListItem count > 0,,
user_prompt,ready_for_in_app_admin_delivery,0ff88f19a1363122441452ae,school-list-prompt-user-school-list-add-first,school_list,prompt-user,school_list.add_first,critical,/schools,Add your first target school,"A school list unlocks school-specific readiness, deadlines, predictions, and essays.",Add schools,in_app_readiness_surface|dashboard,redis_notification_feed|remote_push|email,profile-readiness:school-list-prompt-user-school-list-add-first:0ff88f19a1363122441452ae,SchoolListItem count > 0,,
user_prompt,ready_for_in_app_admin_delivery,bf6a84d9cfb6cfc9d069bf1e,school-list-prompt-user-school-list-add-first,school_list,prompt-user,school_list.add_first,critical,/schools,Add your first target school,"A school list unlocks school-specific readiness, deadlines, predictions, and essays.",Add schools,in_app_readiness_surface|dashboard,redis_notification_feed|remote_push|email,profile-readiness:school-list-prompt-user-school-list-add-first:bf6a84d9cfb6cfc9d069bf1e,SchoolListItem count > 0,,
user_prompt,ready_for_in_app_admin_delivery,171e2063b6c3e3df23b73496,school-list-prompt-user-school-list-add-first,school_list,prompt-user,school_list.add_first,critical,/schools,Add your first target school,"A school list unlocks school-specific readiness, deadlines, predictions, and essays.",Add schools,in_app_readiness_surface|dashboard,redis_notification_feed|remote_push|email,profile-readiness:school-list-prompt-user-school-list-add-first:171e2063b6c3e3df23b73496,SchoolListItem count > 0,,
user_prompt,ready_for_in_app_admin_delivery,e300d7e0198bdcdd266c4d64,school-list-prompt-user-school-list-add-first,school_list,prompt-user,school_list.add_first,critical,/schools,Add your first target school,"A school list unlocks school-specific readiness, deadlines, predictions, and essays.",Add schools,in_app_readiness_surface|dashboard,redis_notification_feed|remote_push|email,profile-readiness:school-list-prompt-user-school-list-add-first:e300d7e0198bdcdd266c4d64,SchoolListItem count > 0,,
user_prompt,ready_for_in_app_admin_delivery,16e3334ff8056801a6a19f91,school-list-prompt-user-school-list-add-first,school_list,prompt-user,school_list.add_first,critical,/schools,Add your first target school,"A school list unlocks school-specific readiness, deadlines, predictions, and essays.",Add schools,in_app_readiness_surface|dashboard,redis_notification_feed|remote_push|email,profile-readiness:school-list-prompt-user-school-list-add-first:16e3334ff8056801a6a19f91,SchoolListItem count > 0,,
user_prompt,ready_for_in_app_admin_delivery,94582f1f73f879f138b62246,school-list-prompt-user-school-list-add-first,school_list,prompt-user,school_list.add_first,critical,/schools,Add your first target school,"A school list unlocks school-specific readiness, deadlines, predictions, and essays.",Add schools,in_app_readiness_surface|dashboard,redis_notification_feed|remote_push|email,profile-readiness:school-list-prompt-user-school-list-add-first:94582f1f73f879f138b62246,SchoolListItem count > 0,,
user_prompt,ready_for_in_app_admin_delivery,dd830f0917357a6c9a64c80b,school-list-prompt-user-school-list-add-first,school_list,prompt-user,school_list.add_first,critical,/schools,Add your first target school,"A school list unlocks school-specific readiness, deadlines, predictions, and essays.",Add schools,in_app_readiness_surface|dashboard,redis_notification_feed|remote_push|email,profile-readiness:school-list-prompt-user-school-list-add-first:dd830f0917357a6c9a64c80b,SchoolListItem count > 0,,
user_prompt,ready_for_in_app_admin_delivery,dba262b494aac35337dc453a,school-list-prompt-user-school-list-add-first,school_list,prompt-user,school_list.add_first,critical,/schools,Add your first target school,"A school list unlocks school-specific readiness, deadlines, predictions, and essays.",Add schools,in_app_readiness_surface|dashboard,redis_notification_feed|remote_push|email,profile-readiness:school-list-prompt-user-school-list-add-first:dba262b494aac35337dc453a,SchoolListItem count > 0,,
user_prompt,ready_for_in_app_admin_delivery,89910bbd433dad1e86e522ed,school-list-prompt-user-school-list-add-first,school_list,prompt-user,school_list.add_first,critical,/schools,Add your first target school,"A school list unlocks school-specific readiness, deadlines, predictions, and essays.",Add schools,in_app_readiness_surface|dashboard,redis_notification_feed|remote_push|email,profile-readiness:school-list-prompt-user-school-list-add-first:89910bbd433dad1e86e522ed,SchoolListItem count > 0,,
user_prompt,ready_for_in_app_admin_delivery,435d643300b960f51c341e94,school-list-prompt-user-school-list-add-first,school_list,prompt-user,school_list.add_first,critical,/schools,Add your first target school,"A school list unlocks school-specific readiness, deadlines, predictions, and essays.",Add schools,in_app_readiness_surface|dashboard,redis_notification_feed|remote_push|email,profile-readiness:school-list-prompt-user-school-list-add-first:435d643300b960f51c341e94,SchoolListItem count > 0,,
user_prompt,ready_for_in_app_admin_delivery,cdfa7a42e15e6f930aeb078a,school-list-prompt-user-school-list-add-first,school_list,prompt-user,school_list.add_first,critical,/schools,Add your first target school,"A school list unlocks school-specific readiness, deadlines, predictions, and essays.",Add schools,in_app_readiness_surface|dashboard,redis_notification_feed|remote_push|email,profile-readiness:school-list-prompt-user-school-list-add-first:cdfa7a42e15e6f930aeb078a,SchoolListItem count > 0,,
user_prompt,ready_for_in_app_admin_delivery,e1a2a0bfb30fd9e12f28f1bf,school-list-prompt-user-school-list-add-first,school_list,prompt-user,school_list.add_first,critical,/schools,Add your first target school,"A school list unlocks school-specific readiness, deadlines, predictions, and essays.",Add schools,in_app_readiness_surface|dashboard,redis_notification_feed|remote_push|email,profile-readiness:school-list-prompt-user-school-list-add-first:e1a2a0bfb30fd9e12f28f1bf,SchoolListItem count > 0,,
user_prompt,ready_for_in_app_admin_delivery,970c61016c09de767e490847,school-list-prompt-user-school-list-add-first,school_list,prompt-user,school_list.add_first,critical,/schools,Add your first target school,"A school list unlocks school-specific readiness, deadlines, predictions, and essays.",Add schools,in_app_readiness_surface|dashboard,redis_notification_feed|remote_push|email,profile-readiness:school-list-prompt-user-school-list-add-first:970c61016c09de767e490847,SchoolListItem count > 0,,
user_prompt,ready_for_in_app_admin_delivery,cdd1a893337ce61ea3e86a63,school-list-prompt-user-school-list-add-first,school_list,prompt-user,school_list.add_first,critical,/schools,Add your first target school,"A school list unlocks school-specific readiness, deadlines, predictions, and essays.",Add schools,in_app_readiness_surface|dashboard,redis_notification_feed|remote_push|email,profile-readiness:school-list-prompt-user-school-list-add-first:cdd1a893337ce61ea3e86a63,SchoolListItem count > 0,,
user_prompt,ready_for_in_app_admin_delivery,27d10e0014d3d3f6e50a8711,school-list-prompt-user-school-list-add-first,school_list,prompt-user,school_list.add_first,critical,/schools,Add your first target school,"A school list unlocks school-specific readiness, deadlines, predictions, and essays.",Add schools,in_app_readiness_surface|dashboard,redis_notification_feed|remote_push|email,profile-readiness:school-list-prompt-user-school-list-add-first:27d10e0014d3d3f6e50a8711,SchoolListItem count > 0,,
user_prompt,ready_for_in_app_admin_delivery,0fb9d5944b420b594f6eb95f,school-list-prompt-user-school-list-add-first,school_list,prompt-user,school_list.add_first,critical,/schools,Add your first target school,"A school list unlocks school-specific readiness, deadlines, predictions, and essays.",Add schools,in_app_readiness_surface|dashboard,redis_notification_feed|remote_push|email,profile-readiness:school-list-prompt-user-school-list-add-first:0fb9d5944b420b594f6eb95f,SchoolListItem count > 0,,
user_prompt,ready_for_in_app_admin_delivery,ea3a01bf118cba4ca26a30cb,school-list-prompt-user-school-list-add-first,school_list,prompt-user,school_list.add_first,critical,/schools,Add your first target school,"A school list unlocks school-specific readiness, deadlines, predictions, and essays.",Add schools,in_app_readiness_surface|dashboard,redis_notification_feed|remote_push|email,profile-readiness:school-list-prompt-user-school-list-add-first:ea3a01bf118cba4ca26a30cb,SchoolListItem count > 0,,
user_prompt,ready_for_in_app_admin_delivery,0af15af6f8c94bb8bc34116a,school-list-prompt-user-school-list-add-first,school_list,prompt-user,school_list.add_first,critical,/schools,Add your first target school,"A school list unlocks school-specific readiness, deadlines, predictions, and essays.",Add schools,in_app_readiness_surface|dashboard,redis_notification_feed|remote_push|email,profile-readiness:school-list-prompt-user-school-list-add-first:0af15af6f8c94bb8bc34116a,SchoolListItem count > 0,,
user_prompt,ready_for_in_app_admin_delivery,4cb57262998138cf87aad6a8,school-list-prompt-user-school-list-add-first,school_list,prompt-user,school_list.add_first,critical,/schools,Add your first target school,"A school list unlocks school-specific readiness, deadlines, predictions, and essays.",Add schools,in_app_readiness_surface|dashboard,redis_notification_feed|remote_push|email,profile-readiness:school-list-prompt-user-school-list-add-first:4cb57262998138cf87aad6a8,SchoolListItem count > 0,,
user_prompt,ready_for_in_app_admin_delivery,f6215af433166476d1d6620b,school-list-prompt-user-school-list-add-first,school_list,prompt-user,school_list.add_first,critical,/schools,Add your first target school,"A school list unlocks school-specific readiness, deadlines, predictions, and essays.",Add schools,in_app_readiness_surface|dashboard,redis_notification_feed|remote_push|email,profile-readiness:school-list-prompt-user-school-list-add-first:f6215af433166476d1d6620b,SchoolListItem count > 0,,
user_prompt,ready_for_in_app_admin_delivery,b3d85db19dcad793cfc05d01,school-list-prompt-user-school-list-add-first,school_list,prompt-user,school_list.add_first,critical,/schools,Add your first target school,"A school list unlocks school-specific readiness, deadlines, predictions, and essays.",Add schools,in_app_readiness_surface|dashboard,redis_notification_feed|remote_push|email,profile-readiness:school-list-prompt-user-school-list-add-first:b3d85db19dcad793cfc05d01,SchoolListItem count > 0,,
user_prompt,ready_for_in_app_admin_delivery,54df2014c63795a607ffe6d2,school-list-prompt-user-school-list-add-first,school_list,prompt-user,school_list.add_first,critical,/schools,Add your first target school,"A school list unlocks school-specific readiness, deadlines, predictions, and essays.",Add schools,in_app_readiness_surface|dashboard,redis_notification_feed|remote_push|email,profile-readiness:school-list-prompt-user-school-list-add-first:54df2014c63795a607ffe6d2,SchoolListItem count > 0,,
user_prompt,ready_for_in_app_admin_delivery,5504fdb4c0003bda7135c70f,school-list-prompt-user-school-list-add-first,school_list,prompt-user,school_list.add_first,critical,/schools,Add your first target school,"A school list unlocks school-specific readiness, deadlines, predictions, and essays.",Add schools,in_app_readiness_surface|dashboard,redis_notification_feed|remote_push|email,profile-readiness:school-list-prompt-user-school-list-add-first:5504fdb4c0003bda7135c70f,SchoolListItem count > 0,,
user_prompt,ready_for_in_app_admin_delivery,c4d64c860a51a29038c15b16,school-list-prompt-user-school-list-add-first,school_list,prompt-user,school_list.add_first,critical,/schools,Add your first target school,"A school list unlocks school-specific readiness, deadlines, predictions, and essays.",Add schools,in_app_readiness_surface|dashboard,redis_notification_feed|remote_push|email,profile-readiness:school-list-prompt-user-school-list-add-first:c4d64c860a51a29038c15b16,SchoolListItem count > 0,,
user_prompt,ready_for_in_app_admin_delivery,39c4a716b89ff7b7278249b9,school-list-prompt-user-school-list-add-first,school_list,prompt-user,school_list.add_first,critical,/schools,Add your first target school,"A school list unlocks school-specific readiness, deadlines, predictions, and essays.",Add schools,in_app_readiness_surface|dashboard,redis_notification_feed|remote_push|email,profile-readiness:school-list-prompt-user-school-list-add-first:39c4a716b89ff7b7278249b9,SchoolListItem count > 0,,
user_prompt,ready_for_in_app_admin_delivery,e68e1710d1631379c3567a0f,school-list-prompt-user-school-list-add-first,school_list,prompt-user,school_list.add_first,critical,/schools,Add your first target school,"A school list unlocks school-specific readiness, deadlines, predictions, and essays.",Add schools,in_app_readiness_surface|dashboard,redis_notification_feed|remote_push|email,profile-readiness:school-list-prompt-user-school-list-add-first:e68e1710d1631379c3567a0f,SchoolListItem count > 0,,
user_prompt,ready_for_in_app_admin_delivery,aad8b68304ca8ea63b2312d4,school-list-prompt-user-school-list-add-first,school_list,prompt-user,school_list.add_first,critical,/schools,Add your first target school,"A school list unlocks school-specific readiness, deadlines, predictions, and essays.",Add schools,in_app_readiness_surface|dashboard,redis_notification_feed|remote_push|email,profile-readiness:school-list-prompt-user-school-list-add-first:aad8b68304ca8ea63b2312d4,SchoolListItem count > 0,,
user_prompt,ready_for_in_app_admin_delivery,fc34d9f828d41668e99d6532,school-list-prompt-user-school-list-add-first,school_list,prompt-user,school_list.add_first,critical,/schools,Add your first target school,"A school list unlocks school-specific readiness, deadlines, predictions, and essays.",Add schools,in_app_readiness_surface|dashboard,redis_notification_feed|remote_push|email,profile-readiness:school-list-prompt-user-school-list-add-first:fc34d9f828d41668e99d6532,SchoolListItem count > 0,,
user_prompt,ready_for_in_app_admin_delivery,eccccd4bd2b1aeab19c7b90f,school-list-prompt-user-school-list-add-first,school_list,prompt-user,school_list.add_first,critical,/schools,Add your first target school,"A school list unlocks school-specific readiness, deadlines, predictions, and essays.",Add schools,in_app_readiness_surface|dashboard,redis_notification_feed|remote_push|email,profile-readiness:school-list-prompt-user-school-list-add-first:eccccd4bd2b1aeab19c7b90f,SchoolListItem count > 0,,
user_prompt,ready_for_in_app_admin_delivery,a59939baa4add6136b8a46d7,school-list-prompt-user-school-list-add-first,school_list,prompt-user,school_list.add_first,critical,/schools,Add your first target school,"A school list unlocks school-specific readiness, deadlines, predictions, and essays.",Add schools,in_app_readiness_surface|dashboard,redis_notification_feed|remote_push|email,profile-readiness:school-list-prompt-user-school-list-add-first:a59939baa4add6136b8a46d7,SchoolListItem count > 0,,
user_prompt,ready_for_in_app_admin_delivery,301bab4168bcd8b9da467ddd,school-list-prompt-user-school-list-add-first,school_list,prompt-user,school_list.add_first,critical,/schools,Add your first target school,"A school list unlocks school-specific readiness, deadlines, predictions, and essays.",Add schools,in_app_readiness_surface|dashboard,redis_notification_feed|remote_push|email,profile-readiness:school-list-prompt-user-school-list-add-first:301bab4168bcd8b9da467ddd,SchoolListItem count > 0,,
user_prompt,ready_for_in_app_admin_delivery,2bad6db4e0c27281a315208c,school-list-prompt-user-school-list-add-first,school_list,prompt-user,school_list.add_first,critical,/schools,Add your first target school,"A school list unlocks school-specific readiness, deadlines, predictions, and essays.",Add schools,in_app_readiness_surface|dashboard,redis_notification_feed|remote_push|email,profile-readiness:school-list-prompt-user-school-list-add-first:2bad6db4e0c27281a315208c,SchoolListItem count > 0,,
user_prompt,ready_for_in_app_admin_delivery,5f0584b602b4f719b7ff66f4,school-list-prompt-user-school-list-add-first,school_list,prompt-user,school_list.add_first,critical,/schools,Add your first target school,"A school list unlocks school-specific readiness, deadlines, predictions, and essays.",Add schools,in_app_readiness_surface|dashboard,redis_notification_feed|remote_push|email,profile-readiness:school-list-prompt-user-school-list-add-first:5f0584b602b4f719b7ff66f4,SchoolListItem count > 0,,
user_prompt,ready_for_in_app_admin_delivery,4a372f98e4b8ee78197c22b6,school-list-prompt-user-school-list-add-first,school_list,prompt-user,school_list.add_first,critical,/schools,Add your first target school,"A school list unlocks school-specific readiness, deadlines, predictions, and essays.",Add schools,in_app_readiness_surface|dashboard,redis_notification_feed|remote_push|email,profile-readiness:school-list-prompt-user-school-list-add-first:4a372f98e4b8ee78197c22b6,SchoolListItem count > 0,,
user_prompt,ready_for_in_app_admin_delivery,4ef64767ddcdaf15bbc2080d,school-list-prompt-user-school-list-add-first,school_list,prompt-user,school_list.add_first,critical,/schools,Add your first target school,"A school list unlocks school-specific readiness, deadlines, predictions, and essays.",Add schools,in_app_readiness_surface|dashboard,redis_notification_feed|remote_push|email,profile-readiness:school-list-prompt-user-school-list-add-first:4ef64767ddcdaf15bbc2080d,SchoolListItem count > 0,,
user_prompt,ready_for_in_app_admin_delivery,8d7b12f1f4da99c94959e2ab,school-list-prompt-user-school-list-add-first,school_list,prompt-user,school_list.add_first,critical,/schools,Add your first target school,"A school list unlocks school-specific readiness, deadlines, predictions, and essays.",Add schools,in_app_readiness_surface|dashboard,redis_notification_feed|remote_push|email,profile-readiness:school-list-prompt-user-school-list-add-first:8d7b12f1f4da99c94959e2ab,SchoolListItem count > 0,,
user_prompt,ready_for_in_app_admin_delivery,61f0530f41a4b1e7fa623b29,school-list-prompt-user-school-list-add-first,school_list,prompt-user,school_list.add_first,critical,/schools,Add your first target school,"A school list unlocks school-specific readiness, deadlines, predictions, and essays.",Add schools,in_app_readiness_surface|dashboard,redis_notification_feed|remote_push|email,profile-readiness:school-list-prompt-user-school-list-add-first:61f0530f41a4b1e7fa623b29,SchoolListItem count > 0,,
user_prompt,ready_for_in_app_admin_delivery,a877a2151e5b797711a07fa6,school-list-prompt-user-school-list-add-first,school_list,prompt-user,school_list.add_first,critical,/schools,Add your first target school,"A school list unlocks school-specific readiness, deadlines, predictions, and essays.",Add schools,in_app_readiness_surface|dashboard,redis_notification_feed|remote_push|email,profile-readiness:school-list-prompt-user-school-list-add-first:a877a2151e5b797711a07fa6,SchoolListItem count > 0,,
user_prompt,ready_for_in_app_admin_delivery,94199cf9466b86ddd3c2aca6,school-list-prompt-user-school-list-add-first,school_list,prompt-user,school_list.add_first,critical,/schools,Add your first target school,"A school list unlocks school-specific readiness, deadlines, predictions, and essays.",Add schools,in_app_readiness_surface|dashboard,redis_notification_feed|remote_push|email,profile-readiness:school-list-prompt-user-school-list-add-first:94199cf9466b86ddd3c2aca6,SchoolListItem count > 0,,
user_prompt,ready_for_in_app_admin_delivery,7570ebc496c4a58cf91b507c,school-list-prompt-user-school-list-add-first,school_list,prompt-user,school_list.add_first,critical,/schools,Add your first target school,"A school list unlocks school-specific readiness, deadlines, predictions, and essays.",Add schools,in_app_readiness_surface|dashboard,redis_notification_feed|remote_push|email,profile-readiness:school-list-prompt-user-school-list-add-first:7570ebc496c4a58cf91b507c,SchoolListItem count > 0,,
user_prompt,ready_for_in_app_admin_delivery,f2526159c034c9c47f29a41c,school-list-prompt-user-school-list-add-first,school_list,prompt-user,school_list.add_first,critical,/schools,Add your first target school,"A school list unlocks school-specific readiness, deadlines, predictions, and essays.",Add schools,in_app_readiness_surface|dashboard,redis_notification_feed|remote_push|email,profile-readiness:school-list-prompt-user-school-list-add-first:f2526159c034c9c47f29a41c,SchoolListItem count > 0,,
user_prompt,ready_for_in_app_admin_delivery,b60bef5e17fd3650b1c95823,school-list-prompt-user-school-list-add-first,school_list,prompt-user,school_list.add_first,critical,/schools,Add your first target school,"A school list unlocks school-specific readiness, deadlines, predictions, and essays.",Add schools,in_app_readiness_surface|dashboard,redis_notification_feed|remote_push|email,profile-readiness:school-list-prompt-user-school-list-add-first:b60bef5e17fd3650b1c95823,SchoolListItem count > 0,,
user_prompt,ready_for_in_app_admin_delivery,b5853ffb646ffd786f986979,school-list-prompt-user-school-list-add-first,school_list,prompt-user,school_list.add_first,critical,/schools,Add your first target school,"A school list unlocks school-specific readiness, deadlines, predictions, and essays.",Add schools,in_app_readiness_surface|dashboard,redis_notification_feed|remote_push|email,profile-readiness:school-list-prompt-user-school-list-add-first:b5853ffb646ffd786f986979,SchoolListItem count > 0,,
user_prompt,ready_for_in_app_admin_delivery,3e2d435a34a48cffb81641d5,school-list-prompt-user-school-list-add-first,school_list,prompt-user,school_list.add_first,critical,/schools,Add your first target school,"A school list unlocks school-specific readiness, deadlines, predictions, and essays.",Add schools,in_app_readiness_surface|dashboard,redis_notification_feed|remote_push|email,profile-readiness:school-list-prompt-user-school-list-add-first:3e2d435a34a48cffb81641d5,SchoolListItem count > 0,,
user_prompt,ready_for_in_app_admin_delivery,a192f2bcd9de194245d069aa,school-list-prompt-user-school-list-add-first,school_list,prompt-user,school_list.add_first,critical,/schools,Add your first target school,"A school list unlocks school-specific readiness, deadlines, predictions, and essays.",Add schools,in_app_readiness_surface|dashboard,redis_notification_feed|remote_push|email,profile-readiness:school-list-prompt-user-school-list-add-first:a192f2bcd9de194245d069aa,SchoolListItem count > 0,,
user_prompt,ready_for_in_app_admin_delivery,70c39343466c9d6903b6b909,school-list-prompt-user-school-list-add-first,school_list,prompt-user,school_list.add_first,critical,/schools,Add your first target school,"A school list unlocks school-specific readiness, deadlines, predictions, and essays.",Add schools,in_app_readiness_surface|dashboard,redis_notification_feed|remote_push|email,profile-readiness:school-list-prompt-user-school-list-add-first:70c39343466c9d6903b6b909,SchoolListItem count > 0,,
user_prompt,ready_for_in_app_admin_delivery,30b23685dd6eb0e10efcfcf7,school-list-prompt-user-school-list-add-first,school_list,prompt-user,school_list.add_first,critical,/schools,Add your first target school,"A school list unlocks school-specific readiness, deadlines, predictions, and essays.",Add schools,in_app_readiness_surface|dashboard,redis_notification_feed|remote_push|email,profile-readiness:school-list-prompt-user-school-list-add-first:30b23685dd6eb0e10efcfcf7,SchoolListItem count > 0,,
user_prompt,ready_for_in_app_admin_delivery,31c3ed47a802490c4846fe1f,school-list-prompt-user-school-list-add-first,school_list,prompt-user,school_list.add_first,critical,/schools,Add your first target school,"A school list unlocks school-specific readiness, deadlines, predictions, and essays.",Add schools,in_app_readiness_surface|dashboard,redis_notification_feed|remote_push|email,profile-readiness:school-list-prompt-user-school-list-add-first:31c3ed47a802490c4846fe1f,SchoolListItem count > 0,,
user_prompt,ready_for_in_app_admin_delivery,f508587700d963a3aa0c7816,school-list-prompt-user-school-list-add-first,school_list,prompt-user,school_list.add_first,critical,/schools,Add your first target school,"A school list unlocks school-specific readiness, deadlines, predictions, and essays.",Add schools,in_app_readiness_surface|dashboard,redis_notification_feed|remote_push|email,profile-readiness:school-list-prompt-user-school-list-add-first:f508587700d963a3aa0c7816,SchoolListItem count > 0,,
user_prompt,ready_for_in_app_admin_delivery,c475a6d251d8b078d2826981,school-list-prompt-user-school-list-add-first,school_list,prompt-user,school_list.add_first,critical,/schools,Add your first target school,"A school list unlocks school-specific readiness, deadlines, predictions, and essays.",Add schools,in_app_readiness_surface|dashboard,redis_notification_feed|remote_push|email,profile-readiness:school-list-prompt-user-school-list-add-first:c475a6d251d8b078d2826981,SchoolListItem count > 0,,
user_prompt,ready_for_in_app_admin_delivery,071da0c4742da8dc1dcf6d94,school-list-prompt-user-school-list-add-first,school_list,prompt-user,school_list.add_first,critical,/schools,Add your first target school,"A school list unlocks school-specific readiness, deadlines, predictions, and essays.",Add schools,in_app_readiness_surface|dashboard,redis_notification_feed|remote_push|email,profile-readiness:school-list-prompt-user-school-list-add-first:071da0c4742da8dc1dcf6d94,SchoolListItem count > 0,,
user_prompt,ready_for_in_app_admin_delivery,87840ad0e7cd3705c86d4a5d,school-list-prompt-user-school-list-add-first,school_list,prompt-user,school_list.add_first,critical,/schools,Add your first target school,"A school list unlocks school-specific readiness, deadlines, predictions, and essays.",Add schools,in_app_readiness_surface|dashboard,redis_notification_feed|remote_push|email,profile-readiness:school-list-prompt-user-school-list-add-first:87840ad0e7cd3705c86d4a5d,SchoolListItem count > 0,,
user_prompt,ready_for_in_app_admin_delivery,5a33fc159e57a535e8cf1e0f,school-list-prompt-user-school-list-add-first,school_list,prompt-user,school_list.add_first,critical,/schools,Add your first target school,"A school list unlocks school-specific readiness, deadlines, predictions, and essays.",Add schools,in_app_readiness_surface|dashboard,redis_notification_feed|remote_push|email,profile-readiness:school-list-prompt-user-school-list-add-first:5a33fc159e57a535e8cf1e0f,SchoolListItem count > 0,,
user_prompt,ready_for_in_app_admin_delivery,c9706c565798085285c7f213,school-list-prompt-user-school-list-add-first,school_list,prompt-user,school_list.add_first,critical,/schools,Add your first target school,"A school list unlocks school-specific readiness, deadlines, predictions, and essays.",Add schools,in_app_readiness_surface|dashboard,redis_notification_feed|remote_push|email,profile-readiness:school-list-prompt-user-school-list-add-first:c9706c565798085285c7f213,SchoolListItem count > 0,,
user_prompt,ready_for_in_app_admin_delivery,3d7cef5200f0c6c5980b779f,school-list-prompt-user-school-list-add-first,school_list,prompt-user,school_list.add_first,critical,/schools,Add your first target school,"A school list unlocks school-specific readiness, deadlines, predictions, and essays.",Add schools,in_app_readiness_surface|dashboard,redis_notification_feed|remote_push|email,profile-readiness:school-list-prompt-user-school-list-add-first:3d7cef5200f0c6c5980b779f,SchoolListItem count > 0,,
user_prompt,ready_for_in_app_admin_delivery,6ea879a16a966e83548baebe,school-list-prompt-user-school-list-add-first,school_list,prompt-user,school_list.add_first,critical,/schools,Add your first target school,"A school list unlocks school-specific readiness, deadlines, predictions, and essays.",Add schools,in_app_readiness_surface|dashboard,redis_notification_feed|remote_push|email,profile-readiness:school-list-prompt-user-school-list-add-first:6ea879a16a966e83548baebe,SchoolListItem count > 0,,
user_prompt,ready_for_in_app_admin_delivery,994e8b28c3cb36bf8b4935b7,school-list-prompt-user-school-list-add-first,school_list,prompt-user,school_list.add_first,critical,/schools,Add your first target school,"A school list unlocks school-specific readiness, deadlines, predictions, and essays.",Add schools,in_app_readiness_surface|dashboard,redis_notification_feed|remote_push|email,profile-readiness:school-list-prompt-user-school-list-add-first:994e8b28c3cb36bf8b4935b7,SchoolListItem count > 0,,
user_prompt,ready_for_in_app_admin_delivery,d42425c0370a3ce26645ae07,school-list-prompt-user-school-list-add-first,school_list,prompt-user,school_list.add_first,critical,/schools,Add your first target school,"A school list unlocks school-specific readiness, deadlines, predictions, and essays.",Add schools,in_app_readiness_surface|dashboard,redis_notification_feed|remote_push|email,profile-readiness:school-list-prompt-user-school-list-add-first:d42425c0370a3ce26645ae07,SchoolListItem count > 0,,
user_prompt,ready_for_in_app_admin_delivery,7233d6ef918dae794c026c44,school-list-prompt-user-school-list-add-first,school_list,prompt-user,school_list.add_first,critical,/schools,Add your first target school,"A school list unlocks school-specific readiness, deadlines, predictions, and essays.",Add schools,in_app_readiness_surface|dashboard,redis_notification_feed|remote_push|email,profile-readiness:school-list-prompt-user-school-list-add-first:7233d6ef918dae794c026c44,SchoolListItem count > 0,,
user_prompt,ready_for_in_app_admin_delivery,f2bd455344f18dd398fd7727,school-list-prompt-user-school-list-add-first,school_list,prompt-user,school_list.add_first,critical,/schools,Add your first target school,"A school list unlocks school-specific readiness, deadlines, predictions, and essays.",Add schools,in_app_readiness_surface|dashboard,redis_notification_feed|remote_push|email,profile-readiness:school-list-prompt-user-school-list-add-first:f2bd455344f18dd398fd7727,SchoolListItem count > 0,,
user_prompt,ready_for_in_app_admin_delivery,ada2a75f79c70b2e703df7c7,school-list-prompt-user-school-list-add-first,school_list,prompt-user,school_list.add_first,critical,/schools,Add your first target school,"A school list unlocks school-specific readiness, deadlines, predictions, and essays.",Add schools,in_app_readiness_surface|dashboard,redis_notification_feed|remote_push|email,profile-readiness:school-list-prompt-user-school-list-add-first:ada2a75f79c70b2e703df7c7,SchoolListItem count > 0,,
user_prompt,ready_for_in_app_admin_delivery,be4770d2280c186f9e6a8ffc,school-list-prompt-user-school-list-add-first,school_list,prompt-user,school_list.add_first,critical,/schools,Add your first target school,"A school list unlocks school-specific readiness, deadlines, predictions, and essays.",Add schools,in_app_readiness_surface|dashboard,redis_notification_feed|remote_push|email,profile-readiness:school-list-prompt-user-school-list-add-first:be4770d2280c186f9e6a8ffc,SchoolListItem count > 0,,
user_prompt,ready_for_in_app_admin_delivery,c5f1fc238a035e8fe3c386bd,school-list-prompt-user-school-list-add-first,school_list,prompt-user,school_list.add_first,critical,/schools,Add your first target school,"A school list unlocks school-specific readiness, deadlines, predictions, and essays.",Add schools,in_app_readiness_surface|dashboard,redis_notification_feed|remote_push|email,profile-readiness:school-list-prompt-user-school-list-add-first:c5f1fc238a035e8fe3c386bd,SchoolListItem count > 0,,
user_prompt,ready_for_in_app_admin_delivery,183cb8e383c4d448d533bd83,school-list-prompt-user-school-list-add-first,school_list,prompt-user,school_list.add_first,critical,/schools,Add your first target school,"A school list unlocks school-specific readiness, deadlines, predictions, and essays.",Add schools,in_app_readiness_surface|dashboard,redis_notification_feed|remote_push|email,profile-readiness:school-list-prompt-user-school-list-add-first:183cb8e383c4d448d533bd83,SchoolListItem count > 0,,
user_prompt,ready_for_in_app_admin_delivery,ac0a29e33f3d00ca5be75584,school-list-prompt-user-school-list-add-first,school_list,prompt-user,school_list.add_first,critical,/schools,Add your first target school,"A school list unlocks school-specific readiness, deadlines, predictions, and essays.",Add schools,in_app_readiness_surface|dashboard,redis_notification_feed|remote_push|email,profile-readiness:school-list-prompt-user-school-list-add-first:ac0a29e33f3d00ca5be75584,SchoolListItem count > 0,,
user_prompt,ready_for_in_app_admin_delivery,d7f38f16416febbb40e19769,school-list-prompt-user-school-list-add-first,school_list,prompt-user,school_list.add_first,critical,/schools,Add your first target school,"A school list unlocks school-specific readiness, deadlines, predictions, and essays.",Add schools,in_app_readiness_surface|dashboard,redis_notification_feed|remote_push|email,profile-readiness:school-list-prompt-user-school-list-add-first:d7f38f16416febbb40e19769,SchoolListItem count > 0,,
user_prompt,ready_for_in_app_admin_delivery,8de25c15c6a15becbec7815f,school-list-prompt-user-school-list-add-first,school_list,prompt-user,school_list.add_first,critical,/schools,Add your first target school,"A school list unlocks school-specific readiness, deadlines, predictions, and essays.",Add schools,in_app_readiness_surface|dashboard,redis_notification_feed|remote_push|email,profile-readiness:school-list-prompt-user-school-list-add-first:8de25c15c6a15becbec7815f,SchoolListItem count > 0,,
user_prompt,ready_for_in_app_admin_delivery,a4df23251f62c39a81f2f2ce,school-list-prompt-user-school-list-add-first,school_list,prompt-user,school_list.add_first,critical,/schools,Add your first target school,"A school list unlocks school-specific readiness, deadlines, predictions, and essays.",Add schools,in_app_readiness_surface|dashboard,redis_notification_feed|remote_push|email,profile-readiness:school-list-prompt-user-school-list-add-first:a4df23251f62c39a81f2f2ce,SchoolListItem count > 0,,
user_prompt,ready_for_in_app_admin_delivery,981ef0d2644104a14ce860fd,school-list-prompt-user-school-list-add-first,school_list,prompt-user,school_list.add_first,critical,/schools,Add your first target school,"A school list unlocks school-specific readiness, deadlines, predictions, and essays.",Add schools,in_app_readiness_surface|dashboard,redis_notification_feed|remote_push|email,profile-readiness:school-list-prompt-user-school-list-add-first:981ef0d2644104a14ce860fd,SchoolListItem count > 0,,
user_prompt,ready_for_in_app_admin_delivery,f7a172b26f74da08ee92a521,school-list-prompt-user-school-list-add-first,school_list,prompt-user,school_list.add_first,critical,/schools,Add your first target school,"A school list unlocks school-specific readiness, deadlines, predictions, and essays.",Add schools,in_app_readiness_surface|dashboard,redis_notification_feed|remote_push|email,profile-readiness:school-list-prompt-user-school-list-add-first:f7a172b26f74da08ee92a521,SchoolListItem count > 0,,
user_prompt,ready_for_in_app_admin_delivery,0b5ad10783abd6c1462144a9,school-list-prompt-user-school-list-add-first,school_list,prompt-user,school_list.add_first,critical,/schools,Add your first target school,"A school list unlocks school-specific readiness, deadlines, predictions, and essays.",Add schools,in_app_readiness_surface|dashboard,redis_notification_feed|remote_push|email,profile-readiness:school-list-prompt-user-school-list-add-first:0b5ad10783abd6c1462144a9,SchoolListItem count > 0,,
user_prompt,ready_for_in_app_admin_delivery,72a5835d4cc0d8701fb65afb,school-list-prompt-user-school-list-add-first,school_list,prompt-user,school_list.add_first,critical,/schools,Add your first target school,"A school list unlocks school-specific readiness, deadlines, predictions, and essays.",Add schools,in_app_readiness_surface|dashboard,redis_notification_feed|remote_push|email,profile-readiness:school-list-prompt-user-school-list-add-first:72a5835d4cc0d8701fb65afb,SchoolListItem count > 0,,
user_prompt,ready_for_in_app_admin_delivery,97179e2b93703fe351e5dac2,school-list-prompt-user-school-list-add-first,school_list,prompt-user,school_list.add_first,critical,/schools,Add your first target school,"A school list unlocks school-specific readiness, deadlines, predictions, and essays.",Add schools,in_app_readiness_surface|dashboard,redis_notification_feed|remote_push|email,profile-readiness:school-list-prompt-user-school-list-add-first:97179e2b93703fe351e5dac2,SchoolListItem count > 0,,
user_prompt,ready_for_in_app_admin_delivery,3e34f78c649f87bdad55bc79,school-list-prompt-user-school-list-add-first,school_list,prompt-user,school_list.add_first,critical,/schools,Add your first target school,"A school list unlocks school-specific readiness, deadlines, predictions, and essays.",Add schools,in_app_readiness_surface|dashboard,redis_notification_feed|remote_push|email,profile-readiness:school-list-prompt-user-school-list-add-first:3e34f78c649f87bdad55bc79,SchoolListItem count > 0,,
user_prompt,ready_for_in_app_admin_delivery,6a9586dc76eca3beb6bba023,school-list-prompt-user-school-list-add-first,school_list,prompt-user,school_list.add_first,critical,/schools,Add your first target school,"A school list unlocks school-specific readiness, deadlines, predictions, and essays.",Add schools,in_app_readiness_surface|dashboard,redis_notification_feed|remote_push|email,profile-readiness:school-list-prompt-user-school-list-add-first:6a9586dc76eca3beb6bba023,SchoolListItem count > 0,,
user_prompt,ready_for_in_app_admin_delivery,6f9b54841f8fa0f67f59711f,school-list-prompt-user-school-list-add-first,school_list,prompt-user,school_list.add_first,critical,/schools,Add your first target school,"A school list unlocks school-specific readiness, deadlines, predictions, and essays.",Add schools,in_app_readiness_surface|dashboard,redis_notification_feed|remote_push|email,profile-readiness:school-list-prompt-user-school-list-add-first:6f9b54841f8fa0f67f59711f,SchoolListItem count > 0,,
user_prompt,ready_for_in_app_admin_delivery,bef00e3cfdf053cfca345af1,school-list-prompt-user-school-list-add-first,school_list,prompt-user,school_list.add_first,critical,/schools,Add your first target school,"A school list unlocks school-specific readiness, deadlines, predictions, and essays.",Add schools,in_app_readiness_surface|dashboard,redis_notification_feed|remote_push|email,profile-readiness:school-list-prompt-user-school-list-add-first:bef00e3cfdf053cfca345af1,SchoolListItem count > 0,,
user_prompt,ready_for_in_app_admin_delivery,5f60d121d5f8e1c60d3a7954,school-list-prompt-user-school-list-add-first,school_list,prompt-user,school_list.add_first,critical,/schools,Add your first target school,"A school list unlocks school-specific readiness, deadlines, predictions, and essays.",Add schools,in_app_readiness_surface|dashboard,redis_notification_feed|remote_push|email,profile-readiness:school-list-prompt-user-school-list-add-first:5f60d121d5f8e1c60d3a7954,SchoolListItem count > 0,,
user_prompt,ready_for_in_app_admin_delivery,0839ab4ac6894f45f8b5326e,school-list-prompt-user-school-list-add-first,school_list,prompt-user,school_list.add_first,critical,/schools,Add your first target school,"A school list unlocks school-specific readiness, deadlines, predictions, and essays.",Add schools,in_app_readiness_surface|dashboard,redis_notification_feed|remote_push|email,profile-readiness:school-list-prompt-user-school-list-add-first:0839ab4ac6894f45f8b5326e,SchoolListItem count > 0,,
user_prompt,ready_for_in_app_admin_delivery,1a5b0a46226de7b2fdf7ee6d,school-list-prompt-user-school-list-add-first,school_list,prompt-user,school_list.add_first,critical,/schools,Add your first target school,"A school list unlocks school-specific readiness, deadlines, predictions, and essays.",Add schools,in_app_readiness_surface|dashboard,redis_notification_feed|remote_push|email,profile-readiness:school-list-prompt-user-school-list-add-first:1a5b0a46226de7b2fdf7ee6d,SchoolListItem count > 0,,
user_prompt,ready_for_in_app_admin_delivery,07f56d07aabc5e498391d8ea,school-list-prompt-user-school-list-add-first,school_list,prompt-user,school_list.add_first,critical,/schools,Add your first target school,"A school list unlocks school-specific readiness, deadlines, predictions, and essays.",Add schools,in_app_readiness_surface|dashboard,redis_notification_feed|remote_push|email,profile-readiness:school-list-prompt-user-school-list-add-first:07f56d07aabc5e498391d8ea,SchoolListItem count > 0,,
user_prompt,ready_for_in_app_admin_delivery,0bedcbf1da324b470b0c1b76,school-list-prompt-user-school-list-add-first,school_list,prompt-user,school_list.add_first,critical,/schools,Add your first target school,"A school list unlocks school-specific readiness, deadlines, predictions, and essays.",Add schools,in_app_readiness_surface|dashboard,redis_notification_feed|remote_push|email,profile-readiness:school-list-prompt-user-school-list-add-first:0bedcbf1da324b470b0c1b76,SchoolListItem count > 0,,
user_prompt,ready_for_in_app_admin_delivery,0fb59725a227fac3fc75dc14,school-list-prompt-user-school-list-add-first,school_list,prompt-user,school_list.add_first,critical,/schools,Add your first target school,"A school list unlocks school-specific readiness, deadlines, predictions, and essays.",Add schools,in_app_readiness_surface|dashboard,redis_notification_feed|remote_push|email,profile-readiness:school-list-prompt-user-school-list-add-first:0fb59725a227fac3fc75dc14,SchoolListItem count > 0,,
user_prompt,ready_for_in_app_admin_delivery,65b959f31034539c5f366774,school-list-prompt-user-school-list-add-first,school_list,prompt-user,school_list.add_first,critical,/schools,Add your first target school,"A school list unlocks school-specific readiness, deadlines, predictions, and essays.",Add schools,in_app_readiness_surface|dashboard,redis_notification_feed|remote_push|email,profile-readiness:school-list-prompt-user-school-list-add-first:65b959f31034539c5f366774,SchoolListItem count > 0,,
user_prompt,ready_for_in_app_admin_delivery,970550533738cbfcf61daf11,school-list-prompt-user-school-list-add-first,school_list,prompt-user,school_list.add_first,critical,/schools,Add your first target school,"A school list unlocks school-specific readiness, deadlines, predictions, and essays.",Add schools,in_app_readiness_surface|dashboard,redis_notification_feed|remote_push|email,profile-readiness:school-list-prompt-user-school-list-add-first:970550533738cbfcf61daf11,SchoolListItem count > 0,,
user_prompt,ready_for_in_app_admin_delivery,5504c626383507821dfcb876,school-list-prompt-user-school-list-add-first,school_list,prompt-user,school_list.add_first,critical,/schools,Add your first target school,"A school list unlocks school-specific readiness, deadlines, predictions, and essays.",Add schools,in_app_readiness_surface|dashboard,redis_notification_feed|remote_push|email,profile-readiness:school-list-prompt-user-school-list-add-first:5504c626383507821dfcb876,SchoolListItem count > 0,,
user_prompt,ready_for_in_app_admin_delivery,3230af06184fff02111b4d9d,school-list-prompt-user-school-list-add-first,school_list,prompt-user,school_list.add_first,critical,/schools,Add your first target school,"A school list unlocks school-specific readiness, deadlines, predictions, and essays.",Add schools,in_app_readiness_surface|dashboard,redis_notification_feed|remote_push|email,profile-readiness:school-list-prompt-user-school-list-add-first:3230af06184fff02111b4d9d,SchoolListItem count > 0,,
user_prompt,ready_for_in_app_admin_delivery,4f8c4e9527c625cebc8cbe71,school-list-prompt-user-school-list-add-first,school_list,prompt-user,school_list.add_first,critical,/schools,Add your first target school,"A school list unlocks school-specific readiness, deadlines, predictions, and essays.",Add schools,in_app_readiness_surface|dashboard,redis_notification_feed|remote_push|email,profile-readiness:school-list-prompt-user-school-list-add-first:4f8c4e9527c625cebc8cbe71,SchoolListItem count > 0,,
user_prompt,ready_for_in_app_admin_delivery,a5db6455215f7e110a7bc07b,school-list-prompt-user-school-list-add-first,school_list,prompt-user,school_list.add_first,critical,/schools,Add your first target school,"A school list unlocks school-specific readiness, deadlines, predictions, and essays.",Add schools,in_app_readiness_surface|dashboard,redis_notification_feed|remote_push|email,profile-readiness:school-list-prompt-user-school-list-add-first:a5db6455215f7e110a7bc07b,SchoolListItem count > 0,,
user_prompt,ready_for_in_app_admin_delivery,b8a277a6cd429920ef85d6db,school-list-prompt-user-school-list-add-first,school_list,prompt-user,school_list.add_first,critical,/schools,Add your first target school,"A school list unlocks school-specific readiness, deadlines, predictions, and essays.",Add schools,in_app_readiness_surface|dashboard,redis_notification_feed|remote_push|email,profile-readiness:school-list-prompt-user-school-list-add-first:b8a277a6cd429920ef85d6db,SchoolListItem count > 0,,
user_prompt,ready_for_in_app_admin_delivery,3ccaf93035fe93ab284da697,school-list-prompt-user-school-list-add-first,school_list,prompt-user,school_list.add_first,critical,/schools,Add your first target school,"A school list unlocks school-specific readiness, deadlines, predictions, and essays.",Add schools,in_app_readiness_surface|dashboard,redis_notification_feed|remote_push|email,profile-readiness:school-list-prompt-user-school-list-add-first:3ccaf93035fe93ab284da697,SchoolListItem count > 0,,
user_prompt,ready_for_in_app_admin_delivery,af0e0c0e572ee90213df32e5,school-list-prompt-user-school-list-add-first,school_list,prompt-user,school_list.add_first,critical,/schools,Add your first target school,"A school list unlocks school-specific readiness, deadlines, predictions, and essays.",Add schools,in_app_readiness_surface|dashboard,redis_notification_feed|remote_push|email,profile-readiness:school-list-prompt-user-school-list-add-first:af0e0c0e572ee90213df32e5,SchoolListItem count > 0,,
user_prompt,ready_for_in_app_admin_delivery,9ee435ab1a9d1b8f505711e6,school-list-prompt-user-school-list-add-first,school_list,prompt-user,school_list.add_first,critical,/schools,Add your first target school,"A school list unlocks school-specific readiness, deadlines, predictions, and essays.",Add schools,in_app_readiness_surface|dashboard,redis_notification_feed|remote_push|email,profile-readiness:school-list-prompt-user-school-list-add-first:9ee435ab1a9d1b8f505711e6,SchoolListItem count > 0,,
user_prompt,ready_for_in_app_admin_delivery,e75b8f15f0abc0f737026417,school-list-prompt-user-school-list-add-first,school_list,prompt-user,school_list.add_first,critical,/schools,Add your first target school,"A school list unlocks school-specific readiness, deadlines, predictions, and essays.",Add schools,in_app_readiness_surface|dashboard,redis_notification_feed|remote_push|email,profile-readiness:school-list-prompt-user-school-list-add-first:e75b8f15f0abc0f737026417,SchoolListItem count > 0,,
user_prompt,ready_for_in_app_admin_delivery,5a84c043be7d20ddd26a2d37,school-list-prompt-user-school-list-add-first,school_list,prompt-user,school_list.add_first,critical,/schools,Add your first target school,"A school list unlocks school-specific readiness, deadlines, predictions, and essays.",Add schools,in_app_readiness_surface|dashboard,redis_notification_feed|remote_push|email,profile-readiness:school-list-prompt-user-school-list-add-first:5a84c043be7d20ddd26a2d37,SchoolListItem count > 0,,
user_prompt,ready_for_in_app_admin_delivery,6f6a6ebf8b74420c7c988135,school-list-prompt-user-school-list-add-first,school_list,prompt-user,school_list.add_first,critical,/schools,Add your first target school,"A school list unlocks school-specific readiness, deadlines, predictions, and essays.",Add schools,in_app_readiness_surface|dashboard,redis_notification_feed|remote_push|email,profile-readiness:school-list-prompt-user-school-list-add-first:6f6a6ebf8b74420c7c988135,SchoolListItem count > 0,,
user_prompt,ready_for_in_app_admin_delivery,9acaace15769689a2e8d8f79,school-list-prompt-user-school-list-add-first,school_list,prompt-user,school_list.add_first,critical,/schools,Add your first target school,"A school list unlocks school-specific readiness, deadlines, predictions, and essays.",Add schools,in_app_readiness_surface|dashboard,redis_notification_feed|remote_push|email,profile-readiness:school-list-prompt-user-school-list-add-first:9acaace15769689a2e8d8f79,SchoolListItem count > 0,,
user_prompt,ready_for_in_app_admin_delivery,ace96bc16dc15505a994e478,school-list-prompt-user-school-list-add-first,school_list,prompt-user,school_list.add_first,critical,/schools,Add your first target school,"A school list unlocks school-specific readiness, deadlines, predictions, and essays.",Add schools,in_app_readiness_surface|dashboard,redis_notification_feed|remote_push|email,profile-readiness:school-list-prompt-user-school-list-add-first:ace96bc16dc15505a994e478,SchoolListItem count > 0,,
user_prompt,ready_for_in_app_admin_delivery,a6446192083fe17748decf25,school-list-prompt-user-school-list-add-first,school_list,prompt-user,school_list.add_first,critical,/schools,Add your first target school,"A school list unlocks school-specific readiness, deadlines, predictions, and essays.",Add schools,in_app_readiness_surface|dashboard,redis_notification_feed|remote_push|email,profile-readiness:school-list-prompt-user-school-list-add-first:a6446192083fe17748decf25,SchoolListItem count > 0,,
user_prompt,ready_for_in_app_admin_delivery,30300b62cf60b25ace2aa505,school-list-prompt-user-school-list-add-first,school_list,prompt-user,school_list.add_first,critical,/schools,Add your first target school,"A school list unlocks school-specific readiness, deadlines, predictions, and essays.",Add schools,in_app_readiness_surface|dashboard,redis_notification_feed|remote_push|email,profile-readiness:school-list-prompt-user-school-list-add-first:30300b62cf60b25ace2aa505,SchoolListItem count > 0,,
user_prompt,ready_for_in_app_admin_delivery,3181f198897bc42eb9c1bcd0,school-list-prompt-user-school-list-add-first,school_list,prompt-user,school_list.add_first,critical,/schools,Add your first target school,"A school list unlocks school-specific readiness, deadlines, predictions, and essays.",Add schools,in_app_readiness_surface|dashboard,redis_notification_feed|remote_push|email,profile-readiness:school-list-prompt-user-school-list-add-first:3181f198897bc42eb9c1bcd0,SchoolListItem count > 0,,
user_prompt,ready_for_in_app_admin_delivery,89560102c8965d0f1b544a1b,school-list-prompt-user-school-list-add-first,school_list,prompt-user,school_list.add_first,critical,/schools,Add your first target school,"A school list unlocks school-specific readiness, deadlines, predictions, and essays.",Add schools,in_app_readiness_surface|dashboard,redis_notification_feed|remote_push|email,profile-readiness:school-list-prompt-user-school-list-add-first:89560102c8965d0f1b544a1b,SchoolListItem count > 0,,
user_prompt,ready_for_in_app_admin_delivery,5f99150f51a167a11be62e9c,school-list-prompt-user-school-list-add-first,school_list,prompt-user,school_list.add_first,critical,/schools,Add your first target school,"A school list unlocks school-specific readiness, deadlines, predictions, and essays.",Add schools,in_app_readiness_surface|dashboard,redis_notification_feed|remote_push|email,profile-readiness:school-list-prompt-user-school-list-add-first:5f99150f51a167a11be62e9c,SchoolListItem count > 0,,
user_prompt,ready_for_in_app_admin_delivery,d394d8ed654c6e76df4649c9,school-list-prompt-user-school-list-add-first,school_list,prompt-user,school_list.add_first,critical,/schools,Add your first target school,"A school list unlocks school-specific readiness, deadlines, predictions, and essays.",Add schools,in_app_readiness_surface|dashboard,redis_notification_feed|remote_push|email,profile-readiness:school-list-prompt-user-school-list-add-first:d394d8ed654c6e76df4649c9,SchoolListItem count > 0,,
user_prompt,ready_for_in_app_admin_delivery,0db0cf45beeef44e4f5ad691,school-list-prompt-user-school-list-add-first,school_list,prompt-user,school_list.add_first,critical,/schools,Add your first target school,"A school list unlocks school-specific readiness, deadlines, predictions, and essays.",Add schools,in_app_readiness_surface|dashboard,redis_notification_feed|remote_push|email,profile-readiness:school-list-prompt-user-school-list-add-first:0db0cf45beeef44e4f5ad691,SchoolListItem count > 0,,
user_prompt,ready_for_in_app_admin_delivery,1204f93a7efd7af12fbc2924,school-list-prompt-user-school-list-add-first,school_list,prompt-user,school_list.add_first,critical,/schools,Add your first target school,"A school list unlocks school-specific readiness, deadlines, predictions, and essays.",Add schools,in_app_readiness_surface|dashboard,redis_notification_feed|remote_push|email,profile-readiness:school-list-prompt-user-school-list-add-first:1204f93a7efd7af12fbc2924,SchoolListItem count > 0,,
user_prompt,ready_for_in_app_admin_delivery,668e804694a0d5279493d75e,school-list-prompt-user-school-list-add-first,school_list,prompt-user,school_list.add_first,critical,/schools,Add your first target school,"A school list unlocks school-specific readiness, deadlines, predictions, and essays.",Add schools,in_app_readiness_surface|dashboard,redis_notification_feed|remote_push|email,profile-readiness:school-list-prompt-user-school-list-add-first:668e804694a0d5279493d75e,SchoolListItem count > 0,,
user_prompt,ready_for_in_app_admin_delivery,9dc574d4dd0f02d25750ecd5,school-list-prompt-user-school-list-add-first,school_list,prompt-user,school_list.add_first,critical,/schools,Add your first target school,"A school list unlocks school-specific readiness, deadlines, predictions, and essays.",Add schools,in_app_readiness_surface|dashboard,redis_notification_feed|remote_push|email,profile-readiness:school-list-prompt-user-school-list-add-first:9dc574d4dd0f02d25750ecd5,SchoolListItem count > 0,,
user_prompt,ready_for_in_app_admin_delivery,75838bb0ca7fd1cc46d9f8f4,school-list-prompt-user-school-list-add-first,school_list,prompt-user,school_list.add_first,critical,/schools,Add your first target school,"A school list unlocks school-specific readiness, deadlines, predictions, and essays.",Add schools,in_app_readiness_surface|dashboard,redis_notification_feed|remote_push|email,profile-readiness:school-list-prompt-user-school-list-add-first:75838bb0ca7fd1cc46d9f8f4,SchoolListItem count > 0,,
system_generation,ready_for_system_generation,2280a783ff6c7aa4ad5b4701,application-analysis-run-prediction-application-analysis-predictions-required,application_analysis,run-prediction,application_analysis.predictions_required,warning,/prediction,,,,admin_queue,redis_notification_feed|remote_push|email,,Fresh authoritative prediction exists for selected schools,,
operator_review,ready_for_operator_review,5a40467a4e1e1d5f6adf2a04,deadline-review-deadline-source-deadline-round-missing,deadline,review-deadline-source,deadline.round_missing,warning,/timeline,,,,admin_queue,redis_notification_feed|remote_push|email,,Deadline evidence confirms the selected school round,cmn1htkpe0010vqf2xzzjz779,University of Illinois Urbana-Champaign
operator_review,ready_for_operator_review,95728a3ac90759d1dadb5e7e,deadline-review-deadline-source-deadline-round-missing,deadline,review-deadline-source,deadline.round_missing,warning,/timeline,,,,admin_queue,redis_notification_feed|remote_push|email,,Deadline evidence confirms the selected school round,cmn1htknv000evqf29yjvrstt,"University of California, Berkeley"
system_generation,ready_for_system_generation,2280a783ff6c7aa4ad5b4701,prediction-run-prediction-prediction-missing,prediction,run-prediction,prediction.missing,warning,/prediction,,,,admin_queue,redis_notification_feed|remote_push|email,,Fresh authoritative prediction exists for selected schools,cmn1htknv000evqf29yjvrstt,"University of California, Berkeley"
system_generation,ready_for_system_generation,2280a783ff6c7aa4ad5b4701,prediction-run-prediction-prediction-missing,prediction,run-prediction,prediction.missing,warning,/prediction,,,,admin_queue,redis_notification_feed|remote_push|email,,Fresh authoritative prediction exists for selected schools,cmn1htkny000fvqf2jlmz8ej1,"University of California, Los Angeles"
system_generation,ready_for_system_generation,2280a783ff6c7aa4ad5b4701,prediction-run-prediction-prediction-missing,prediction,run-prediction,prediction.missing,warning,/prediction,,,,admin_queue,redis_notification_feed|remote_push|email,,Fresh authoritative prediction exists for selected schools,cmn1htkou000svqf2356l4yfj,"University of California, San Diego"
system_generation,ready_for_system_generation,2280a783ff6c7aa4ad5b4701,prediction-run-prediction-prediction-missing,prediction,run-prediction,prediction.missing,warning,/prediction,,,,admin_queue,redis_notification_feed|remote_push|email,,Fresh authoritative prediction exists for selected schools,cmn1htkor000rvqf282ibd6kz,"University of California, Davis"
system_generation,ready_for_system_generation,2280a783ff6c7aa4ad5b4701,prediction-run-prediction-prediction-missing,prediction,run-prediction,prediction.missing,warning,/prediction,,,,admin_queue,redis_notification_feed|remote_push|email,,Fresh authoritative prediction exists for selected schools,cmn1htkpb000zvqf2645ltfg6,"University of California, Santa Barbara"
