queue,status,recipientKey,campaignId,domain,action,gap,severity,route,title,content,cta,allowedChannels,liveChannelsDisabled,frequencyDedupeKey,suppressWhen,schoolId,schoolName
user_prompt,ready_for_in_app_admin_delivery,161ae07fa8fcfd5b9c149e3a,profile-prompt-user-profile-gpa-anchor,profile,prompt-user,profile.gpa_anchor,critical,/profile?tab=gpa,Complete your GPA anchor,Add GPA and scale so predictions and school-list advice use your real academic baseline.,Update GPA,in_app_readiness_surface|dashboard,redis_notification_feed|remote_push|email,profile-readiness:profile-prompt-user-profile-gpa-anchor:161ae07fa8fcfd5b9c149e3a,Profile has GPA value and GPA scale,,
user_prompt,ready_for_in_app_admin_delivery,bbcc181196a5f49e7b7b5217,profile-prompt-user-profile-gpa-anchor,profile,prompt-user,profile.gpa_anchor,critical,/profile?tab=gpa,Complete your GPA anchor,Add GPA and scale so predictions and school-list advice use your real academic baseline.,Update GPA,in_app_readiness_surface|dashboard,redis_notification_feed|remote_push|email,profile-readiness:profile-prompt-user-profile-gpa-anchor:bbcc181196a5f49e7b7b5217,Profile has GPA value and GPA scale,,
user_prompt,ready_for_in_app_admin_delivery,2ad6a5c85738075faca4e660,profile-prompt-user-profile-gpa-anchor,profile,prompt-user,profile.gpa_anchor,critical,/profile?tab=gpa,Complete your GPA anchor,Add GPA and scale so predictions and school-list advice use your real academic baseline.,Update GPA,in_app_readiness_surface|dashboard,redis_notification_feed|remote_push|email,profile-readiness:profile-prompt-user-profile-gpa-anchor:2ad6a5c85738075faca4e660,Profile has GPA value and GPA scale,,
user_prompt,ready_for_in_app_admin_delivery,4f43b96ee5b22b7fd5680c21,profile-prompt-user-profile-gpa-anchor,profile,prompt-user,profile.gpa_anchor,critical,/profile?tab=gpa,Complete your GPA anchor,Add GPA and scale so predictions and school-list advice use your real academic baseline.,Update GPA,in_app_readiness_surface|dashboard,redis_notification_feed|remote_push|email,profile-readiness:profile-prompt-user-profile-gpa-anchor:4f43b96ee5b22b7fd5680c21,Profile has GPA value and GPA scale,,
user_prompt,ready_for_in_app_admin_delivery,c271fde2cf1b87f889ec0c16,profile-prompt-user-profile-gpa-anchor,profile,prompt-user,profile.gpa_anchor,critical,/profile?tab=gpa,Complete your GPA anchor,Add GPA and scale so predictions and school-list advice use your real academic baseline.,Update GPA,in_app_readiness_surface|dashboard,redis_notification_feed|remote_push|email,profile-readiness:profile-prompt-user-profile-gpa-anchor:c271fde2cf1b87f889ec0c16,Profile has GPA value and GPA scale,,
user_prompt,ready_for_in_app_admin_delivery,746bc9d4549c99352f08bdcf,profile-prompt-user-profile-gpa-anchor,profile,prompt-user,profile.gpa_anchor,critical,/profile?tab=gpa,Complete your GPA anchor,Add GPA and scale so predictions and school-list advice use your real academic baseline.,Update GPA,in_app_readiness_surface|dashboard,redis_notification_feed|remote_push|email,profile-readiness:profile-prompt-user-profile-gpa-anchor:746bc9d4549c99352f08bdcf,Profile has GPA value and GPA scale,,
user_prompt,ready_for_in_app_admin_delivery,b4d7837782707744792d2395,profile-prompt-user-profile-gpa-anchor,profile,prompt-user,profile.gpa_anchor,critical,/profile?tab=gpa,Complete your GPA anchor,Add GPA and scale so predictions and school-list advice use your real academic baseline.,Update GPA,in_app_readiness_surface|dashboard,redis_notification_feed|remote_push|email,profile-readiness:profile-prompt-user-profile-gpa-anchor:b4d7837782707744792d2395,Profile has GPA value and GPA scale,,
user_prompt,ready_for_in_app_admin_delivery,40e9414c98a1ebdf2dcad4cd,profile-prompt-user-profile-gpa-anchor,profile,prompt-user,profile.gpa_anchor,critical,/profile?tab=gpa,Complete your GPA anchor,Add GPA and scale so predictions and school-list advice use your real academic baseline.,Update GPA,in_app_readiness_surface|dashboard,redis_notification_feed|remote_push|email,profile-readiness:profile-prompt-user-profile-gpa-anchor:40e9414c98a1ebdf2dcad4cd,Profile has GPA value and GPA scale,,
user_prompt,ready_for_in_app_admin_delivery,b1fa79bf9c552d0d23893f4d,profile-prompt-user-profile-gpa-anchor,profile,prompt-user,profile.gpa_anchor,critical,/profile?tab=gpa,Complete your GPA anchor,Add GPA and scale so predictions and school-list advice use your real academic baseline.,Update GPA,in_app_readiness_surface|dashboard,redis_notification_feed|remote_push|email,profile-readiness:profile-prompt-user-profile-gpa-anchor:b1fa79bf9c552d0d23893f4d,Profile has GPA value and GPA scale,,
user_prompt,ready_for_in_app_admin_delivery,7eb6af9e5e76bffb19b076da,profile-prompt-user-profile-gpa-anchor,profile,prompt-user,profile.gpa_anchor,critical,/profile?tab=gpa,Complete your GPA anchor,Add GPA and scale so predictions and school-list advice use your real academic baseline.,Update GPA,in_app_readiness_surface|dashboard,redis_notification_feed|remote_push|email,profile-readiness:profile-prompt-user-profile-gpa-anchor:7eb6af9e5e76bffb19b076da,Profile has GPA value and GPA scale,,
user_prompt,ready_for_in_app_admin_delivery,0d718acf5447f81ecb074643,profile-prompt-user-profile-gpa-anchor,profile,prompt-user,profile.gpa_anchor,critical,/profile?tab=gpa,Complete your GPA anchor,Add GPA and scale so predictions and school-list advice use your real academic baseline.,Update GPA,in_app_readiness_surface|dashboard,redis_notification_feed|remote_push|email,profile-readiness:profile-prompt-user-profile-gpa-anchor:0d718acf5447f81ecb074643,Profile has GPA value and GPA scale,,
user_prompt,ready_for_in_app_admin_delivery,62054f9af3f742de36c2f85c,profile-prompt-user-profile-gpa-anchor,profile,prompt-user,profile.gpa_anchor,critical,/profile?tab=gpa,Complete your GPA anchor,Add GPA and scale so predictions and school-list advice use your real academic baseline.,Update GPA,in_app_readiness_surface|dashboard,redis_notification_feed|remote_push|email,profile-readiness:profile-prompt-user-profile-gpa-anchor:62054f9af3f742de36c2f85c,Profile has GPA value and GPA scale,,
user_prompt,ready_for_in_app_admin_delivery,9364ef9c662f3a639f68f056,profile-prompt-user-profile-gpa-anchor,profile,prompt-user,profile.gpa_anchor,critical,/profile?tab=gpa,Complete your GPA anchor,Add GPA and scale so predictions and school-list advice use your real academic baseline.,Update GPA,in_app_readiness_surface|dashboard,redis_notification_feed|remote_push|email,profile-readiness:profile-prompt-user-profile-gpa-anchor:9364ef9c662f3a639f68f056,Profile has GPA value and GPA scale,,
user_prompt,ready_for_in_app_admin_delivery,3a816c9b5433ae0aaf479ba7,profile-prompt-user-profile-gpa-anchor,profile,prompt-user,profile.gpa_anchor,critical,/profile?tab=gpa,Complete your GPA anchor,Add GPA and scale so predictions and school-list advice use your real academic baseline.,Update GPA,in_app_readiness_surface|dashboard,redis_notification_feed|remote_push|email,profile-readiness:profile-prompt-user-profile-gpa-anchor:3a816c9b5433ae0aaf479ba7,Profile has GPA value and GPA scale,,
user_prompt,ready_for_in_app_admin_delivery,3ee3cf435e4f83fb80edeb51,profile-prompt-user-profile-gpa-anchor,profile,prompt-user,profile.gpa_anchor,critical,/profile?tab=gpa,Complete your GPA anchor,Add GPA and scale so predictions and school-list advice use your real academic baseline.,Update GPA,in_app_readiness_surface|dashboard,redis_notification_feed|remote_push|email,profile-readiness:profile-prompt-user-profile-gpa-anchor:3ee3cf435e4f83fb80edeb51,Profile has GPA value and GPA scale,,
user_prompt,ready_for_in_app_admin_delivery,9c31e7076836e7c3e8c3b9e6,profile-prompt-user-profile-gpa-anchor,profile,prompt-user,profile.gpa_anchor,critical,/profile?tab=gpa,Complete your GPA anchor,Add GPA and scale so predictions and school-list advice use your real academic baseline.,Update GPA,in_app_readiness_surface|dashboard,redis_notification_feed|remote_push|email,profile-readiness:profile-prompt-user-profile-gpa-anchor:9c31e7076836e7c3e8c3b9e6,Profile has GPA value and GPA scale,,
user_prompt,ready_for_in_app_admin_delivery,700a98cbdc40e3ae03f7db21,profile-prompt-user-profile-gpa-anchor,profile,prompt-user,profile.gpa_anchor,critical,/profile?tab=gpa,Complete your GPA anchor,Add GPA and scale so predictions and school-list advice use your real academic baseline.,Update GPA,in_app_readiness_surface|dashboard,redis_notification_feed|remote_push|email,profile-readiness:profile-prompt-user-profile-gpa-anchor:700a98cbdc40e3ae03f7db21,Profile has GPA value and GPA scale,,
user_prompt,ready_for_in_app_admin_delivery,350e3e61308a4fecf31d5265,profile-prompt-user-profile-gpa-anchor,profile,prompt-user,profile.gpa_anchor,critical,/profile?tab=gpa,Complete your GPA anchor,Add GPA and scale so predictions and school-list advice use your real academic baseline.,Update GPA,in_app_readiness_surface|dashboard,redis_notification_feed|remote_push|email,profile-readiness:profile-prompt-user-profile-gpa-anchor:350e3e61308a4fecf31d5265,Profile has GPA value and GPA scale,,
user_prompt,ready_for_in_app_admin_delivery,ee8d2acecabae8a094f78e72,profile-prompt-user-profile-gpa-anchor,profile,prompt-user,profile.gpa_anchor,critical,/profile?tab=gpa,Complete your GPA anchor,Add GPA and scale so predictions and school-list advice use your real academic baseline.,Update GPA,in_app_readiness_surface|dashboard,redis_notification_feed|remote_push|email,profile-readiness:profile-prompt-user-profile-gpa-anchor:ee8d2acecabae8a094f78e72,Profile has GPA value and GPA scale,,
user_prompt,ready_for_in_app_admin_delivery,60ae21cdcc0779c5d57fa893,profile-prompt-user-profile-gpa-anchor,profile,prompt-user,profile.gpa_anchor,critical,/profile?tab=gpa,Complete your GPA anchor,Add GPA and scale so predictions and school-list advice use your real academic baseline.,Update GPA,in_app_readiness_surface|dashboard,redis_notification_feed|remote_push|email,profile-readiness:profile-prompt-user-profile-gpa-anchor:60ae21cdcc0779c5d57fa893,Profile has GPA value and GPA scale,,
user_prompt,ready_for_in_app_admin_delivery,8af2599c6426aee17e392808,profile-prompt-user-profile-gpa-anchor,profile,prompt-user,profile.gpa_anchor,critical,/profile?tab=gpa,Complete your GPA anchor,Add GPA and scale so predictions and school-list advice use your real academic baseline.,Update GPA,in_app_readiness_surface|dashboard,redis_notification_feed|remote_push|email,profile-readiness:profile-prompt-user-profile-gpa-anchor:8af2599c6426aee17e392808,Profile has GPA value and GPA scale,,
user_prompt,ready_for_in_app_admin_delivery,b16338de18bd3ea9490a922c,profile-prompt-user-profile-gpa-anchor,profile,prompt-user,profile.gpa_anchor,critical,/profile?tab=gpa,Complete your GPA anchor,Add GPA and scale so predictions and school-list advice use your real academic baseline.,Update GPA,in_app_readiness_surface|dashboard,redis_notification_feed|remote_push|email,profile-readiness:profile-prompt-user-profile-gpa-anchor:b16338de18bd3ea9490a922c,Profile has GPA value and GPA scale,,
user_prompt,ready_for_in_app_admin_delivery,2c109a0b6856445f718b6cc4,profile-prompt-user-profile-gpa-anchor,profile,prompt-user,profile.gpa_anchor,critical,/profile?tab=gpa,Complete your GPA anchor,Add GPA and scale so predictions and school-list advice use your real academic baseline.,Update GPA,in_app_readiness_surface|dashboard,redis_notification_feed|remote_push|email,profile-readiness:profile-prompt-user-profile-gpa-anchor:2c109a0b6856445f718b6cc4,Profile has GPA value and GPA scale,,
user_prompt,ready_for_in_app_admin_delivery,58f299953ccf1094f94211d2,profile-prompt-user-profile-gpa-anchor,profile,prompt-user,profile.gpa_anchor,critical,/profile?tab=gpa,Complete your GPA anchor,Add GPA and scale so predictions and school-list advice use your real academic baseline.,Update GPA,in_app_readiness_surface|dashboard,redis_notification_feed|remote_push|email,profile-readiness:profile-prompt-user-profile-gpa-anchor:58f299953ccf1094f94211d2,Profile has GPA value and GPA scale,,
user_prompt,ready_for_in_app_admin_delivery,b08f78a2c250836222a2ed7e,profile-prompt-user-profile-gpa-anchor,profile,prompt-user,profile.gpa_anchor,critical,/profile?tab=gpa,Complete your GPA anchor,Add GPA and scale so predictions and school-list advice use your real academic baseline.,Update GPA,in_app_readiness_surface|dashboard,redis_notification_feed|remote_push|email,profile-readiness:profile-prompt-user-profile-gpa-anchor:b08f78a2c250836222a2ed7e,Profile has GPA value and GPA scale,,
user_prompt,ready_for_in_app_admin_delivery,e35b0c6b5a8af24ddecf15b1,profile-prompt-user-profile-gpa-anchor,profile,prompt-user,profile.gpa_anchor,critical,/profile?tab=gpa,Complete your GPA anchor,Add GPA and scale so predictions and school-list advice use your real academic baseline.,Update GPA,in_app_readiness_surface|dashboard,redis_notification_feed|remote_push|email,profile-readiness:profile-prompt-user-profile-gpa-anchor:e35b0c6b5a8af24ddecf15b1,Profile has GPA value and GPA scale,,
user_prompt,ready_for_in_app_admin_delivery,af8e626ff7ecc5fffec5a83b,profile-prompt-user-profile-gpa-anchor,profile,prompt-user,profile.gpa_anchor,critical,/profile?tab=gpa,Complete your GPA anchor,Add GPA and scale so predictions and school-list advice use your real academic baseline.,Update GPA,in_app_readiness_surface|dashboard,redis_notification_feed|remote_push|email,profile-readiness:profile-prompt-user-profile-gpa-anchor:af8e626ff7ecc5fffec5a83b,Profile has GPA value and GPA scale,,
user_prompt,ready_for_in_app_admin_delivery,5635dbb88bfc845adb3c6c2d,profile-prompt-user-profile-gpa-anchor,profile,prompt-user,profile.gpa_anchor,critical,/profile?tab=gpa,Complete your GPA anchor,Add GPA and scale so predictions and school-list advice use your real academic baseline.,Update GPA,in_app_readiness_surface|dashboard,redis_notification_feed|remote_push|email,profile-readiness:profile-prompt-user-profile-gpa-anchor:5635dbb88bfc845adb3c6c2d,Profile has GPA value and GPA scale,,
user_prompt,ready_for_in_app_admin_delivery,08a357ecc96894482491cba4,profile-prompt-user-profile-gpa-anchor,profile,prompt-user,profile.gpa_anchor,critical,/profile?tab=gpa,Complete your GPA anchor,Add GPA and scale so predictions and school-list advice use your real academic baseline.,Update GPA,in_app_readiness_surface|dashboard,redis_notification_feed|remote_push|email,profile-readiness:profile-prompt-user-profile-gpa-anchor:08a357ecc96894482491cba4,Profile has GPA value and GPA scale,,
user_prompt,ready_for_in_app_admin_delivery,82be1f799b998791e0b4a42f,profile-prompt-user-profile-gpa-anchor,profile,prompt-user,profile.gpa_anchor,critical,/profile?tab=gpa,Complete your GPA anchor,Add GPA and scale so predictions and school-list advice use your real academic baseline.,Update GPA,in_app_readiness_surface|dashboard,redis_notification_feed|remote_push|email,profile-readiness:profile-prompt-user-profile-gpa-anchor:82be1f799b998791e0b4a42f,Profile has GPA value and GPA scale,,
user_prompt,ready_for_in_app_admin_delivery,d44f4c033bff279e6a7ecb7f,profile-prompt-user-profile-gpa-anchor,profile,prompt-user,profile.gpa_anchor,critical,/profile?tab=gpa,Complete your GPA anchor,Add GPA and scale so predictions and school-list advice use your real academic baseline.,Update GPA,in_app_readiness_surface|dashboard,redis_notification_feed|remote_push|email,profile-readiness:profile-prompt-user-profile-gpa-anchor:d44f4c033bff279e6a7ecb7f,Profile has GPA value and GPA scale,,
user_prompt,ready_for_in_app_admin_delivery,1721e7fd604c8c9cba7b29ee,profile-prompt-user-profile-gpa-anchor,profile,prompt-user,profile.gpa_anchor,critical,/profile?tab=gpa,Complete your GPA anchor,Add GPA and scale so predictions and school-list advice use your real academic baseline.,Update GPA,in_app_readiness_surface|dashboard,redis_notification_feed|remote_push|email,profile-readiness:profile-prompt-user-profile-gpa-anchor:1721e7fd604c8c9cba7b29ee,Profile has GPA value and GPA scale,,
user_prompt,ready_for_in_app_admin_delivery,aa77cfaf01d5f471651c731f,profile-prompt-user-profile-gpa-anchor,profile,prompt-user,profile.gpa_anchor,critical,/profile?tab=gpa,Complete your GPA anchor,Add GPA and scale so predictions and school-list advice use your real academic baseline.,Update GPA,in_app_readiness_surface|dashboard,redis_notification_feed|remote_push|email,profile-readiness:profile-prompt-user-profile-gpa-anchor:aa77cfaf01d5f471651c731f,Profile has GPA value and GPA scale,,
user_prompt,ready_for_in_app_admin_delivery,8182fd0a8ea90cbe07f9f5f3,profile-prompt-user-profile-gpa-anchor,profile,prompt-user,profile.gpa_anchor,critical,/profile?tab=gpa,Complete your GPA anchor,Add GPA and scale so predictions and school-list advice use your real academic baseline.,Update GPA,in_app_readiness_surface|dashboard,redis_notification_feed|remote_push|email,profile-readiness:profile-prompt-user-profile-gpa-anchor:8182fd0a8ea90cbe07f9f5f3,Profile has GPA value and GPA scale,,
user_prompt,ready_for_in_app_admin_delivery,8f76e29a0754e9147868ff48,profile-prompt-user-profile-gpa-anchor,profile,prompt-user,profile.gpa_anchor,critical,/profile?tab=gpa,Complete your GPA anchor,Add GPA and scale so predictions and school-list advice use your real academic baseline.,Update GPA,in_app_readiness_surface|dashboard,redis_notification_feed|remote_push|email,profile-readiness:profile-prompt-user-profile-gpa-anchor:8f76e29a0754e9147868ff48,Profile has GPA value and GPA scale,,
user_prompt,ready_for_in_app_admin_delivery,e49853bb7590d4fbc088e2ce,profile-prompt-user-profile-gpa-anchor,profile,prompt-user,profile.gpa_anchor,critical,/profile?tab=gpa,Complete your GPA anchor,Add GPA and scale so predictions and school-list advice use your real academic baseline.,Update GPA,in_app_readiness_surface|dashboard,redis_notification_feed|remote_push|email,profile-readiness:profile-prompt-user-profile-gpa-anchor:e49853bb7590d4fbc088e2ce,Profile has GPA value and GPA scale,,
user_prompt,ready_for_in_app_admin_delivery,ba75887eed7d741502c53c31,profile-prompt-user-profile-gpa-anchor,profile,prompt-user,profile.gpa_anchor,critical,/profile?tab=gpa,Complete your GPA anchor,Add GPA and scale so predictions and school-list advice use your real academic baseline.,Update GPA,in_app_readiness_surface|dashboard,redis_notification_feed|remote_push|email,profile-readiness:profile-prompt-user-profile-gpa-anchor:ba75887eed7d741502c53c31,Profile has GPA value and GPA scale,,
user_prompt,ready_for_in_app_admin_delivery,2f77ce3256c653a98a843922,profile-prompt-user-profile-gpa-anchor,profile,prompt-user,profile.gpa_anchor,critical,/profile?tab=gpa,Complete your GPA anchor,Add GPA and scale so predictions and school-list advice use your real academic baseline.,Update GPA,in_app_readiness_surface|dashboard,redis_notification_feed|remote_push|email,profile-readiness:profile-prompt-user-profile-gpa-anchor:2f77ce3256c653a98a843922,Profile has GPA value and GPA scale,,
user_prompt,ready_for_in_app_admin_delivery,39d82fb302892df916184722,profile-prompt-user-profile-gpa-anchor,profile,prompt-user,profile.gpa_anchor,critical,/profile?tab=gpa,Complete your GPA anchor,Add GPA and scale so predictions and school-list advice use your real academic baseline.,Update GPA,in_app_readiness_surface|dashboard,redis_notification_feed|remote_push|email,profile-readiness:profile-prompt-user-profile-gpa-anchor:39d82fb302892df916184722,Profile has GPA value and GPA scale,,
user_prompt,ready_for_in_app_admin_delivery,73a91be57fb9c7848ca2fc38,profile-prompt-user-profile-gpa-anchor,profile,prompt-user,profile.gpa_anchor,critical,/profile?tab=gpa,Complete your GPA anchor,Add GPA and scale so predictions and school-list advice use your real academic baseline.,Update GPA,in_app_readiness_surface|dashboard,redis_notification_feed|remote_push|email,profile-readiness:profile-prompt-user-profile-gpa-anchor:73a91be57fb9c7848ca2fc38,Profile has GPA value and GPA scale,,
user_prompt,ready_for_in_app_admin_delivery,b7c52e38fa597c4401a45a0d,profile-prompt-user-profile-gpa-anchor,profile,prompt-user,profile.gpa_anchor,critical,/profile?tab=gpa,Complete your GPA anchor,Add GPA and scale so predictions and school-list advice use your real academic baseline.,Update GPA,in_app_readiness_surface|dashboard,redis_notification_feed|remote_push|email,profile-readiness:profile-prompt-user-profile-gpa-anchor:b7c52e38fa597c4401a45a0d,Profile has GPA value and GPA scale,,
user_prompt,ready_for_in_app_admin_delivery,b6211d62f28ea1ac1fbf92f6,profile-prompt-user-profile-gpa-anchor,profile,prompt-user,profile.gpa_anchor,critical,/profile?tab=gpa,Complete your GPA anchor,Add GPA and scale so predictions and school-list advice use your real academic baseline.,Update GPA,in_app_readiness_surface|dashboard,redis_notification_feed|remote_push|email,profile-readiness:profile-prompt-user-profile-gpa-anchor:b6211d62f28ea1ac1fbf92f6,Profile has GPA value and GPA scale,,
user_prompt,ready_for_in_app_admin_delivery,51123683ff47579b1326d7e0,profile-prompt-user-profile-gpa-anchor,profile,prompt-user,profile.gpa_anchor,critical,/profile?tab=gpa,Complete your GPA anchor,Add GPA and scale so predictions and school-list advice use your real academic baseline.,Update GPA,in_app_readiness_surface|dashboard,redis_notification_feed|remote_push|email,profile-readiness:profile-prompt-user-profile-gpa-anchor:51123683ff47579b1326d7e0,Profile has GPA value and GPA scale,,
user_prompt,ready_for_in_app_admin_delivery,d623a290fc0c003872b7e51e,profile-prompt-user-profile-gpa-anchor,profile,prompt-user,profile.gpa_anchor,critical,/profile?tab=gpa,Complete your GPA anchor,Add GPA and scale so predictions and school-list advice use your real academic baseline.,Update GPA,in_app_readiness_surface|dashboard,redis_notification_feed|remote_push|email,profile-readiness:profile-prompt-user-profile-gpa-anchor:d623a290fc0c003872b7e51e,Profile has GPA value and GPA scale,,
user_prompt,ready_for_in_app_admin_delivery,d235bd129f743fb22c4ed3fd,profile-prompt-user-profile-gpa-anchor,profile,prompt-user,profile.gpa_anchor,critical,/profile?tab=gpa,Complete your GPA anchor,Add GPA and scale so predictions and school-list advice use your real academic baseline.,Update GPA,in_app_readiness_surface|dashboard,redis_notification_feed|remote_push|email,profile-readiness:profile-prompt-user-profile-gpa-anchor:d235bd129f743fb22c4ed3fd,Profile has GPA value and GPA scale,,
user_prompt,ready_for_in_app_admin_delivery,2532d98f34e1ac7c1659d8eb,profile-prompt-user-profile-gpa-anchor,profile,prompt-user,profile.gpa_anchor,critical,/profile?tab=gpa,Complete your GPA anchor,Add GPA and scale so predictions and school-list advice use your real academic baseline.,Update GPA,in_app_readiness_surface|dashboard,redis_notification_feed|remote_push|email,profile-readiness:profile-prompt-user-profile-gpa-anchor:2532d98f34e1ac7c1659d8eb,Profile has GPA value and GPA scale,,
user_prompt,ready_for_in_app_admin_delivery,80198917031fa524bd986f16,profile-prompt-user-profile-gpa-anchor,profile,prompt-user,profile.gpa_anchor,critical,/profile?tab=gpa,Complete your GPA anchor,Add GPA and scale so predictions and school-list advice use your real academic baseline.,Update GPA,in_app_readiness_surface|dashboard,redis_notification_feed|remote_push|email,profile-readiness:profile-prompt-user-profile-gpa-anchor:80198917031fa524bd986f16,Profile has GPA value and GPA scale,,
user_prompt,ready_for_in_app_admin_delivery,fb77434774ac9a3e30419226,profile-prompt-user-profile-gpa-anchor,profile,prompt-user,profile.gpa_anchor,critical,/profile?tab=gpa,Complete your GPA anchor,Add GPA and scale so predictions and school-list advice use your real academic baseline.,Update GPA,in_app_readiness_surface|dashboard,redis_notification_feed|remote_push|email,profile-readiness:profile-prompt-user-profile-gpa-anchor:fb77434774ac9a3e30419226,Profile has GPA value and GPA scale,,
user_prompt,ready_for_in_app_admin_delivery,f9fd9b821f5302c444105093,profile-prompt-user-profile-gpa-anchor,profile,prompt-user,profile.gpa_anchor,critical,/profile?tab=gpa,Complete your GPA anchor,Add GPA and scale so predictions and school-list advice use your real academic baseline.,Update GPA,in_app_readiness_surface|dashboard,redis_notification_feed|remote_push|email,profile-readiness:profile-prompt-user-profile-gpa-anchor:f9fd9b821f5302c444105093,Profile has GPA value and GPA scale,,
user_prompt,ready_for_in_app_admin_delivery,8ee4a43e09bd1fb564a3d07c,profile-prompt-user-profile-gpa-anchor,profile,prompt-user,profile.gpa_anchor,critical,/profile?tab=gpa,Complete your GPA anchor,Add GPA and scale so predictions and school-list advice use your real academic baseline.,Update GPA,in_app_readiness_surface|dashboard,redis_notification_feed|remote_push|email,profile-readiness:profile-prompt-user-profile-gpa-anchor:8ee4a43e09bd1fb564a3d07c,Profile has GPA value and GPA scale,,
user_prompt,ready_for_in_app_admin_delivery,1205c6fffa0d08b1c24f8aba,profile-prompt-user-profile-gpa-anchor,profile,prompt-user,profile.gpa_anchor,critical,/profile?tab=gpa,Complete your GPA anchor,Add GPA and scale so predictions and school-list advice use your real academic baseline.,Update GPA,in_app_readiness_surface|dashboard,redis_notification_feed|remote_push|email,profile-readiness:profile-prompt-user-profile-gpa-anchor:1205c6fffa0d08b1c24f8aba,Profile has GPA value and GPA scale,,
user_prompt,ready_for_in_app_admin_delivery,83e1e60cee3420e8a087ec65,profile-prompt-user-profile-gpa-anchor,profile,prompt-user,profile.gpa_anchor,critical,/profile?tab=gpa,Complete your GPA anchor,Add GPA and scale so predictions and school-list advice use your real academic baseline.,Update GPA,in_app_readiness_surface|dashboard,redis_notification_feed|remote_push|email,profile-readiness:profile-prompt-user-profile-gpa-anchor:83e1e60cee3420e8a087ec65,Profile has GPA value and GPA scale,,
user_prompt,ready_for_in_app_admin_delivery,4128eb49c7d66593fc377cf2,profile-prompt-user-profile-gpa-anchor,profile,prompt-user,profile.gpa_anchor,critical,/profile?tab=gpa,Complete your GPA anchor,Add GPA and scale so predictions and school-list advice use your real academic baseline.,Update GPA,in_app_readiness_surface|dashboard,redis_notification_feed|remote_push|email,profile-readiness:profile-prompt-user-profile-gpa-anchor:4128eb49c7d66593fc377cf2,Profile has GPA value and GPA scale,,
user_prompt,ready_for_in_app_admin_delivery,66bd62747c0c3780d93d5ac0,profile-prompt-user-profile-gpa-anchor,profile,prompt-user,profile.gpa_anchor,critical,/profile?tab=gpa,Complete your GPA anchor,Add GPA and scale so predictions and school-list advice use your real academic baseline.,Update GPA,in_app_readiness_surface|dashboard,redis_notification_feed|remote_push|email,profile-readiness:profile-prompt-user-profile-gpa-anchor:66bd62747c0c3780d93d5ac0,Profile has GPA value and GPA scale,,
user_prompt,ready_for_in_app_admin_delivery,387d5008ef0d61abbf0981c3,profile-prompt-user-profile-gpa-anchor,profile,prompt-user,profile.gpa_anchor,critical,/profile?tab=gpa,Complete your GPA anchor,Add GPA and scale so predictions and school-list advice use your real academic baseline.,Update GPA,in_app_readiness_surface|dashboard,redis_notification_feed|remote_push|email,profile-readiness:profile-prompt-user-profile-gpa-anchor:387d5008ef0d61abbf0981c3,Profile has GPA value and GPA scale,,
user_prompt,ready_for_in_app_admin_delivery,6e88e7843d84c8e4ac30d418,profile-prompt-user-profile-gpa-anchor,profile,prompt-user,profile.gpa_anchor,critical,/profile?tab=gpa,Complete your GPA anchor,Add GPA and scale so predictions and school-list advice use your real academic baseline.,Update GPA,in_app_readiness_surface|dashboard,redis_notification_feed|remote_push|email,profile-readiness:profile-prompt-user-profile-gpa-anchor:6e88e7843d84c8e4ac30d418,Profile has GPA value and GPA scale,,
user_prompt,ready_for_in_app_admin_delivery,85fc8cd917b074b9f364b19f,profile-prompt-user-profile-gpa-anchor,profile,prompt-user,profile.gpa_anchor,critical,/profile?tab=gpa,Complete your GPA anchor,Add GPA and scale so predictions and school-list advice use your real academic baseline.,Update GPA,in_app_readiness_surface|dashboard,redis_notification_feed|remote_push|email,profile-readiness:profile-prompt-user-profile-gpa-anchor:85fc8cd917b074b9f364b19f,Profile has GPA value and GPA scale,,
user_prompt,ready_for_in_app_admin_delivery,393497c7e1766899efccdd67,profile-prompt-user-profile-gpa-anchor,profile,prompt-user,profile.gpa_anchor,critical,/profile?tab=gpa,Complete your GPA anchor,Add GPA and scale so predictions and school-list advice use your real academic baseline.,Update GPA,in_app_readiness_surface|dashboard,redis_notification_feed|remote_push|email,profile-readiness:profile-prompt-user-profile-gpa-anchor:393497c7e1766899efccdd67,Profile has GPA value and GPA scale,,
user_prompt,ready_for_in_app_admin_delivery,c11c121accb370e23f27204f,profile-prompt-user-profile-gpa-anchor,profile,prompt-user,profile.gpa_anchor,critical,/profile?tab=gpa,Complete your GPA anchor,Add GPA and scale so predictions and school-list advice use your real academic baseline.,Update GPA,in_app_readiness_surface|dashboard,redis_notification_feed|remote_push|email,profile-readiness:profile-prompt-user-profile-gpa-anchor:c11c121accb370e23f27204f,Profile has GPA value and GPA scale,,
user_prompt,ready_for_in_app_admin_delivery,ec8c5627fc8e7cd6f4f3ab56,profile-prompt-user-profile-gpa-anchor,profile,prompt-user,profile.gpa_anchor,critical,/profile?tab=gpa,Complete your GPA anchor,Add GPA and scale so predictions and school-list advice use your real academic baseline.,Update GPA,in_app_readiness_surface|dashboard,redis_notification_feed|remote_push|email,profile-readiness:profile-prompt-user-profile-gpa-anchor:ec8c5627fc8e7cd6f4f3ab56,Profile has GPA value and GPA scale,,
user_prompt,ready_for_in_app_admin_delivery,a73c0bac52799c6f0c20c326,profile-prompt-user-profile-gpa-anchor,profile,prompt-user,profile.gpa_anchor,critical,/profile?tab=gpa,Complete your GPA anchor,Add GPA and scale so predictions and school-list advice use your real academic baseline.,Update GPA,in_app_readiness_surface|dashboard,redis_notification_feed|remote_push|email,profile-readiness:profile-prompt-user-profile-gpa-anchor:a73c0bac52799c6f0c20c326,Profile has GPA value and GPA scale,,
user_prompt,ready_for_in_app_admin_delivery,1f1d01ebd6e4a634f6d00521,profile-prompt-user-profile-gpa-anchor,profile,prompt-user,profile.gpa_anchor,critical,/profile?tab=gpa,Complete your GPA anchor,Add GPA and scale so predictions and school-list advice use your real academic baseline.,Update GPA,in_app_readiness_surface|dashboard,redis_notification_feed|remote_push|email,profile-readiness:profile-prompt-user-profile-gpa-anchor:1f1d01ebd6e4a634f6d00521,Profile has GPA value and GPA scale,,
user_prompt,ready_for_in_app_admin_delivery,8111a447630837276fb2d02b,profile-prompt-user-profile-gpa-anchor,profile,prompt-user,profile.gpa_anchor,critical,/profile?tab=gpa,Complete your GPA anchor,Add GPA and scale so predictions and school-list advice use your real academic baseline.,Update GPA,in_app_readiness_surface|dashboard,redis_notification_feed|remote_push|email,profile-readiness:profile-prompt-user-profile-gpa-anchor:8111a447630837276fb2d02b,Profile has GPA value and GPA scale,,
user_prompt,ready_for_in_app_admin_delivery,454b3bdd97d513ee08d1fcb6,profile-prompt-user-profile-gpa-anchor,profile,prompt-user,profile.gpa_anchor,critical,/profile?tab=gpa,Complete your GPA anchor,Add GPA and scale so predictions and school-list advice use your real academic baseline.,Update GPA,in_app_readiness_surface|dashboard,redis_notification_feed|remote_push|email,profile-readiness:profile-prompt-user-profile-gpa-anchor:454b3bdd97d513ee08d1fcb6,Profile has GPA value and GPA scale,,
user_prompt,ready_for_in_app_admin_delivery,77e8a3e7b4bb269d25a88720,profile-prompt-user-profile-gpa-anchor,profile,prompt-user,profile.gpa_anchor,critical,/profile?tab=gpa,Complete your GPA anchor,Add GPA and scale so predictions and school-list advice use your real academic baseline.,Update GPA,in_app_readiness_surface|dashboard,redis_notification_feed|remote_push|email,profile-readiness:profile-prompt-user-profile-gpa-anchor:77e8a3e7b4bb269d25a88720,Profile has GPA value and GPA scale,,
user_prompt,ready_for_in_app_admin_delivery,1c49dedeea2144e69f2ddfab,profile-prompt-user-profile-gpa-anchor,profile,prompt-user,profile.gpa_anchor,critical,/profile?tab=gpa,Complete your GPA anchor,Add GPA and scale so predictions and school-list advice use your real academic baseline.,Update GPA,in_app_readiness_surface|dashboard,redis_notification_feed|remote_push|email,profile-readiness:profile-prompt-user-profile-gpa-anchor:1c49dedeea2144e69f2ddfab,Profile has GPA value and GPA scale,,
user_prompt,ready_for_in_app_admin_delivery,c6b85ceae0c6557b8e364c94,profile-prompt-user-profile-gpa-anchor,profile,prompt-user,profile.gpa_anchor,critical,/profile?tab=gpa,Complete your GPA anchor,Add GPA and scale so predictions and school-list advice use your real academic baseline.,Update GPA,in_app_readiness_surface|dashboard,redis_notification_feed|remote_push|email,profile-readiness:profile-prompt-user-profile-gpa-anchor:c6b85ceae0c6557b8e364c94,Profile has GPA value and GPA scale,,
user_prompt,ready_for_in_app_admin_delivery,7bc9b1e5926864015639324c,profile-prompt-user-profile-gpa-anchor,profile,prompt-user,profile.gpa_anchor,critical,/profile?tab=gpa,Complete your GPA anchor,Add GPA and scale so predictions and school-list advice use your real academic baseline.,Update GPA,in_app_readiness_surface|dashboard,redis_notification_feed|remote_push|email,profile-readiness:profile-prompt-user-profile-gpa-anchor:7bc9b1e5926864015639324c,Profile has GPA value and GPA scale,,
user_prompt,ready_for_in_app_admin_delivery,76d3e4bd31e04f8df55b5063,profile-prompt-user-profile-gpa-anchor,profile,prompt-user,profile.gpa_anchor,critical,/profile?tab=gpa,Complete your GPA anchor,Add GPA and scale so predictions and school-list advice use your real academic baseline.,Update GPA,in_app_readiness_surface|dashboard,redis_notification_feed|remote_push|email,profile-readiness:profile-prompt-user-profile-gpa-anchor:76d3e4bd31e04f8df55b5063,Profile has GPA value and GPA scale,,
user_prompt,ready_for_in_app_admin_delivery,123500041b4c756624fcfbc1,profile-prompt-user-profile-gpa-anchor,profile,prompt-user,profile.gpa_anchor,critical,/profile?tab=gpa,Complete your GPA anchor,Add GPA and scale so predictions and school-list advice use your real academic baseline.,Update GPA,in_app_readiness_surface|dashboard,redis_notification_feed|remote_push|email,profile-readiness:profile-prompt-user-profile-gpa-anchor:123500041b4c756624fcfbc1,Profile has GPA value and GPA scale,,
user_prompt,ready_for_in_app_admin_delivery,9e700876055ebe00ce432591,profile-prompt-user-profile-gpa-anchor,profile,prompt-user,profile.gpa_anchor,critical,/profile?tab=gpa,Complete your GPA anchor,Add GPA and scale so predictions and school-list advice use your real academic baseline.,Update GPA,in_app_readiness_surface|dashboard,redis_notification_feed|remote_push|email,profile-readiness:profile-prompt-user-profile-gpa-anchor:9e700876055ebe00ce432591,Profile has GPA value and GPA scale,,
user_prompt,ready_for_in_app_admin_delivery,b86b9ff73c5aa218b53fcc07,profile-prompt-user-profile-gpa-anchor,profile,prompt-user,profile.gpa_anchor,critical,/profile?tab=gpa,Complete your GPA anchor,Add GPA and scale so predictions and school-list advice use your real academic baseline.,Update GPA,in_app_readiness_surface|dashboard,redis_notification_feed|remote_push|email,profile-readiness:profile-prompt-user-profile-gpa-anchor:b86b9ff73c5aa218b53fcc07,Profile has GPA value and GPA scale,,
user_prompt,ready_for_in_app_admin_delivery,26a7b1448bcf5fd36c35a363,profile-prompt-user-profile-gpa-anchor,profile,prompt-user,profile.gpa_anchor,critical,/profile?tab=gpa,Complete your GPA anchor,Add GPA and scale so predictions and school-list advice use your real academic baseline.,Update GPA,in_app_readiness_surface|dashboard,redis_notification_feed|remote_push|email,profile-readiness:profile-prompt-user-profile-gpa-anchor:26a7b1448bcf5fd36c35a363,Profile has GPA value and GPA scale,,
user_prompt,ready_for_in_app_admin_delivery,2f357aae310ceb62c29b274c,profile-prompt-user-profile-gpa-anchor,profile,prompt-user,profile.gpa_anchor,critical,/profile?tab=gpa,Complete your GPA anchor,Add GPA and scale so predictions and school-list advice use your real academic baseline.,Update GPA,in_app_readiness_surface|dashboard,redis_notification_feed|remote_push|email,profile-readiness:profile-prompt-user-profile-gpa-anchor:2f357aae310ceb62c29b274c,Profile has GPA value and GPA scale,,
user_prompt,ready_for_in_app_admin_delivery,96d4cd2fcd14de7772f5fd50,profile-prompt-user-profile-gpa-anchor,profile,prompt-user,profile.gpa_anchor,critical,/profile?tab=gpa,Complete your GPA anchor,Add GPA and scale so predictions and school-list advice use your real academic baseline.,Update GPA,in_app_readiness_surface|dashboard,redis_notification_feed|remote_push|email,profile-readiness:profile-prompt-user-profile-gpa-anchor:96d4cd2fcd14de7772f5fd50,Profile has GPA value and GPA scale,,
user_prompt,ready_for_in_app_admin_delivery,d0a7465d43215d5f058e070e,profile-prompt-user-profile-gpa-anchor,profile,prompt-user,profile.gpa_anchor,critical,/profile?tab=gpa,Complete your GPA anchor,Add GPA and scale so predictions and school-list advice use your real academic baseline.,Update GPA,in_app_readiness_surface|dashboard,redis_notification_feed|remote_push|email,profile-readiness:profile-prompt-user-profile-gpa-anchor:d0a7465d43215d5f058e070e,Profile has GPA value and GPA scale,,
user_prompt,ready_for_in_app_admin_delivery,ca95dbae28c38d90f4bd075a,profile-prompt-user-profile-gpa-anchor,profile,prompt-user,profile.gpa_anchor,critical,/profile?tab=gpa,Complete your GPA anchor,Add GPA and scale so predictions and school-list advice use your real academic baseline.,Update GPA,in_app_readiness_surface|dashboard,redis_notification_feed|remote_push|email,profile-readiness:profile-prompt-user-profile-gpa-anchor:ca95dbae28c38d90f4bd075a,Profile has GPA value and GPA scale,,
user_prompt,ready_for_in_app_admin_delivery,be2cd5ddfe575143c741e775,profile-prompt-user-profile-gpa-anchor,profile,prompt-user,profile.gpa_anchor,critical,/profile?tab=gpa,Complete your GPA anchor,Add GPA and scale so predictions and school-list advice use your real academic baseline.,Update GPA,in_app_readiness_surface|dashboard,redis_notification_feed|remote_push|email,profile-readiness:profile-prompt-user-profile-gpa-anchor:be2cd5ddfe575143c741e775,Profile has GPA value and GPA scale,,
user_prompt,ready_for_in_app_admin_delivery,c22d82639c55efb340bc9a56,profile-prompt-user-profile-gpa-anchor,profile,prompt-user,profile.gpa_anchor,critical,/profile?tab=gpa,Complete your GPA anchor,Add GPA and scale so predictions and school-list advice use your real academic baseline.,Update GPA,in_app_readiness_surface|dashboard,redis_notification_feed|remote_push|email,profile-readiness:profile-prompt-user-profile-gpa-anchor:c22d82639c55efb340bc9a56,Profile has GPA value and GPA scale,,
user_prompt,ready_for_in_app_admin_delivery,8e287120445279d6e9b4ec2b,profile-prompt-user-profile-gpa-anchor,profile,prompt-user,profile.gpa_anchor,critical,/profile?tab=gpa,Complete your GPA anchor,Add GPA and scale so predictions and school-list advice use your real academic baseline.,Update GPA,in_app_readiness_surface|dashboard,redis_notification_feed|remote_push|email,profile-readiness:profile-prompt-user-profile-gpa-anchor:8e287120445279d6e9b4ec2b,Profile has GPA value and GPA scale,,
user_prompt,ready_for_in_app_admin_delivery,30430c0713c690c36433a6e5,profile-prompt-user-profile-gpa-anchor,profile,prompt-user,profile.gpa_anchor,critical,/profile?tab=gpa,Complete your GPA anchor,Add GPA and scale so predictions and school-list advice use your real academic baseline.,Update GPA,in_app_readiness_surface|dashboard,redis_notification_feed|remote_push|email,profile-readiness:profile-prompt-user-profile-gpa-anchor:30430c0713c690c36433a6e5,Profile has GPA value and GPA scale,,
user_prompt,ready_for_in_app_admin_delivery,9353bab0b66f9c8f5bbbb3e9,profile-prompt-user-profile-gpa-anchor,profile,prompt-user,profile.gpa_anchor,critical,/profile?tab=gpa,Complete your GPA anchor,Add GPA and scale so predictions and school-list advice use your real academic baseline.,Update GPA,in_app_readiness_surface|dashboard,redis_notification_feed|remote_push|email,profile-readiness:profile-prompt-user-profile-gpa-anchor:9353bab0b66f9c8f5bbbb3e9,Profile has GPA value and GPA scale,,
user_prompt,ready_for_in_app_admin_delivery,ea2aad244e6c5b7a6ddcdc6d,profile-prompt-user-profile-gpa-anchor,profile,prompt-user,profile.gpa_anchor,critical,/profile?tab=gpa,Complete your GPA anchor,Add GPA and scale so predictions and school-list advice use your real academic baseline.,Update GPA,in_app_readiness_surface|dashboard,redis_notification_feed|remote_push|email,profile-readiness:profile-prompt-user-profile-gpa-anchor:ea2aad244e6c5b7a6ddcdc6d,Profile has GPA value and GPA scale,,
user_prompt,ready_for_in_app_admin_delivery,ab23e0dca524148e33dc1dc3,profile-prompt-user-profile-gpa-anchor,profile,prompt-user,profile.gpa_anchor,critical,/profile?tab=gpa,Complete your GPA anchor,Add GPA and scale so predictions and school-list advice use your real academic baseline.,Update GPA,in_app_readiness_surface|dashboard,redis_notification_feed|remote_push|email,profile-readiness:profile-prompt-user-profile-gpa-anchor:ab23e0dca524148e33dc1dc3,Profile has GPA value and GPA scale,,
user_prompt,ready_for_in_app_admin_delivery,147f40a0a1b1d151c407167a,profile-prompt-user-profile-gpa-anchor,profile,prompt-user,profile.gpa_anchor,critical,/profile?tab=gpa,Complete your GPA anchor,Add GPA and scale so predictions and school-list advice use your real academic baseline.,Update GPA,in_app_readiness_surface|dashboard,redis_notification_feed|remote_push|email,profile-readiness:profile-prompt-user-profile-gpa-anchor:147f40a0a1b1d151c407167a,Profile has GPA value and GPA scale,,
user_prompt,ready_for_in_app_admin_delivery,302d0b094ff202e23f186d36,profile-prompt-user-profile-gpa-anchor,profile,prompt-user,profile.gpa_anchor,critical,/profile?tab=gpa,Complete your GPA anchor,Add GPA and scale so predictions and school-list advice use your real academic baseline.,Update GPA,in_app_readiness_surface|dashboard,redis_notification_feed|remote_push|email,profile-readiness:profile-prompt-user-profile-gpa-anchor:302d0b094ff202e23f186d36,Profile has GPA value and GPA scale,,
user_prompt,ready_for_in_app_admin_delivery,5fea30f24d9048bc811be8c1,profile-prompt-user-profile-gpa-anchor,profile,prompt-user,profile.gpa_anchor,critical,/profile?tab=gpa,Complete your GPA anchor,Add GPA and scale so predictions and school-list advice use your real academic baseline.,Update GPA,in_app_readiness_surface|dashboard,redis_notification_feed|remote_push|email,profile-readiness:profile-prompt-user-profile-gpa-anchor:5fea30f24d9048bc811be8c1,Profile has GPA value and GPA scale,,
user_prompt,ready_for_in_app_admin_delivery,a8b0b42078a4419cbc216238,profile-prompt-user-profile-gpa-anchor,profile,prompt-user,profile.gpa_anchor,critical,/profile?tab=gpa,Complete your GPA anchor,Add GPA and scale so predictions and school-list advice use your real academic baseline.,Update GPA,in_app_readiness_surface|dashboard,redis_notification_feed|remote_push|email,profile-readiness:profile-prompt-user-profile-gpa-anchor:a8b0b42078a4419cbc216238,Profile has GPA value and GPA scale,,
user_prompt,ready_for_in_app_admin_delivery,8a3d4c7790976e73724c9f5f,profile-prompt-user-profile-gpa-anchor,profile,prompt-user,profile.gpa_anchor,critical,/profile?tab=gpa,Complete your GPA anchor,Add GPA and scale so predictions and school-list advice use your real academic baseline.,Update GPA,in_app_readiness_surface|dashboard,redis_notification_feed|remote_push|email,profile-readiness:profile-prompt-user-profile-gpa-anchor:8a3d4c7790976e73724c9f5f,Profile has GPA value and GPA scale,,
user_prompt,ready_for_in_app_admin_delivery,eed7dc5c15f1752dc5039930,profile-prompt-user-profile-gpa-anchor,profile,prompt-user,profile.gpa_anchor,critical,/profile?tab=gpa,Complete your GPA anchor,Add GPA and scale so predictions and school-list advice use your real academic baseline.,Update GPA,in_app_readiness_surface|dashboard,redis_notification_feed|remote_push|email,profile-readiness:profile-prompt-user-profile-gpa-anchor:eed7dc5c15f1752dc5039930,Profile has GPA value and GPA scale,,
user_prompt,ready_for_in_app_admin_delivery,2bcb764b588cb54483f66c69,profile-prompt-user-profile-gpa-anchor,profile,prompt-user,profile.gpa_anchor,critical,/profile?tab=gpa,Complete your GPA anchor,Add GPA and scale so predictions and school-list advice use your real academic baseline.,Update GPA,in_app_readiness_surface|dashboard,redis_notification_feed|remote_push|email,profile-readiness:profile-prompt-user-profile-gpa-anchor:2bcb764b588cb54483f66c69,Profile has GPA value and GPA scale,,
user_prompt,ready_for_in_app_admin_delivery,0acc818e9f51ef1b0b8ffb0e,profile-prompt-user-profile-gpa-anchor,profile,prompt-user,profile.gpa_anchor,critical,/profile?tab=gpa,Complete your GPA anchor,Add GPA and scale so predictions and school-list advice use your real academic baseline.,Update GPA,in_app_readiness_surface|dashboard,redis_notification_feed|remote_push|email,profile-readiness:profile-prompt-user-profile-gpa-anchor:0acc818e9f51ef1b0b8ffb0e,Profile has GPA value and GPA scale,,
user_prompt,ready_for_in_app_admin_delivery,8da46db52724f8d1d3746feb,profile-prompt-user-profile-gpa-anchor,profile,prompt-user,profile.gpa_anchor,critical,/profile?tab=gpa,Complete your GPA anchor,Add GPA and scale so predictions and school-list advice use your real academic baseline.,Update GPA,in_app_readiness_surface|dashboard,redis_notification_feed|remote_push|email,profile-readiness:profile-prompt-user-profile-gpa-anchor:8da46db52724f8d1d3746feb,Profile has GPA value and GPA scale,,
user_prompt,ready_for_in_app_admin_delivery,e18bea3d5f053111d4dcb5c1,profile-prompt-user-profile-gpa-anchor,profile,prompt-user,profile.gpa_anchor,critical,/profile?tab=gpa,Complete your GPA anchor,Add GPA and scale so predictions and school-list advice use your real academic baseline.,Update GPA,in_app_readiness_surface|dashboard,redis_notification_feed|remote_push|email,profile-readiness:profile-prompt-user-profile-gpa-anchor:e18bea3d5f053111d4dcb5c1,Profile has GPA value and GPA scale,,
user_prompt,ready_for_in_app_admin_delivery,6a3e9991e41506fb51596fc5,profile-prompt-user-profile-gpa-anchor,profile,prompt-user,profile.gpa_anchor,critical,/profile?tab=gpa,Complete your GPA anchor,Add GPA and scale so predictions and school-list advice use your real academic baseline.,Update GPA,in_app_readiness_surface|dashboard,redis_notification_feed|remote_push|email,profile-readiness:profile-prompt-user-profile-gpa-anchor:6a3e9991e41506fb51596fc5,Profile has GPA value and GPA scale,,
user_prompt,ready_for_in_app_admin_delivery,2864a3748d885dc103de4819,profile-prompt-user-profile-gpa-anchor,profile,prompt-user,profile.gpa_anchor,critical,/profile?tab=gpa,Complete your GPA anchor,Add GPA and scale so predictions and school-list advice use your real academic baseline.,Update GPA,in_app_readiness_surface|dashboard,redis_notification_feed|remote_push|email,profile-readiness:profile-prompt-user-profile-gpa-anchor:2864a3748d885dc103de4819,Profile has GPA value and GPA scale,,
user_prompt,ready_for_in_app_admin_delivery,3e9d46eb289214be984cfcb3,profile-prompt-user-profile-gpa-anchor,profile,prompt-user,profile.gpa_anchor,critical,/profile?tab=gpa,Complete your GPA anchor,Add GPA and scale so predictions and school-list advice use your real academic baseline.,Update GPA,in_app_readiness_surface|dashboard,redis_notification_feed|remote_push|email,profile-readiness:profile-prompt-user-profile-gpa-anchor:3e9d46eb289214be984cfcb3,Profile has GPA value and GPA scale,,
user_prompt,ready_for_in_app_admin_delivery,26ebb0fdca5f016b883f9463,profile-prompt-user-profile-gpa-anchor,profile,prompt-user,profile.gpa_anchor,critical,/profile?tab=gpa,Complete your GPA anchor,Add GPA and scale so predictions and school-list advice use your real academic baseline.,Update GPA,in_app_readiness_surface|dashboard,redis_notification_feed|remote_push|email,profile-readiness:profile-prompt-user-profile-gpa-anchor:26ebb0fdca5f016b883f9463,Profile has GPA value and GPA scale,,
user_prompt,ready_for_in_app_admin_delivery,cdb3da9ea543a5c753ccfa0c,profile-prompt-user-profile-gpa-anchor,profile,prompt-user,profile.gpa_anchor,critical,/profile?tab=gpa,Complete your GPA anchor,Add GPA and scale so predictions and school-list advice use your real academic baseline.,Update GPA,in_app_readiness_surface|dashboard,redis_notification_feed|remote_push|email,profile-readiness:profile-prompt-user-profile-gpa-anchor:cdb3da9ea543a5c753ccfa0c,Profile has GPA value and GPA scale,,
user_prompt,ready_for_in_app_admin_delivery,fc8f16b83985b967de426d3f,profile-prompt-user-profile-gpa-anchor,profile,prompt-user,profile.gpa_anchor,critical,/profile?tab=gpa,Complete your GPA anchor,Add GPA and scale so predictions and school-list advice use your real academic baseline.,Update GPA,in_app_readiness_surface|dashboard,redis_notification_feed|remote_push|email,profile-readiness:profile-prompt-user-profile-gpa-anchor:fc8f16b83985b967de426d3f,Profile has GPA value and GPA scale,,
user_prompt,ready_for_in_app_admin_delivery,b0c80988e12081c77a12a149,profile-prompt-user-profile-gpa-anchor,profile,prompt-user,profile.gpa_anchor,critical,/profile?tab=gpa,Complete your GPA anchor,Add GPA and scale so predictions and school-list advice use your real academic baseline.,Update GPA,in_app_readiness_surface|dashboard,redis_notification_feed|remote_push|email,profile-readiness:profile-prompt-user-profile-gpa-anchor:b0c80988e12081c77a12a149,Profile has GPA value and GPA scale,,
user_prompt,ready_for_in_app_admin_delivery,e8c4627e90dd0c86561a4211,profile-prompt-user-profile-gpa-anchor,profile,prompt-user,profile.gpa_anchor,critical,/profile?tab=gpa,Complete your GPA anchor,Add GPA and scale so predictions and school-list advice use your real academic baseline.,Update GPA,in_app_readiness_surface|dashboard,redis_notification_feed|remote_push|email,profile-readiness:profile-prompt-user-profile-gpa-anchor:e8c4627e90dd0c86561a4211,Profile has GPA value and GPA scale,,
user_prompt,ready_for_in_app_admin_delivery,3a8e2922b759ef135c3d9f7e,profile-prompt-user-profile-gpa-anchor,profile,prompt-user,profile.gpa_anchor,critical,/profile?tab=gpa,Complete your GPA anchor,Add GPA and scale so predictions and school-list advice use your real academic baseline.,Update GPA,in_app_readiness_surface|dashboard,redis_notification_feed|remote_push|email,profile-readiness:profile-prompt-user-profile-gpa-anchor:3a8e2922b759ef135c3d9f7e,Profile has GPA value and GPA scale,,
user_prompt,ready_for_in_app_admin_delivery,924f93d3f6ffe9ccc9df7305,profile-prompt-user-profile-gpa-anchor,profile,prompt-user,profile.gpa_anchor,critical,/profile?tab=gpa,Complete your GPA anchor,Add GPA and scale so predictions and school-list advice use your real academic baseline.,Update GPA,in_app_readiness_surface|dashboard,redis_notification_feed|remote_push|email,profile-readiness:profile-prompt-user-profile-gpa-anchor:924f93d3f6ffe9ccc9df7305,Profile has GPA value and GPA scale,,
user_prompt,ready_for_in_app_admin_delivery,87bedf823aa46069dcbcb0af,profile-prompt-user-profile-gpa-anchor,profile,prompt-user,profile.gpa_anchor,critical,/profile?tab=gpa,Complete your GPA anchor,Add GPA and scale so predictions and school-list advice use your real academic baseline.,Update GPA,in_app_readiness_surface|dashboard,redis_notification_feed|remote_push|email,profile-readiness:profile-prompt-user-profile-gpa-anchor:87bedf823aa46069dcbcb0af,Profile has GPA value and GPA scale,,
user_prompt,ready_for_in_app_admin_delivery,bf916380c8f762a7e70e53ff,profile-prompt-user-profile-gpa-anchor,profile,prompt-user,profile.gpa_anchor,critical,/profile?tab=gpa,Complete your GPA anchor,Add GPA and scale so predictions and school-list advice use your real academic baseline.,Update GPA,in_app_readiness_surface|dashboard,redis_notification_feed|remote_push|email,profile-readiness:profile-prompt-user-profile-gpa-anchor:bf916380c8f762a7e70e53ff,Profile has GPA value and GPA scale,,
user_prompt,ready_for_in_app_admin_delivery,31ae86e25c7cd2d9507ef83b,profile-prompt-user-profile-gpa-anchor,profile,prompt-user,profile.gpa_anchor,critical,/profile?tab=gpa,Complete your GPA anchor,Add GPA and scale so predictions and school-list advice use your real academic baseline.,Update GPA,in_app_readiness_surface|dashboard,redis_notification_feed|remote_push|email,profile-readiness:profile-prompt-user-profile-gpa-anchor:31ae86e25c7cd2d9507ef83b,Profile has GPA value and GPA scale,,
user_prompt,ready_for_in_app_admin_delivery,be55ccf9aec7954921b58ed6,profile-prompt-user-profile-gpa-anchor,profile,prompt-user,profile.gpa_anchor,critical,/profile?tab=gpa,Complete your GPA anchor,Add GPA and scale so predictions and school-list advice use your real academic baseline.,Update GPA,in_app_readiness_surface|dashboard,redis_notification_feed|remote_push|email,profile-readiness:profile-prompt-user-profile-gpa-anchor:be55ccf9aec7954921b58ed6,Profile has GPA value and GPA scale,,
user_prompt,ready_for_in_app_admin_delivery,1625eaac5e2f519a41d415dd,profile-prompt-user-profile-gpa-anchor,profile,prompt-user,profile.gpa_anchor,critical,/profile?tab=gpa,Complete your GPA anchor,Add GPA and scale so predictions and school-list advice use your real academic baseline.,Update GPA,in_app_readiness_surface|dashboard,redis_notification_feed|remote_push|email,profile-readiness:profile-prompt-user-profile-gpa-anchor:1625eaac5e2f519a41d415dd,Profile has GPA value and GPA scale,,
user_prompt,ready_for_in_app_admin_delivery,9f61348ce777b016003bfed2,profile-prompt-user-profile-gpa-anchor,profile,prompt-user,profile.gpa_anchor,critical,/profile?tab=gpa,Complete your GPA anchor,Add GPA and scale so predictions and school-list advice use your real academic baseline.,Update GPA,in_app_readiness_surface|dashboard,redis_notification_feed|remote_push|email,profile-readiness:profile-prompt-user-profile-gpa-anchor:9f61348ce777b016003bfed2,Profile has GPA value and GPA scale,,
user_prompt,ready_for_in_app_admin_delivery,c7acaf6bdb242425516cdea2,profile-prompt-user-profile-gpa-anchor,profile,prompt-user,profile.gpa_anchor,critical,/profile?tab=gpa,Complete your GPA anchor,Add GPA and scale so predictions and school-list advice use your real academic baseline.,Update GPA,in_app_readiness_surface|dashboard,redis_notification_feed|remote_push|email,profile-readiness:profile-prompt-user-profile-gpa-anchor:c7acaf6bdb242425516cdea2,Profile has GPA value and GPA scale,,
user_prompt,ready_for_in_app_admin_delivery,460a1b39d0a0bbf719ccd42e,profile-prompt-user-profile-gpa-anchor,profile,prompt-user,profile.gpa_anchor,critical,/profile?tab=gpa,Complete your GPA anchor,Add GPA and scale so predictions and school-list advice use your real academic baseline.,Update GPA,in_app_readiness_surface|dashboard,redis_notification_feed|remote_push|email,profile-readiness:profile-prompt-user-profile-gpa-anchor:460a1b39d0a0bbf719ccd42e,Profile has GPA value and GPA scale,,
user_prompt,ready_for_in_app_admin_delivery,2469297d61ae15809a5a0bad,profile-prompt-user-profile-gpa-anchor,profile,prompt-user,profile.gpa_anchor,critical,/profile?tab=gpa,Complete your GPA anchor,Add GPA and scale so predictions and school-list advice use your real academic baseline.,Update GPA,in_app_readiness_surface|dashboard,redis_notification_feed|remote_push|email,profile-readiness:profile-prompt-user-profile-gpa-anchor:2469297d61ae15809a5a0bad,Profile has GPA value and GPA scale,,
user_prompt,ready_for_in_app_admin_delivery,24b9b75b5aa5af21078930b1,profile-prompt-user-profile-gpa-anchor,profile,prompt-user,profile.gpa_anchor,critical,/profile?tab=gpa,Complete your GPA anchor,Add GPA and scale so predictions and school-list advice use your real academic baseline.,Update GPA,in_app_readiness_surface|dashboard,redis_notification_feed|remote_push|email,profile-readiness:profile-prompt-user-profile-gpa-anchor:24b9b75b5aa5af21078930b1,Profile has GPA value and GPA scale,,
user_prompt,ready_for_in_app_admin_delivery,96bb7725f80f2deb6d14aee8,profile-prompt-user-profile-gpa-anchor,profile,prompt-user,profile.gpa_anchor,critical,/profile?tab=gpa,Complete your GPA anchor,Add GPA and scale so predictions and school-list advice use your real academic baseline.,Update GPA,in_app_readiness_surface|dashboard,redis_notification_feed|remote_push|email,profile-readiness:profile-prompt-user-profile-gpa-anchor:96bb7725f80f2deb6d14aee8,Profile has GPA value and GPA scale,,
user_prompt,ready_for_in_app_admin_delivery,62518ba44202e419939d7380,profile-prompt-user-profile-gpa-anchor,profile,prompt-user,profile.gpa_anchor,critical,/profile?tab=gpa,Complete your GPA anchor,Add GPA and scale so predictions and school-list advice use your real academic baseline.,Update GPA,in_app_readiness_surface|dashboard,redis_notification_feed|remote_push|email,profile-readiness:profile-prompt-user-profile-gpa-anchor:62518ba44202e419939d7380,Profile has GPA value and GPA scale,,
user_prompt,ready_for_in_app_admin_delivery,12fab2f5592a0faa96fd9ea6,profile-prompt-user-profile-gpa-anchor,profile,prompt-user,profile.gpa_anchor,critical,/profile?tab=gpa,Complete your GPA anchor,Add GPA and scale so predictions and school-list advice use your real academic baseline.,Update GPA,in_app_readiness_surface|dashboard,redis_notification_feed|remote_push|email,profile-readiness:profile-prompt-user-profile-gpa-anchor:12fab2f5592a0faa96fd9ea6,Profile has GPA value and GPA scale,,
user_prompt,ready_for_in_app_admin_delivery,07336775ec557556d6ec62db,profile-prompt-user-profile-gpa-anchor,profile,prompt-user,profile.gpa_anchor,critical,/profile?tab=gpa,Complete your GPA anchor,Add GPA and scale so predictions and school-list advice use your real academic baseline.,Update GPA,in_app_readiness_surface|dashboard,redis_notification_feed|remote_push|email,profile-readiness:profile-prompt-user-profile-gpa-anchor:07336775ec557556d6ec62db,Profile has GPA value and GPA scale,,
user_prompt,ready_for_in_app_admin_delivery,dc870637f8d4f37ca4b13080,profile-prompt-user-profile-gpa-anchor,profile,prompt-user,profile.gpa_anchor,critical,/profile?tab=gpa,Complete your GPA anchor,Add GPA and scale so predictions and school-list advice use your real academic baseline.,Update GPA,in_app_readiness_surface|dashboard,redis_notification_feed|remote_push|email,profile-readiness:profile-prompt-user-profile-gpa-anchor:dc870637f8d4f37ca4b13080,Profile has GPA value and GPA scale,,
user_prompt,ready_for_in_app_admin_delivery,5b75b94cf2db494b630266ad,profile-prompt-user-profile-gpa-anchor,profile,prompt-user,profile.gpa_anchor,critical,/profile?tab=gpa,Complete your GPA anchor,Add GPA and scale so predictions and school-list advice use your real academic baseline.,Update GPA,in_app_readiness_surface|dashboard,redis_notification_feed|remote_push|email,profile-readiness:profile-prompt-user-profile-gpa-anchor:5b75b94cf2db494b630266ad,Profile has GPA value and GPA scale,,
user_prompt,ready_for_in_app_admin_delivery,bfcccb6a551e4a8d50b973de,profile-prompt-user-profile-gpa-anchor,profile,prompt-user,profile.gpa_anchor,critical,/profile?tab=gpa,Complete your GPA anchor,Add GPA and scale so predictions and school-list advice use your real academic baseline.,Update GPA,in_app_readiness_surface|dashboard,redis_notification_feed|remote_push|email,profile-readiness:profile-prompt-user-profile-gpa-anchor:bfcccb6a551e4a8d50b973de,Profile has GPA value and GPA scale,,
user_prompt,ready_for_in_app_admin_delivery,7db800770eb73da8832dd707,profile-prompt-user-profile-gpa-anchor,profile,prompt-user,profile.gpa_anchor,critical,/profile?tab=gpa,Complete your GPA anchor,Add GPA and scale so predictions and school-list advice use your real academic baseline.,Update GPA,in_app_readiness_surface|dashboard,redis_notification_feed|remote_push|email,profile-readiness:profile-prompt-user-profile-gpa-anchor:7db800770eb73da8832dd707,Profile has GPA value and GPA scale,,
user_prompt,ready_for_in_app_admin_delivery,026b9edd82f92dd6ee9d5fd7,profile-prompt-user-profile-gpa-anchor,profile,prompt-user,profile.gpa_anchor,critical,/profile?tab=gpa,Complete your GPA anchor,Add GPA and scale so predictions and school-list advice use your real academic baseline.,Update GPA,in_app_readiness_surface|dashboard,redis_notification_feed|remote_push|email,profile-readiness:profile-prompt-user-profile-gpa-anchor:026b9edd82f92dd6ee9d5fd7,Profile has GPA value and GPA scale,,
user_prompt,ready_for_in_app_admin_delivery,3654c572f6fbdd1467e6bb63,profile-prompt-user-profile-gpa-anchor,profile,prompt-user,profile.gpa_anchor,critical,/profile?tab=gpa,Complete your GPA anchor,Add GPA and scale so predictions and school-list advice use your real academic baseline.,Update GPA,in_app_readiness_surface|dashboard,redis_notification_feed|remote_push|email,profile-readiness:profile-prompt-user-profile-gpa-anchor:3654c572f6fbdd1467e6bb63,Profile has GPA value and GPA scale,,
user_prompt,ready_for_in_app_admin_delivery,224ffa3dca1db08281b46e31,profile-prompt-user-profile-gpa-anchor,profile,prompt-user,profile.gpa_anchor,critical,/profile?tab=gpa,Complete your GPA anchor,Add GPA and scale so predictions and school-list advice use your real academic baseline.,Update GPA,in_app_readiness_surface|dashboard,redis_notification_feed|remote_push|email,profile-readiness:profile-prompt-user-profile-gpa-anchor:224ffa3dca1db08281b46e31,Profile has GPA value and GPA scale,,
user_prompt,ready_for_in_app_admin_delivery,9062cc22dba829dc0b78d5c0,profile-prompt-user-profile-gpa-anchor,profile,prompt-user,profile.gpa_anchor,critical,/profile?tab=gpa,Complete your GPA anchor,Add GPA and scale so predictions and school-list advice use your real academic baseline.,Update GPA,in_app_readiness_surface|dashboard,redis_notification_feed|remote_push|email,profile-readiness:profile-prompt-user-profile-gpa-anchor:9062cc22dba829dc0b78d5c0,Profile has GPA value and GPA scale,,
user_prompt,ready_for_in_app_admin_delivery,d4cee5b87e1ae49c97098ec9,profile-prompt-user-profile-gpa-anchor,profile,prompt-user,profile.gpa_anchor,critical,/profile?tab=gpa,Complete your GPA anchor,Add GPA and scale so predictions and school-list advice use your real academic baseline.,Update GPA,in_app_readiness_surface|dashboard,redis_notification_feed|remote_push|email,profile-readiness:profile-prompt-user-profile-gpa-anchor:d4cee5b87e1ae49c97098ec9,Profile has GPA value and GPA scale,,
user_prompt,ready_for_in_app_admin_delivery,b06b8c942ca03b7f8343e1ab,profile-prompt-user-profile-gpa-anchor,profile,prompt-user,profile.gpa_anchor,critical,/profile?tab=gpa,Complete your GPA anchor,Add GPA and scale so predictions and school-list advice use your real academic baseline.,Update GPA,in_app_readiness_surface|dashboard,redis_notification_feed|remote_push|email,profile-readiness:profile-prompt-user-profile-gpa-anchor:b06b8c942ca03b7f8343e1ab,Profile has GPA value and GPA scale,,
user_prompt,ready_for_in_app_admin_delivery,bcbbfbdd0ed7212eac0f9acb,profile-prompt-user-profile-major,profile,prompt-user,profile.major,critical,/profile?tab=basic,Add your intended major,Your major helps recommendations and application analysis compare the right programs.,Add major,in_app_readiness_surface|dashboard,redis_notification_feed|remote_push|email,profile-readiness:profile-prompt-user-profile-major:bcbbfbdd0ed7212eac0f9acb,Profile intendedMajor or targetMajor is set,,
user_prompt,ready_for_in_app_admin_delivery,161ae07fa8fcfd5b9c149e3a,profile-prompt-user-profile-major,profile,prompt-user,profile.major,critical,/profile?tab=basic,Add your intended major,Your major helps recommendations and application analysis compare the right programs.,Add major,in_app_readiness_surface|dashboard,redis_notification_feed|remote_push|email,profile-readiness:profile-prompt-user-profile-major:161ae07fa8fcfd5b9c149e3a,Profile intendedMajor or targetMajor is set,,
user_prompt,ready_for_in_app_admin_delivery,bbcc181196a5f49e7b7b5217,profile-prompt-user-profile-major,profile,prompt-user,profile.major,critical,/profile?tab=basic,Add your intended major,Your major helps recommendations and application analysis compare the right programs.,Add major,in_app_readiness_surface|dashboard,redis_notification_feed|remote_push|email,profile-readiness:profile-prompt-user-profile-major:bbcc181196a5f49e7b7b5217,Profile intendedMajor or targetMajor is set,,
user_prompt,ready_for_in_app_admin_delivery,2ad6a5c85738075faca4e660,profile-prompt-user-profile-major,profile,prompt-user,profile.major,critical,/profile?tab=basic,Add your intended major,Your major helps recommendations and application analysis compare the right programs.,Add major,in_app_readiness_surface|dashboard,redis_notification_feed|remote_push|email,profile-readiness:profile-prompt-user-profile-major:2ad6a5c85738075faca4e660,Profile intendedMajor or targetMajor is set,,
user_prompt,ready_for_in_app_admin_delivery,4f43b96ee5b22b7fd5680c21,profile-prompt-user-profile-major,profile,prompt-user,profile.major,critical,/profile?tab=basic,Add your intended major,Your major helps recommendations and application analysis compare the right programs.,Add major,in_app_readiness_surface|dashboard,redis_notification_feed|remote_push|email,profile-readiness:profile-prompt-user-profile-major:4f43b96ee5b22b7fd5680c21,Profile intendedMajor or targetMajor is set,,
user_prompt,ready_for_in_app_admin_delivery,c271fde2cf1b87f889ec0c16,profile-prompt-user-profile-major,profile,prompt-user,profile.major,critical,/profile?tab=basic,Add your intended major,Your major helps recommendations and application analysis compare the right programs.,Add major,in_app_readiness_surface|dashboard,redis_notification_feed|remote_push|email,profile-readiness:profile-prompt-user-profile-major:c271fde2cf1b87f889ec0c16,Profile intendedMajor or targetMajor is set,,
user_prompt,ready_for_in_app_admin_delivery,746bc9d4549c99352f08bdcf,profile-prompt-user-profile-major,profile,prompt-user,profile.major,critical,/profile?tab=basic,Add your intended major,Your major helps recommendations and application analysis compare the right programs.,Add major,in_app_readiness_surface|dashboard,redis_notification_feed|remote_push|email,profile-readiness:profile-prompt-user-profile-major:746bc9d4549c99352f08bdcf,Profile intendedMajor or targetMajor is set,,
user_prompt,ready_for_in_app_admin_delivery,b4d7837782707744792d2395,profile-prompt-user-profile-major,profile,prompt-user,profile.major,critical,/profile?tab=basic,Add your intended major,Your major helps recommendations and application analysis compare the right programs.,Add major,in_app_readiness_surface|dashboard,redis_notification_feed|remote_push|email,profile-readiness:profile-prompt-user-profile-major:b4d7837782707744792d2395,Profile intendedMajor or targetMajor is set,,
user_prompt,ready_for_in_app_admin_delivery,40e9414c98a1ebdf2dcad4cd,profile-prompt-user-profile-major,profile,prompt-user,profile.major,critical,/profile?tab=basic,Add your intended major,Your major helps recommendations and application analysis compare the right programs.,Add major,in_app_readiness_surface|dashboard,redis_notification_feed|remote_push|email,profile-readiness:profile-prompt-user-profile-major:40e9414c98a1ebdf2dcad4cd,Profile intendedMajor or targetMajor is set,,
user_prompt,ready_for_in_app_admin_delivery,b1fa79bf9c552d0d23893f4d,profile-prompt-user-profile-major,profile,prompt-user,profile.major,critical,/profile?tab=basic,Add your intended major,Your major helps recommendations and application analysis compare the right programs.,Add major,in_app_readiness_surface|dashboard,redis_notification_feed|remote_push|email,profile-readiness:profile-prompt-user-profile-major:b1fa79bf9c552d0d23893f4d,Profile intendedMajor or targetMajor is set,,
user_prompt,ready_for_in_app_admin_delivery,7eb6af9e5e76bffb19b076da,profile-prompt-user-profile-major,profile,prompt-user,profile.major,critical,/profile?tab=basic,Add your intended major,Your major helps recommendations and application analysis compare the right programs.,Add major,in_app_readiness_surface|dashboard,redis_notification_feed|remote_push|email,profile-readiness:profile-prompt-user-profile-major:7eb6af9e5e76bffb19b076da,Profile intendedMajor or targetMajor is set,,
user_prompt,ready_for_in_app_admin_delivery,0d718acf5447f81ecb074643,profile-prompt-user-profile-major,profile,prompt-user,profile.major,critical,/profile?tab=basic,Add your intended major,Your major helps recommendations and application analysis compare the right programs.,Add major,in_app_readiness_surface|dashboard,redis_notification_feed|remote_push|email,profile-readiness:profile-prompt-user-profile-major:0d718acf5447f81ecb074643,Profile intendedMajor or targetMajor is set,,
user_prompt,ready_for_in_app_admin_delivery,62054f9af3f742de36c2f85c,profile-prompt-user-profile-major,profile,prompt-user,profile.major,critical,/profile?tab=basic,Add your intended major,Your major helps recommendations and application analysis compare the right programs.,Add major,in_app_readiness_surface|dashboard,redis_notification_feed|remote_push|email,profile-readiness:profile-prompt-user-profile-major:62054f9af3f742de36c2f85c,Profile intendedMajor or targetMajor is set,,
user_prompt,ready_for_in_app_admin_delivery,9364ef9c662f3a639f68f056,profile-prompt-user-profile-major,profile,prompt-user,profile.major,critical,/profile?tab=basic,Add your intended major,Your major helps recommendations and application analysis compare the right programs.,Add major,in_app_readiness_surface|dashboard,redis_notification_feed|remote_push|email,profile-readiness:profile-prompt-user-profile-major:9364ef9c662f3a639f68f056,Profile intendedMajor or targetMajor is set,,
user_prompt,ready_for_in_app_admin_delivery,3a816c9b5433ae0aaf479ba7,profile-prompt-user-profile-major,profile,prompt-user,profile.major,critical,/profile?tab=basic,Add your intended major,Your major helps recommendations and application analysis compare the right programs.,Add major,in_app_readiness_surface|dashboard,redis_notification_feed|remote_push|email,profile-readiness:profile-prompt-user-profile-major:3a816c9b5433ae0aaf479ba7,Profile intendedMajor or targetMajor is set,,
user_prompt,ready_for_in_app_admin_delivery,3ee3cf435e4f83fb80edeb51,profile-prompt-user-profile-major,profile,prompt-user,profile.major,critical,/profile?tab=basic,Add your intended major,Your major helps recommendations and application analysis compare the right programs.,Add major,in_app_readiness_surface|dashboard,redis_notification_feed|remote_push|email,profile-readiness:profile-prompt-user-profile-major:3ee3cf435e4f83fb80edeb51,Profile intendedMajor or targetMajor is set,,
user_prompt,ready_for_in_app_admin_delivery,9c31e7076836e7c3e8c3b9e6,profile-prompt-user-profile-major,profile,prompt-user,profile.major,critical,/profile?tab=basic,Add your intended major,Your major helps recommendations and application analysis compare the right programs.,Add major,in_app_readiness_surface|dashboard,redis_notification_feed|remote_push|email,profile-readiness:profile-prompt-user-profile-major:9c31e7076836e7c3e8c3b9e6,Profile intendedMajor or targetMajor is set,,
user_prompt,ready_for_in_app_admin_delivery,700a98cbdc40e3ae03f7db21,profile-prompt-user-profile-major,profile,prompt-user,profile.major,critical,/profile?tab=basic,Add your intended major,Your major helps recommendations and application analysis compare the right programs.,Add major,in_app_readiness_surface|dashboard,redis_notification_feed|remote_push|email,profile-readiness:profile-prompt-user-profile-major:700a98cbdc40e3ae03f7db21,Profile intendedMajor or targetMajor is set,,
user_prompt,ready_for_in_app_admin_delivery,350e3e61308a4fecf31d5265,profile-prompt-user-profile-major,profile,prompt-user,profile.major,critical,/profile?tab=basic,Add your intended major,Your major helps recommendations and application analysis compare the right programs.,Add major,in_app_readiness_surface|dashboard,redis_notification_feed|remote_push|email,profile-readiness:profile-prompt-user-profile-major:350e3e61308a4fecf31d5265,Profile intendedMajor or targetMajor is set,,
user_prompt,ready_for_in_app_admin_delivery,ee8d2acecabae8a094f78e72,profile-prompt-user-profile-major,profile,prompt-user,profile.major,critical,/profile?tab=basic,Add your intended major,Your major helps recommendations and application analysis compare the right programs.,Add major,in_app_readiness_surface|dashboard,redis_notification_feed|remote_push|email,profile-readiness:profile-prompt-user-profile-major:ee8d2acecabae8a094f78e72,Profile intendedMajor or targetMajor is set,,
user_prompt,ready_for_in_app_admin_delivery,60ae21cdcc0779c5d57fa893,profile-prompt-user-profile-major,profile,prompt-user,profile.major,critical,/profile?tab=basic,Add your intended major,Your major helps recommendations and application analysis compare the right programs.,Add major,in_app_readiness_surface|dashboard,redis_notification_feed|remote_push|email,profile-readiness:profile-prompt-user-profile-major:60ae21cdcc0779c5d57fa893,Profile intendedMajor or targetMajor is set,,
user_prompt,ready_for_in_app_admin_delivery,8af2599c6426aee17e392808,profile-prompt-user-profile-major,profile,prompt-user,profile.major,critical,/profile?tab=basic,Add your intended major,Your major helps recommendations and application analysis compare the right programs.,Add major,in_app_readiness_surface|dashboard,redis_notification_feed|remote_push|email,profile-readiness:profile-prompt-user-profile-major:8af2599c6426aee17e392808,Profile intendedMajor or targetMajor is set,,
user_prompt,ready_for_in_app_admin_delivery,b16338de18bd3ea9490a922c,profile-prompt-user-profile-major,profile,prompt-user,profile.major,critical,/profile?tab=basic,Add your intended major,Your major helps recommendations and application analysis compare the right programs.,Add major,in_app_readiness_surface|dashboard,redis_notification_feed|remote_push|email,profile-readiness:profile-prompt-user-profile-major:b16338de18bd3ea9490a922c,Profile intendedMajor or targetMajor is set,,
user_prompt,ready_for_in_app_admin_delivery,2c109a0b6856445f718b6cc4,profile-prompt-user-profile-major,profile,prompt-user,profile.major,critical,/profile?tab=basic,Add your intended major,Your major helps recommendations and application analysis compare the right programs.,Add major,in_app_readiness_surface|dashboard,redis_notification_feed|remote_push|email,profile-readiness:profile-prompt-user-profile-major:2c109a0b6856445f718b6cc4,Profile intendedMajor or targetMajor is set,,
user_prompt,ready_for_in_app_admin_delivery,58f299953ccf1094f94211d2,profile-prompt-user-profile-major,profile,prompt-user,profile.major,critical,/profile?tab=basic,Add your intended major,Your major helps recommendations and application analysis compare the right programs.,Add major,in_app_readiness_surface|dashboard,redis_notification_feed|remote_push|email,profile-readiness:profile-prompt-user-profile-major:58f299953ccf1094f94211d2,Profile intendedMajor or targetMajor is set,,
user_prompt,ready_for_in_app_admin_delivery,b08f78a2c250836222a2ed7e,profile-prompt-user-profile-major,profile,prompt-user,profile.major,critical,/profile?tab=basic,Add your intended major,Your major helps recommendations and application analysis compare the right programs.,Add major,in_app_readiness_surface|dashboard,redis_notification_feed|remote_push|email,profile-readiness:profile-prompt-user-profile-major:b08f78a2c250836222a2ed7e,Profile intendedMajor or targetMajor is set,,
user_prompt,ready_for_in_app_admin_delivery,e35b0c6b5a8af24ddecf15b1,profile-prompt-user-profile-major,profile,prompt-user,profile.major,critical,/profile?tab=basic,Add your intended major,Your major helps recommendations and application analysis compare the right programs.,Add major,in_app_readiness_surface|dashboard,redis_notification_feed|remote_push|email,profile-readiness:profile-prompt-user-profile-major:e35b0c6b5a8af24ddecf15b1,Profile intendedMajor or targetMajor is set,,
user_prompt,ready_for_in_app_admin_delivery,af8e626ff7ecc5fffec5a83b,profile-prompt-user-profile-major,profile,prompt-user,profile.major,critical,/profile?tab=basic,Add your intended major,Your major helps recommendations and application analysis compare the right programs.,Add major,in_app_readiness_surface|dashboard,redis_notification_feed|remote_push|email,profile-readiness:profile-prompt-user-profile-major:af8e626ff7ecc5fffec5a83b,Profile intendedMajor or targetMajor is set,,
user_prompt,ready_for_in_app_admin_delivery,5635dbb88bfc845adb3c6c2d,profile-prompt-user-profile-major,profile,prompt-user,profile.major,critical,/profile?tab=basic,Add your intended major,Your major helps recommendations and application analysis compare the right programs.,Add major,in_app_readiness_surface|dashboard,redis_notification_feed|remote_push|email,profile-readiness:profile-prompt-user-profile-major:5635dbb88bfc845adb3c6c2d,Profile intendedMajor or targetMajor is set,,
user_prompt,ready_for_in_app_admin_delivery,08a357ecc96894482491cba4,profile-prompt-user-profile-major,profile,prompt-user,profile.major,critical,/profile?tab=basic,Add your intended major,Your major helps recommendations and application analysis compare the right programs.,Add major,in_app_readiness_surface|dashboard,redis_notification_feed|remote_push|email,profile-readiness:profile-prompt-user-profile-major:08a357ecc96894482491cba4,Profile intendedMajor or targetMajor is set,,
user_prompt,ready_for_in_app_admin_delivery,82be1f799b998791e0b4a42f,profile-prompt-user-profile-major,profile,prompt-user,profile.major,critical,/profile?tab=basic,Add your intended major,Your major helps recommendations and application analysis compare the right programs.,Add major,in_app_readiness_surface|dashboard,redis_notification_feed|remote_push|email,profile-readiness:profile-prompt-user-profile-major:82be1f799b998791e0b4a42f,Profile intendedMajor or targetMajor is set,,
user_prompt,ready_for_in_app_admin_delivery,d44f4c033bff279e6a7ecb7f,profile-prompt-user-profile-major,profile,prompt-user,profile.major,critical,/profile?tab=basic,Add your intended major,Your major helps recommendations and application analysis compare the right programs.,Add major,in_app_readiness_surface|dashboard,redis_notification_feed|remote_push|email,profile-readiness:profile-prompt-user-profile-major:d44f4c033bff279e6a7ecb7f,Profile intendedMajor or targetMajor is set,,
user_prompt,ready_for_in_app_admin_delivery,1721e7fd604c8c9cba7b29ee,profile-prompt-user-profile-major,profile,prompt-user,profile.major,critical,/profile?tab=basic,Add your intended major,Your major helps recommendations and application analysis compare the right programs.,Add major,in_app_readiness_surface|dashboard,redis_notification_feed|remote_push|email,profile-readiness:profile-prompt-user-profile-major:1721e7fd604c8c9cba7b29ee,Profile intendedMajor or targetMajor is set,,
user_prompt,ready_for_in_app_admin_delivery,aa77cfaf01d5f471651c731f,profile-prompt-user-profile-major,profile,prompt-user,profile.major,critical,/profile?tab=basic,Add your intended major,Your major helps recommendations and application analysis compare the right programs.,Add major,in_app_readiness_surface|dashboard,redis_notification_feed|remote_push|email,profile-readiness:profile-prompt-user-profile-major:aa77cfaf01d5f471651c731f,Profile intendedMajor or targetMajor is set,,
user_prompt,ready_for_in_app_admin_delivery,8182fd0a8ea90cbe07f9f5f3,profile-prompt-user-profile-major,profile,prompt-user,profile.major,critical,/profile?tab=basic,Add your intended major,Your major helps recommendations and application analysis compare the right programs.,Add major,in_app_readiness_surface|dashboard,redis_notification_feed|remote_push|email,profile-readiness:profile-prompt-user-profile-major:8182fd0a8ea90cbe07f9f5f3,Profile intendedMajor or targetMajor is set,,
user_prompt,ready_for_in_app_admin_delivery,8f76e29a0754e9147868ff48,profile-prompt-user-profile-major,profile,prompt-user,profile.major,critical,/profile?tab=basic,Add your intended major,Your major helps recommendations and application analysis compare the right programs.,Add major,in_app_readiness_surface|dashboard,redis_notification_feed|remote_push|email,profile-readiness:profile-prompt-user-profile-major:8f76e29a0754e9147868ff48,Profile intendedMajor or targetMajor is set,,
user_prompt,ready_for_in_app_admin_delivery,e49853bb7590d4fbc088e2ce,profile-prompt-user-profile-major,profile,prompt-user,profile.major,critical,/profile?tab=basic,Add your intended major,Your major helps recommendations and application analysis compare the right programs.,Add major,in_app_readiness_surface|dashboard,redis_notification_feed|remote_push|email,profile-readiness:profile-prompt-user-profile-major:e49853bb7590d4fbc088e2ce,Profile intendedMajor or targetMajor is set,,
user_prompt,ready_for_in_app_admin_delivery,ba75887eed7d741502c53c31,profile-prompt-user-profile-major,profile,prompt-user,profile.major,critical,/profile?tab=basic,Add your intended major,Your major helps recommendations and application analysis compare the right programs.,Add major,in_app_readiness_surface|dashboard,redis_notification_feed|remote_push|email,profile-readiness:profile-prompt-user-profile-major:ba75887eed7d741502c53c31,Profile intendedMajor or targetMajor is set,,
user_prompt,ready_for_in_app_admin_delivery,2f77ce3256c653a98a843922,profile-prompt-user-profile-major,profile,prompt-user,profile.major,critical,/profile?tab=basic,Add your intended major,Your major helps recommendations and application analysis compare the right programs.,Add major,in_app_readiness_surface|dashboard,redis_notification_feed|remote_push|email,profile-readiness:profile-prompt-user-profile-major:2f77ce3256c653a98a843922,Profile intendedMajor or targetMajor is set,,
user_prompt,ready_for_in_app_admin_delivery,39d82fb302892df916184722,profile-prompt-user-profile-major,profile,prompt-user,profile.major,critical,/profile?tab=basic,Add your intended major,Your major helps recommendations and application analysis compare the right programs.,Add major,in_app_readiness_surface|dashboard,redis_notification_feed|remote_push|email,profile-readiness:profile-prompt-user-profile-major:39d82fb302892df916184722,Profile intendedMajor or targetMajor is set,,
user_prompt,ready_for_in_app_admin_delivery,73a91be57fb9c7848ca2fc38,profile-prompt-user-profile-major,profile,prompt-user,profile.major,critical,/profile?tab=basic,Add your intended major,Your major helps recommendations and application analysis compare the right programs.,Add major,in_app_readiness_surface|dashboard,redis_notification_feed|remote_push|email,profile-readiness:profile-prompt-user-profile-major:73a91be57fb9c7848ca2fc38,Profile intendedMajor or targetMajor is set,,
user_prompt,ready_for_in_app_admin_delivery,b7c52e38fa597c4401a45a0d,profile-prompt-user-profile-major,profile,prompt-user,profile.major,critical,/profile?tab=basic,Add your intended major,Your major helps recommendations and application analysis compare the right programs.,Add major,in_app_readiness_surface|dashboard,redis_notification_feed|remote_push|email,profile-readiness:profile-prompt-user-profile-major:b7c52e38fa597c4401a45a0d,Profile intendedMajor or targetMajor is set,,
user_prompt,ready_for_in_app_admin_delivery,b6211d62f28ea1ac1fbf92f6,profile-prompt-user-profile-major,profile,prompt-user,profile.major,critical,/profile?tab=basic,Add your intended major,Your major helps recommendations and application analysis compare the right programs.,Add major,in_app_readiness_surface|dashboard,redis_notification_feed|remote_push|email,profile-readiness:profile-prompt-user-profile-major:b6211d62f28ea1ac1fbf92f6,Profile intendedMajor or targetMajor is set,,
user_prompt,ready_for_in_app_admin_delivery,51123683ff47579b1326d7e0,profile-prompt-user-profile-major,profile,prompt-user,profile.major,critical,/profile?tab=basic,Add your intended major,Your major helps recommendations and application analysis compare the right programs.,Add major,in_app_readiness_surface|dashboard,redis_notification_feed|remote_push|email,profile-readiness:profile-prompt-user-profile-major:51123683ff47579b1326d7e0,Profile intendedMajor or targetMajor is set,,
user_prompt,ready_for_in_app_admin_delivery,d623a290fc0c003872b7e51e,profile-prompt-user-profile-major,profile,prompt-user,profile.major,critical,/profile?tab=basic,Add your intended major,Your major helps recommendations and application analysis compare the right programs.,Add major,in_app_readiness_surface|dashboard,redis_notification_feed|remote_push|email,profile-readiness:profile-prompt-user-profile-major:d623a290fc0c003872b7e51e,Profile intendedMajor or targetMajor is set,,
user_prompt,ready_for_in_app_admin_delivery,d235bd129f743fb22c4ed3fd,profile-prompt-user-profile-major,profile,prompt-user,profile.major,critical,/profile?tab=basic,Add your intended major,Your major helps recommendations and application analysis compare the right programs.,Add major,in_app_readiness_surface|dashboard,redis_notification_feed|remote_push|email,profile-readiness:profile-prompt-user-profile-major:d235bd129f743fb22c4ed3fd,Profile intendedMajor or targetMajor is set,,
user_prompt,ready_for_in_app_admin_delivery,2532d98f34e1ac7c1659d8eb,profile-prompt-user-profile-major,profile,prompt-user,profile.major,critical,/profile?tab=basic,Add your intended major,Your major helps recommendations and application analysis compare the right programs.,Add major,in_app_readiness_surface|dashboard,redis_notification_feed|remote_push|email,profile-readiness:profile-prompt-user-profile-major:2532d98f34e1ac7c1659d8eb,Profile intendedMajor or targetMajor is set,,
user_prompt,ready_for_in_app_admin_delivery,80198917031fa524bd986f16,profile-prompt-user-profile-major,profile,prompt-user,profile.major,critical,/profile?tab=basic,Add your intended major,Your major helps recommendations and application analysis compare the right programs.,Add major,in_app_readiness_surface|dashboard,redis_notification_feed|remote_push|email,profile-readiness:profile-prompt-user-profile-major:80198917031fa524bd986f16,Profile intendedMajor or targetMajor is set,,
user_prompt,ready_for_in_app_admin_delivery,fb77434774ac9a3e30419226,profile-prompt-user-profile-major,profile,prompt-user,profile.major,critical,/profile?tab=basic,Add your intended major,Your major helps recommendations and application analysis compare the right programs.,Add major,in_app_readiness_surface|dashboard,redis_notification_feed|remote_push|email,profile-readiness:profile-prompt-user-profile-major:fb77434774ac9a3e30419226,Profile intendedMajor or targetMajor is set,,
user_prompt,ready_for_in_app_admin_delivery,f9fd9b821f5302c444105093,profile-prompt-user-profile-major,profile,prompt-user,profile.major,critical,/profile?tab=basic,Add your intended major,Your major helps recommendations and application analysis compare the right programs.,Add major,in_app_readiness_surface|dashboard,redis_notification_feed|remote_push|email,profile-readiness:profile-prompt-user-profile-major:f9fd9b821f5302c444105093,Profile intendedMajor or targetMajor is set,,
user_prompt,ready_for_in_app_admin_delivery,8ee4a43e09bd1fb564a3d07c,profile-prompt-user-profile-major,profile,prompt-user,profile.major,critical,/profile?tab=basic,Add your intended major,Your major helps recommendations and application analysis compare the right programs.,Add major,in_app_readiness_surface|dashboard,redis_notification_feed|remote_push|email,profile-readiness:profile-prompt-user-profile-major:8ee4a43e09bd1fb564a3d07c,Profile intendedMajor or targetMajor is set,,
user_prompt,ready_for_in_app_admin_delivery,1205c6fffa0d08b1c24f8aba,profile-prompt-user-profile-major,profile,prompt-user,profile.major,critical,/profile?tab=basic,Add your intended major,Your major helps recommendations and application analysis compare the right programs.,Add major,in_app_readiness_surface|dashboard,redis_notification_feed|remote_push|email,profile-readiness:profile-prompt-user-profile-major:1205c6fffa0d08b1c24f8aba,Profile intendedMajor or targetMajor is set,,
user_prompt,ready_for_in_app_admin_delivery,83e1e60cee3420e8a087ec65,profile-prompt-user-profile-major,profile,prompt-user,profile.major,critical,/profile?tab=basic,Add your intended major,Your major helps recommendations and application analysis compare the right programs.,Add major,in_app_readiness_surface|dashboard,redis_notification_feed|remote_push|email,profile-readiness:profile-prompt-user-profile-major:83e1e60cee3420e8a087ec65,Profile intendedMajor or targetMajor is set,,
user_prompt,ready_for_in_app_admin_delivery,4128eb49c7d66593fc377cf2,profile-prompt-user-profile-major,profile,prompt-user,profile.major,critical,/profile?tab=basic,Add your intended major,Your major helps recommendations and application analysis compare the right programs.,Add major,in_app_readiness_surface|dashboard,redis_notification_feed|remote_push|email,profile-readiness:profile-prompt-user-profile-major:4128eb49c7d66593fc377cf2,Profile intendedMajor or targetMajor is set,,
user_prompt,ready_for_in_app_admin_delivery,66bd62747c0c3780d93d5ac0,profile-prompt-user-profile-major,profile,prompt-user,profile.major,critical,/profile?tab=basic,Add your intended major,Your major helps recommendations and application analysis compare the right programs.,Add major,in_app_readiness_surface|dashboard,redis_notification_feed|remote_push|email,profile-readiness:profile-prompt-user-profile-major:66bd62747c0c3780d93d5ac0,Profile intendedMajor or targetMajor is set,,
user_prompt,ready_for_in_app_admin_delivery,387d5008ef0d61abbf0981c3,profile-prompt-user-profile-major,profile,prompt-user,profile.major,critical,/profile?tab=basic,Add your intended major,Your major helps recommendations and application analysis compare the right programs.,Add major,in_app_readiness_surface|dashboard,redis_notification_feed|remote_push|email,profile-readiness:profile-prompt-user-profile-major:387d5008ef0d61abbf0981c3,Profile intendedMajor or targetMajor is set,,
user_prompt,ready_for_in_app_admin_delivery,6e88e7843d84c8e4ac30d418,profile-prompt-user-profile-major,profile,prompt-user,profile.major,critical,/profile?tab=basic,Add your intended major,Your major helps recommendations and application analysis compare the right programs.,Add major,in_app_readiness_surface|dashboard,redis_notification_feed|remote_push|email,profile-readiness:profile-prompt-user-profile-major:6e88e7843d84c8e4ac30d418,Profile intendedMajor or targetMajor is set,,
user_prompt,ready_for_in_app_admin_delivery,85fc8cd917b074b9f364b19f,profile-prompt-user-profile-major,profile,prompt-user,profile.major,critical,/profile?tab=basic,Add your intended major,Your major helps recommendations and application analysis compare the right programs.,Add major,in_app_readiness_surface|dashboard,redis_notification_feed|remote_push|email,profile-readiness:profile-prompt-user-profile-major:85fc8cd917b074b9f364b19f,Profile intendedMajor or targetMajor is set,,
user_prompt,ready_for_in_app_admin_delivery,393497c7e1766899efccdd67,profile-prompt-user-profile-major,profile,prompt-user,profile.major,critical,/profile?tab=basic,Add your intended major,Your major helps recommendations and application analysis compare the right programs.,Add major,in_app_readiness_surface|dashboard,redis_notification_feed|remote_push|email,profile-readiness:profile-prompt-user-profile-major:393497c7e1766899efccdd67,Profile intendedMajor or targetMajor is set,,
user_prompt,ready_for_in_app_admin_delivery,c11c121accb370e23f27204f,profile-prompt-user-profile-major,profile,prompt-user,profile.major,critical,/profile?tab=basic,Add your intended major,Your major helps recommendations and application analysis compare the right programs.,Add major,in_app_readiness_surface|dashboard,redis_notification_feed|remote_push|email,profile-readiness:profile-prompt-user-profile-major:c11c121accb370e23f27204f,Profile intendedMajor or targetMajor is set,,
user_prompt,ready_for_in_app_admin_delivery,ec8c5627fc8e7cd6f4f3ab56,profile-prompt-user-profile-major,profile,prompt-user,profile.major,critical,/profile?tab=basic,Add your intended major,Your major helps recommendations and application analysis compare the right programs.,Add major,in_app_readiness_surface|dashboard,redis_notification_feed|remote_push|email,profile-readiness:profile-prompt-user-profile-major:ec8c5627fc8e7cd6f4f3ab56,Profile intendedMajor or targetMajor is set,,
user_prompt,ready_for_in_app_admin_delivery,a73c0bac52799c6f0c20c326,profile-prompt-user-profile-major,profile,prompt-user,profile.major,critical,/profile?tab=basic,Add your intended major,Your major helps recommendations and application analysis compare the right programs.,Add major,in_app_readiness_surface|dashboard,redis_notification_feed|remote_push|email,profile-readiness:profile-prompt-user-profile-major:a73c0bac52799c6f0c20c326,Profile intendedMajor or targetMajor is set,,
user_prompt,ready_for_in_app_admin_delivery,1f1d01ebd6e4a634f6d00521,profile-prompt-user-profile-major,profile,prompt-user,profile.major,critical,/profile?tab=basic,Add your intended major,Your major helps recommendations and application analysis compare the right programs.,Add major,in_app_readiness_surface|dashboard,redis_notification_feed|remote_push|email,profile-readiness:profile-prompt-user-profile-major:1f1d01ebd6e4a634f6d00521,Profile intendedMajor or targetMajor is set,,
user_prompt,ready_for_in_app_admin_delivery,8111a447630837276fb2d02b,profile-prompt-user-profile-major,profile,prompt-user,profile.major,critical,/profile?tab=basic,Add your intended major,Your major helps recommendations and application analysis compare the right programs.,Add major,in_app_readiness_surface|dashboard,redis_notification_feed|remote_push|email,profile-readiness:profile-prompt-user-profile-major:8111a447630837276fb2d02b,Profile intendedMajor or targetMajor is set,,
user_prompt,ready_for_in_app_admin_delivery,454b3bdd97d513ee08d1fcb6,profile-prompt-user-profile-major,profile,prompt-user,profile.major,critical,/profile?tab=basic,Add your intended major,Your major helps recommendations and application analysis compare the right programs.,Add major,in_app_readiness_surface|dashboard,redis_notification_feed|remote_push|email,profile-readiness:profile-prompt-user-profile-major:454b3bdd97d513ee08d1fcb6,Profile intendedMajor or targetMajor is set,,
user_prompt,ready_for_in_app_admin_delivery,77e8a3e7b4bb269d25a88720,profile-prompt-user-profile-major,profile,prompt-user,profile.major,critical,/profile?tab=basic,Add your intended major,Your major helps recommendations and application analysis compare the right programs.,Add major,in_app_readiness_surface|dashboard,redis_notification_feed|remote_push|email,profile-readiness:profile-prompt-user-profile-major:77e8a3e7b4bb269d25a88720,Profile intendedMajor or targetMajor is set,,
user_prompt,ready_for_in_app_admin_delivery,1c49dedeea2144e69f2ddfab,profile-prompt-user-profile-major,profile,prompt-user,profile.major,critical,/profile?tab=basic,Add your intended major,Your major helps recommendations and application analysis compare the right programs.,Add major,in_app_readiness_surface|dashboard,redis_notification_feed|remote_push|email,profile-readiness:profile-prompt-user-profile-major:1c49dedeea2144e69f2ddfab,Profile intendedMajor or targetMajor is set,,
user_prompt,ready_for_in_app_admin_delivery,c6b85ceae0c6557b8e364c94,profile-prompt-user-profile-major,profile,prompt-user,profile.major,critical,/profile?tab=basic,Add your intended major,Your major helps recommendations and application analysis compare the right programs.,Add major,in_app_readiness_surface|dashboard,redis_notification_feed|remote_push|email,profile-readiness:profile-prompt-user-profile-major:c6b85ceae0c6557b8e364c94,Profile intendedMajor or targetMajor is set,,
user_prompt,ready_for_in_app_admin_delivery,7bc9b1e5926864015639324c,profile-prompt-user-profile-major,profile,prompt-user,profile.major,critical,/profile?tab=basic,Add your intended major,Your major helps recommendations and application analysis compare the right programs.,Add major,in_app_readiness_surface|dashboard,redis_notification_feed|remote_push|email,profile-readiness:profile-prompt-user-profile-major:7bc9b1e5926864015639324c,Profile intendedMajor or targetMajor is set,,
user_prompt,ready_for_in_app_admin_delivery,76d3e4bd31e04f8df55b5063,profile-prompt-user-profile-major,profile,prompt-user,profile.major,critical,/profile?tab=basic,Add your intended major,Your major helps recommendations and application analysis compare the right programs.,Add major,in_app_readiness_surface|dashboard,redis_notification_feed|remote_push|email,profile-readiness:profile-prompt-user-profile-major:76d3e4bd31e04f8df55b5063,Profile intendedMajor or targetMajor is set,,
user_prompt,ready_for_in_app_admin_delivery,123500041b4c756624fcfbc1,profile-prompt-user-profile-major,profile,prompt-user,profile.major,critical,/profile?tab=basic,Add your intended major,Your major helps recommendations and application analysis compare the right programs.,Add major,in_app_readiness_surface|dashboard,redis_notification_feed|remote_push|email,profile-readiness:profile-prompt-user-profile-major:123500041b4c756624fcfbc1,Profile intendedMajor or targetMajor is set,,
user_prompt,ready_for_in_app_admin_delivery,9e700876055ebe00ce432591,profile-prompt-user-profile-major,profile,prompt-user,profile.major,critical,/profile?tab=basic,Add your intended major,Your major helps recommendations and application analysis compare the right programs.,Add major,in_app_readiness_surface|dashboard,redis_notification_feed|remote_push|email,profile-readiness:profile-prompt-user-profile-major:9e700876055ebe00ce432591,Profile intendedMajor or targetMajor is set,,
user_prompt,ready_for_in_app_admin_delivery,b86b9ff73c5aa218b53fcc07,profile-prompt-user-profile-major,profile,prompt-user,profile.major,critical,/profile?tab=basic,Add your intended major,Your major helps recommendations and application analysis compare the right programs.,Add major,in_app_readiness_surface|dashboard,redis_notification_feed|remote_push|email,profile-readiness:profile-prompt-user-profile-major:b86b9ff73c5aa218b53fcc07,Profile intendedMajor or targetMajor is set,,
user_prompt,ready_for_in_app_admin_delivery,26a7b1448bcf5fd36c35a363,profile-prompt-user-profile-major,profile,prompt-user,profile.major,critical,/profile?tab=basic,Add your intended major,Your major helps recommendations and application analysis compare the right programs.,Add major,in_app_readiness_surface|dashboard,redis_notification_feed|remote_push|email,profile-readiness:profile-prompt-user-profile-major:26a7b1448bcf5fd36c35a363,Profile intendedMajor or targetMajor is set,,
user_prompt,ready_for_in_app_admin_delivery,2f357aae310ceb62c29b274c,profile-prompt-user-profile-major,profile,prompt-user,profile.major,critical,/profile?tab=basic,Add your intended major,Your major helps recommendations and application analysis compare the right programs.,Add major,in_app_readiness_surface|dashboard,redis_notification_feed|remote_push|email,profile-readiness:profile-prompt-user-profile-major:2f357aae310ceb62c29b274c,Profile intendedMajor or targetMajor is set,,
user_prompt,ready_for_in_app_admin_delivery,96d4cd2fcd14de7772f5fd50,profile-prompt-user-profile-major,profile,prompt-user,profile.major,critical,/profile?tab=basic,Add your intended major,Your major helps recommendations and application analysis compare the right programs.,Add major,in_app_readiness_surface|dashboard,redis_notification_feed|remote_push|email,profile-readiness:profile-prompt-user-profile-major:96d4cd2fcd14de7772f5fd50,Profile intendedMajor or targetMajor is set,,
user_prompt,ready_for_in_app_admin_delivery,d0a7465d43215d5f058e070e,profile-prompt-user-profile-major,profile,prompt-user,profile.major,critical,/profile?tab=basic,Add your intended major,Your major helps recommendations and application analysis compare the right programs.,Add major,in_app_readiness_surface|dashboard,redis_notification_feed|remote_push|email,profile-readiness:profile-prompt-user-profile-major:d0a7465d43215d5f058e070e,Profile intendedMajor or targetMajor is set,,
user_prompt,ready_for_in_app_admin_delivery,ca95dbae28c38d90f4bd075a,profile-prompt-user-profile-major,profile,prompt-user,profile.major,critical,/profile?tab=basic,Add your intended major,Your major helps recommendations and application analysis compare the right programs.,Add major,in_app_readiness_surface|dashboard,redis_notification_feed|remote_push|email,profile-readiness:profile-prompt-user-profile-major:ca95dbae28c38d90f4bd075a,Profile intendedMajor or targetMajor is set,,
user_prompt,ready_for_in_app_admin_delivery,be2cd5ddfe575143c741e775,profile-prompt-user-profile-major,profile,prompt-user,profile.major,critical,/profile?tab=basic,Add your intended major,Your major helps recommendations and application analysis compare the right programs.,Add major,in_app_readiness_surface|dashboard,redis_notification_feed|remote_push|email,profile-readiness:profile-prompt-user-profile-major:be2cd5ddfe575143c741e775,Profile intendedMajor or targetMajor is set,,
user_prompt,ready_for_in_app_admin_delivery,c22d82639c55efb340bc9a56,profile-prompt-user-profile-major,profile,prompt-user,profile.major,critical,/profile?tab=basic,Add your intended major,Your major helps recommendations and application analysis compare the right programs.,Add major,in_app_readiness_surface|dashboard,redis_notification_feed|remote_push|email,profile-readiness:profile-prompt-user-profile-major:c22d82639c55efb340bc9a56,Profile intendedMajor or targetMajor is set,,
user_prompt,ready_for_in_app_admin_delivery,8e287120445279d6e9b4ec2b,profile-prompt-user-profile-major,profile,prompt-user,profile.major,critical,/profile?tab=basic,Add your intended major,Your major helps recommendations and application analysis compare the right programs.,Add major,in_app_readiness_surface|dashboard,redis_notification_feed|remote_push|email,profile-readiness:profile-prompt-user-profile-major:8e287120445279d6e9b4ec2b,Profile intendedMajor or targetMajor is set,,
user_prompt,ready_for_in_app_admin_delivery,30430c0713c690c36433a6e5,profile-prompt-user-profile-major,profile,prompt-user,profile.major,critical,/profile?tab=basic,Add your intended major,Your major helps recommendations and application analysis compare the right programs.,Add major,in_app_readiness_surface|dashboard,redis_notification_feed|remote_push|email,profile-readiness:profile-prompt-user-profile-major:30430c0713c690c36433a6e5,Profile intendedMajor or targetMajor is set,,
user_prompt,ready_for_in_app_admin_delivery,9353bab0b66f9c8f5bbbb3e9,profile-prompt-user-profile-major,profile,prompt-user,profile.major,critical,/profile?tab=basic,Add your intended major,Your major helps recommendations and application analysis compare the right programs.,Add major,in_app_readiness_surface|dashboard,redis_notification_feed|remote_push|email,profile-readiness:profile-prompt-user-profile-major:9353bab0b66f9c8f5bbbb3e9,Profile intendedMajor or targetMajor is set,,
user_prompt,ready_for_in_app_admin_delivery,ea2aad244e6c5b7a6ddcdc6d,profile-prompt-user-profile-major,profile,prompt-user,profile.major,critical,/profile?tab=basic,Add your intended major,Your major helps recommendations and application analysis compare the right programs.,Add major,in_app_readiness_surface|dashboard,redis_notification_feed|remote_push|email,profile-readiness:profile-prompt-user-profile-major:ea2aad244e6c5b7a6ddcdc6d,Profile intendedMajor or targetMajor is set,,
user_prompt,ready_for_in_app_admin_delivery,ab23e0dca524148e33dc1dc3,profile-prompt-user-profile-major,profile,prompt-user,profile.major,critical,/profile?tab=basic,Add your intended major,Your major helps recommendations and application analysis compare the right programs.,Add major,in_app_readiness_surface|dashboard,redis_notification_feed|remote_push|email,profile-readiness:profile-prompt-user-profile-major:ab23e0dca524148e33dc1dc3,Profile intendedMajor or targetMajor is set,,
user_prompt,ready_for_in_app_admin_delivery,147f40a0a1b1d151c407167a,profile-prompt-user-profile-major,profile,prompt-user,profile.major,critical,/profile?tab=basic,Add your intended major,Your major helps recommendations and application analysis compare the right programs.,Add major,in_app_readiness_surface|dashboard,redis_notification_feed|remote_push|email,profile-readiness:profile-prompt-user-profile-major:147f40a0a1b1d151c407167a,Profile intendedMajor or targetMajor is set,,
user_prompt,ready_for_in_app_admin_delivery,302d0b094ff202e23f186d36,profile-prompt-user-profile-major,profile,prompt-user,profile.major,critical,/profile?tab=basic,Add your intended major,Your major helps recommendations and application analysis compare the right programs.,Add major,in_app_readiness_surface|dashboard,redis_notification_feed|remote_push|email,profile-readiness:profile-prompt-user-profile-major:302d0b094ff202e23f186d36,Profile intendedMajor or targetMajor is set,,
user_prompt,ready_for_in_app_admin_delivery,5fea30f24d9048bc811be8c1,profile-prompt-user-profile-major,profile,prompt-user,profile.major,critical,/profile?tab=basic,Add your intended major,Your major helps recommendations and application analysis compare the right programs.,Add major,in_app_readiness_surface|dashboard,redis_notification_feed|remote_push|email,profile-readiness:profile-prompt-user-profile-major:5fea30f24d9048bc811be8c1,Profile intendedMajor or targetMajor is set,,
user_prompt,ready_for_in_app_admin_delivery,a8b0b42078a4419cbc216238,profile-prompt-user-profile-major,profile,prompt-user,profile.major,critical,/profile?tab=basic,Add your intended major,Your major helps recommendations and application analysis compare the right programs.,Add major,in_app_readiness_surface|dashboard,redis_notification_feed|remote_push|email,profile-readiness:profile-prompt-user-profile-major:a8b0b42078a4419cbc216238,Profile intendedMajor or targetMajor is set,,
user_prompt,ready_for_in_app_admin_delivery,8a3d4c7790976e73724c9f5f,profile-prompt-user-profile-major,profile,prompt-user,profile.major,critical,/profile?tab=basic,Add your intended major,Your major helps recommendations and application analysis compare the right programs.,Add major,in_app_readiness_surface|dashboard,redis_notification_feed|remote_push|email,profile-readiness:profile-prompt-user-profile-major:8a3d4c7790976e73724c9f5f,Profile intendedMajor or targetMajor is set,,
user_prompt,ready_for_in_app_admin_delivery,eed7dc5c15f1752dc5039930,profile-prompt-user-profile-major,profile,prompt-user,profile.major,critical,/profile?tab=basic,Add your intended major,Your major helps recommendations and application analysis compare the right programs.,Add major,in_app_readiness_surface|dashboard,redis_notification_feed|remote_push|email,profile-readiness:profile-prompt-user-profile-major:eed7dc5c15f1752dc5039930,Profile intendedMajor or targetMajor is set,,
user_prompt,ready_for_in_app_admin_delivery,2bcb764b588cb54483f66c69,profile-prompt-user-profile-major,profile,prompt-user,profile.major,critical,/profile?tab=basic,Add your intended major,Your major helps recommendations and application analysis compare the right programs.,Add major,in_app_readiness_surface|dashboard,redis_notification_feed|remote_push|email,profile-readiness:profile-prompt-user-profile-major:2bcb764b588cb54483f66c69,Profile intendedMajor or targetMajor is set,,
user_prompt,ready_for_in_app_admin_delivery,0acc818e9f51ef1b0b8ffb0e,profile-prompt-user-profile-major,profile,prompt-user,profile.major,critical,/profile?tab=basic,Add your intended major,Your major helps recommendations and application analysis compare the right programs.,Add major,in_app_readiness_surface|dashboard,redis_notification_feed|remote_push|email,profile-readiness:profile-prompt-user-profile-major:0acc818e9f51ef1b0b8ffb0e,Profile intendedMajor or targetMajor is set,,
user_prompt,ready_for_in_app_admin_delivery,8da46db52724f8d1d3746feb,profile-prompt-user-profile-major,profile,prompt-user,profile.major,critical,/profile?tab=basic,Add your intended major,Your major helps recommendations and application analysis compare the right programs.,Add major,in_app_readiness_surface|dashboard,redis_notification_feed|remote_push|email,profile-readiness:profile-prompt-user-profile-major:8da46db52724f8d1d3746feb,Profile intendedMajor or targetMajor is set,,
user_prompt,ready_for_in_app_admin_delivery,e18bea3d5f053111d4dcb5c1,profile-prompt-user-profile-major,profile,prompt-user,profile.major,critical,/profile?tab=basic,Add your intended major,Your major helps recommendations and application analysis compare the right programs.,Add major,in_app_readiness_surface|dashboard,redis_notification_feed|remote_push|email,profile-readiness:profile-prompt-user-profile-major:e18bea3d5f053111d4dcb5c1,Profile intendedMajor or targetMajor is set,,
user_prompt,ready_for_in_app_admin_delivery,6a3e9991e41506fb51596fc5,profile-prompt-user-profile-major,profile,prompt-user,profile.major,critical,/profile?tab=basic,Add your intended major,Your major helps recommendations and application analysis compare the right programs.,Add major,in_app_readiness_surface|dashboard,redis_notification_feed|remote_push|email,profile-readiness:profile-prompt-user-profile-major:6a3e9991e41506fb51596fc5,Profile intendedMajor or targetMajor is set,,
user_prompt,ready_for_in_app_admin_delivery,2864a3748d885dc103de4819,profile-prompt-user-profile-major,profile,prompt-user,profile.major,critical,/profile?tab=basic,Add your intended major,Your major helps recommendations and application analysis compare the right programs.,Add major,in_app_readiness_surface|dashboard,redis_notification_feed|remote_push|email,profile-readiness:profile-prompt-user-profile-major:2864a3748d885dc103de4819,Profile intendedMajor or targetMajor is set,,
user_prompt,ready_for_in_app_admin_delivery,3e9d46eb289214be984cfcb3,profile-prompt-user-profile-major,profile,prompt-user,profile.major,critical,/profile?tab=basic,Add your intended major,Your major helps recommendations and application analysis compare the right programs.,Add major,in_app_readiness_surface|dashboard,redis_notification_feed|remote_push|email,profile-readiness:profile-prompt-user-profile-major:3e9d46eb289214be984cfcb3,Profile intendedMajor or targetMajor is set,,
user_prompt,ready_for_in_app_admin_delivery,26ebb0fdca5f016b883f9463,profile-prompt-user-profile-major,profile,prompt-user,profile.major,critical,/profile?tab=basic,Add your intended major,Your major helps recommendations and application analysis compare the right programs.,Add major,in_app_readiness_surface|dashboard,redis_notification_feed|remote_push|email,profile-readiness:profile-prompt-user-profile-major:26ebb0fdca5f016b883f9463,Profile intendedMajor or targetMajor is set,,
user_prompt,ready_for_in_app_admin_delivery,44ea289861f8179dd3f4d87f,profile-prompt-user-profile-missing,profile,prompt-user,profile.missing,critical,/profile,Create your profile,"A profile is required before predictions, school planning, essays, and timelines can become personalized.",Create profile,in_app_readiness_surface|dashboard,redis_notification_feed|remote_push|email,profile-readiness:profile-prompt-user-profile-missing:44ea289861f8179dd3f4d87f,Profile row exists for user,,
user_prompt,ready_for_in_app_admin_delivery,637bad0b90f9f2c7074ca055,profile-prompt-user-profile-missing,profile,prompt-user,profile.missing,critical,/profile,Create your profile,"A profile is required before predictions, school planning, essays, and timelines can become personalized.",Create profile,in_app_readiness_surface|dashboard,redis_notification_feed|remote_push|email,profile-readiness:profile-prompt-user-profile-missing:637bad0b90f9f2c7074ca055,Profile row exists for user,,
user_prompt,ready_for_in_app_admin_delivery,d6cf7e3aed80d9218be2893c,profile-prompt-user-profile-missing,profile,prompt-user,profile.missing,critical,/profile,Create your profile,"A profile is required before predictions, school planning, essays, and timelines can become personalized.",Create profile,in_app_readiness_surface|dashboard,redis_notification_feed|remote_push|email,profile-readiness:profile-prompt-user-profile-missing:d6cf7e3aed80d9218be2893c,Profile row exists for user,,
user_prompt,ready_for_in_app_admin_delivery,c7da09dc58ad5b3825561898,profile-prompt-user-profile-missing,profile,prompt-user,profile.missing,critical,/profile,Create your profile,"A profile is required before predictions, school planning, essays, and timelines can become personalized.",Create profile,in_app_readiness_surface|dashboard,redis_notification_feed|remote_push|email,profile-readiness:profile-prompt-user-profile-missing:c7da09dc58ad5b3825561898,Profile row exists for user,,
user_prompt,ready_for_in_app_admin_delivery,54deda6071b6929b8aaf9012,profile-prompt-user-profile-test-strategy,profile,prompt-user,profile.test_strategy,critical,/profile?tab=scores,Set your test strategy,"Tell us whether you have scores, plan to test, or are applying test-optional.",Update scores,in_app_readiness_surface|dashboard,redis_notification_feed|remote_push|email,profile-readiness:profile-prompt-user-profile-test-strategy:54deda6071b6929b8aaf9012,Profile has test scores or explicit test plan,,
user_prompt,ready_for_in_app_admin_delivery,2b76b871ca465655cbbacaca,profile-prompt-user-profile-test-strategy,profile,prompt-user,profile.test_strategy,critical,/profile?tab=scores,Set your test strategy,"Tell us whether you have scores, plan to test, or are applying test-optional.",Update scores,in_app_readiness_surface|dashboard,redis_notification_feed|remote_push|email,profile-readiness:profile-prompt-user-profile-test-strategy:2b76b871ca465655cbbacaca,Profile has test scores or explicit test plan,,
user_prompt,ready_for_in_app_admin_delivery,ee5859e5e75b862f47c24481,profile-prompt-user-profile-test-strategy,profile,prompt-user,profile.test_strategy,critical,/profile?tab=scores,Set your test strategy,"Tell us whether you have scores, plan to test, or are applying test-optional.",Update scores,in_app_readiness_surface|dashboard,redis_notification_feed|remote_push|email,profile-readiness:profile-prompt-user-profile-test-strategy:ee5859e5e75b862f47c24481,Profile has test scores or explicit test plan,,
user_prompt,ready_for_in_app_admin_delivery,0decde83c8c3b1eba5c4bcbe,profile-prompt-user-profile-test-strategy,profile,prompt-user,profile.test_strategy,critical,/profile?tab=scores,Set your test strategy,"Tell us whether you have scores, plan to test, or are applying test-optional.",Update scores,in_app_readiness_surface|dashboard,redis_notification_feed|remote_push|email,profile-readiness:profile-prompt-user-profile-test-strategy:0decde83c8c3b1eba5c4bcbe,Profile has test scores or explicit test plan,,
user_prompt,ready_for_in_app_admin_delivery,19f17ffd8ca6cda6fb981237,profile-prompt-user-profile-test-strategy,profile,prompt-user,profile.test_strategy,critical,/profile?tab=scores,Set your test strategy,"Tell us whether you have scores, plan to test, or are applying test-optional.",Update scores,in_app_readiness_surface|dashboard,redis_notification_feed|remote_push|email,profile-readiness:profile-prompt-user-profile-test-strategy:19f17ffd8ca6cda6fb981237,Profile has test scores or explicit test plan,,
user_prompt,ready_for_in_app_admin_delivery,556e66a23d80e56fc6de4c70,profile-prompt-user-profile-test-strategy,profile,prompt-user,profile.test_strategy,critical,/profile?tab=scores,Set your test strategy,"Tell us whether you have scores, plan to test, or are applying test-optional.",Update scores,in_app_readiness_surface|dashboard,redis_notification_feed|remote_push|email,profile-readiness:profile-prompt-user-profile-test-strategy:556e66a23d80e56fc6de4c70,Profile has test scores or explicit test plan,,
user_prompt,ready_for_in_app_admin_delivery,161ae07fa8fcfd5b9c149e3a,profile-prompt-user-profile-test-strategy,profile,prompt-user,profile.test_strategy,critical,/profile?tab=scores,Set your test strategy,"Tell us whether you have scores, plan to test, or are applying test-optional.",Update scores,in_app_readiness_surface|dashboard,redis_notification_feed|remote_push|email,profile-readiness:profile-prompt-user-profile-test-strategy:161ae07fa8fcfd5b9c149e3a,Profile has test scores or explicit test plan,,
user_prompt,ready_for_in_app_admin_delivery,bbcc181196a5f49e7b7b5217,profile-prompt-user-profile-test-strategy,profile,prompt-user,profile.test_strategy,critical,/profile?tab=scores,Set your test strategy,"Tell us whether you have scores, plan to test, or are applying test-optional.",Update scores,in_app_readiness_surface|dashboard,redis_notification_feed|remote_push|email,profile-readiness:profile-prompt-user-profile-test-strategy:bbcc181196a5f49e7b7b5217,Profile has test scores or explicit test plan,,
user_prompt,ready_for_in_app_admin_delivery,2ad6a5c85738075faca4e660,profile-prompt-user-profile-test-strategy,profile,prompt-user,profile.test_strategy,critical,/profile?tab=scores,Set your test strategy,"Tell us whether you have scores, plan to test, or are applying test-optional.",Update scores,in_app_readiness_surface|dashboard,redis_notification_feed|remote_push|email,profile-readiness:profile-prompt-user-profile-test-strategy:2ad6a5c85738075faca4e660,Profile has test scores or explicit test plan,,
user_prompt,ready_for_in_app_admin_delivery,4f43b96ee5b22b7fd5680c21,profile-prompt-user-profile-test-strategy,profile,prompt-user,profile.test_strategy,critical,/profile?tab=scores,Set your test strategy,"Tell us whether you have scores, plan to test, or are applying test-optional.",Update scores,in_app_readiness_surface|dashboard,redis_notification_feed|remote_push|email,profile-readiness:profile-prompt-user-profile-test-strategy:4f43b96ee5b22b7fd5680c21,Profile has test scores or explicit test plan,,
user_prompt,ready_for_in_app_admin_delivery,c271fde2cf1b87f889ec0c16,profile-prompt-user-profile-test-strategy,profile,prompt-user,profile.test_strategy,critical,/profile?tab=scores,Set your test strategy,"Tell us whether you have scores, plan to test, or are applying test-optional.",Update scores,in_app_readiness_surface|dashboard,redis_notification_feed|remote_push|email,profile-readiness:profile-prompt-user-profile-test-strategy:c271fde2cf1b87f889ec0c16,Profile has test scores or explicit test plan,,
user_prompt,ready_for_in_app_admin_delivery,746bc9d4549c99352f08bdcf,profile-prompt-user-profile-test-strategy,profile,prompt-user,profile.test_strategy,critical,/profile?tab=scores,Set your test strategy,"Tell us whether you have scores, plan to test, or are applying test-optional.",Update scores,in_app_readiness_surface|dashboard,redis_notification_feed|remote_push|email,profile-readiness:profile-prompt-user-profile-test-strategy:746bc9d4549c99352f08bdcf,Profile has test scores or explicit test plan,,
user_prompt,ready_for_in_app_admin_delivery,b4d7837782707744792d2395,profile-prompt-user-profile-test-strategy,profile,prompt-user,profile.test_strategy,critical,/profile?tab=scores,Set your test strategy,"Tell us whether you have scores, plan to test, or are applying test-optional.",Update scores,in_app_readiness_surface|dashboard,redis_notification_feed|remote_push|email,profile-readiness:profile-prompt-user-profile-test-strategy:b4d7837782707744792d2395,Profile has test scores or explicit test plan,,
user_prompt,ready_for_in_app_admin_delivery,40e9414c98a1ebdf2dcad4cd,profile-prompt-user-profile-test-strategy,profile,prompt-user,profile.test_strategy,critical,/profile?tab=scores,Set your test strategy,"Tell us whether you have scores, plan to test, or are applying test-optional.",Update scores,in_app_readiness_surface|dashboard,redis_notification_feed|remote_push|email,profile-readiness:profile-prompt-user-profile-test-strategy:40e9414c98a1ebdf2dcad4cd,Profile has test scores or explicit test plan,,
user_prompt,ready_for_in_app_admin_delivery,b1fa79bf9c552d0d23893f4d,profile-prompt-user-profile-test-strategy,profile,prompt-user,profile.test_strategy,critical,/profile?tab=scores,Set your test strategy,"Tell us whether you have scores, plan to test, or are applying test-optional.",Update scores,in_app_readiness_surface|dashboard,redis_notification_feed|remote_push|email,profile-readiness:profile-prompt-user-profile-test-strategy:b1fa79bf9c552d0d23893f4d,Profile has test scores or explicit test plan,,
user_prompt,ready_for_in_app_admin_delivery,7eb6af9e5e76bffb19b076da,profile-prompt-user-profile-test-strategy,profile,prompt-user,profile.test_strategy,critical,/profile?tab=scores,Set your test strategy,"Tell us whether you have scores, plan to test, or are applying test-optional.",Update scores,in_app_readiness_surface|dashboard,redis_notification_feed|remote_push|email,profile-readiness:profile-prompt-user-profile-test-strategy:7eb6af9e5e76bffb19b076da,Profile has test scores or explicit test plan,,
user_prompt,ready_for_in_app_admin_delivery,0d718acf5447f81ecb074643,profile-prompt-user-profile-test-strategy,profile,prompt-user,profile.test_strategy,critical,/profile?tab=scores,Set your test strategy,"Tell us whether you have scores, plan to test, or are applying test-optional.",Update scores,in_app_readiness_surface|dashboard,redis_notification_feed|remote_push|email,profile-readiness:profile-prompt-user-profile-test-strategy:0d718acf5447f81ecb074643,Profile has test scores or explicit test plan,,
user_prompt,ready_for_in_app_admin_delivery,62054f9af3f742de36c2f85c,profile-prompt-user-profile-test-strategy,profile,prompt-user,profile.test_strategy,critical,/profile?tab=scores,Set your test strategy,"Tell us whether you have scores, plan to test, or are applying test-optional.",Update scores,in_app_readiness_surface|dashboard,redis_notification_feed|remote_push|email,profile-readiness:profile-prompt-user-profile-test-strategy:62054f9af3f742de36c2f85c,Profile has test scores or explicit test plan,,
user_prompt,ready_for_in_app_admin_delivery,9364ef9c662f3a639f68f056,profile-prompt-user-profile-test-strategy,profile,prompt-user,profile.test_strategy,critical,/profile?tab=scores,Set your test strategy,"Tell us whether you have scores, plan to test, or are applying test-optional.",Update scores,in_app_readiness_surface|dashboard,redis_notification_feed|remote_push|email,profile-readiness:profile-prompt-user-profile-test-strategy:9364ef9c662f3a639f68f056,Profile has test scores or explicit test plan,,
user_prompt,ready_for_in_app_admin_delivery,3a816c9b5433ae0aaf479ba7,profile-prompt-user-profile-test-strategy,profile,prompt-user,profile.test_strategy,critical,/profile?tab=scores,Set your test strategy,"Tell us whether you have scores, plan to test, or are applying test-optional.",Update scores,in_app_readiness_surface|dashboard,redis_notification_feed|remote_push|email,profile-readiness:profile-prompt-user-profile-test-strategy:3a816c9b5433ae0aaf479ba7,Profile has test scores or explicit test plan,,
user_prompt,ready_for_in_app_admin_delivery,3ee3cf435e4f83fb80edeb51,profile-prompt-user-profile-test-strategy,profile,prompt-user,profile.test_strategy,critical,/profile?tab=scores,Set your test strategy,"Tell us whether you have scores, plan to test, or are applying test-optional.",Update scores,in_app_readiness_surface|dashboard,redis_notification_feed|remote_push|email,profile-readiness:profile-prompt-user-profile-test-strategy:3ee3cf435e4f83fb80edeb51,Profile has test scores or explicit test plan,,
user_prompt,ready_for_in_app_admin_delivery,9c31e7076836e7c3e8c3b9e6,profile-prompt-user-profile-test-strategy,profile,prompt-user,profile.test_strategy,critical,/profile?tab=scores,Set your test strategy,"Tell us whether you have scores, plan to test, or are applying test-optional.",Update scores,in_app_readiness_surface|dashboard,redis_notification_feed|remote_push|email,profile-readiness:profile-prompt-user-profile-test-strategy:9c31e7076836e7c3e8c3b9e6,Profile has test scores or explicit test plan,,
user_prompt,ready_for_in_app_admin_delivery,700a98cbdc40e3ae03f7db21,profile-prompt-user-profile-test-strategy,profile,prompt-user,profile.test_strategy,critical,/profile?tab=scores,Set your test strategy,"Tell us whether you have scores, plan to test, or are applying test-optional.",Update scores,in_app_readiness_surface|dashboard,redis_notification_feed|remote_push|email,profile-readiness:profile-prompt-user-profile-test-strategy:700a98cbdc40e3ae03f7db21,Profile has test scores or explicit test plan,,
user_prompt,ready_for_in_app_admin_delivery,350e3e61308a4fecf31d5265,profile-prompt-user-profile-test-strategy,profile,prompt-user,profile.test_strategy,critical,/profile?tab=scores,Set your test strategy,"Tell us whether you have scores, plan to test, or are applying test-optional.",Update scores,in_app_readiness_surface|dashboard,redis_notification_feed|remote_push|email,profile-readiness:profile-prompt-user-profile-test-strategy:350e3e61308a4fecf31d5265,Profile has test scores or explicit test plan,,
user_prompt,ready_for_in_app_admin_delivery,ee8d2acecabae8a094f78e72,profile-prompt-user-profile-test-strategy,profile,prompt-user,profile.test_strategy,critical,/profile?tab=scores,Set your test strategy,"Tell us whether you have scores, plan to test, or are applying test-optional.",Update scores,in_app_readiness_surface|dashboard,redis_notification_feed|remote_push|email,profile-readiness:profile-prompt-user-profile-test-strategy:ee8d2acecabae8a094f78e72,Profile has test scores or explicit test plan,,
user_prompt,ready_for_in_app_admin_delivery,60ae21cdcc0779c5d57fa893,profile-prompt-user-profile-test-strategy,profile,prompt-user,profile.test_strategy,critical,/profile?tab=scores,Set your test strategy,"Tell us whether you have scores, plan to test, or are applying test-optional.",Update scores,in_app_readiness_surface|dashboard,redis_notification_feed|remote_push|email,profile-readiness:profile-prompt-user-profile-test-strategy:60ae21cdcc0779c5d57fa893,Profile has test scores or explicit test plan,,
user_prompt,ready_for_in_app_admin_delivery,8af2599c6426aee17e392808,profile-prompt-user-profile-test-strategy,profile,prompt-user,profile.test_strategy,critical,/profile?tab=scores,Set your test strategy,"Tell us whether you have scores, plan to test, or are applying test-optional.",Update scores,in_app_readiness_surface|dashboard,redis_notification_feed|remote_push|email,profile-readiness:profile-prompt-user-profile-test-strategy:8af2599c6426aee17e392808,Profile has test scores or explicit test plan,,
user_prompt,ready_for_in_app_admin_delivery,b16338de18bd3ea9490a922c,profile-prompt-user-profile-test-strategy,profile,prompt-user,profile.test_strategy,critical,/profile?tab=scores,Set your test strategy,"Tell us whether you have scores, plan to test, or are applying test-optional.",Update scores,in_app_readiness_surface|dashboard,redis_notification_feed|remote_push|email,profile-readiness:profile-prompt-user-profile-test-strategy:b16338de18bd3ea9490a922c,Profile has test scores or explicit test plan,,
user_prompt,ready_for_in_app_admin_delivery,2c109a0b6856445f718b6cc4,profile-prompt-user-profile-test-strategy,profile,prompt-user,profile.test_strategy,critical,/profile?tab=scores,Set your test strategy,"Tell us whether you have scores, plan to test, or are applying test-optional.",Update scores,in_app_readiness_surface|dashboard,redis_notification_feed|remote_push|email,profile-readiness:profile-prompt-user-profile-test-strategy:2c109a0b6856445f718b6cc4,Profile has test scores or explicit test plan,,
user_prompt,ready_for_in_app_admin_delivery,58f299953ccf1094f94211d2,profile-prompt-user-profile-test-strategy,profile,prompt-user,profile.test_strategy,critical,/profile?tab=scores,Set your test strategy,"Tell us whether you have scores, plan to test, or are applying test-optional.",Update scores,in_app_readiness_surface|dashboard,redis_notification_feed|remote_push|email,profile-readiness:profile-prompt-user-profile-test-strategy:58f299953ccf1094f94211d2,Profile has test scores or explicit test plan,,
user_prompt,ready_for_in_app_admin_delivery,b08f78a2c250836222a2ed7e,profile-prompt-user-profile-test-strategy,profile,prompt-user,profile.test_strategy,critical,/profile?tab=scores,Set your test strategy,"Tell us whether you have scores, plan to test, or are applying test-optional.",Update scores,in_app_readiness_surface|dashboard,redis_notification_feed|remote_push|email,profile-readiness:profile-prompt-user-profile-test-strategy:b08f78a2c250836222a2ed7e,Profile has test scores or explicit test plan,,
user_prompt,ready_for_in_app_admin_delivery,e35b0c6b5a8af24ddecf15b1,profile-prompt-user-profile-test-strategy,profile,prompt-user,profile.test_strategy,critical,/profile?tab=scores,Set your test strategy,"Tell us whether you have scores, plan to test, or are applying test-optional.",Update scores,in_app_readiness_surface|dashboard,redis_notification_feed|remote_push|email,profile-readiness:profile-prompt-user-profile-test-strategy:e35b0c6b5a8af24ddecf15b1,Profile has test scores or explicit test plan,,
user_prompt,ready_for_in_app_admin_delivery,af8e626ff7ecc5fffec5a83b,profile-prompt-user-profile-test-strategy,profile,prompt-user,profile.test_strategy,critical,/profile?tab=scores,Set your test strategy,"Tell us whether you have scores, plan to test, or are applying test-optional.",Update scores,in_app_readiness_surface|dashboard,redis_notification_feed|remote_push|email,profile-readiness:profile-prompt-user-profile-test-strategy:af8e626ff7ecc5fffec5a83b,Profile has test scores or explicit test plan,,
user_prompt,ready_for_in_app_admin_delivery,5635dbb88bfc845adb3c6c2d,profile-prompt-user-profile-test-strategy,profile,prompt-user,profile.test_strategy,critical,/profile?tab=scores,Set your test strategy,"Tell us whether you have scores, plan to test, or are applying test-optional.",Update scores,in_app_readiness_surface|dashboard,redis_notification_feed|remote_push|email,profile-readiness:profile-prompt-user-profile-test-strategy:5635dbb88bfc845adb3c6c2d,Profile has test scores or explicit test plan,,
user_prompt,ready_for_in_app_admin_delivery,08a357ecc96894482491cba4,profile-prompt-user-profile-test-strategy,profile,prompt-user,profile.test_strategy,critical,/profile?tab=scores,Set your test strategy,"Tell us whether you have scores, plan to test, or are applying test-optional.",Update scores,in_app_readiness_surface|dashboard,redis_notification_feed|remote_push|email,profile-readiness:profile-prompt-user-profile-test-strategy:08a357ecc96894482491cba4,Profile has test scores or explicit test plan,,
user_prompt,ready_for_in_app_admin_delivery,82be1f799b998791e0b4a42f,profile-prompt-user-profile-test-strategy,profile,prompt-user,profile.test_strategy,critical,/profile?tab=scores,Set your test strategy,"Tell us whether you have scores, plan to test, or are applying test-optional.",Update scores,in_app_readiness_surface|dashboard,redis_notification_feed|remote_push|email,profile-readiness:profile-prompt-user-profile-test-strategy:82be1f799b998791e0b4a42f,Profile has test scores or explicit test plan,,
user_prompt,ready_for_in_app_admin_delivery,d44f4c033bff279e6a7ecb7f,profile-prompt-user-profile-test-strategy,profile,prompt-user,profile.test_strategy,critical,/profile?tab=scores,Set your test strategy,"Tell us whether you have scores, plan to test, or are applying test-optional.",Update scores,in_app_readiness_surface|dashboard,redis_notification_feed|remote_push|email,profile-readiness:profile-prompt-user-profile-test-strategy:d44f4c033bff279e6a7ecb7f,Profile has test scores or explicit test plan,,
user_prompt,ready_for_in_app_admin_delivery,1721e7fd604c8c9cba7b29ee,profile-prompt-user-profile-test-strategy,profile,prompt-user,profile.test_strategy,critical,/profile?tab=scores,Set your test strategy,"Tell us whether you have scores, plan to test, or are applying test-optional.",Update scores,in_app_readiness_surface|dashboard,redis_notification_feed|remote_push|email,profile-readiness:profile-prompt-user-profile-test-strategy:1721e7fd604c8c9cba7b29ee,Profile has test scores or explicit test plan,,
user_prompt,ready_for_in_app_admin_delivery,aa77cfaf01d5f471651c731f,profile-prompt-user-profile-test-strategy,profile,prompt-user,profile.test_strategy,critical,/profile?tab=scores,Set your test strategy,"Tell us whether you have scores, plan to test, or are applying test-optional.",Update scores,in_app_readiness_surface|dashboard,redis_notification_feed|remote_push|email,profile-readiness:profile-prompt-user-profile-test-strategy:aa77cfaf01d5f471651c731f,Profile has test scores or explicit test plan,,
user_prompt,ready_for_in_app_admin_delivery,8182fd0a8ea90cbe07f9f5f3,profile-prompt-user-profile-test-strategy,profile,prompt-user,profile.test_strategy,critical,/profile?tab=scores,Set your test strategy,"Tell us whether you have scores, plan to test, or are applying test-optional.",Update scores,in_app_readiness_surface|dashboard,redis_notification_feed|remote_push|email,profile-readiness:profile-prompt-user-profile-test-strategy:8182fd0a8ea90cbe07f9f5f3,Profile has test scores or explicit test plan,,
user_prompt,ready_for_in_app_admin_delivery,8f76e29a0754e9147868ff48,profile-prompt-user-profile-test-strategy,profile,prompt-user,profile.test_strategy,critical,/profile?tab=scores,Set your test strategy,"Tell us whether you have scores, plan to test, or are applying test-optional.",Update scores,in_app_readiness_surface|dashboard,redis_notification_feed|remote_push|email,profile-readiness:profile-prompt-user-profile-test-strategy:8f76e29a0754e9147868ff48,Profile has test scores or explicit test plan,,
user_prompt,ready_for_in_app_admin_delivery,e49853bb7590d4fbc088e2ce,profile-prompt-user-profile-test-strategy,profile,prompt-user,profile.test_strategy,critical,/profile?tab=scores,Set your test strategy,"Tell us whether you have scores, plan to test, or are applying test-optional.",Update scores,in_app_readiness_surface|dashboard,redis_notification_feed|remote_push|email,profile-readiness:profile-prompt-user-profile-test-strategy:e49853bb7590d4fbc088e2ce,Profile has test scores or explicit test plan,,
user_prompt,ready_for_in_app_admin_delivery,ba75887eed7d741502c53c31,profile-prompt-user-profile-test-strategy,profile,prompt-user,profile.test_strategy,critical,/profile?tab=scores,Set your test strategy,"Tell us whether you have scores, plan to test, or are applying test-optional.",Update scores,in_app_readiness_surface|dashboard,redis_notification_feed|remote_push|email,profile-readiness:profile-prompt-user-profile-test-strategy:ba75887eed7d741502c53c31,Profile has test scores or explicit test plan,,
user_prompt,ready_for_in_app_admin_delivery,2f77ce3256c653a98a843922,profile-prompt-user-profile-test-strategy,profile,prompt-user,profile.test_strategy,critical,/profile?tab=scores,Set your test strategy,"Tell us whether you have scores, plan to test, or are applying test-optional.",Update scores,in_app_readiness_surface|dashboard,redis_notification_feed|remote_push|email,profile-readiness:profile-prompt-user-profile-test-strategy:2f77ce3256c653a98a843922,Profile has test scores or explicit test plan,,
user_prompt,ready_for_in_app_admin_delivery,39d82fb302892df916184722,profile-prompt-user-profile-test-strategy,profile,prompt-user,profile.test_strategy,critical,/profile?tab=scores,Set your test strategy,"Tell us whether you have scores, plan to test, or are applying test-optional.",Update scores,in_app_readiness_surface|dashboard,redis_notification_feed|remote_push|email,profile-readiness:profile-prompt-user-profile-test-strategy:39d82fb302892df916184722,Profile has test scores or explicit test plan,,
user_prompt,ready_for_in_app_admin_delivery,73a91be57fb9c7848ca2fc38,profile-prompt-user-profile-test-strategy,profile,prompt-user,profile.test_strategy,critical,/profile?tab=scores,Set your test strategy,"Tell us whether you have scores, plan to test, or are applying test-optional.",Update scores,in_app_readiness_surface|dashboard,redis_notification_feed|remote_push|email,profile-readiness:profile-prompt-user-profile-test-strategy:73a91be57fb9c7848ca2fc38,Profile has test scores or explicit test plan,,
user_prompt,ready_for_in_app_admin_delivery,b7c52e38fa597c4401a45a0d,profile-prompt-user-profile-test-strategy,profile,prompt-user,profile.test_strategy,critical,/profile?tab=scores,Set your test strategy,"Tell us whether you have scores, plan to test, or are applying test-optional.",Update scores,in_app_readiness_surface|dashboard,redis_notification_feed|remote_push|email,profile-readiness:profile-prompt-user-profile-test-strategy:b7c52e38fa597c4401a45a0d,Profile has test scores or explicit test plan,,
user_prompt,ready_for_in_app_admin_delivery,b6211d62f28ea1ac1fbf92f6,profile-prompt-user-profile-test-strategy,profile,prompt-user,profile.test_strategy,critical,/profile?tab=scores,Set your test strategy,"Tell us whether you have scores, plan to test, or are applying test-optional.",Update scores,in_app_readiness_surface|dashboard,redis_notification_feed|remote_push|email,profile-readiness:profile-prompt-user-profile-test-strategy:b6211d62f28ea1ac1fbf92f6,Profile has test scores or explicit test plan,,
user_prompt,ready_for_in_app_admin_delivery,51123683ff47579b1326d7e0,profile-prompt-user-profile-test-strategy,profile,prompt-user,profile.test_strategy,critical,/profile?tab=scores,Set your test strategy,"Tell us whether you have scores, plan to test, or are applying test-optional.",Update scores,in_app_readiness_surface|dashboard,redis_notification_feed|remote_push|email,profile-readiness:profile-prompt-user-profile-test-strategy:51123683ff47579b1326d7e0,Profile has test scores or explicit test plan,,
user_prompt,ready_for_in_app_admin_delivery,d623a290fc0c003872b7e51e,profile-prompt-user-profile-test-strategy,profile,prompt-user,profile.test_strategy,critical,/profile?tab=scores,Set your test strategy,"Tell us whether you have scores, plan to test, or are applying test-optional.",Update scores,in_app_readiness_surface|dashboard,redis_notification_feed|remote_push|email,profile-readiness:profile-prompt-user-profile-test-strategy:d623a290fc0c003872b7e51e,Profile has test scores or explicit test plan,,
user_prompt,ready_for_in_app_admin_delivery,d235bd129f743fb22c4ed3fd,profile-prompt-user-profile-test-strategy,profile,prompt-user,profile.test_strategy,critical,/profile?tab=scores,Set your test strategy,"Tell us whether you have scores, plan to test, or are applying test-optional.",Update scores,in_app_readiness_surface|dashboard,redis_notification_feed|remote_push|email,profile-readiness:profile-prompt-user-profile-test-strategy:d235bd129f743fb22c4ed3fd,Profile has test scores or explicit test plan,,
user_prompt,ready_for_in_app_admin_delivery,2532d98f34e1ac7c1659d8eb,profile-prompt-user-profile-test-strategy,profile,prompt-user,profile.test_strategy,critical,/profile?tab=scores,Set your test strategy,"Tell us whether you have scores, plan to test, or are applying test-optional.",Update scores,in_app_readiness_surface|dashboard,redis_notification_feed|remote_push|email,profile-readiness:profile-prompt-user-profile-test-strategy:2532d98f34e1ac7c1659d8eb,Profile has test scores or explicit test plan,,
user_prompt,ready_for_in_app_admin_delivery,80198917031fa524bd986f16,profile-prompt-user-profile-test-strategy,profile,prompt-user,profile.test_strategy,critical,/profile?tab=scores,Set your test strategy,"Tell us whether you have scores, plan to test, or are applying test-optional.",Update scores,in_app_readiness_surface|dashboard,redis_notification_feed|remote_push|email,profile-readiness:profile-prompt-user-profile-test-strategy:80198917031fa524bd986f16,Profile has test scores or explicit test plan,,
user_prompt,ready_for_in_app_admin_delivery,fb77434774ac9a3e30419226,profile-prompt-user-profile-test-strategy,profile,prompt-user,profile.test_strategy,critical,/profile?tab=scores,Set your test strategy,"Tell us whether you have scores, plan to test, or are applying test-optional.",Update scores,in_app_readiness_surface|dashboard,redis_notification_feed|remote_push|email,profile-readiness:profile-prompt-user-profile-test-strategy:fb77434774ac9a3e30419226,Profile has test scores or explicit test plan,,
user_prompt,ready_for_in_app_admin_delivery,f9fd9b821f5302c444105093,profile-prompt-user-profile-test-strategy,profile,prompt-user,profile.test_strategy,critical,/profile?tab=scores,Set your test strategy,"Tell us whether you have scores, plan to test, or are applying test-optional.",Update scores,in_app_readiness_surface|dashboard,redis_notification_feed|remote_push|email,profile-readiness:profile-prompt-user-profile-test-strategy:f9fd9b821f5302c444105093,Profile has test scores or explicit test plan,,
user_prompt,ready_for_in_app_admin_delivery,8ee4a43e09bd1fb564a3d07c,profile-prompt-user-profile-test-strategy,profile,prompt-user,profile.test_strategy,critical,/profile?tab=scores,Set your test strategy,"Tell us whether you have scores, plan to test, or are applying test-optional.",Update scores,in_app_readiness_surface|dashboard,redis_notification_feed|remote_push|email,profile-readiness:profile-prompt-user-profile-test-strategy:8ee4a43e09bd1fb564a3d07c,Profile has test scores or explicit test plan,,
user_prompt,ready_for_in_app_admin_delivery,1205c6fffa0d08b1c24f8aba,profile-prompt-user-profile-test-strategy,profile,prompt-user,profile.test_strategy,critical,/profile?tab=scores,Set your test strategy,"Tell us whether you have scores, plan to test, or are applying test-optional.",Update scores,in_app_readiness_surface|dashboard,redis_notification_feed|remote_push|email,profile-readiness:profile-prompt-user-profile-test-strategy:1205c6fffa0d08b1c24f8aba,Profile has test scores or explicit test plan,,
user_prompt,ready_for_in_app_admin_delivery,83e1e60cee3420e8a087ec65,profile-prompt-user-profile-test-strategy,profile,prompt-user,profile.test_strategy,critical,/profile?tab=scores,Set your test strategy,"Tell us whether you have scores, plan to test, or are applying test-optional.",Update scores,in_app_readiness_surface|dashboard,redis_notification_feed|remote_push|email,profile-readiness:profile-prompt-user-profile-test-strategy:83e1e60cee3420e8a087ec65,Profile has test scores or explicit test plan,,
user_prompt,ready_for_in_app_admin_delivery,4128eb49c7d66593fc377cf2,profile-prompt-user-profile-test-strategy,profile,prompt-user,profile.test_strategy,critical,/profile?tab=scores,Set your test strategy,"Tell us whether you have scores, plan to test, or are applying test-optional.",Update scores,in_app_readiness_surface|dashboard,redis_notification_feed|remote_push|email,profile-readiness:profile-prompt-user-profile-test-strategy:4128eb49c7d66593fc377cf2,Profile has test scores or explicit test plan,,
user_prompt,ready_for_in_app_admin_delivery,66bd62747c0c3780d93d5ac0,profile-prompt-user-profile-test-strategy,profile,prompt-user,profile.test_strategy,critical,/profile?tab=scores,Set your test strategy,"Tell us whether you have scores, plan to test, or are applying test-optional.",Update scores,in_app_readiness_surface|dashboard,redis_notification_feed|remote_push|email,profile-readiness:profile-prompt-user-profile-test-strategy:66bd62747c0c3780d93d5ac0,Profile has test scores or explicit test plan,,
user_prompt,ready_for_in_app_admin_delivery,387d5008ef0d61abbf0981c3,profile-prompt-user-profile-test-strategy,profile,prompt-user,profile.test_strategy,critical,/profile?tab=scores,Set your test strategy,"Tell us whether you have scores, plan to test, or are applying test-optional.",Update scores,in_app_readiness_surface|dashboard,redis_notification_feed|remote_push|email,profile-readiness:profile-prompt-user-profile-test-strategy:387d5008ef0d61abbf0981c3,Profile has test scores or explicit test plan,,
user_prompt,ready_for_in_app_admin_delivery,6e88e7843d84c8e4ac30d418,profile-prompt-user-profile-test-strategy,profile,prompt-user,profile.test_strategy,critical,/profile?tab=scores,Set your test strategy,"Tell us whether you have scores, plan to test, or are applying test-optional.",Update scores,in_app_readiness_surface|dashboard,redis_notification_feed|remote_push|email,profile-readiness:profile-prompt-user-profile-test-strategy:6e88e7843d84c8e4ac30d418,Profile has test scores or explicit test plan,,
user_prompt,ready_for_in_app_admin_delivery,85fc8cd917b074b9f364b19f,profile-prompt-user-profile-test-strategy,profile,prompt-user,profile.test_strategy,critical,/profile?tab=scores,Set your test strategy,"Tell us whether you have scores, plan to test, or are applying test-optional.",Update scores,in_app_readiness_surface|dashboard,redis_notification_feed|remote_push|email,profile-readiness:profile-prompt-user-profile-test-strategy:85fc8cd917b074b9f364b19f,Profile has test scores or explicit test plan,,
user_prompt,ready_for_in_app_admin_delivery,393497c7e1766899efccdd67,profile-prompt-user-profile-test-strategy,profile,prompt-user,profile.test_strategy,critical,/profile?tab=scores,Set your test strategy,"Tell us whether you have scores, plan to test, or are applying test-optional.",Update scores,in_app_readiness_surface|dashboard,redis_notification_feed|remote_push|email,profile-readiness:profile-prompt-user-profile-test-strategy:393497c7e1766899efccdd67,Profile has test scores or explicit test plan,,
user_prompt,ready_for_in_app_admin_delivery,cdb3da9ea543a5c753ccfa0c,profile-prompt-user-profile-test-strategy,profile,prompt-user,profile.test_strategy,critical,/profile?tab=scores,Set your test strategy,"Tell us whether you have scores, plan to test, or are applying test-optional.",Update scores,in_app_readiness_surface|dashboard,redis_notification_feed|remote_push|email,profile-readiness:profile-prompt-user-profile-test-strategy:cdb3da9ea543a5c753ccfa0c,Profile has test scores or explicit test plan,,
user_prompt,ready_for_in_app_admin_delivery,fc8f16b83985b967de426d3f,profile-prompt-user-profile-test-strategy,profile,prompt-user,profile.test_strategy,critical,/profile?tab=scores,Set your test strategy,"Tell us whether you have scores, plan to test, or are applying test-optional.",Update scores,in_app_readiness_surface|dashboard,redis_notification_feed|remote_push|email,profile-readiness:profile-prompt-user-profile-test-strategy:fc8f16b83985b967de426d3f,Profile has test scores or explicit test plan,,
user_prompt,ready_for_in_app_admin_delivery,b0c80988e12081c77a12a149,profile-prompt-user-profile-test-strategy,profile,prompt-user,profile.test_strategy,critical,/profile?tab=scores,Set your test strategy,"Tell us whether you have scores, plan to test, or are applying test-optional.",Update scores,in_app_readiness_surface|dashboard,redis_notification_feed|remote_push|email,profile-readiness:profile-prompt-user-profile-test-strategy:b0c80988e12081c77a12a149,Profile has test scores or explicit test plan,,
user_prompt,ready_for_in_app_admin_delivery,e8c4627e90dd0c86561a4211,profile-prompt-user-profile-test-strategy,profile,prompt-user,profile.test_strategy,critical,/profile?tab=scores,Set your test strategy,"Tell us whether you have scores, plan to test, or are applying test-optional.",Update scores,in_app_readiness_surface|dashboard,redis_notification_feed|remote_push|email,profile-readiness:profile-prompt-user-profile-test-strategy:e8c4627e90dd0c86561a4211,Profile has test scores or explicit test plan,,
user_prompt,ready_for_in_app_admin_delivery,3a8e2922b759ef135c3d9f7e,profile-prompt-user-profile-test-strategy,profile,prompt-user,profile.test_strategy,critical,/profile?tab=scores,Set your test strategy,"Tell us whether you have scores, plan to test, or are applying test-optional.",Update scores,in_app_readiness_surface|dashboard,redis_notification_feed|remote_push|email,profile-readiness:profile-prompt-user-profile-test-strategy:3a8e2922b759ef135c3d9f7e,Profile has test scores or explicit test plan,,
user_prompt,ready_for_in_app_admin_delivery,924f93d3f6ffe9ccc9df7305,profile-prompt-user-profile-test-strategy,profile,prompt-user,profile.test_strategy,critical,/profile?tab=scores,Set your test strategy,"Tell us whether you have scores, plan to test, or are applying test-optional.",Update scores,in_app_readiness_surface|dashboard,redis_notification_feed|remote_push|email,profile-readiness:profile-prompt-user-profile-test-strategy:924f93d3f6ffe9ccc9df7305,Profile has test scores or explicit test plan,,
user_prompt,ready_for_in_app_admin_delivery,87bedf823aa46069dcbcb0af,profile-prompt-user-profile-test-strategy,profile,prompt-user,profile.test_strategy,critical,/profile?tab=scores,Set your test strategy,"Tell us whether you have scores, plan to test, or are applying test-optional.",Update scores,in_app_readiness_surface|dashboard,redis_notification_feed|remote_push|email,profile-readiness:profile-prompt-user-profile-test-strategy:87bedf823aa46069dcbcb0af,Profile has test scores or explicit test plan,,
user_prompt,ready_for_in_app_admin_delivery,bf916380c8f762a7e70e53ff,profile-prompt-user-profile-test-strategy,profile,prompt-user,profile.test_strategy,critical,/profile?tab=scores,Set your test strategy,"Tell us whether you have scores, plan to test, or are applying test-optional.",Update scores,in_app_readiness_surface|dashboard,redis_notification_feed|remote_push|email,profile-readiness:profile-prompt-user-profile-test-strategy:bf916380c8f762a7e70e53ff,Profile has test scores or explicit test plan,,
user_prompt,ready_for_in_app_admin_delivery,31ae86e25c7cd2d9507ef83b,profile-prompt-user-profile-test-strategy,profile,prompt-user,profile.test_strategy,critical,/profile?tab=scores,Set your test strategy,"Tell us whether you have scores, plan to test, or are applying test-optional.",Update scores,in_app_readiness_surface|dashboard,redis_notification_feed|remote_push|email,profile-readiness:profile-prompt-user-profile-test-strategy:31ae86e25c7cd2d9507ef83b,Profile has test scores or explicit test plan,,
user_prompt,ready_for_in_app_admin_delivery,be55ccf9aec7954921b58ed6,profile-prompt-user-profile-test-strategy,profile,prompt-user,profile.test_strategy,critical,/profile?tab=scores,Set your test strategy,"Tell us whether you have scores, plan to test, or are applying test-optional.",Update scores,in_app_readiness_surface|dashboard,redis_notification_feed|remote_push|email,profile-readiness:profile-prompt-user-profile-test-strategy:be55ccf9aec7954921b58ed6,Profile has test scores or explicit test plan,,
user_prompt,ready_for_in_app_admin_delivery,1625eaac5e2f519a41d415dd,profile-prompt-user-profile-test-strategy,profile,prompt-user,profile.test_strategy,critical,/profile?tab=scores,Set your test strategy,"Tell us whether you have scores, plan to test, or are applying test-optional.",Update scores,in_app_readiness_surface|dashboard,redis_notification_feed|remote_push|email,profile-readiness:profile-prompt-user-profile-test-strategy:1625eaac5e2f519a41d415dd,Profile has test scores or explicit test plan,,
user_prompt,ready_for_in_app_admin_delivery,9f61348ce777b016003bfed2,profile-prompt-user-profile-test-strategy,profile,prompt-user,profile.test_strategy,critical,/profile?tab=scores,Set your test strategy,"Tell us whether you have scores, plan to test, or are applying test-optional.",Update scores,in_app_readiness_surface|dashboard,redis_notification_feed|remote_push|email,profile-readiness:profile-prompt-user-profile-test-strategy:9f61348ce777b016003bfed2,Profile has test scores or explicit test plan,,
user_prompt,ready_for_in_app_admin_delivery,c7acaf6bdb242425516cdea2,profile-prompt-user-profile-test-strategy,profile,prompt-user,profile.test_strategy,critical,/profile?tab=scores,Set your test strategy,"Tell us whether you have scores, plan to test, or are applying test-optional.",Update scores,in_app_readiness_surface|dashboard,redis_notification_feed|remote_push|email,profile-readiness:profile-prompt-user-profile-test-strategy:c7acaf6bdb242425516cdea2,Profile has test scores or explicit test plan,,
user_prompt,ready_for_in_app_admin_delivery,460a1b39d0a0bbf719ccd42e,profile-prompt-user-profile-test-strategy,profile,prompt-user,profile.test_strategy,critical,/profile?tab=scores,Set your test strategy,"Tell us whether you have scores, plan to test, or are applying test-optional.",Update scores,in_app_readiness_surface|dashboard,redis_notification_feed|remote_push|email,profile-readiness:profile-prompt-user-profile-test-strategy:460a1b39d0a0bbf719ccd42e,Profile has test scores or explicit test plan,,
user_prompt,ready_for_in_app_admin_delivery,2469297d61ae15809a5a0bad,profile-prompt-user-profile-test-strategy,profile,prompt-user,profile.test_strategy,critical,/profile?tab=scores,Set your test strategy,"Tell us whether you have scores, plan to test, or are applying test-optional.",Update scores,in_app_readiness_surface|dashboard,redis_notification_feed|remote_push|email,profile-readiness:profile-prompt-user-profile-test-strategy:2469297d61ae15809a5a0bad,Profile has test scores or explicit test plan,,
user_prompt,ready_for_in_app_admin_delivery,24b9b75b5aa5af21078930b1,profile-prompt-user-profile-test-strategy,profile,prompt-user,profile.test_strategy,critical,/profile?tab=scores,Set your test strategy,"Tell us whether you have scores, plan to test, or are applying test-optional.",Update scores,in_app_readiness_surface|dashboard,redis_notification_feed|remote_push|email,profile-readiness:profile-prompt-user-profile-test-strategy:24b9b75b5aa5af21078930b1,Profile has test scores or explicit test plan,,
user_prompt,ready_for_in_app_admin_delivery,96bb7725f80f2deb6d14aee8,profile-prompt-user-profile-test-strategy,profile,prompt-user,profile.test_strategy,critical,/profile?tab=scores,Set your test strategy,"Tell us whether you have scores, plan to test, or are applying test-optional.",Update scores,in_app_readiness_surface|dashboard,redis_notification_feed|remote_push|email,profile-readiness:profile-prompt-user-profile-test-strategy:96bb7725f80f2deb6d14aee8,Profile has test scores or explicit test plan,,
user_prompt,ready_for_in_app_admin_delivery,62518ba44202e419939d7380,profile-prompt-user-profile-test-strategy,profile,prompt-user,profile.test_strategy,critical,/profile?tab=scores,Set your test strategy,"Tell us whether you have scores, plan to test, or are applying test-optional.",Update scores,in_app_readiness_surface|dashboard,redis_notification_feed|remote_push|email,profile-readiness:profile-prompt-user-profile-test-strategy:62518ba44202e419939d7380,Profile has test scores or explicit test plan,,
user_prompt,ready_for_in_app_admin_delivery,12fab2f5592a0faa96fd9ea6,profile-prompt-user-profile-test-strategy,profile,prompt-user,profile.test_strategy,critical,/profile?tab=scores,Set your test strategy,"Tell us whether you have scores, plan to test, or are applying test-optional.",Update scores,in_app_readiness_surface|dashboard,redis_notification_feed|remote_push|email,profile-readiness:profile-prompt-user-profile-test-strategy:12fab2f5592a0faa96fd9ea6,Profile has test scores or explicit test plan,,
user_prompt,ready_for_in_app_admin_delivery,07336775ec557556d6ec62db,profile-prompt-user-profile-test-strategy,profile,prompt-user,profile.test_strategy,critical,/profile?tab=scores,Set your test strategy,"Tell us whether you have scores, plan to test, or are applying test-optional.",Update scores,in_app_readiness_surface|dashboard,redis_notification_feed|remote_push|email,profile-readiness:profile-prompt-user-profile-test-strategy:07336775ec557556d6ec62db,Profile has test scores or explicit test plan,,
user_prompt,ready_for_in_app_admin_delivery,dc870637f8d4f37ca4b13080,profile-prompt-user-profile-test-strategy,profile,prompt-user,profile.test_strategy,critical,/profile?tab=scores,Set your test strategy,"Tell us whether you have scores, plan to test, or are applying test-optional.",Update scores,in_app_readiness_surface|dashboard,redis_notification_feed|remote_push|email,profile-readiness:profile-prompt-user-profile-test-strategy:dc870637f8d4f37ca4b13080,Profile has test scores or explicit test plan,,
user_prompt,ready_for_in_app_admin_delivery,5b75b94cf2db494b630266ad,profile-prompt-user-profile-test-strategy,profile,prompt-user,profile.test_strategy,critical,/profile?tab=scores,Set your test strategy,"Tell us whether you have scores, plan to test, or are applying test-optional.",Update scores,in_app_readiness_surface|dashboard,redis_notification_feed|remote_push|email,profile-readiness:profile-prompt-user-profile-test-strategy:5b75b94cf2db494b630266ad,Profile has test scores or explicit test plan,,
user_prompt,ready_for_in_app_admin_delivery,bfcccb6a551e4a8d50b973de,profile-prompt-user-profile-test-strategy,profile,prompt-user,profile.test_strategy,critical,/profile?tab=scores,Set your test strategy,"Tell us whether you have scores, plan to test, or are applying test-optional.",Update scores,in_app_readiness_surface|dashboard,redis_notification_feed|remote_push|email,profile-readiness:profile-prompt-user-profile-test-strategy:bfcccb6a551e4a8d50b973de,Profile has test scores or explicit test plan,,
user_prompt,ready_for_in_app_admin_delivery,7db800770eb73da8832dd707,profile-prompt-user-profile-test-strategy,profile,prompt-user,profile.test_strategy,critical,/profile?tab=scores,Set your test strategy,"Tell us whether you have scores, plan to test, or are applying test-optional.",Update scores,in_app_readiness_surface|dashboard,redis_notification_feed|remote_push|email,profile-readiness:profile-prompt-user-profile-test-strategy:7db800770eb73da8832dd707,Profile has test scores or explicit test plan,,
user_prompt,ready_for_in_app_admin_delivery,026b9edd82f92dd6ee9d5fd7,profile-prompt-user-profile-test-strategy,profile,prompt-user,profile.test_strategy,critical,/profile?tab=scores,Set your test strategy,"Tell us whether you have scores, plan to test, or are applying test-optional.",Update scores,in_app_readiness_surface|dashboard,redis_notification_feed|remote_push|email,profile-readiness:profile-prompt-user-profile-test-strategy:026b9edd82f92dd6ee9d5fd7,Profile has test scores or explicit test plan,,
user_prompt,ready_for_in_app_admin_delivery,3654c572f6fbdd1467e6bb63,profile-prompt-user-profile-test-strategy,profile,prompt-user,profile.test_strategy,critical,/profile?tab=scores,Set your test strategy,"Tell us whether you have scores, plan to test, or are applying test-optional.",Update scores,in_app_readiness_surface|dashboard,redis_notification_feed|remote_push|email,profile-readiness:profile-prompt-user-profile-test-strategy:3654c572f6fbdd1467e6bb63,Profile has test scores or explicit test plan,,
user_prompt,ready_for_in_app_admin_delivery,224ffa3dca1db08281b46e31,profile-prompt-user-profile-test-strategy,profile,prompt-user,profile.test_strategy,critical,/profile?tab=scores,Set your test strategy,"Tell us whether you have scores, plan to test, or are applying test-optional.",Update scores,in_app_readiness_surface|dashboard,redis_notification_feed|remote_push|email,profile-readiness:profile-prompt-user-profile-test-strategy:224ffa3dca1db08281b46e31,Profile has test scores or explicit test plan,,
user_prompt,ready_for_in_app_admin_delivery,9062cc22dba829dc0b78d5c0,profile-prompt-user-profile-test-strategy,profile,prompt-user,profile.test_strategy,critical,/profile?tab=scores,Set your test strategy,"Tell us whether you have scores, plan to test, or are applying test-optional.",Update scores,in_app_readiness_surface|dashboard,redis_notification_feed|remote_push|email,profile-readiness:profile-prompt-user-profile-test-strategy:9062cc22dba829dc0b78d5c0,Profile has test scores or explicit test plan,,
user_prompt,ready_for_in_app_admin_delivery,d4cee5b87e1ae49c97098ec9,profile-prompt-user-profile-test-strategy,profile,prompt-user,profile.test_strategy,critical,/profile?tab=scores,Set your test strategy,"Tell us whether you have scores, plan to test, or are applying test-optional.",Update scores,in_app_readiness_surface|dashboard,redis_notification_feed|remote_push|email,profile-readiness:profile-prompt-user-profile-test-strategy:d4cee5b87e1ae49c97098ec9,Profile has test scores or explicit test plan,,
user_prompt,ready_for_in_app_admin_delivery,b06b8c942ca03b7f8343e1ab,profile-prompt-user-profile-test-strategy,profile,prompt-user,profile.test_strategy,critical,/profile?tab=scores,Set your test strategy,"Tell us whether you have scores, plan to test, or are applying test-optional.",Update scores,in_app_readiness_surface|dashboard,redis_notification_feed|remote_push|email,profile-readiness:profile-prompt-user-profile-test-strategy:b06b8c942ca03b7f8343e1ab,Profile has test scores or explicit test plan,,
user_prompt,ready_for_in_app_admin_delivery,54deda6071b6929b8aaf9012,school-list-prompt-user-school-list-add-first,school_list,prompt-user,school_list.add_first,critical,/schools,Add your first target school,"A school list unlocks school-specific readiness, deadlines, predictions, and essays.",Add schools,in_app_readiness_surface|dashboard,redis_notification_feed|remote_push|email,profile-readiness:school-list-prompt-user-school-list-add-first:54deda6071b6929b8aaf9012,SchoolListItem count > 0,,
user_prompt,ready_for_in_app_admin_delivery,2b76b871ca465655cbbacaca,school-list-prompt-user-school-list-add-first,school_list,prompt-user,school_list.add_first,critical,/schools,Add your first target school,"A school list unlocks school-specific readiness, deadlines, predictions, and essays.",Add schools,in_app_readiness_surface|dashboard,redis_notification_feed|remote_push|email,profile-readiness:school-list-prompt-user-school-list-add-first:2b76b871ca465655cbbacaca,SchoolListItem count > 0,,
user_prompt,ready_for_in_app_admin_delivery,ee5859e5e75b862f47c24481,school-list-prompt-user-school-list-add-first,school_list,prompt-user,school_list.add_first,critical,/schools,Add your first target school,"A school list unlocks school-specific readiness, deadlines, predictions, and essays.",Add schools,in_app_readiness_surface|dashboard,redis_notification_feed|remote_push|email,profile-readiness:school-list-prompt-user-school-list-add-first:ee5859e5e75b862f47c24481,SchoolListItem count > 0,,
user_prompt,ready_for_in_app_admin_delivery,0decde83c8c3b1eba5c4bcbe,school-list-prompt-user-school-list-add-first,school_list,prompt-user,school_list.add_first,critical,/schools,Add your first target school,"A school list unlocks school-specific readiness, deadlines, predictions, and essays.",Add schools,in_app_readiness_surface|dashboard,redis_notification_feed|remote_push|email,profile-readiness:school-list-prompt-user-school-list-add-first:0decde83c8c3b1eba5c4bcbe,SchoolListItem count > 0,,
user_prompt,ready_for_in_app_admin_delivery,e143db79d9c485a460893ca5,school-list-prompt-user-school-list-add-first,school_list,prompt-user,school_list.add_first,critical,/schools,Add your first target school,"A school list unlocks school-specific readiness, deadlines, predictions, and essays.",Add schools,in_app_readiness_surface|dashboard,redis_notification_feed|remote_push|email,profile-readiness:school-list-prompt-user-school-list-add-first:e143db79d9c485a460893ca5,SchoolListItem count > 0,,
user_prompt,ready_for_in_app_admin_delivery,19f17ffd8ca6cda6fb981237,school-list-prompt-user-school-list-add-first,school_list,prompt-user,school_list.add_first,critical,/schools,Add your first target school,"A school list unlocks school-specific readiness, deadlines, predictions, and essays.",Add schools,in_app_readiness_surface|dashboard,redis_notification_feed|remote_push|email,profile-readiness:school-list-prompt-user-school-list-add-first:19f17ffd8ca6cda6fb981237,SchoolListItem count > 0,,
user_prompt,ready_for_in_app_admin_delivery,556e66a23d80e56fc6de4c70,school-list-prompt-user-school-list-add-first,school_list,prompt-user,school_list.add_first,critical,/schools,Add your first target school,"A school list unlocks school-specific readiness, deadlines, predictions, and essays.",Add schools,in_app_readiness_surface|dashboard,redis_notification_feed|remote_push|email,profile-readiness:school-list-prompt-user-school-list-add-first:556e66a23d80e56fc6de4c70,SchoolListItem count > 0,,
user_prompt,ready_for_in_app_admin_delivery,161ae07fa8fcfd5b9c149e3a,school-list-prompt-user-school-list-add-first,school_list,prompt-user,school_list.add_first,critical,/schools,Add your first target school,"A school list unlocks school-specific readiness, deadlines, predictions, and essays.",Add schools,in_app_readiness_surface|dashboard,redis_notification_feed|remote_push|email,profile-readiness:school-list-prompt-user-school-list-add-first:161ae07fa8fcfd5b9c149e3a,SchoolListItem count > 0,,
user_prompt,ready_for_in_app_admin_delivery,bbcc181196a5f49e7b7b5217,school-list-prompt-user-school-list-add-first,school_list,prompt-user,school_list.add_first,critical,/schools,Add your first target school,"A school list unlocks school-specific readiness, deadlines, predictions, and essays.",Add schools,in_app_readiness_surface|dashboard,redis_notification_feed|remote_push|email,profile-readiness:school-list-prompt-user-school-list-add-first:bbcc181196a5f49e7b7b5217,SchoolListItem count > 0,,
user_prompt,ready_for_in_app_admin_delivery,2ad6a5c85738075faca4e660,school-list-prompt-user-school-list-add-first,school_list,prompt-user,school_list.add_first,critical,/schools,Add your first target school,"A school list unlocks school-specific readiness, deadlines, predictions, and essays.",Add schools,in_app_readiness_surface|dashboard,redis_notification_feed|remote_push|email,profile-readiness:school-list-prompt-user-school-list-add-first:2ad6a5c85738075faca4e660,SchoolListItem count > 0,,
user_prompt,ready_for_in_app_admin_delivery,4f43b96ee5b22b7fd5680c21,school-list-prompt-user-school-list-add-first,school_list,prompt-user,school_list.add_first,critical,/schools,Add your first target school,"A school list unlocks school-specific readiness, deadlines, predictions, and essays.",Add schools,in_app_readiness_surface|dashboard,redis_notification_feed|remote_push|email,profile-readiness:school-list-prompt-user-school-list-add-first:4f43b96ee5b22b7fd5680c21,SchoolListItem count > 0,,
user_prompt,ready_for_in_app_admin_delivery,c271fde2cf1b87f889ec0c16,school-list-prompt-user-school-list-add-first,school_list,prompt-user,school_list.add_first,critical,/schools,Add your first target school,"A school list unlocks school-specific readiness, deadlines, predictions, and essays.",Add schools,in_app_readiness_surface|dashboard,redis_notification_feed|remote_push|email,profile-readiness:school-list-prompt-user-school-list-add-first:c271fde2cf1b87f889ec0c16,SchoolListItem count > 0,,
user_prompt,ready_for_in_app_admin_delivery,746bc9d4549c99352f08bdcf,school-list-prompt-user-school-list-add-first,school_list,prompt-user,school_list.add_first,critical,/schools,Add your first target school,"A school list unlocks school-specific readiness, deadlines, predictions, and essays.",Add schools,in_app_readiness_surface|dashboard,redis_notification_feed|remote_push|email,profile-readiness:school-list-prompt-user-school-list-add-first:746bc9d4549c99352f08bdcf,SchoolListItem count > 0,,
user_prompt,ready_for_in_app_admin_delivery,b4d7837782707744792d2395,school-list-prompt-user-school-list-add-first,school_list,prompt-user,school_list.add_first,critical,/schools,Add your first target school,"A school list unlocks school-specific readiness, deadlines, predictions, and essays.",Add schools,in_app_readiness_surface|dashboard,redis_notification_feed|remote_push|email,profile-readiness:school-list-prompt-user-school-list-add-first:b4d7837782707744792d2395,SchoolListItem count > 0,,
user_prompt,ready_for_in_app_admin_delivery,40e9414c98a1ebdf2dcad4cd,school-list-prompt-user-school-list-add-first,school_list,prompt-user,school_list.add_first,critical,/schools,Add your first target school,"A school list unlocks school-specific readiness, deadlines, predictions, and essays.",Add schools,in_app_readiness_surface|dashboard,redis_notification_feed|remote_push|email,profile-readiness:school-list-prompt-user-school-list-add-first:40e9414c98a1ebdf2dcad4cd,SchoolListItem count > 0,,
user_prompt,ready_for_in_app_admin_delivery,b1fa79bf9c552d0d23893f4d,school-list-prompt-user-school-list-add-first,school_list,prompt-user,school_list.add_first,critical,/schools,Add your first target school,"A school list unlocks school-specific readiness, deadlines, predictions, and essays.",Add schools,in_app_readiness_surface|dashboard,redis_notification_feed|remote_push|email,profile-readiness:school-list-prompt-user-school-list-add-first:b1fa79bf9c552d0d23893f4d,SchoolListItem count > 0,,
user_prompt,ready_for_in_app_admin_delivery,7eb6af9e5e76bffb19b076da,school-list-prompt-user-school-list-add-first,school_list,prompt-user,school_list.add_first,critical,/schools,Add your first target school,"A school list unlocks school-specific readiness, deadlines, predictions, and essays.",Add schools,in_app_readiness_surface|dashboard,redis_notification_feed|remote_push|email,profile-readiness:school-list-prompt-user-school-list-add-first:7eb6af9e5e76bffb19b076da,SchoolListItem count > 0,,
user_prompt,ready_for_in_app_admin_delivery,0d718acf5447f81ecb074643,school-list-prompt-user-school-list-add-first,school_list,prompt-user,school_list.add_first,critical,/schools,Add your first target school,"A school list unlocks school-specific readiness, deadlines, predictions, and essays.",Add schools,in_app_readiness_surface|dashboard,redis_notification_feed|remote_push|email,profile-readiness:school-list-prompt-user-school-list-add-first:0d718acf5447f81ecb074643,SchoolListItem count > 0,,
user_prompt,ready_for_in_app_admin_delivery,62054f9af3f742de36c2f85c,school-list-prompt-user-school-list-add-first,school_list,prompt-user,school_list.add_first,critical,/schools,Add your first target school,"A school list unlocks school-specific readiness, deadlines, predictions, and essays.",Add schools,in_app_readiness_surface|dashboard,redis_notification_feed|remote_push|email,profile-readiness:school-list-prompt-user-school-list-add-first:62054f9af3f742de36c2f85c,SchoolListItem count > 0,,
user_prompt,ready_for_in_app_admin_delivery,9364ef9c662f3a639f68f056,school-list-prompt-user-school-list-add-first,school_list,prompt-user,school_list.add_first,critical,/schools,Add your first target school,"A school list unlocks school-specific readiness, deadlines, predictions, and essays.",Add schools,in_app_readiness_surface|dashboard,redis_notification_feed|remote_push|email,profile-readiness:school-list-prompt-user-school-list-add-first:9364ef9c662f3a639f68f056,SchoolListItem count > 0,,
user_prompt,ready_for_in_app_admin_delivery,3a816c9b5433ae0aaf479ba7,school-list-prompt-user-school-list-add-first,school_list,prompt-user,school_list.add_first,critical,/schools,Add your first target school,"A school list unlocks school-specific readiness, deadlines, predictions, and essays.",Add schools,in_app_readiness_surface|dashboard,redis_notification_feed|remote_push|email,profile-readiness:school-list-prompt-user-school-list-add-first:3a816c9b5433ae0aaf479ba7,SchoolListItem count > 0,,
user_prompt,ready_for_in_app_admin_delivery,3ee3cf435e4f83fb80edeb51,school-list-prompt-user-school-list-add-first,school_list,prompt-user,school_list.add_first,critical,/schools,Add your first target school,"A school list unlocks school-specific readiness, deadlines, predictions, and essays.",Add schools,in_app_readiness_surface|dashboard,redis_notification_feed|remote_push|email,profile-readiness:school-list-prompt-user-school-list-add-first:3ee3cf435e4f83fb80edeb51,SchoolListItem count > 0,,
user_prompt,ready_for_in_app_admin_delivery,9c31e7076836e7c3e8c3b9e6,school-list-prompt-user-school-list-add-first,school_list,prompt-user,school_list.add_first,critical,/schools,Add your first target school,"A school list unlocks school-specific readiness, deadlines, predictions, and essays.",Add schools,in_app_readiness_surface|dashboard,redis_notification_feed|remote_push|email,profile-readiness:school-list-prompt-user-school-list-add-first:9c31e7076836e7c3e8c3b9e6,SchoolListItem count > 0,,
user_prompt,ready_for_in_app_admin_delivery,700a98cbdc40e3ae03f7db21,school-list-prompt-user-school-list-add-first,school_list,prompt-user,school_list.add_first,critical,/schools,Add your first target school,"A school list unlocks school-specific readiness, deadlines, predictions, and essays.",Add schools,in_app_readiness_surface|dashboard,redis_notification_feed|remote_push|email,profile-readiness:school-list-prompt-user-school-list-add-first:700a98cbdc40e3ae03f7db21,SchoolListItem count > 0,,
user_prompt,ready_for_in_app_admin_delivery,350e3e61308a4fecf31d5265,school-list-prompt-user-school-list-add-first,school_list,prompt-user,school_list.add_first,critical,/schools,Add your first target school,"A school list unlocks school-specific readiness, deadlines, predictions, and essays.",Add schools,in_app_readiness_surface|dashboard,redis_notification_feed|remote_push|email,profile-readiness:school-list-prompt-user-school-list-add-first:350e3e61308a4fecf31d5265,SchoolListItem count > 0,,
user_prompt,ready_for_in_app_admin_delivery,ee8d2acecabae8a094f78e72,school-list-prompt-user-school-list-add-first,school_list,prompt-user,school_list.add_first,critical,/schools,Add your first target school,"A school list unlocks school-specific readiness, deadlines, predictions, and essays.",Add schools,in_app_readiness_surface|dashboard,redis_notification_feed|remote_push|email,profile-readiness:school-list-prompt-user-school-list-add-first:ee8d2acecabae8a094f78e72,SchoolListItem count > 0,,
user_prompt,ready_for_in_app_admin_delivery,60ae21cdcc0779c5d57fa893,school-list-prompt-user-school-list-add-first,school_list,prompt-user,school_list.add_first,critical,/schools,Add your first target school,"A school list unlocks school-specific readiness, deadlines, predictions, and essays.",Add schools,in_app_readiness_surface|dashboard,redis_notification_feed|remote_push|email,profile-readiness:school-list-prompt-user-school-list-add-first:60ae21cdcc0779c5d57fa893,SchoolListItem count > 0,,
user_prompt,ready_for_in_app_admin_delivery,6db2dfd1997c5a7abf5ead14,school-list-prompt-user-school-list-add-first,school_list,prompt-user,school_list.add_first,critical,/schools,Add your first target school,"A school list unlocks school-specific readiness, deadlines, predictions, and essays.",Add schools,in_app_readiness_surface|dashboard,redis_notification_feed|remote_push|email,profile-readiness:school-list-prompt-user-school-list-add-first:6db2dfd1997c5a7abf5ead14,SchoolListItem count > 0,,
user_prompt,ready_for_in_app_admin_delivery,97561a4e8ea441527f5b5cba,school-list-prompt-user-school-list-add-first,school_list,prompt-user,school_list.add_first,critical,/schools,Add your first target school,"A school list unlocks school-specific readiness, deadlines, predictions, and essays.",Add schools,in_app_readiness_surface|dashboard,redis_notification_feed|remote_push|email,profile-readiness:school-list-prompt-user-school-list-add-first:97561a4e8ea441527f5b5cba,SchoolListItem count > 0,,
user_prompt,ready_for_in_app_admin_delivery,1d4ae02072c05da1e61eef12,school-list-prompt-user-school-list-add-first,school_list,prompt-user,school_list.add_first,critical,/schools,Add your first target school,"A school list unlocks school-specific readiness, deadlines, predictions, and essays.",Add schools,in_app_readiness_surface|dashboard,redis_notification_feed|remote_push|email,profile-readiness:school-list-prompt-user-school-list-add-first:1d4ae02072c05da1e61eef12,SchoolListItem count > 0,,
user_prompt,ready_for_in_app_admin_delivery,d0b7bcd4eb098c1de95c9244,school-list-prompt-user-school-list-add-first,school_list,prompt-user,school_list.add_first,critical,/schools,Add your first target school,"A school list unlocks school-specific readiness, deadlines, predictions, and essays.",Add schools,in_app_readiness_surface|dashboard,redis_notification_feed|remote_push|email,profile-readiness:school-list-prompt-user-school-list-add-first:d0b7bcd4eb098c1de95c9244,SchoolListItem count > 0,,
user_prompt,ready_for_in_app_admin_delivery,8af2599c6426aee17e392808,school-list-prompt-user-school-list-add-first,school_list,prompt-user,school_list.add_first,critical,/schools,Add your first target school,"A school list unlocks school-specific readiness, deadlines, predictions, and essays.",Add schools,in_app_readiness_surface|dashboard,redis_notification_feed|remote_push|email,profile-readiness:school-list-prompt-user-school-list-add-first:8af2599c6426aee17e392808,SchoolListItem count > 0,,
user_prompt,ready_for_in_app_admin_delivery,b16338de18bd3ea9490a922c,school-list-prompt-user-school-list-add-first,school_list,prompt-user,school_list.add_first,critical,/schools,Add your first target school,"A school list unlocks school-specific readiness, deadlines, predictions, and essays.",Add schools,in_app_readiness_surface|dashboard,redis_notification_feed|remote_push|email,profile-readiness:school-list-prompt-user-school-list-add-first:b16338de18bd3ea9490a922c,SchoolListItem count > 0,,
user_prompt,ready_for_in_app_admin_delivery,2c109a0b6856445f718b6cc4,school-list-prompt-user-school-list-add-first,school_list,prompt-user,school_list.add_first,critical,/schools,Add your first target school,"A school list unlocks school-specific readiness, deadlines, predictions, and essays.",Add schools,in_app_readiness_surface|dashboard,redis_notification_feed|remote_push|email,profile-readiness:school-list-prompt-user-school-list-add-first:2c109a0b6856445f718b6cc4,SchoolListItem count > 0,,
user_prompt,ready_for_in_app_admin_delivery,58f299953ccf1094f94211d2,school-list-prompt-user-school-list-add-first,school_list,prompt-user,school_list.add_first,critical,/schools,Add your first target school,"A school list unlocks school-specific readiness, deadlines, predictions, and essays.",Add schools,in_app_readiness_surface|dashboard,redis_notification_feed|remote_push|email,profile-readiness:school-list-prompt-user-school-list-add-first:58f299953ccf1094f94211d2,SchoolListItem count > 0,,
user_prompt,ready_for_in_app_admin_delivery,b08f78a2c250836222a2ed7e,school-list-prompt-user-school-list-add-first,school_list,prompt-user,school_list.add_first,critical,/schools,Add your first target school,"A school list unlocks school-specific readiness, deadlines, predictions, and essays.",Add schools,in_app_readiness_surface|dashboard,redis_notification_feed|remote_push|email,profile-readiness:school-list-prompt-user-school-list-add-first:b08f78a2c250836222a2ed7e,SchoolListItem count > 0,,
user_prompt,ready_for_in_app_admin_delivery,e35b0c6b5a8af24ddecf15b1,school-list-prompt-user-school-list-add-first,school_list,prompt-user,school_list.add_first,critical,/schools,Add your first target school,"A school list unlocks school-specific readiness, deadlines, predictions, and essays.",Add schools,in_app_readiness_surface|dashboard,redis_notification_feed|remote_push|email,profile-readiness:school-list-prompt-user-school-list-add-first:e35b0c6b5a8af24ddecf15b1,SchoolListItem count > 0,,
user_prompt,ready_for_in_app_admin_delivery,af8e626ff7ecc5fffec5a83b,school-list-prompt-user-school-list-add-first,school_list,prompt-user,school_list.add_first,critical,/schools,Add your first target school,"A school list unlocks school-specific readiness, deadlines, predictions, and essays.",Add schools,in_app_readiness_surface|dashboard,redis_notification_feed|remote_push|email,profile-readiness:school-list-prompt-user-school-list-add-first:af8e626ff7ecc5fffec5a83b,SchoolListItem count > 0,,
user_prompt,ready_for_in_app_admin_delivery,5635dbb88bfc845adb3c6c2d,school-list-prompt-user-school-list-add-first,school_list,prompt-user,school_list.add_first,critical,/schools,Add your first target school,"A school list unlocks school-specific readiness, deadlines, predictions, and essays.",Add schools,in_app_readiness_surface|dashboard,redis_notification_feed|remote_push|email,profile-readiness:school-list-prompt-user-school-list-add-first:5635dbb88bfc845adb3c6c2d,SchoolListItem count > 0,,
user_prompt,ready_for_in_app_admin_delivery,08a357ecc96894482491cba4,school-list-prompt-user-school-list-add-first,school_list,prompt-user,school_list.add_first,critical,/schools,Add your first target school,"A school list unlocks school-specific readiness, deadlines, predictions, and essays.",Add schools,in_app_readiness_surface|dashboard,redis_notification_feed|remote_push|email,profile-readiness:school-list-prompt-user-school-list-add-first:08a357ecc96894482491cba4,SchoolListItem count > 0,,
user_prompt,ready_for_in_app_admin_delivery,82be1f799b998791e0b4a42f,school-list-prompt-user-school-list-add-first,school_list,prompt-user,school_list.add_first,critical,/schools,Add your first target school,"A school list unlocks school-specific readiness, deadlines, predictions, and essays.",Add schools,in_app_readiness_surface|dashboard,redis_notification_feed|remote_push|email,profile-readiness:school-list-prompt-user-school-list-add-first:82be1f799b998791e0b4a42f,SchoolListItem count > 0,,
user_prompt,ready_for_in_app_admin_delivery,d44f4c033bff279e6a7ecb7f,school-list-prompt-user-school-list-add-first,school_list,prompt-user,school_list.add_first,critical,/schools,Add your first target school,"A school list unlocks school-specific readiness, deadlines, predictions, and essays.",Add schools,in_app_readiness_surface|dashboard,redis_notification_feed|remote_push|email,profile-readiness:school-list-prompt-user-school-list-add-first:d44f4c033bff279e6a7ecb7f,SchoolListItem count > 0,,
user_prompt,ready_for_in_app_admin_delivery,1721e7fd604c8c9cba7b29ee,school-list-prompt-user-school-list-add-first,school_list,prompt-user,school_list.add_first,critical,/schools,Add your first target school,"A school list unlocks school-specific readiness, deadlines, predictions, and essays.",Add schools,in_app_readiness_surface|dashboard,redis_notification_feed|remote_push|email,profile-readiness:school-list-prompt-user-school-list-add-first:1721e7fd604c8c9cba7b29ee,SchoolListItem count > 0,,
user_prompt,ready_for_in_app_admin_delivery,aa77cfaf01d5f471651c731f,school-list-prompt-user-school-list-add-first,school_list,prompt-user,school_list.add_first,critical,/schools,Add your first target school,"A school list unlocks school-specific readiness, deadlines, predictions, and essays.",Add schools,in_app_readiness_surface|dashboard,redis_notification_feed|remote_push|email,profile-readiness:school-list-prompt-user-school-list-add-first:aa77cfaf01d5f471651c731f,SchoolListItem count > 0,,
user_prompt,ready_for_in_app_admin_delivery,8182fd0a8ea90cbe07f9f5f3,school-list-prompt-user-school-list-add-first,school_list,prompt-user,school_list.add_first,critical,/schools,Add your first target school,"A school list unlocks school-specific readiness, deadlines, predictions, and essays.",Add schools,in_app_readiness_surface|dashboard,redis_notification_feed|remote_push|email,profile-readiness:school-list-prompt-user-school-list-add-first:8182fd0a8ea90cbe07f9f5f3,SchoolListItem count > 0,,
user_prompt,ready_for_in_app_admin_delivery,8f76e29a0754e9147868ff48,school-list-prompt-user-school-list-add-first,school_list,prompt-user,school_list.add_first,critical,/schools,Add your first target school,"A school list unlocks school-specific readiness, deadlines, predictions, and essays.",Add schools,in_app_readiness_surface|dashboard,redis_notification_feed|remote_push|email,profile-readiness:school-list-prompt-user-school-list-add-first:8f76e29a0754e9147868ff48,SchoolListItem count > 0,,
user_prompt,ready_for_in_app_admin_delivery,e49853bb7590d4fbc088e2ce,school-list-prompt-user-school-list-add-first,school_list,prompt-user,school_list.add_first,critical,/schools,Add your first target school,"A school list unlocks school-specific readiness, deadlines, predictions, and essays.",Add schools,in_app_readiness_surface|dashboard,redis_notification_feed|remote_push|email,profile-readiness:school-list-prompt-user-school-list-add-first:e49853bb7590d4fbc088e2ce,SchoolListItem count > 0,,
user_prompt,ready_for_in_app_admin_delivery,ba75887eed7d741502c53c31,school-list-prompt-user-school-list-add-first,school_list,prompt-user,school_list.add_first,critical,/schools,Add your first target school,"A school list unlocks school-specific readiness, deadlines, predictions, and essays.",Add schools,in_app_readiness_surface|dashboard,redis_notification_feed|remote_push|email,profile-readiness:school-list-prompt-user-school-list-add-first:ba75887eed7d741502c53c31,SchoolListItem count > 0,,
user_prompt,ready_for_in_app_admin_delivery,2f77ce3256c653a98a843922,school-list-prompt-user-school-list-add-first,school_list,prompt-user,school_list.add_first,critical,/schools,Add your first target school,"A school list unlocks school-specific readiness, deadlines, predictions, and essays.",Add schools,in_app_readiness_surface|dashboard,redis_notification_feed|remote_push|email,profile-readiness:school-list-prompt-user-school-list-add-first:2f77ce3256c653a98a843922,SchoolListItem count > 0,,
user_prompt,ready_for_in_app_admin_delivery,39d82fb302892df916184722,school-list-prompt-user-school-list-add-first,school_list,prompt-user,school_list.add_first,critical,/schools,Add your first target school,"A school list unlocks school-specific readiness, deadlines, predictions, and essays.",Add schools,in_app_readiness_surface|dashboard,redis_notification_feed|remote_push|email,profile-readiness:school-list-prompt-user-school-list-add-first:39d82fb302892df916184722,SchoolListItem count > 0,,
user_prompt,ready_for_in_app_admin_delivery,73a91be57fb9c7848ca2fc38,school-list-prompt-user-school-list-add-first,school_list,prompt-user,school_list.add_first,critical,/schools,Add your first target school,"A school list unlocks school-specific readiness, deadlines, predictions, and essays.",Add schools,in_app_readiness_surface|dashboard,redis_notification_feed|remote_push|email,profile-readiness:school-list-prompt-user-school-list-add-first:73a91be57fb9c7848ca2fc38,SchoolListItem count > 0,,
user_prompt,ready_for_in_app_admin_delivery,b7c52e38fa597c4401a45a0d,school-list-prompt-user-school-list-add-first,school_list,prompt-user,school_list.add_first,critical,/schools,Add your first target school,"A school list unlocks school-specific readiness, deadlines, predictions, and essays.",Add schools,in_app_readiness_surface|dashboard,redis_notification_feed|remote_push|email,profile-readiness:school-list-prompt-user-school-list-add-first:b7c52e38fa597c4401a45a0d,SchoolListItem count > 0,,
user_prompt,ready_for_in_app_admin_delivery,b6211d62f28ea1ac1fbf92f6,school-list-prompt-user-school-list-add-first,school_list,prompt-user,school_list.add_first,critical,/schools,Add your first target school,"A school list unlocks school-specific readiness, deadlines, predictions, and essays.",Add schools,in_app_readiness_surface|dashboard,redis_notification_feed|remote_push|email,profile-readiness:school-list-prompt-user-school-list-add-first:b6211d62f28ea1ac1fbf92f6,SchoolListItem count > 0,,
user_prompt,ready_for_in_app_admin_delivery,51123683ff47579b1326d7e0,school-list-prompt-user-school-list-add-first,school_list,prompt-user,school_list.add_first,critical,/schools,Add your first target school,"A school list unlocks school-specific readiness, deadlines, predictions, and essays.",Add schools,in_app_readiness_surface|dashboard,redis_notification_feed|remote_push|email,profile-readiness:school-list-prompt-user-school-list-add-first:51123683ff47579b1326d7e0,SchoolListItem count > 0,,
user_prompt,ready_for_in_app_admin_delivery,d623a290fc0c003872b7e51e,school-list-prompt-user-school-list-add-first,school_list,prompt-user,school_list.add_first,critical,/schools,Add your first target school,"A school list unlocks school-specific readiness, deadlines, predictions, and essays.",Add schools,in_app_readiness_surface|dashboard,redis_notification_feed|remote_push|email,profile-readiness:school-list-prompt-user-school-list-add-first:d623a290fc0c003872b7e51e,SchoolListItem count > 0,,
user_prompt,ready_for_in_app_admin_delivery,d235bd129f743fb22c4ed3fd,school-list-prompt-user-school-list-add-first,school_list,prompt-user,school_list.add_first,critical,/schools,Add your first target school,"A school list unlocks school-specific readiness, deadlines, predictions, and essays.",Add schools,in_app_readiness_surface|dashboard,redis_notification_feed|remote_push|email,profile-readiness:school-list-prompt-user-school-list-add-first:d235bd129f743fb22c4ed3fd,SchoolListItem count > 0,,
user_prompt,ready_for_in_app_admin_delivery,2532d98f34e1ac7c1659d8eb,school-list-prompt-user-school-list-add-first,school_list,prompt-user,school_list.add_first,critical,/schools,Add your first target school,"A school list unlocks school-specific readiness, deadlines, predictions, and essays.",Add schools,in_app_readiness_surface|dashboard,redis_notification_feed|remote_push|email,profile-readiness:school-list-prompt-user-school-list-add-first:2532d98f34e1ac7c1659d8eb,SchoolListItem count > 0,,
user_prompt,ready_for_in_app_admin_delivery,80198917031fa524bd986f16,school-list-prompt-user-school-list-add-first,school_list,prompt-user,school_list.add_first,critical,/schools,Add your first target school,"A school list unlocks school-specific readiness, deadlines, predictions, and essays.",Add schools,in_app_readiness_surface|dashboard,redis_notification_feed|remote_push|email,profile-readiness:school-list-prompt-user-school-list-add-first:80198917031fa524bd986f16,SchoolListItem count > 0,,
user_prompt,ready_for_in_app_admin_delivery,fb77434774ac9a3e30419226,school-list-prompt-user-school-list-add-first,school_list,prompt-user,school_list.add_first,critical,/schools,Add your first target school,"A school list unlocks school-specific readiness, deadlines, predictions, and essays.",Add schools,in_app_readiness_surface|dashboard,redis_notification_feed|remote_push|email,profile-readiness:school-list-prompt-user-school-list-add-first:fb77434774ac9a3e30419226,SchoolListItem count > 0,,
user_prompt,ready_for_in_app_admin_delivery,f9fd9b821f5302c444105093,school-list-prompt-user-school-list-add-first,school_list,prompt-user,school_list.add_first,critical,/schools,Add your first target school,"A school list unlocks school-specific readiness, deadlines, predictions, and essays.",Add schools,in_app_readiness_surface|dashboard,redis_notification_feed|remote_push|email,profile-readiness:school-list-prompt-user-school-list-add-first:f9fd9b821f5302c444105093,SchoolListItem count > 0,,
user_prompt,ready_for_in_app_admin_delivery,8ee4a43e09bd1fb564a3d07c,school-list-prompt-user-school-list-add-first,school_list,prompt-user,school_list.add_first,critical,/schools,Add your first target school,"A school list unlocks school-specific readiness, deadlines, predictions, and essays.",Add schools,in_app_readiness_surface|dashboard,redis_notification_feed|remote_push|email,profile-readiness:school-list-prompt-user-school-list-add-first:8ee4a43e09bd1fb564a3d07c,SchoolListItem count > 0,,
user_prompt,ready_for_in_app_admin_delivery,1205c6fffa0d08b1c24f8aba,school-list-prompt-user-school-list-add-first,school_list,prompt-user,school_list.add_first,critical,/schools,Add your first target school,"A school list unlocks school-specific readiness, deadlines, predictions, and essays.",Add schools,in_app_readiness_surface|dashboard,redis_notification_feed|remote_push|email,profile-readiness:school-list-prompt-user-school-list-add-first:1205c6fffa0d08b1c24f8aba,SchoolListItem count > 0,,
user_prompt,ready_for_in_app_admin_delivery,83e1e60cee3420e8a087ec65,school-list-prompt-user-school-list-add-first,school_list,prompt-user,school_list.add_first,critical,/schools,Add your first target school,"A school list unlocks school-specific readiness, deadlines, predictions, and essays.",Add schools,in_app_readiness_surface|dashboard,redis_notification_feed|remote_push|email,profile-readiness:school-list-prompt-user-school-list-add-first:83e1e60cee3420e8a087ec65,SchoolListItem count > 0,,
user_prompt,ready_for_in_app_admin_delivery,4128eb49c7d66593fc377cf2,school-list-prompt-user-school-list-add-first,school_list,prompt-user,school_list.add_first,critical,/schools,Add your first target school,"A school list unlocks school-specific readiness, deadlines, predictions, and essays.",Add schools,in_app_readiness_surface|dashboard,redis_notification_feed|remote_push|email,profile-readiness:school-list-prompt-user-school-list-add-first:4128eb49c7d66593fc377cf2,SchoolListItem count > 0,,
user_prompt,ready_for_in_app_admin_delivery,66bd62747c0c3780d93d5ac0,school-list-prompt-user-school-list-add-first,school_list,prompt-user,school_list.add_first,critical,/schools,Add your first target school,"A school list unlocks school-specific readiness, deadlines, predictions, and essays.",Add schools,in_app_readiness_surface|dashboard,redis_notification_feed|remote_push|email,profile-readiness:school-list-prompt-user-school-list-add-first:66bd62747c0c3780d93d5ac0,SchoolListItem count > 0,,
user_prompt,ready_for_in_app_admin_delivery,387d5008ef0d61abbf0981c3,school-list-prompt-user-school-list-add-first,school_list,prompt-user,school_list.add_first,critical,/schools,Add your first target school,"A school list unlocks school-specific readiness, deadlines, predictions, and essays.",Add schools,in_app_readiness_surface|dashboard,redis_notification_feed|remote_push|email,profile-readiness:school-list-prompt-user-school-list-add-first:387d5008ef0d61abbf0981c3,SchoolListItem count > 0,,
user_prompt,ready_for_in_app_admin_delivery,6e88e7843d84c8e4ac30d418,school-list-prompt-user-school-list-add-first,school_list,prompt-user,school_list.add_first,critical,/schools,Add your first target school,"A school list unlocks school-specific readiness, deadlines, predictions, and essays.",Add schools,in_app_readiness_surface|dashboard,redis_notification_feed|remote_push|email,profile-readiness:school-list-prompt-user-school-list-add-first:6e88e7843d84c8e4ac30d418,SchoolListItem count > 0,,
user_prompt,ready_for_in_app_admin_delivery,85fc8cd917b074b9f364b19f,school-list-prompt-user-school-list-add-first,school_list,prompt-user,school_list.add_first,critical,/schools,Add your first target school,"A school list unlocks school-specific readiness, deadlines, predictions, and essays.",Add schools,in_app_readiness_surface|dashboard,redis_notification_feed|remote_push|email,profile-readiness:school-list-prompt-user-school-list-add-first:85fc8cd917b074b9f364b19f,SchoolListItem count > 0,,
user_prompt,ready_for_in_app_admin_delivery,393497c7e1766899efccdd67,school-list-prompt-user-school-list-add-first,school_list,prompt-user,school_list.add_first,critical,/schools,Add your first target school,"A school list unlocks school-specific readiness, deadlines, predictions, and essays.",Add schools,in_app_readiness_surface|dashboard,redis_notification_feed|remote_push|email,profile-readiness:school-list-prompt-user-school-list-add-first:393497c7e1766899efccdd67,SchoolListItem count > 0,,
user_prompt,ready_for_in_app_admin_delivery,c11c121accb370e23f27204f,school-list-prompt-user-school-list-add-first,school_list,prompt-user,school_list.add_first,critical,/schools,Add your first target school,"A school list unlocks school-specific readiness, deadlines, predictions, and essays.",Add schools,in_app_readiness_surface|dashboard,redis_notification_feed|remote_push|email,profile-readiness:school-list-prompt-user-school-list-add-first:c11c121accb370e23f27204f,SchoolListItem count > 0,,
user_prompt,ready_for_in_app_admin_delivery,ec8c5627fc8e7cd6f4f3ab56,school-list-prompt-user-school-list-add-first,school_list,prompt-user,school_list.add_first,critical,/schools,Add your first target school,"A school list unlocks school-specific readiness, deadlines, predictions, and essays.",Add schools,in_app_readiness_surface|dashboard,redis_notification_feed|remote_push|email,profile-readiness:school-list-prompt-user-school-list-add-first:ec8c5627fc8e7cd6f4f3ab56,SchoolListItem count > 0,,
user_prompt,ready_for_in_app_admin_delivery,a73c0bac52799c6f0c20c326,school-list-prompt-user-school-list-add-first,school_list,prompt-user,school_list.add_first,critical,/schools,Add your first target school,"A school list unlocks school-specific readiness, deadlines, predictions, and essays.",Add schools,in_app_readiness_surface|dashboard,redis_notification_feed|remote_push|email,profile-readiness:school-list-prompt-user-school-list-add-first:a73c0bac52799c6f0c20c326,SchoolListItem count > 0,,
user_prompt,ready_for_in_app_admin_delivery,1f1d01ebd6e4a634f6d00521,school-list-prompt-user-school-list-add-first,school_list,prompt-user,school_list.add_first,critical,/schools,Add your first target school,"A school list unlocks school-specific readiness, deadlines, predictions, and essays.",Add schools,in_app_readiness_surface|dashboard,redis_notification_feed|remote_push|email,profile-readiness:school-list-prompt-user-school-list-add-first:1f1d01ebd6e4a634f6d00521,SchoolListItem count > 0,,
user_prompt,ready_for_in_app_admin_delivery,8111a447630837276fb2d02b,school-list-prompt-user-school-list-add-first,school_list,prompt-user,school_list.add_first,critical,/schools,Add your first target school,"A school list unlocks school-specific readiness, deadlines, predictions, and essays.",Add schools,in_app_readiness_surface|dashboard,redis_notification_feed|remote_push|email,profile-readiness:school-list-prompt-user-school-list-add-first:8111a447630837276fb2d02b,SchoolListItem count > 0,,
user_prompt,ready_for_in_app_admin_delivery,454b3bdd97d513ee08d1fcb6,school-list-prompt-user-school-list-add-first,school_list,prompt-user,school_list.add_first,critical,/schools,Add your first target school,"A school list unlocks school-specific readiness, deadlines, predictions, and essays.",Add schools,in_app_readiness_surface|dashboard,redis_notification_feed|remote_push|email,profile-readiness:school-list-prompt-user-school-list-add-first:454b3bdd97d513ee08d1fcb6,SchoolListItem count > 0,,
user_prompt,ready_for_in_app_admin_delivery,77e8a3e7b4bb269d25a88720,school-list-prompt-user-school-list-add-first,school_list,prompt-user,school_list.add_first,critical,/schools,Add your first target school,"A school list unlocks school-specific readiness, deadlines, predictions, and essays.",Add schools,in_app_readiness_surface|dashboard,redis_notification_feed|remote_push|email,profile-readiness:school-list-prompt-user-school-list-add-first:77e8a3e7b4bb269d25a88720,SchoolListItem count > 0,,
user_prompt,ready_for_in_app_admin_delivery,1c49dedeea2144e69f2ddfab,school-list-prompt-user-school-list-add-first,school_list,prompt-user,school_list.add_first,critical,/schools,Add your first target school,"A school list unlocks school-specific readiness, deadlines, predictions, and essays.",Add schools,in_app_readiness_surface|dashboard,redis_notification_feed|remote_push|email,profile-readiness:school-list-prompt-user-school-list-add-first:1c49dedeea2144e69f2ddfab,SchoolListItem count > 0,,
user_prompt,ready_for_in_app_admin_delivery,c6b85ceae0c6557b8e364c94,school-list-prompt-user-school-list-add-first,school_list,prompt-user,school_list.add_first,critical,/schools,Add your first target school,"A school list unlocks school-specific readiness, deadlines, predictions, and essays.",Add schools,in_app_readiness_surface|dashboard,redis_notification_feed|remote_push|email,profile-readiness:school-list-prompt-user-school-list-add-first:c6b85ceae0c6557b8e364c94,SchoolListItem count > 0,,
user_prompt,ready_for_in_app_admin_delivery,7bc9b1e5926864015639324c,school-list-prompt-user-school-list-add-first,school_list,prompt-user,school_list.add_first,critical,/schools,Add your first target school,"A school list unlocks school-specific readiness, deadlines, predictions, and essays.",Add schools,in_app_readiness_surface|dashboard,redis_notification_feed|remote_push|email,profile-readiness:school-list-prompt-user-school-list-add-first:7bc9b1e5926864015639324c,SchoolListItem count > 0,,
user_prompt,ready_for_in_app_admin_delivery,76d3e4bd31e04f8df55b5063,school-list-prompt-user-school-list-add-first,school_list,prompt-user,school_list.add_first,critical,/schools,Add your first target school,"A school list unlocks school-specific readiness, deadlines, predictions, and essays.",Add schools,in_app_readiness_surface|dashboard,redis_notification_feed|remote_push|email,profile-readiness:school-list-prompt-user-school-list-add-first:76d3e4bd31e04f8df55b5063,SchoolListItem count > 0,,
user_prompt,ready_for_in_app_admin_delivery,123500041b4c756624fcfbc1,school-list-prompt-user-school-list-add-first,school_list,prompt-user,school_list.add_first,critical,/schools,Add your first target school,"A school list unlocks school-specific readiness, deadlines, predictions, and essays.",Add schools,in_app_readiness_surface|dashboard,redis_notification_feed|remote_push|email,profile-readiness:school-list-prompt-user-school-list-add-first:123500041b4c756624fcfbc1,SchoolListItem count > 0,,
user_prompt,ready_for_in_app_admin_delivery,9e700876055ebe00ce432591,school-list-prompt-user-school-list-add-first,school_list,prompt-user,school_list.add_first,critical,/schools,Add your first target school,"A school list unlocks school-specific readiness, deadlines, predictions, and essays.",Add schools,in_app_readiness_surface|dashboard,redis_notification_feed|remote_push|email,profile-readiness:school-list-prompt-user-school-list-add-first:9e700876055ebe00ce432591,SchoolListItem count > 0,,
user_prompt,ready_for_in_app_admin_delivery,b86b9ff73c5aa218b53fcc07,school-list-prompt-user-school-list-add-first,school_list,prompt-user,school_list.add_first,critical,/schools,Add your first target school,"A school list unlocks school-specific readiness, deadlines, predictions, and essays.",Add schools,in_app_readiness_surface|dashboard,redis_notification_feed|remote_push|email,profile-readiness:school-list-prompt-user-school-list-add-first:b86b9ff73c5aa218b53fcc07,SchoolListItem count > 0,,
user_prompt,ready_for_in_app_admin_delivery,26a7b1448bcf5fd36c35a363,school-list-prompt-user-school-list-add-first,school_list,prompt-user,school_list.add_first,critical,/schools,Add your first target school,"A school list unlocks school-specific readiness, deadlines, predictions, and essays.",Add schools,in_app_readiness_surface|dashboard,redis_notification_feed|remote_push|email,profile-readiness:school-list-prompt-user-school-list-add-first:26a7b1448bcf5fd36c35a363,SchoolListItem count > 0,,
user_prompt,ready_for_in_app_admin_delivery,2f357aae310ceb62c29b274c,school-list-prompt-user-school-list-add-first,school_list,prompt-user,school_list.add_first,critical,/schools,Add your first target school,"A school list unlocks school-specific readiness, deadlines, predictions, and essays.",Add schools,in_app_readiness_surface|dashboard,redis_notification_feed|remote_push|email,profile-readiness:school-list-prompt-user-school-list-add-first:2f357aae310ceb62c29b274c,SchoolListItem count > 0,,
user_prompt,ready_for_in_app_admin_delivery,96d4cd2fcd14de7772f5fd50,school-list-prompt-user-school-list-add-first,school_list,prompt-user,school_list.add_first,critical,/schools,Add your first target school,"A school list unlocks school-specific readiness, deadlines, predictions, and essays.",Add schools,in_app_readiness_surface|dashboard,redis_notification_feed|remote_push|email,profile-readiness:school-list-prompt-user-school-list-add-first:96d4cd2fcd14de7772f5fd50,SchoolListItem count > 0,,
user_prompt,ready_for_in_app_admin_delivery,d0a7465d43215d5f058e070e,school-list-prompt-user-school-list-add-first,school_list,prompt-user,school_list.add_first,critical,/schools,Add your first target school,"A school list unlocks school-specific readiness, deadlines, predictions, and essays.",Add schools,in_app_readiness_surface|dashboard,redis_notification_feed|remote_push|email,profile-readiness:school-list-prompt-user-school-list-add-first:d0a7465d43215d5f058e070e,SchoolListItem count > 0,,
user_prompt,ready_for_in_app_admin_delivery,ca95dbae28c38d90f4bd075a,school-list-prompt-user-school-list-add-first,school_list,prompt-user,school_list.add_first,critical,/schools,Add your first target school,"A school list unlocks school-specific readiness, deadlines, predictions, and essays.",Add schools,in_app_readiness_surface|dashboard,redis_notification_feed|remote_push|email,profile-readiness:school-list-prompt-user-school-list-add-first:ca95dbae28c38d90f4bd075a,SchoolListItem count > 0,,
user_prompt,ready_for_in_app_admin_delivery,be2cd5ddfe575143c741e775,school-list-prompt-user-school-list-add-first,school_list,prompt-user,school_list.add_first,critical,/schools,Add your first target school,"A school list unlocks school-specific readiness, deadlines, predictions, and essays.",Add schools,in_app_readiness_surface|dashboard,redis_notification_feed|remote_push|email,profile-readiness:school-list-prompt-user-school-list-add-first:be2cd5ddfe575143c741e775,SchoolListItem count > 0,,
user_prompt,ready_for_in_app_admin_delivery,c22d82639c55efb340bc9a56,school-list-prompt-user-school-list-add-first,school_list,prompt-user,school_list.add_first,critical,/schools,Add your first target school,"A school list unlocks school-specific readiness, deadlines, predictions, and essays.",Add schools,in_app_readiness_surface|dashboard,redis_notification_feed|remote_push|email,profile-readiness:school-list-prompt-user-school-list-add-first:c22d82639c55efb340bc9a56,SchoolListItem count > 0,,
user_prompt,ready_for_in_app_admin_delivery,8e287120445279d6e9b4ec2b,school-list-prompt-user-school-list-add-first,school_list,prompt-user,school_list.add_first,critical,/schools,Add your first target school,"A school list unlocks school-specific readiness, deadlines, predictions, and essays.",Add schools,in_app_readiness_surface|dashboard,redis_notification_feed|remote_push|email,profile-readiness:school-list-prompt-user-school-list-add-first:8e287120445279d6e9b4ec2b,SchoolListItem count > 0,,
user_prompt,ready_for_in_app_admin_delivery,30430c0713c690c36433a6e5,school-list-prompt-user-school-list-add-first,school_list,prompt-user,school_list.add_first,critical,/schools,Add your first target school,"A school list unlocks school-specific readiness, deadlines, predictions, and essays.",Add schools,in_app_readiness_surface|dashboard,redis_notification_feed|remote_push|email,profile-readiness:school-list-prompt-user-school-list-add-first:30430c0713c690c36433a6e5,SchoolListItem count > 0,,
user_prompt,ready_for_in_app_admin_delivery,9353bab0b66f9c8f5bbbb3e9,school-list-prompt-user-school-list-add-first,school_list,prompt-user,school_list.add_first,critical,/schools,Add your first target school,"A school list unlocks school-specific readiness, deadlines, predictions, and essays.",Add schools,in_app_readiness_surface|dashboard,redis_notification_feed|remote_push|email,profile-readiness:school-list-prompt-user-school-list-add-first:9353bab0b66f9c8f5bbbb3e9,SchoolListItem count > 0,,
user_prompt,ready_for_in_app_admin_delivery,ea2aad244e6c5b7a6ddcdc6d,school-list-prompt-user-school-list-add-first,school_list,prompt-user,school_list.add_first,critical,/schools,Add your first target school,"A school list unlocks school-specific readiness, deadlines, predictions, and essays.",Add schools,in_app_readiness_surface|dashboard,redis_notification_feed|remote_push|email,profile-readiness:school-list-prompt-user-school-list-add-first:ea2aad244e6c5b7a6ddcdc6d,SchoolListItem count > 0,,
user_prompt,ready_for_in_app_admin_delivery,ab23e0dca524148e33dc1dc3,school-list-prompt-user-school-list-add-first,school_list,prompt-user,school_list.add_first,critical,/schools,Add your first target school,"A school list unlocks school-specific readiness, deadlines, predictions, and essays.",Add schools,in_app_readiness_surface|dashboard,redis_notification_feed|remote_push|email,profile-readiness:school-list-prompt-user-school-list-add-first:ab23e0dca524148e33dc1dc3,SchoolListItem count > 0,,
user_prompt,ready_for_in_app_admin_delivery,147f40a0a1b1d151c407167a,school-list-prompt-user-school-list-add-first,school_list,prompt-user,school_list.add_first,critical,/schools,Add your first target school,"A school list unlocks school-specific readiness, deadlines, predictions, and essays.",Add schools,in_app_readiness_surface|dashboard,redis_notification_feed|remote_push|email,profile-readiness:school-list-prompt-user-school-list-add-first:147f40a0a1b1d151c407167a,SchoolListItem count > 0,,
user_prompt,ready_for_in_app_admin_delivery,302d0b094ff202e23f186d36,school-list-prompt-user-school-list-add-first,school_list,prompt-user,school_list.add_first,critical,/schools,Add your first target school,"A school list unlocks school-specific readiness, deadlines, predictions, and essays.",Add schools,in_app_readiness_surface|dashboard,redis_notification_feed|remote_push|email,profile-readiness:school-list-prompt-user-school-list-add-first:302d0b094ff202e23f186d36,SchoolListItem count > 0,,
user_prompt,ready_for_in_app_admin_delivery,5fea30f24d9048bc811be8c1,school-list-prompt-user-school-list-add-first,school_list,prompt-user,school_list.add_first,critical,/schools,Add your first target school,"A school list unlocks school-specific readiness, deadlines, predictions, and essays.",Add schools,in_app_readiness_surface|dashboard,redis_notification_feed|remote_push|email,profile-readiness:school-list-prompt-user-school-list-add-first:5fea30f24d9048bc811be8c1,SchoolListItem count > 0,,
user_prompt,ready_for_in_app_admin_delivery,a8b0b42078a4419cbc216238,school-list-prompt-user-school-list-add-first,school_list,prompt-user,school_list.add_first,critical,/schools,Add your first target school,"A school list unlocks school-specific readiness, deadlines, predictions, and essays.",Add schools,in_app_readiness_surface|dashboard,redis_notification_feed|remote_push|email,profile-readiness:school-list-prompt-user-school-list-add-first:a8b0b42078a4419cbc216238,SchoolListItem count > 0,,
user_prompt,ready_for_in_app_admin_delivery,8a3d4c7790976e73724c9f5f,school-list-prompt-user-school-list-add-first,school_list,prompt-user,school_list.add_first,critical,/schools,Add your first target school,"A school list unlocks school-specific readiness, deadlines, predictions, and essays.",Add schools,in_app_readiness_surface|dashboard,redis_notification_feed|remote_push|email,profile-readiness:school-list-prompt-user-school-list-add-first:8a3d4c7790976e73724c9f5f,SchoolListItem count > 0,,
user_prompt,ready_for_in_app_admin_delivery,eed7dc5c15f1752dc5039930,school-list-prompt-user-school-list-add-first,school_list,prompt-user,school_list.add_first,critical,/schools,Add your first target school,"A school list unlocks school-specific readiness, deadlines, predictions, and essays.",Add schools,in_app_readiness_surface|dashboard,redis_notification_feed|remote_push|email,profile-readiness:school-list-prompt-user-school-list-add-first:eed7dc5c15f1752dc5039930,SchoolListItem count > 0,,
user_prompt,ready_for_in_app_admin_delivery,2bcb764b588cb54483f66c69,school-list-prompt-user-school-list-add-first,school_list,prompt-user,school_list.add_first,critical,/schools,Add your first target school,"A school list unlocks school-specific readiness, deadlines, predictions, and essays.",Add schools,in_app_readiness_surface|dashboard,redis_notification_feed|remote_push|email,profile-readiness:school-list-prompt-user-school-list-add-first:2bcb764b588cb54483f66c69,SchoolListItem count > 0,,
user_prompt,ready_for_in_app_admin_delivery,44ea289861f8179dd3f4d87f,school-list-prompt-user-school-list-add-first,school_list,prompt-user,school_list.add_first,critical,/schools,Add your first target school,"A school list unlocks school-specific readiness, deadlines, predictions, and essays.",Add schools,in_app_readiness_surface|dashboard,redis_notification_feed|remote_push|email,profile-readiness:school-list-prompt-user-school-list-add-first:44ea289861f8179dd3f4d87f,SchoolListItem count > 0,,
user_prompt,ready_for_in_app_admin_delivery,0acc818e9f51ef1b0b8ffb0e,school-list-prompt-user-school-list-add-first,school_list,prompt-user,school_list.add_first,critical,/schools,Add your first target school,"A school list unlocks school-specific readiness, deadlines, predictions, and essays.",Add schools,in_app_readiness_surface|dashboard,redis_notification_feed|remote_push|email,profile-readiness:school-list-prompt-user-school-list-add-first:0acc818e9f51ef1b0b8ffb0e,SchoolListItem count > 0,,
user_prompt,ready_for_in_app_admin_delivery,637bad0b90f9f2c7074ca055,school-list-prompt-user-school-list-add-first,school_list,prompt-user,school_list.add_first,critical,/schools,Add your first target school,"A school list unlocks school-specific readiness, deadlines, predictions, and essays.",Add schools,in_app_readiness_surface|dashboard,redis_notification_feed|remote_push|email,profile-readiness:school-list-prompt-user-school-list-add-first:637bad0b90f9f2c7074ca055,SchoolListItem count > 0,,
user_prompt,ready_for_in_app_admin_delivery,8da46db52724f8d1d3746feb,school-list-prompt-user-school-list-add-first,school_list,prompt-user,school_list.add_first,critical,/schools,Add your first target school,"A school list unlocks school-specific readiness, deadlines, predictions, and essays.",Add schools,in_app_readiness_surface|dashboard,redis_notification_feed|remote_push|email,profile-readiness:school-list-prompt-user-school-list-add-first:8da46db52724f8d1d3746feb,SchoolListItem count > 0,,
user_prompt,ready_for_in_app_admin_delivery,d6cf7e3aed80d9218be2893c,school-list-prompt-user-school-list-add-first,school_list,prompt-user,school_list.add_first,critical,/schools,Add your first target school,"A school list unlocks school-specific readiness, deadlines, predictions, and essays.",Add schools,in_app_readiness_surface|dashboard,redis_notification_feed|remote_push|email,profile-readiness:school-list-prompt-user-school-list-add-first:d6cf7e3aed80d9218be2893c,SchoolListItem count > 0,,
user_prompt,ready_for_in_app_admin_delivery,e18bea3d5f053111d4dcb5c1,school-list-prompt-user-school-list-add-first,school_list,prompt-user,school_list.add_first,critical,/schools,Add your first target school,"A school list unlocks school-specific readiness, deadlines, predictions, and essays.",Add schools,in_app_readiness_surface|dashboard,redis_notification_feed|remote_push|email,profile-readiness:school-list-prompt-user-school-list-add-first:e18bea3d5f053111d4dcb5c1,SchoolListItem count > 0,,
user_prompt,ready_for_in_app_admin_delivery,6a3e9991e41506fb51596fc5,school-list-prompt-user-school-list-add-first,school_list,prompt-user,school_list.add_first,critical,/schools,Add your first target school,"A school list unlocks school-specific readiness, deadlines, predictions, and essays.",Add schools,in_app_readiness_surface|dashboard,redis_notification_feed|remote_push|email,profile-readiness:school-list-prompt-user-school-list-add-first:6a3e9991e41506fb51596fc5,SchoolListItem count > 0,,
user_prompt,ready_for_in_app_admin_delivery,2864a3748d885dc103de4819,school-list-prompt-user-school-list-add-first,school_list,prompt-user,school_list.add_first,critical,/schools,Add your first target school,"A school list unlocks school-specific readiness, deadlines, predictions, and essays.",Add schools,in_app_readiness_surface|dashboard,redis_notification_feed|remote_push|email,profile-readiness:school-list-prompt-user-school-list-add-first:2864a3748d885dc103de4819,SchoolListItem count > 0,,
user_prompt,ready_for_in_app_admin_delivery,3e9d46eb289214be984cfcb3,school-list-prompt-user-school-list-add-first,school_list,prompt-user,school_list.add_first,critical,/schools,Add your first target school,"A school list unlocks school-specific readiness, deadlines, predictions, and essays.",Add schools,in_app_readiness_surface|dashboard,redis_notification_feed|remote_push|email,profile-readiness:school-list-prompt-user-school-list-add-first:3e9d46eb289214be984cfcb3,SchoolListItem count > 0,,
user_prompt,ready_for_in_app_admin_delivery,26ebb0fdca5f016b883f9463,school-list-prompt-user-school-list-add-first,school_list,prompt-user,school_list.add_first,critical,/schools,Add your first target school,"A school list unlocks school-specific readiness, deadlines, predictions, and essays.",Add schools,in_app_readiness_surface|dashboard,redis_notification_feed|remote_push|email,profile-readiness:school-list-prompt-user-school-list-add-first:26ebb0fdca5f016b883f9463,SchoolListItem count > 0,,
user_prompt,ready_for_in_app_admin_delivery,e7981546f11cd0626b258b07,school-list-prompt-user-school-list-add-first,school_list,prompt-user,school_list.add_first,critical,/schools,Add your first target school,"A school list unlocks school-specific readiness, deadlines, predictions, and essays.",Add schools,in_app_readiness_surface|dashboard,redis_notification_feed|remote_push|email,profile-readiness:school-list-prompt-user-school-list-add-first:e7981546f11cd0626b258b07,SchoolListItem count > 0,,
user_prompt,ready_for_in_app_admin_delivery,c7da09dc58ad5b3825561898,school-list-prompt-user-school-list-add-first,school_list,prompt-user,school_list.add_first,critical,/schools,Add your first target school,"A school list unlocks school-specific readiness, deadlines, predictions, and essays.",Add schools,in_app_readiness_surface|dashboard,redis_notification_feed|remote_push|email,profile-readiness:school-list-prompt-user-school-list-add-first:c7da09dc58ad5b3825561898,SchoolListItem count > 0,,
user_prompt,ready_for_in_app_admin_delivery,bab02da3e5cb2ce7d88b0c37,school-list-prompt-user-school-list-add-first,school_list,prompt-user,school_list.add_first,critical,/schools,Add your first target school,"A school list unlocks school-specific readiness, deadlines, predictions, and essays.",Add schools,in_app_readiness_surface|dashboard,redis_notification_feed|remote_push|email,profile-readiness:school-list-prompt-user-school-list-add-first:bab02da3e5cb2ce7d88b0c37,SchoolListItem count > 0,,
user_prompt,ready_for_in_app_admin_delivery,a965921febcf363e5ae0ac2c,school-list-prompt-user-school-list-add-first,school_list,prompt-user,school_list.add_first,critical,/schools,Add your first target school,"A school list unlocks school-specific readiness, deadlines, predictions, and essays.",Add schools,in_app_readiness_surface|dashboard,redis_notification_feed|remote_push|email,profile-readiness:school-list-prompt-user-school-list-add-first:a965921febcf363e5ae0ac2c,SchoolListItem count > 0,,
user_prompt,ready_for_in_app_admin_delivery,a984290eabbd2c8f092907bd,school-list-prompt-user-school-list-add-first,school_list,prompt-user,school_list.add_first,critical,/schools,Add your first target school,"A school list unlocks school-specific readiness, deadlines, predictions, and essays.",Add schools,in_app_readiness_surface|dashboard,redis_notification_feed|remote_push|email,profile-readiness:school-list-prompt-user-school-list-add-first:a984290eabbd2c8f092907bd,SchoolListItem count > 0,,
user_prompt,ready_for_in_app_admin_delivery,e57367b80b07216d4a3fff25,school-list-prompt-user-school-list-add-first,school_list,prompt-user,school_list.add_first,critical,/schools,Add your first target school,"A school list unlocks school-specific readiness, deadlines, predictions, and essays.",Add schools,in_app_readiness_surface|dashboard,redis_notification_feed|remote_push|email,profile-readiness:school-list-prompt-user-school-list-add-first:e57367b80b07216d4a3fff25,SchoolListItem count > 0,,
user_prompt,ready_for_in_app_admin_delivery,96dca178277d81ffa84a5a32,school-list-prompt-user-school-list-add-first,school_list,prompt-user,school_list.add_first,critical,/schools,Add your first target school,"A school list unlocks school-specific readiness, deadlines, predictions, and essays.",Add schools,in_app_readiness_surface|dashboard,redis_notification_feed|remote_push|email,profile-readiness:school-list-prompt-user-school-list-add-first:96dca178277d81ffa84a5a32,SchoolListItem count > 0,,
user_prompt,ready_for_in_app_admin_delivery,b0d6d8e94e3adb14f41f257f,school-list-prompt-user-school-list-add-first,school_list,prompt-user,school_list.add_first,critical,/schools,Add your first target school,"A school list unlocks school-specific readiness, deadlines, predictions, and essays.",Add schools,in_app_readiness_surface|dashboard,redis_notification_feed|remote_push|email,profile-readiness:school-list-prompt-user-school-list-add-first:b0d6d8e94e3adb14f41f257f,SchoolListItem count > 0,,
user_prompt,ready_for_in_app_admin_delivery,12be8b4e94faa0c268dd0531,school-list-prompt-user-school-list-add-first,school_list,prompt-user,school_list.add_first,critical,/schools,Add your first target school,"A school list unlocks school-specific readiness, deadlines, predictions, and essays.",Add schools,in_app_readiness_surface|dashboard,redis_notification_feed|remote_push|email,profile-readiness:school-list-prompt-user-school-list-add-first:12be8b4e94faa0c268dd0531,SchoolListItem count > 0,,
user_prompt,ready_for_in_app_admin_delivery,2ad8d10cb5029fa5c4e0488c,school-list-prompt-user-school-list-add-first,school_list,prompt-user,school_list.add_first,critical,/schools,Add your first target school,"A school list unlocks school-specific readiness, deadlines, predictions, and essays.",Add schools,in_app_readiness_surface|dashboard,redis_notification_feed|remote_push|email,profile-readiness:school-list-prompt-user-school-list-add-first:2ad8d10cb5029fa5c4e0488c,SchoolListItem count > 0,,
user_prompt,ready_for_in_app_admin_delivery,b16d92abe720be4fd0dcf1ec,school-list-prompt-user-school-list-add-first,school_list,prompt-user,school_list.add_first,critical,/schools,Add your first target school,"A school list unlocks school-specific readiness, deadlines, predictions, and essays.",Add schools,in_app_readiness_surface|dashboard,redis_notification_feed|remote_push|email,profile-readiness:school-list-prompt-user-school-list-add-first:b16d92abe720be4fd0dcf1ec,SchoolListItem count > 0,,
user_prompt,ready_for_in_app_admin_delivery,bde55378701e492b8f94820f,school-list-prompt-user-school-list-add-first,school_list,prompt-user,school_list.add_first,critical,/schools,Add your first target school,"A school list unlocks school-specific readiness, deadlines, predictions, and essays.",Add schools,in_app_readiness_surface|dashboard,redis_notification_feed|remote_push|email,profile-readiness:school-list-prompt-user-school-list-add-first:bde55378701e492b8f94820f,SchoolListItem count > 0,,
user_prompt,ready_for_in_app_admin_delivery,153e9405da19c8f1d8e74047,school-list-prompt-user-school-list-add-first,school_list,prompt-user,school_list.add_first,critical,/schools,Add your first target school,"A school list unlocks school-specific readiness, deadlines, predictions, and essays.",Add schools,in_app_readiness_surface|dashboard,redis_notification_feed|remote_push|email,profile-readiness:school-list-prompt-user-school-list-add-first:153e9405da19c8f1d8e74047,SchoolListItem count > 0,,
user_prompt,ready_for_in_app_admin_delivery,be7ec8fab6042ab022e3c7f2,school-list-prompt-user-school-list-add-first,school_list,prompt-user,school_list.add_first,critical,/schools,Add your first target school,"A school list unlocks school-specific readiness, deadlines, predictions, and essays.",Add schools,in_app_readiness_surface|dashboard,redis_notification_feed|remote_push|email,profile-readiness:school-list-prompt-user-school-list-add-first:be7ec8fab6042ab022e3c7f2,SchoolListItem count > 0,,
user_prompt,ready_for_in_app_admin_delivery,b210a22f55a2b9a17042dce8,school-list-prompt-user-school-list-add-first,school_list,prompt-user,school_list.add_first,critical,/schools,Add your first target school,"A school list unlocks school-specific readiness, deadlines, predictions, and essays.",Add schools,in_app_readiness_surface|dashboard,redis_notification_feed|remote_push|email,profile-readiness:school-list-prompt-user-school-list-add-first:b210a22f55a2b9a17042dce8,SchoolListItem count > 0,,
user_prompt,ready_for_in_app_admin_delivery,0e6ed74ef269ac93ac25401a,school-list-prompt-user-school-list-add-first,school_list,prompt-user,school_list.add_first,critical,/schools,Add your first target school,"A school list unlocks school-specific readiness, deadlines, predictions, and essays.",Add schools,in_app_readiness_surface|dashboard,redis_notification_feed|remote_push|email,profile-readiness:school-list-prompt-user-school-list-add-first:0e6ed74ef269ac93ac25401a,SchoolListItem count > 0,,
user_prompt,ready_for_in_app_admin_delivery,a2c6af72b61dd025bcad59e6,school-list-prompt-user-school-list-add-first,school_list,prompt-user,school_list.add_first,critical,/schools,Add your first target school,"A school list unlocks school-specific readiness, deadlines, predictions, and essays.",Add schools,in_app_readiness_surface|dashboard,redis_notification_feed|remote_push|email,profile-readiness:school-list-prompt-user-school-list-add-first:a2c6af72b61dd025bcad59e6,SchoolListItem count > 0,,
user_prompt,ready_for_in_app_admin_delivery,762ad54fcd7acd952288d3a3,school-list-prompt-user-school-list-add-first,school_list,prompt-user,school_list.add_first,critical,/schools,Add your first target school,"A school list unlocks school-specific readiness, deadlines, predictions, and essays.",Add schools,in_app_readiness_surface|dashboard,redis_notification_feed|remote_push|email,profile-readiness:school-list-prompt-user-school-list-add-first:762ad54fcd7acd952288d3a3,SchoolListItem count > 0,,
user_prompt,ready_for_in_app_admin_delivery,e4738e9f6099dbe3d9496339,school-list-prompt-user-school-list-add-first,school_list,prompt-user,school_list.add_first,critical,/schools,Add your first target school,"A school list unlocks school-specific readiness, deadlines, predictions, and essays.",Add schools,in_app_readiness_surface|dashboard,redis_notification_feed|remote_push|email,profile-readiness:school-list-prompt-user-school-list-add-first:e4738e9f6099dbe3d9496339,SchoolListItem count > 0,,
user_prompt,ready_for_in_app_admin_delivery,474d8949a3e5b09108ec3b81,school-list-prompt-user-school-list-add-first,school_list,prompt-user,school_list.add_first,critical,/schools,Add your first target school,"A school list unlocks school-specific readiness, deadlines, predictions, and essays.",Add schools,in_app_readiness_surface|dashboard,redis_notification_feed|remote_push|email,profile-readiness:school-list-prompt-user-school-list-add-first:474d8949a3e5b09108ec3b81,SchoolListItem count > 0,,
user_prompt,ready_for_in_app_admin_delivery,cdb3da9ea543a5c753ccfa0c,school-list-prompt-user-school-list-add-first,school_list,prompt-user,school_list.add_first,critical,/schools,Add your first target school,"A school list unlocks school-specific readiness, deadlines, predictions, and essays.",Add schools,in_app_readiness_surface|dashboard,redis_notification_feed|remote_push|email,profile-readiness:school-list-prompt-user-school-list-add-first:cdb3da9ea543a5c753ccfa0c,SchoolListItem count > 0,,
user_prompt,ready_for_in_app_admin_delivery,fc8f16b83985b967de426d3f,school-list-prompt-user-school-list-add-first,school_list,prompt-user,school_list.add_first,critical,/schools,Add your first target school,"A school list unlocks school-specific readiness, deadlines, predictions, and essays.",Add schools,in_app_readiness_surface|dashboard,redis_notification_feed|remote_push|email,profile-readiness:school-list-prompt-user-school-list-add-first:fc8f16b83985b967de426d3f,SchoolListItem count > 0,,
user_prompt,ready_for_in_app_admin_delivery,b0c80988e12081c77a12a149,school-list-prompt-user-school-list-add-first,school_list,prompt-user,school_list.add_first,critical,/schools,Add your first target school,"A school list unlocks school-specific readiness, deadlines, predictions, and essays.",Add schools,in_app_readiness_surface|dashboard,redis_notification_feed|remote_push|email,profile-readiness:school-list-prompt-user-school-list-add-first:b0c80988e12081c77a12a149,SchoolListItem count > 0,,
user_prompt,ready_for_in_app_admin_delivery,e8c4627e90dd0c86561a4211,school-list-prompt-user-school-list-add-first,school_list,prompt-user,school_list.add_first,critical,/schools,Add your first target school,"A school list unlocks school-specific readiness, deadlines, predictions, and essays.",Add schools,in_app_readiness_surface|dashboard,redis_notification_feed|remote_push|email,profile-readiness:school-list-prompt-user-school-list-add-first:e8c4627e90dd0c86561a4211,SchoolListItem count > 0,,
user_prompt,ready_for_in_app_admin_delivery,3a8e2922b759ef135c3d9f7e,school-list-prompt-user-school-list-add-first,school_list,prompt-user,school_list.add_first,critical,/schools,Add your first target school,"A school list unlocks school-specific readiness, deadlines, predictions, and essays.",Add schools,in_app_readiness_surface|dashboard,redis_notification_feed|remote_push|email,profile-readiness:school-list-prompt-user-school-list-add-first:3a8e2922b759ef135c3d9f7e,SchoolListItem count > 0,,
user_prompt,ready_for_in_app_admin_delivery,924f93d3f6ffe9ccc9df7305,school-list-prompt-user-school-list-add-first,school_list,prompt-user,school_list.add_first,critical,/schools,Add your first target school,"A school list unlocks school-specific readiness, deadlines, predictions, and essays.",Add schools,in_app_readiness_surface|dashboard,redis_notification_feed|remote_push|email,profile-readiness:school-list-prompt-user-school-list-add-first:924f93d3f6ffe9ccc9df7305,SchoolListItem count > 0,,
user_prompt,ready_for_in_app_admin_delivery,87bedf823aa46069dcbcb0af,school-list-prompt-user-school-list-add-first,school_list,prompt-user,school_list.add_first,critical,/schools,Add your first target school,"A school list unlocks school-specific readiness, deadlines, predictions, and essays.",Add schools,in_app_readiness_surface|dashboard,redis_notification_feed|remote_push|email,profile-readiness:school-list-prompt-user-school-list-add-first:87bedf823aa46069dcbcb0af,SchoolListItem count > 0,,
user_prompt,ready_for_in_app_admin_delivery,bf916380c8f762a7e70e53ff,school-list-prompt-user-school-list-add-first,school_list,prompt-user,school_list.add_first,critical,/schools,Add your first target school,"A school list unlocks school-specific readiness, deadlines, predictions, and essays.",Add schools,in_app_readiness_surface|dashboard,redis_notification_feed|remote_push|email,profile-readiness:school-list-prompt-user-school-list-add-first:bf916380c8f762a7e70e53ff,SchoolListItem count > 0,,
user_prompt,ready_for_in_app_admin_delivery,31ae86e25c7cd2d9507ef83b,school-list-prompt-user-school-list-add-first,school_list,prompt-user,school_list.add_first,critical,/schools,Add your first target school,"A school list unlocks school-specific readiness, deadlines, predictions, and essays.",Add schools,in_app_readiness_surface|dashboard,redis_notification_feed|remote_push|email,profile-readiness:school-list-prompt-user-school-list-add-first:31ae86e25c7cd2d9507ef83b,SchoolListItem count > 0,,
user_prompt,ready_for_in_app_admin_delivery,be55ccf9aec7954921b58ed6,school-list-prompt-user-school-list-add-first,school_list,prompt-user,school_list.add_first,critical,/schools,Add your first target school,"A school list unlocks school-specific readiness, deadlines, predictions, and essays.",Add schools,in_app_readiness_surface|dashboard,redis_notification_feed|remote_push|email,profile-readiness:school-list-prompt-user-school-list-add-first:be55ccf9aec7954921b58ed6,SchoolListItem count > 0,,
user_prompt,ready_for_in_app_admin_delivery,1625eaac5e2f519a41d415dd,school-list-prompt-user-school-list-add-first,school_list,prompt-user,school_list.add_first,critical,/schools,Add your first target school,"A school list unlocks school-specific readiness, deadlines, predictions, and essays.",Add schools,in_app_readiness_surface|dashboard,redis_notification_feed|remote_push|email,profile-readiness:school-list-prompt-user-school-list-add-first:1625eaac5e2f519a41d415dd,SchoolListItem count > 0,,
user_prompt,ready_for_in_app_admin_delivery,9f61348ce777b016003bfed2,school-list-prompt-user-school-list-add-first,school_list,prompt-user,school_list.add_first,critical,/schools,Add your first target school,"A school list unlocks school-specific readiness, deadlines, predictions, and essays.",Add schools,in_app_readiness_surface|dashboard,redis_notification_feed|remote_push|email,profile-readiness:school-list-prompt-user-school-list-add-first:9f61348ce777b016003bfed2,SchoolListItem count > 0,,
user_prompt,ready_for_in_app_admin_delivery,c7acaf6bdb242425516cdea2,school-list-prompt-user-school-list-add-first,school_list,prompt-user,school_list.add_first,critical,/schools,Add your first target school,"A school list unlocks school-specific readiness, deadlines, predictions, and essays.",Add schools,in_app_readiness_surface|dashboard,redis_notification_feed|remote_push|email,profile-readiness:school-list-prompt-user-school-list-add-first:c7acaf6bdb242425516cdea2,SchoolListItem count > 0,,
user_prompt,ready_for_in_app_admin_delivery,460a1b39d0a0bbf719ccd42e,school-list-prompt-user-school-list-add-first,school_list,prompt-user,school_list.add_first,critical,/schools,Add your first target school,"A school list unlocks school-specific readiness, deadlines, predictions, and essays.",Add schools,in_app_readiness_surface|dashboard,redis_notification_feed|remote_push|email,profile-readiness:school-list-prompt-user-school-list-add-first:460a1b39d0a0bbf719ccd42e,SchoolListItem count > 0,,
user_prompt,ready_for_in_app_admin_delivery,2469297d61ae15809a5a0bad,school-list-prompt-user-school-list-add-first,school_list,prompt-user,school_list.add_first,critical,/schools,Add your first target school,"A school list unlocks school-specific readiness, deadlines, predictions, and essays.",Add schools,in_app_readiness_surface|dashboard,redis_notification_feed|remote_push|email,profile-readiness:school-list-prompt-user-school-list-add-first:2469297d61ae15809a5a0bad,SchoolListItem count > 0,,
user_prompt,ready_for_in_app_admin_delivery,24b9b75b5aa5af21078930b1,school-list-prompt-user-school-list-add-first,school_list,prompt-user,school_list.add_first,critical,/schools,Add your first target school,"A school list unlocks school-specific readiness, deadlines, predictions, and essays.",Add schools,in_app_readiness_surface|dashboard,redis_notification_feed|remote_push|email,profile-readiness:school-list-prompt-user-school-list-add-first:24b9b75b5aa5af21078930b1,SchoolListItem count > 0,,
user_prompt,ready_for_in_app_admin_delivery,96bb7725f80f2deb6d14aee8,school-list-prompt-user-school-list-add-first,school_list,prompt-user,school_list.add_first,critical,/schools,Add your first target school,"A school list unlocks school-specific readiness, deadlines, predictions, and essays.",Add schools,in_app_readiness_surface|dashboard,redis_notification_feed|remote_push|email,profile-readiness:school-list-prompt-user-school-list-add-first:96bb7725f80f2deb6d14aee8,SchoolListItem count > 0,,
user_prompt,ready_for_in_app_admin_delivery,62518ba44202e419939d7380,school-list-prompt-user-school-list-add-first,school_list,prompt-user,school_list.add_first,critical,/schools,Add your first target school,"A school list unlocks school-specific readiness, deadlines, predictions, and essays.",Add schools,in_app_readiness_surface|dashboard,redis_notification_feed|remote_push|email,profile-readiness:school-list-prompt-user-school-list-add-first:62518ba44202e419939d7380,SchoolListItem count > 0,,
user_prompt,ready_for_in_app_admin_delivery,12fab2f5592a0faa96fd9ea6,school-list-prompt-user-school-list-add-first,school_list,prompt-user,school_list.add_first,critical,/schools,Add your first target school,"A school list unlocks school-specific readiness, deadlines, predictions, and essays.",Add schools,in_app_readiness_surface|dashboard,redis_notification_feed|remote_push|email,profile-readiness:school-list-prompt-user-school-list-add-first:12fab2f5592a0faa96fd9ea6,SchoolListItem count > 0,,
user_prompt,ready_for_in_app_admin_delivery,07336775ec557556d6ec62db,school-list-prompt-user-school-list-add-first,school_list,prompt-user,school_list.add_first,critical,/schools,Add your first target school,"A school list unlocks school-specific readiness, deadlines, predictions, and essays.",Add schools,in_app_readiness_surface|dashboard,redis_notification_feed|remote_push|email,profile-readiness:school-list-prompt-user-school-list-add-first:07336775ec557556d6ec62db,SchoolListItem count > 0,,
user_prompt,ready_for_in_app_admin_delivery,dc870637f8d4f37ca4b13080,school-list-prompt-user-school-list-add-first,school_list,prompt-user,school_list.add_first,critical,/schools,Add your first target school,"A school list unlocks school-specific readiness, deadlines, predictions, and essays.",Add schools,in_app_readiness_surface|dashboard,redis_notification_feed|remote_push|email,profile-readiness:school-list-prompt-user-school-list-add-first:dc870637f8d4f37ca4b13080,SchoolListItem count > 0,,
user_prompt,ready_for_in_app_admin_delivery,5b75b94cf2db494b630266ad,school-list-prompt-user-school-list-add-first,school_list,prompt-user,school_list.add_first,critical,/schools,Add your first target school,"A school list unlocks school-specific readiness, deadlines, predictions, and essays.",Add schools,in_app_readiness_surface|dashboard,redis_notification_feed|remote_push|email,profile-readiness:school-list-prompt-user-school-list-add-first:5b75b94cf2db494b630266ad,SchoolListItem count > 0,,
user_prompt,ready_for_in_app_admin_delivery,bfcccb6a551e4a8d50b973de,school-list-prompt-user-school-list-add-first,school_list,prompt-user,school_list.add_first,critical,/schools,Add your first target school,"A school list unlocks school-specific readiness, deadlines, predictions, and essays.",Add schools,in_app_readiness_surface|dashboard,redis_notification_feed|remote_push|email,profile-readiness:school-list-prompt-user-school-list-add-first:bfcccb6a551e4a8d50b973de,SchoolListItem count > 0,,
user_prompt,ready_for_in_app_admin_delivery,7db800770eb73da8832dd707,school-list-prompt-user-school-list-add-first,school_list,prompt-user,school_list.add_first,critical,/schools,Add your first target school,"A school list unlocks school-specific readiness, deadlines, predictions, and essays.",Add schools,in_app_readiness_surface|dashboard,redis_notification_feed|remote_push|email,profile-readiness:school-list-prompt-user-school-list-add-first:7db800770eb73da8832dd707,SchoolListItem count > 0,,
user_prompt,ready_for_in_app_admin_delivery,026b9edd82f92dd6ee9d5fd7,school-list-prompt-user-school-list-add-first,school_list,prompt-user,school_list.add_first,critical,/schools,Add your first target school,"A school list unlocks school-specific readiness, deadlines, predictions, and essays.",Add schools,in_app_readiness_surface|dashboard,redis_notification_feed|remote_push|email,profile-readiness:school-list-prompt-user-school-list-add-first:026b9edd82f92dd6ee9d5fd7,SchoolListItem count > 0,,
user_prompt,ready_for_in_app_admin_delivery,3654c572f6fbdd1467e6bb63,school-list-prompt-user-school-list-add-first,school_list,prompt-user,school_list.add_first,critical,/schools,Add your first target school,"A school list unlocks school-specific readiness, deadlines, predictions, and essays.",Add schools,in_app_readiness_surface|dashboard,redis_notification_feed|remote_push|email,profile-readiness:school-list-prompt-user-school-list-add-first:3654c572f6fbdd1467e6bb63,SchoolListItem count > 0,,
user_prompt,ready_for_in_app_admin_delivery,224ffa3dca1db08281b46e31,school-list-prompt-user-school-list-add-first,school_list,prompt-user,school_list.add_first,critical,/schools,Add your first target school,"A school list unlocks school-specific readiness, deadlines, predictions, and essays.",Add schools,in_app_readiness_surface|dashboard,redis_notification_feed|remote_push|email,profile-readiness:school-list-prompt-user-school-list-add-first:224ffa3dca1db08281b46e31,SchoolListItem count > 0,,
user_prompt,ready_for_in_app_admin_delivery,9062cc22dba829dc0b78d5c0,school-list-prompt-user-school-list-add-first,school_list,prompt-user,school_list.add_first,critical,/schools,Add your first target school,"A school list unlocks school-specific readiness, deadlines, predictions, and essays.",Add schools,in_app_readiness_surface|dashboard,redis_notification_feed|remote_push|email,profile-readiness:school-list-prompt-user-school-list-add-first:9062cc22dba829dc0b78d5c0,SchoolListItem count > 0,,
user_prompt,ready_for_in_app_admin_delivery,d4cee5b87e1ae49c97098ec9,school-list-prompt-user-school-list-add-first,school_list,prompt-user,school_list.add_first,critical,/schools,Add your first target school,"A school list unlocks school-specific readiness, deadlines, predictions, and essays.",Add schools,in_app_readiness_surface|dashboard,redis_notification_feed|remote_push|email,profile-readiness:school-list-prompt-user-school-list-add-first:d4cee5b87e1ae49c97098ec9,SchoolListItem count > 0,,
user_prompt,ready_for_in_app_admin_delivery,b06b8c942ca03b7f8343e1ab,school-list-prompt-user-school-list-add-first,school_list,prompt-user,school_list.add_first,critical,/schools,Add your first target school,"A school list unlocks school-specific readiness, deadlines, predictions, and essays.",Add schools,in_app_readiness_surface|dashboard,redis_notification_feed|remote_push|email,profile-readiness:school-list-prompt-user-school-list-add-first:b06b8c942ca03b7f8343e1ab,SchoolListItem count > 0,,
user_prompt,ready_for_in_app_admin_delivery,c46005f46a86567329a9b506,school-list-prompt-user-school-list-add-first,school_list,prompt-user,school_list.add_first,critical,/schools,Add your first target school,"A school list unlocks school-specific readiness, deadlines, predictions, and essays.",Add schools,in_app_readiness_surface|dashboard,redis_notification_feed|remote_push|email,profile-readiness:school-list-prompt-user-school-list-add-first:c46005f46a86567329a9b506,SchoolListItem count > 0,,
user_prompt,ready_for_in_app_admin_delivery,306394753611302d9dcc2614,school-list-prompt-user-school-list-add-first,school_list,prompt-user,school_list.add_first,critical,/schools,Add your first target school,"A school list unlocks school-specific readiness, deadlines, predictions, and essays.",Add schools,in_app_readiness_surface|dashboard,redis_notification_feed|remote_push|email,profile-readiness:school-list-prompt-user-school-list-add-first:306394753611302d9dcc2614,SchoolListItem count > 0,,
user_prompt,ready_for_in_app_admin_delivery,95e594b7481e10e5bbeab2ed,school-list-prompt-user-school-list-add-first,school_list,prompt-user,school_list.add_first,critical,/schools,Add your first target school,"A school list unlocks school-specific readiness, deadlines, predictions, and essays.",Add schools,in_app_readiness_surface|dashboard,redis_notification_feed|remote_push|email,profile-readiness:school-list-prompt-user-school-list-add-first:95e594b7481e10e5bbeab2ed,SchoolListItem count > 0,,
user_prompt,ready_for_in_app_admin_delivery,d19670c353690659b32ceffa,school-list-prompt-user-school-list-add-first,school_list,prompt-user,school_list.add_first,critical,/schools,Add your first target school,"A school list unlocks school-specific readiness, deadlines, predictions, and essays.",Add schools,in_app_readiness_surface|dashboard,redis_notification_feed|remote_push|email,profile-readiness:school-list-prompt-user-school-list-add-first:d19670c353690659b32ceffa,SchoolListItem count > 0,,
user_prompt,ready_for_in_app_admin_delivery,b6c285440b15a597cd93436e,school-list-prompt-user-school-list-add-first,school_list,prompt-user,school_list.add_first,critical,/schools,Add your first target school,"A school list unlocks school-specific readiness, deadlines, predictions, and essays.",Add schools,in_app_readiness_surface|dashboard,redis_notification_feed|remote_push|email,profile-readiness:school-list-prompt-user-school-list-add-first:b6c285440b15a597cd93436e,SchoolListItem count > 0,,
system_generation,ready_for_system_generation,d91461370b9bf48cd0077d58,application-analysis-run-prediction-application-analysis-predictions-required,application_analysis,run-prediction,application_analysis.predictions_required,warning,/prediction,,,,admin_queue,redis_notification_feed|remote_push|email,,Fresh authoritative prediction exists for selected schools,,
operator_review,ready_for_operator_review,12d90bcc183001cc67077b5c,deadline-review-deadline-source-deadline-round-missing,deadline,review-deadline-source,deadline.round_missing,warning,/timeline,,,,admin_queue,redis_notification_feed|remote_push|email,,Deadline evidence confirms the selected school round,cmn1htkpe0010vqf2xzzjz779,University of Illinois Urbana-Champaign
operator_review,ready_for_operator_review,9e2e8a7efd09e33207efd57e,deadline-review-deadline-source-deadline-round-missing,deadline,review-deadline-source,deadline.round_missing,warning,/timeline,,,,admin_queue,redis_notification_feed|remote_push|email,,Deadline evidence confirms the selected school round,cmn1htknv000evqf29yjvrstt,"University of California, Berkeley"
system_generation,ready_for_system_generation,d91461370b9bf48cd0077d58,prediction-run-prediction-prediction-missing,prediction,run-prediction,prediction.missing,warning,/prediction,,,,admin_queue,redis_notification_feed|remote_push|email,,Fresh authoritative prediction exists for selected schools,cmn1htknv000evqf29yjvrstt,"University of California, Berkeley"
system_generation,ready_for_system_generation,d91461370b9bf48cd0077d58,prediction-run-prediction-prediction-missing,prediction,run-prediction,prediction.missing,warning,/prediction,,,,admin_queue,redis_notification_feed|remote_push|email,,Fresh authoritative prediction exists for selected schools,cmn1htkny000fvqf2jlmz8ej1,"University of California, Los Angeles"
system_generation,ready_for_system_generation,d91461370b9bf48cd0077d58,prediction-run-prediction-prediction-missing,prediction,run-prediction,prediction.missing,warning,/prediction,,,,admin_queue,redis_notification_feed|remote_push|email,,Fresh authoritative prediction exists for selected schools,cmn1htkou000svqf2356l4yfj,"University of California, San Diego"
system_generation,ready_for_system_generation,d91461370b9bf48cd0077d58,prediction-run-prediction-prediction-missing,prediction,run-prediction,prediction.missing,warning,/prediction,,,,admin_queue,redis_notification_feed|remote_push|email,,Fresh authoritative prediction exists for selected schools,cmn1htkor000rvqf282ibd6kz,"University of California, Davis"
system_generation,ready_for_system_generation,d91461370b9bf48cd0077d58,prediction-run-prediction-prediction-missing,prediction,run-prediction,prediction.missing,warning,/prediction,,,,admin_queue,redis_notification_feed|remote_push|email,,Fresh authoritative prediction exists for selected schools,cmn1htkpb000zvqf2645ltfg6,"University of California, Santa Barbara"
user_prompt,ready_for_in_app_admin_delivery,54deda6071b6929b8aaf9012,profile-prompt-user-profile-activities,profile,prompt-user,profile.activities,warning,/profile?tab=activities,Add activities,Activities make profile analysis and school fit less generic.,Add activities,in_app_readiness_surface|dashboard,redis_notification_feed|remote_push|email,profile-readiness:profile-prompt-user-profile-activities:54deda6071b6929b8aaf9012,User has at least one activity row,,
user_prompt,ready_for_in_app_admin_delivery,bcbbfbdd0ed7212eac0f9acb,profile-prompt-user-profile-activities,profile,prompt-user,profile.activities,warning,/profile?tab=activities,Add activities,Activities make profile analysis and school fit less generic.,Add activities,in_app_readiness_surface|dashboard,redis_notification_feed|remote_push|email,profile-readiness:profile-prompt-user-profile-activities:bcbbfbdd0ed7212eac0f9acb,User has at least one activity row,,
user_prompt,ready_for_in_app_admin_delivery,2b76b871ca465655cbbacaca,profile-prompt-user-profile-activities,profile,prompt-user,profile.activities,warning,/profile?tab=activities,Add activities,Activities make profile analysis and school fit less generic.,Add activities,in_app_readiness_surface|dashboard,redis_notification_feed|remote_push|email,profile-readiness:profile-prompt-user-profile-activities:2b76b871ca465655cbbacaca,User has at least one activity row,,
user_prompt,ready_for_in_app_admin_delivery,ee5859e5e75b862f47c24481,profile-prompt-user-profile-activities,profile,prompt-user,profile.activities,warning,/profile?tab=activities,Add activities,Activities make profile analysis and school fit less generic.,Add activities,in_app_readiness_surface|dashboard,redis_notification_feed|remote_push|email,profile-readiness:profile-prompt-user-profile-activities:ee5859e5e75b862f47c24481,User has at least one activity row,,
user_prompt,ready_for_in_app_admin_delivery,0decde83c8c3b1eba5c4bcbe,profile-prompt-user-profile-activities,profile,prompt-user,profile.activities,warning,/profile?tab=activities,Add activities,Activities make profile analysis and school fit less generic.,Add activities,in_app_readiness_surface|dashboard,redis_notification_feed|remote_push|email,profile-readiness:profile-prompt-user-profile-activities:0decde83c8c3b1eba5c4bcbe,User has at least one activity row,,
user_prompt,ready_for_in_app_admin_delivery,e143db79d9c485a460893ca5,profile-prompt-user-profile-activities,profile,prompt-user,profile.activities,warning,/profile?tab=activities,Add activities,Activities make profile analysis and school fit less generic.,Add activities,in_app_readiness_surface|dashboard,redis_notification_feed|remote_push|email,profile-readiness:profile-prompt-user-profile-activities:e143db79d9c485a460893ca5,User has at least one activity row,,
user_prompt,ready_for_in_app_admin_delivery,19f17ffd8ca6cda6fb981237,profile-prompt-user-profile-activities,profile,prompt-user,profile.activities,warning,/profile?tab=activities,Add activities,Activities make profile analysis and school fit less generic.,Add activities,in_app_readiness_surface|dashboard,redis_notification_feed|remote_push|email,profile-readiness:profile-prompt-user-profile-activities:19f17ffd8ca6cda6fb981237,User has at least one activity row,,
user_prompt,ready_for_in_app_admin_delivery,556e66a23d80e56fc6de4c70,profile-prompt-user-profile-activities,profile,prompt-user,profile.activities,warning,/profile?tab=activities,Add activities,Activities make profile analysis and school fit less generic.,Add activities,in_app_readiness_surface|dashboard,redis_notification_feed|remote_push|email,profile-readiness:profile-prompt-user-profile-activities:556e66a23d80e56fc6de4c70,User has at least one activity row,,
user_prompt,ready_for_in_app_admin_delivery,161ae07fa8fcfd5b9c149e3a,profile-prompt-user-profile-activities,profile,prompt-user,profile.activities,warning,/profile?tab=activities,Add activities,Activities make profile analysis and school fit less generic.,Add activities,in_app_readiness_surface|dashboard,redis_notification_feed|remote_push|email,profile-readiness:profile-prompt-user-profile-activities:161ae07fa8fcfd5b9c149e3a,User has at least one activity row,,
user_prompt,ready_for_in_app_admin_delivery,bbcc181196a5f49e7b7b5217,profile-prompt-user-profile-activities,profile,prompt-user,profile.activities,warning,/profile?tab=activities,Add activities,Activities make profile analysis and school fit less generic.,Add activities,in_app_readiness_surface|dashboard,redis_notification_feed|remote_push|email,profile-readiness:profile-prompt-user-profile-activities:bbcc181196a5f49e7b7b5217,User has at least one activity row,,
user_prompt,ready_for_in_app_admin_delivery,2ad6a5c85738075faca4e660,profile-prompt-user-profile-activities,profile,prompt-user,profile.activities,warning,/profile?tab=activities,Add activities,Activities make profile analysis and school fit less generic.,Add activities,in_app_readiness_surface|dashboard,redis_notification_feed|remote_push|email,profile-readiness:profile-prompt-user-profile-activities:2ad6a5c85738075faca4e660,User has at least one activity row,,
user_prompt,ready_for_in_app_admin_delivery,4f43b96ee5b22b7fd5680c21,profile-prompt-user-profile-activities,profile,prompt-user,profile.activities,warning,/profile?tab=activities,Add activities,Activities make profile analysis and school fit less generic.,Add activities,in_app_readiness_surface|dashboard,redis_notification_feed|remote_push|email,profile-readiness:profile-prompt-user-profile-activities:4f43b96ee5b22b7fd5680c21,User has at least one activity row,,
user_prompt,ready_for_in_app_admin_delivery,c271fde2cf1b87f889ec0c16,profile-prompt-user-profile-activities,profile,prompt-user,profile.activities,warning,/profile?tab=activities,Add activities,Activities make profile analysis and school fit less generic.,Add activities,in_app_readiness_surface|dashboard,redis_notification_feed|remote_push|email,profile-readiness:profile-prompt-user-profile-activities:c271fde2cf1b87f889ec0c16,User has at least one activity row,,
user_prompt,ready_for_in_app_admin_delivery,746bc9d4549c99352f08bdcf,profile-prompt-user-profile-activities,profile,prompt-user,profile.activities,warning,/profile?tab=activities,Add activities,Activities make profile analysis and school fit less generic.,Add activities,in_app_readiness_surface|dashboard,redis_notification_feed|remote_push|email,profile-readiness:profile-prompt-user-profile-activities:746bc9d4549c99352f08bdcf,User has at least one activity row,,
user_prompt,ready_for_in_app_admin_delivery,b4d7837782707744792d2395,profile-prompt-user-profile-activities,profile,prompt-user,profile.activities,warning,/profile?tab=activities,Add activities,Activities make profile analysis and school fit less generic.,Add activities,in_app_readiness_surface|dashboard,redis_notification_feed|remote_push|email,profile-readiness:profile-prompt-user-profile-activities:b4d7837782707744792d2395,User has at least one activity row,,
user_prompt,ready_for_in_app_admin_delivery,40e9414c98a1ebdf2dcad4cd,profile-prompt-user-profile-activities,profile,prompt-user,profile.activities,warning,/profile?tab=activities,Add activities,Activities make profile analysis and school fit less generic.,Add activities,in_app_readiness_surface|dashboard,redis_notification_feed|remote_push|email,profile-readiness:profile-prompt-user-profile-activities:40e9414c98a1ebdf2dcad4cd,User has at least one activity row,,
user_prompt,ready_for_in_app_admin_delivery,b1fa79bf9c552d0d23893f4d,profile-prompt-user-profile-activities,profile,prompt-user,profile.activities,warning,/profile?tab=activities,Add activities,Activities make profile analysis and school fit less generic.,Add activities,in_app_readiness_surface|dashboard,redis_notification_feed|remote_push|email,profile-readiness:profile-prompt-user-profile-activities:b1fa79bf9c552d0d23893f4d,User has at least one activity row,,
user_prompt,ready_for_in_app_admin_delivery,7eb6af9e5e76bffb19b076da,profile-prompt-user-profile-activities,profile,prompt-user,profile.activities,warning,/profile?tab=activities,Add activities,Activities make profile analysis and school fit less generic.,Add activities,in_app_readiness_surface|dashboard,redis_notification_feed|remote_push|email,profile-readiness:profile-prompt-user-profile-activities:7eb6af9e5e76bffb19b076da,User has at least one activity row,,
user_prompt,ready_for_in_app_admin_delivery,0d718acf5447f81ecb074643,profile-prompt-user-profile-activities,profile,prompt-user,profile.activities,warning,/profile?tab=activities,Add activities,Activities make profile analysis and school fit less generic.,Add activities,in_app_readiness_surface|dashboard,redis_notification_feed|remote_push|email,profile-readiness:profile-prompt-user-profile-activities:0d718acf5447f81ecb074643,User has at least one activity row,,
user_prompt,ready_for_in_app_admin_delivery,62054f9af3f742de36c2f85c,profile-prompt-user-profile-activities,profile,prompt-user,profile.activities,warning,/profile?tab=activities,Add activities,Activities make profile analysis and school fit less generic.,Add activities,in_app_readiness_surface|dashboard,redis_notification_feed|remote_push|email,profile-readiness:profile-prompt-user-profile-activities:62054f9af3f742de36c2f85c,User has at least one activity row,,
user_prompt,ready_for_in_app_admin_delivery,9364ef9c662f3a639f68f056,profile-prompt-user-profile-activities,profile,prompt-user,profile.activities,warning,/profile?tab=activities,Add activities,Activities make profile analysis and school fit less generic.,Add activities,in_app_readiness_surface|dashboard,redis_notification_feed|remote_push|email,profile-readiness:profile-prompt-user-profile-activities:9364ef9c662f3a639f68f056,User has at least one activity row,,
user_prompt,ready_for_in_app_admin_delivery,3a816c9b5433ae0aaf479ba7,profile-prompt-user-profile-activities,profile,prompt-user,profile.activities,warning,/profile?tab=activities,Add activities,Activities make profile analysis and school fit less generic.,Add activities,in_app_readiness_surface|dashboard,redis_notification_feed|remote_push|email,profile-readiness:profile-prompt-user-profile-activities:3a816c9b5433ae0aaf479ba7,User has at least one activity row,,
user_prompt,ready_for_in_app_admin_delivery,3ee3cf435e4f83fb80edeb51,profile-prompt-user-profile-activities,profile,prompt-user,profile.activities,warning,/profile?tab=activities,Add activities,Activities make profile analysis and school fit less generic.,Add activities,in_app_readiness_surface|dashboard,redis_notification_feed|remote_push|email,profile-readiness:profile-prompt-user-profile-activities:3ee3cf435e4f83fb80edeb51,User has at least one activity row,,
user_prompt,ready_for_in_app_admin_delivery,9c31e7076836e7c3e8c3b9e6,profile-prompt-user-profile-activities,profile,prompt-user,profile.activities,warning,/profile?tab=activities,Add activities,Activities make profile analysis and school fit less generic.,Add activities,in_app_readiness_surface|dashboard,redis_notification_feed|remote_push|email,profile-readiness:profile-prompt-user-profile-activities:9c31e7076836e7c3e8c3b9e6,User has at least one activity row,,
user_prompt,ready_for_in_app_admin_delivery,700a98cbdc40e3ae03f7db21,profile-prompt-user-profile-activities,profile,prompt-user,profile.activities,warning,/profile?tab=activities,Add activities,Activities make profile analysis and school fit less generic.,Add activities,in_app_readiness_surface|dashboard,redis_notification_feed|remote_push|email,profile-readiness:profile-prompt-user-profile-activities:700a98cbdc40e3ae03f7db21,User has at least one activity row,,
user_prompt,ready_for_in_app_admin_delivery,350e3e61308a4fecf31d5265,profile-prompt-user-profile-activities,profile,prompt-user,profile.activities,warning,/profile?tab=activities,Add activities,Activities make profile analysis and school fit less generic.,Add activities,in_app_readiness_surface|dashboard,redis_notification_feed|remote_push|email,profile-readiness:profile-prompt-user-profile-activities:350e3e61308a4fecf31d5265,User has at least one activity row,,
user_prompt,ready_for_in_app_admin_delivery,ee8d2acecabae8a094f78e72,profile-prompt-user-profile-activities,profile,prompt-user,profile.activities,warning,/profile?tab=activities,Add activities,Activities make profile analysis and school fit less generic.,Add activities,in_app_readiness_surface|dashboard,redis_notification_feed|remote_push|email,profile-readiness:profile-prompt-user-profile-activities:ee8d2acecabae8a094f78e72,User has at least one activity row,,
user_prompt,ready_for_in_app_admin_delivery,60ae21cdcc0779c5d57fa893,profile-prompt-user-profile-activities,profile,prompt-user,profile.activities,warning,/profile?tab=activities,Add activities,Activities make profile analysis and school fit less generic.,Add activities,in_app_readiness_surface|dashboard,redis_notification_feed|remote_push|email,profile-readiness:profile-prompt-user-profile-activities:60ae21cdcc0779c5d57fa893,User has at least one activity row,,
user_prompt,ready_for_in_app_admin_delivery,8af2599c6426aee17e392808,profile-prompt-user-profile-activities,profile,prompt-user,profile.activities,warning,/profile?tab=activities,Add activities,Activities make profile analysis and school fit less generic.,Add activities,in_app_readiness_surface|dashboard,redis_notification_feed|remote_push|email,profile-readiness:profile-prompt-user-profile-activities:8af2599c6426aee17e392808,User has at least one activity row,,
user_prompt,ready_for_in_app_admin_delivery,b16338de18bd3ea9490a922c,profile-prompt-user-profile-activities,profile,prompt-user,profile.activities,warning,/profile?tab=activities,Add activities,Activities make profile analysis and school fit less generic.,Add activities,in_app_readiness_surface|dashboard,redis_notification_feed|remote_push|email,profile-readiness:profile-prompt-user-profile-activities:b16338de18bd3ea9490a922c,User has at least one activity row,,
user_prompt,ready_for_in_app_admin_delivery,2c109a0b6856445f718b6cc4,profile-prompt-user-profile-activities,profile,prompt-user,profile.activities,warning,/profile?tab=activities,Add activities,Activities make profile analysis and school fit less generic.,Add activities,in_app_readiness_surface|dashboard,redis_notification_feed|remote_push|email,profile-readiness:profile-prompt-user-profile-activities:2c109a0b6856445f718b6cc4,User has at least one activity row,,
user_prompt,ready_for_in_app_admin_delivery,58f299953ccf1094f94211d2,profile-prompt-user-profile-activities,profile,prompt-user,profile.activities,warning,/profile?tab=activities,Add activities,Activities make profile analysis and school fit less generic.,Add activities,in_app_readiness_surface|dashboard,redis_notification_feed|remote_push|email,profile-readiness:profile-prompt-user-profile-activities:58f299953ccf1094f94211d2,User has at least one activity row,,
user_prompt,ready_for_in_app_admin_delivery,b08f78a2c250836222a2ed7e,profile-prompt-user-profile-activities,profile,prompt-user,profile.activities,warning,/profile?tab=activities,Add activities,Activities make profile analysis and school fit less generic.,Add activities,in_app_readiness_surface|dashboard,redis_notification_feed|remote_push|email,profile-readiness:profile-prompt-user-profile-activities:b08f78a2c250836222a2ed7e,User has at least one activity row,,
user_prompt,ready_for_in_app_admin_delivery,e35b0c6b5a8af24ddecf15b1,profile-prompt-user-profile-activities,profile,prompt-user,profile.activities,warning,/profile?tab=activities,Add activities,Activities make profile analysis and school fit less generic.,Add activities,in_app_readiness_surface|dashboard,redis_notification_feed|remote_push|email,profile-readiness:profile-prompt-user-profile-activities:e35b0c6b5a8af24ddecf15b1,User has at least one activity row,,
user_prompt,ready_for_in_app_admin_delivery,af8e626ff7ecc5fffec5a83b,profile-prompt-user-profile-activities,profile,prompt-user,profile.activities,warning,/profile?tab=activities,Add activities,Activities make profile analysis and school fit less generic.,Add activities,in_app_readiness_surface|dashboard,redis_notification_feed|remote_push|email,profile-readiness:profile-prompt-user-profile-activities:af8e626ff7ecc5fffec5a83b,User has at least one activity row,,
user_prompt,ready_for_in_app_admin_delivery,5635dbb88bfc845adb3c6c2d,profile-prompt-user-profile-activities,profile,prompt-user,profile.activities,warning,/profile?tab=activities,Add activities,Activities make profile analysis and school fit less generic.,Add activities,in_app_readiness_surface|dashboard,redis_notification_feed|remote_push|email,profile-readiness:profile-prompt-user-profile-activities:5635dbb88bfc845adb3c6c2d,User has at least one activity row,,
user_prompt,ready_for_in_app_admin_delivery,08a357ecc96894482491cba4,profile-prompt-user-profile-activities,profile,prompt-user,profile.activities,warning,/profile?tab=activities,Add activities,Activities make profile analysis and school fit less generic.,Add activities,in_app_readiness_surface|dashboard,redis_notification_feed|remote_push|email,profile-readiness:profile-prompt-user-profile-activities:08a357ecc96894482491cba4,User has at least one activity row,,
user_prompt,ready_for_in_app_admin_delivery,82be1f799b998791e0b4a42f,profile-prompt-user-profile-activities,profile,prompt-user,profile.activities,warning,/profile?tab=activities,Add activities,Activities make profile analysis and school fit less generic.,Add activities,in_app_readiness_surface|dashboard,redis_notification_feed|remote_push|email,profile-readiness:profile-prompt-user-profile-activities:82be1f799b998791e0b4a42f,User has at least one activity row,,
user_prompt,ready_for_in_app_admin_delivery,d44f4c033bff279e6a7ecb7f,profile-prompt-user-profile-activities,profile,prompt-user,profile.activities,warning,/profile?tab=activities,Add activities,Activities make profile analysis and school fit less generic.,Add activities,in_app_readiness_surface|dashboard,redis_notification_feed|remote_push|email,profile-readiness:profile-prompt-user-profile-activities:d44f4c033bff279e6a7ecb7f,User has at least one activity row,,
user_prompt,ready_for_in_app_admin_delivery,1721e7fd604c8c9cba7b29ee,profile-prompt-user-profile-activities,profile,prompt-user,profile.activities,warning,/profile?tab=activities,Add activities,Activities make profile analysis and school fit less generic.,Add activities,in_app_readiness_surface|dashboard,redis_notification_feed|remote_push|email,profile-readiness:profile-prompt-user-profile-activities:1721e7fd604c8c9cba7b29ee,User has at least one activity row,,
user_prompt,ready_for_in_app_admin_delivery,aa77cfaf01d5f471651c731f,profile-prompt-user-profile-activities,profile,prompt-user,profile.activities,warning,/profile?tab=activities,Add activities,Activities make profile analysis and school fit less generic.,Add activities,in_app_readiness_surface|dashboard,redis_notification_feed|remote_push|email,profile-readiness:profile-prompt-user-profile-activities:aa77cfaf01d5f471651c731f,User has at least one activity row,,
user_prompt,ready_for_in_app_admin_delivery,8182fd0a8ea90cbe07f9f5f3,profile-prompt-user-profile-activities,profile,prompt-user,profile.activities,warning,/profile?tab=activities,Add activities,Activities make profile analysis and school fit less generic.,Add activities,in_app_readiness_surface|dashboard,redis_notification_feed|remote_push|email,profile-readiness:profile-prompt-user-profile-activities:8182fd0a8ea90cbe07f9f5f3,User has at least one activity row,,
user_prompt,ready_for_in_app_admin_delivery,8f76e29a0754e9147868ff48,profile-prompt-user-profile-activities,profile,prompt-user,profile.activities,warning,/profile?tab=activities,Add activities,Activities make profile analysis and school fit less generic.,Add activities,in_app_readiness_surface|dashboard,redis_notification_feed|remote_push|email,profile-readiness:profile-prompt-user-profile-activities:8f76e29a0754e9147868ff48,User has at least one activity row,,
user_prompt,ready_for_in_app_admin_delivery,e49853bb7590d4fbc088e2ce,profile-prompt-user-profile-activities,profile,prompt-user,profile.activities,warning,/profile?tab=activities,Add activities,Activities make profile analysis and school fit less generic.,Add activities,in_app_readiness_surface|dashboard,redis_notification_feed|remote_push|email,profile-readiness:profile-prompt-user-profile-activities:e49853bb7590d4fbc088e2ce,User has at least one activity row,,
user_prompt,ready_for_in_app_admin_delivery,ba75887eed7d741502c53c31,profile-prompt-user-profile-activities,profile,prompt-user,profile.activities,warning,/profile?tab=activities,Add activities,Activities make profile analysis and school fit less generic.,Add activities,in_app_readiness_surface|dashboard,redis_notification_feed|remote_push|email,profile-readiness:profile-prompt-user-profile-activities:ba75887eed7d741502c53c31,User has at least one activity row,,
user_prompt,ready_for_in_app_admin_delivery,2f77ce3256c653a98a843922,profile-prompt-user-profile-activities,profile,prompt-user,profile.activities,warning,/profile?tab=activities,Add activities,Activities make profile analysis and school fit less generic.,Add activities,in_app_readiness_surface|dashboard,redis_notification_feed|remote_push|email,profile-readiness:profile-prompt-user-profile-activities:2f77ce3256c653a98a843922,User has at least one activity row,,
user_prompt,ready_for_in_app_admin_delivery,39d82fb302892df916184722,profile-prompt-user-profile-activities,profile,prompt-user,profile.activities,warning,/profile?tab=activities,Add activities,Activities make profile analysis and school fit less generic.,Add activities,in_app_readiness_surface|dashboard,redis_notification_feed|remote_push|email,profile-readiness:profile-prompt-user-profile-activities:39d82fb302892df916184722,User has at least one activity row,,
user_prompt,ready_for_in_app_admin_delivery,73a91be57fb9c7848ca2fc38,profile-prompt-user-profile-activities,profile,prompt-user,profile.activities,warning,/profile?tab=activities,Add activities,Activities make profile analysis and school fit less generic.,Add activities,in_app_readiness_surface|dashboard,redis_notification_feed|remote_push|email,profile-readiness:profile-prompt-user-profile-activities:73a91be57fb9c7848ca2fc38,User has at least one activity row,,
user_prompt,ready_for_in_app_admin_delivery,b7c52e38fa597c4401a45a0d,profile-prompt-user-profile-activities,profile,prompt-user,profile.activities,warning,/profile?tab=activities,Add activities,Activities make profile analysis and school fit less generic.,Add activities,in_app_readiness_surface|dashboard,redis_notification_feed|remote_push|email,profile-readiness:profile-prompt-user-profile-activities:b7c52e38fa597c4401a45a0d,User has at least one activity row,,
user_prompt,ready_for_in_app_admin_delivery,b6211d62f28ea1ac1fbf92f6,profile-prompt-user-profile-activities,profile,prompt-user,profile.activities,warning,/profile?tab=activities,Add activities,Activities make profile analysis and school fit less generic.,Add activities,in_app_readiness_surface|dashboard,redis_notification_feed|remote_push|email,profile-readiness:profile-prompt-user-profile-activities:b6211d62f28ea1ac1fbf92f6,User has at least one activity row,,
user_prompt,ready_for_in_app_admin_delivery,51123683ff47579b1326d7e0,profile-prompt-user-profile-activities,profile,prompt-user,profile.activities,warning,/profile?tab=activities,Add activities,Activities make profile analysis and school fit less generic.,Add activities,in_app_readiness_surface|dashboard,redis_notification_feed|remote_push|email,profile-readiness:profile-prompt-user-profile-activities:51123683ff47579b1326d7e0,User has at least one activity row,,
user_prompt,ready_for_in_app_admin_delivery,d623a290fc0c003872b7e51e,profile-prompt-user-profile-activities,profile,prompt-user,profile.activities,warning,/profile?tab=activities,Add activities,Activities make profile analysis and school fit less generic.,Add activities,in_app_readiness_surface|dashboard,redis_notification_feed|remote_push|email,profile-readiness:profile-prompt-user-profile-activities:d623a290fc0c003872b7e51e,User has at least one activity row,,
user_prompt,ready_for_in_app_admin_delivery,d235bd129f743fb22c4ed3fd,profile-prompt-user-profile-activities,profile,prompt-user,profile.activities,warning,/profile?tab=activities,Add activities,Activities make profile analysis and school fit less generic.,Add activities,in_app_readiness_surface|dashboard,redis_notification_feed|remote_push|email,profile-readiness:profile-prompt-user-profile-activities:d235bd129f743fb22c4ed3fd,User has at least one activity row,,
user_prompt,ready_for_in_app_admin_delivery,2532d98f34e1ac7c1659d8eb,profile-prompt-user-profile-activities,profile,prompt-user,profile.activities,warning,/profile?tab=activities,Add activities,Activities make profile analysis and school fit less generic.,Add activities,in_app_readiness_surface|dashboard,redis_notification_feed|remote_push|email,profile-readiness:profile-prompt-user-profile-activities:2532d98f34e1ac7c1659d8eb,User has at least one activity row,,
user_prompt,ready_for_in_app_admin_delivery,80198917031fa524bd986f16,profile-prompt-user-profile-activities,profile,prompt-user,profile.activities,warning,/profile?tab=activities,Add activities,Activities make profile analysis and school fit less generic.,Add activities,in_app_readiness_surface|dashboard,redis_notification_feed|remote_push|email,profile-readiness:profile-prompt-user-profile-activities:80198917031fa524bd986f16,User has at least one activity row,,
user_prompt,ready_for_in_app_admin_delivery,fb77434774ac9a3e30419226,profile-prompt-user-profile-activities,profile,prompt-user,profile.activities,warning,/profile?tab=activities,Add activities,Activities make profile analysis and school fit less generic.,Add activities,in_app_readiness_surface|dashboard,redis_notification_feed|remote_push|email,profile-readiness:profile-prompt-user-profile-activities:fb77434774ac9a3e30419226,User has at least one activity row,,
user_prompt,ready_for_in_app_admin_delivery,f9fd9b821f5302c444105093,profile-prompt-user-profile-activities,profile,prompt-user,profile.activities,warning,/profile?tab=activities,Add activities,Activities make profile analysis and school fit less generic.,Add activities,in_app_readiness_surface|dashboard,redis_notification_feed|remote_push|email,profile-readiness:profile-prompt-user-profile-activities:f9fd9b821f5302c444105093,User has at least one activity row,,
user_prompt,ready_for_in_app_admin_delivery,8ee4a43e09bd1fb564a3d07c,profile-prompt-user-profile-activities,profile,prompt-user,profile.activities,warning,/profile?tab=activities,Add activities,Activities make profile analysis and school fit less generic.,Add activities,in_app_readiness_surface|dashboard,redis_notification_feed|remote_push|email,profile-readiness:profile-prompt-user-profile-activities:8ee4a43e09bd1fb564a3d07c,User has at least one activity row,,
user_prompt,ready_for_in_app_admin_delivery,1205c6fffa0d08b1c24f8aba,profile-prompt-user-profile-activities,profile,prompt-user,profile.activities,warning,/profile?tab=activities,Add activities,Activities make profile analysis and school fit less generic.,Add activities,in_app_readiness_surface|dashboard,redis_notification_feed|remote_push|email,profile-readiness:profile-prompt-user-profile-activities:1205c6fffa0d08b1c24f8aba,User has at least one activity row,,
user_prompt,ready_for_in_app_admin_delivery,83e1e60cee3420e8a087ec65,profile-prompt-user-profile-activities,profile,prompt-user,profile.activities,warning,/profile?tab=activities,Add activities,Activities make profile analysis and school fit less generic.,Add activities,in_app_readiness_surface|dashboard,redis_notification_feed|remote_push|email,profile-readiness:profile-prompt-user-profile-activities:83e1e60cee3420e8a087ec65,User has at least one activity row,,
user_prompt,ready_for_in_app_admin_delivery,4128eb49c7d66593fc377cf2,profile-prompt-user-profile-activities,profile,prompt-user,profile.activities,warning,/profile?tab=activities,Add activities,Activities make profile analysis and school fit less generic.,Add activities,in_app_readiness_surface|dashboard,redis_notification_feed|remote_push|email,profile-readiness:profile-prompt-user-profile-activities:4128eb49c7d66593fc377cf2,User has at least one activity row,,
user_prompt,ready_for_in_app_admin_delivery,66bd62747c0c3780d93d5ac0,profile-prompt-user-profile-activities,profile,prompt-user,profile.activities,warning,/profile?tab=activities,Add activities,Activities make profile analysis and school fit less generic.,Add activities,in_app_readiness_surface|dashboard,redis_notification_feed|remote_push|email,profile-readiness:profile-prompt-user-profile-activities:66bd62747c0c3780d93d5ac0,User has at least one activity row,,
user_prompt,ready_for_in_app_admin_delivery,387d5008ef0d61abbf0981c3,profile-prompt-user-profile-activities,profile,prompt-user,profile.activities,warning,/profile?tab=activities,Add activities,Activities make profile analysis and school fit less generic.,Add activities,in_app_readiness_surface|dashboard,redis_notification_feed|remote_push|email,profile-readiness:profile-prompt-user-profile-activities:387d5008ef0d61abbf0981c3,User has at least one activity row,,
user_prompt,ready_for_in_app_admin_delivery,6e88e7843d84c8e4ac30d418,profile-prompt-user-profile-activities,profile,prompt-user,profile.activities,warning,/profile?tab=activities,Add activities,Activities make profile analysis and school fit less generic.,Add activities,in_app_readiness_surface|dashboard,redis_notification_feed|remote_push|email,profile-readiness:profile-prompt-user-profile-activities:6e88e7843d84c8e4ac30d418,User has at least one activity row,,
user_prompt,ready_for_in_app_admin_delivery,85fc8cd917b074b9f364b19f,profile-prompt-user-profile-activities,profile,prompt-user,profile.activities,warning,/profile?tab=activities,Add activities,Activities make profile analysis and school fit less generic.,Add activities,in_app_readiness_surface|dashboard,redis_notification_feed|remote_push|email,profile-readiness:profile-prompt-user-profile-activities:85fc8cd917b074b9f364b19f,User has at least one activity row,,
user_prompt,ready_for_in_app_admin_delivery,393497c7e1766899efccdd67,profile-prompt-user-profile-activities,profile,prompt-user,profile.activities,warning,/profile?tab=activities,Add activities,Activities make profile analysis and school fit less generic.,Add activities,in_app_readiness_surface|dashboard,redis_notification_feed|remote_push|email,profile-readiness:profile-prompt-user-profile-activities:393497c7e1766899efccdd67,User has at least one activity row,,
user_prompt,ready_for_in_app_admin_delivery,c11c121accb370e23f27204f,profile-prompt-user-profile-activities,profile,prompt-user,profile.activities,warning,/profile?tab=activities,Add activities,Activities make profile analysis and school fit less generic.,Add activities,in_app_readiness_surface|dashboard,redis_notification_feed|remote_push|email,profile-readiness:profile-prompt-user-profile-activities:c11c121accb370e23f27204f,User has at least one activity row,,
user_prompt,ready_for_in_app_admin_delivery,ec8c5627fc8e7cd6f4f3ab56,profile-prompt-user-profile-activities,profile,prompt-user,profile.activities,warning,/profile?tab=activities,Add activities,Activities make profile analysis and school fit less generic.,Add activities,in_app_readiness_surface|dashboard,redis_notification_feed|remote_push|email,profile-readiness:profile-prompt-user-profile-activities:ec8c5627fc8e7cd6f4f3ab56,User has at least one activity row,,
user_prompt,ready_for_in_app_admin_delivery,a73c0bac52799c6f0c20c326,profile-prompt-user-profile-activities,profile,prompt-user,profile.activities,warning,/profile?tab=activities,Add activities,Activities make profile analysis and school fit less generic.,Add activities,in_app_readiness_surface|dashboard,redis_notification_feed|remote_push|email,profile-readiness:profile-prompt-user-profile-activities:a73c0bac52799c6f0c20c326,User has at least one activity row,,
user_prompt,ready_for_in_app_admin_delivery,1f1d01ebd6e4a634f6d00521,profile-prompt-user-profile-activities,profile,prompt-user,profile.activities,warning,/profile?tab=activities,Add activities,Activities make profile analysis and school fit less generic.,Add activities,in_app_readiness_surface|dashboard,redis_notification_feed|remote_push|email,profile-readiness:profile-prompt-user-profile-activities:1f1d01ebd6e4a634f6d00521,User has at least one activity row,,
user_prompt,ready_for_in_app_admin_delivery,8111a447630837276fb2d02b,profile-prompt-user-profile-activities,profile,prompt-user,profile.activities,warning,/profile?tab=activities,Add activities,Activities make profile analysis and school fit less generic.,Add activities,in_app_readiness_surface|dashboard,redis_notification_feed|remote_push|email,profile-readiness:profile-prompt-user-profile-activities:8111a447630837276fb2d02b,User has at least one activity row,,
user_prompt,ready_for_in_app_admin_delivery,454b3bdd97d513ee08d1fcb6,profile-prompt-user-profile-activities,profile,prompt-user,profile.activities,warning,/profile?tab=activities,Add activities,Activities make profile analysis and school fit less generic.,Add activities,in_app_readiness_surface|dashboard,redis_notification_feed|remote_push|email,profile-readiness:profile-prompt-user-profile-activities:454b3bdd97d513ee08d1fcb6,User has at least one activity row,,
user_prompt,ready_for_in_app_admin_delivery,77e8a3e7b4bb269d25a88720,profile-prompt-user-profile-activities,profile,prompt-user,profile.activities,warning,/profile?tab=activities,Add activities,Activities make profile analysis and school fit less generic.,Add activities,in_app_readiness_surface|dashboard,redis_notification_feed|remote_push|email,profile-readiness:profile-prompt-user-profile-activities:77e8a3e7b4bb269d25a88720,User has at least one activity row,,
user_prompt,ready_for_in_app_admin_delivery,1c49dedeea2144e69f2ddfab,profile-prompt-user-profile-activities,profile,prompt-user,profile.activities,warning,/profile?tab=activities,Add activities,Activities make profile analysis and school fit less generic.,Add activities,in_app_readiness_surface|dashboard,redis_notification_feed|remote_push|email,profile-readiness:profile-prompt-user-profile-activities:1c49dedeea2144e69f2ddfab,User has at least one activity row,,
user_prompt,ready_for_in_app_admin_delivery,c6b85ceae0c6557b8e364c94,profile-prompt-user-profile-activities,profile,prompt-user,profile.activities,warning,/profile?tab=activities,Add activities,Activities make profile analysis and school fit less generic.,Add activities,in_app_readiness_surface|dashboard,redis_notification_feed|remote_push|email,profile-readiness:profile-prompt-user-profile-activities:c6b85ceae0c6557b8e364c94,User has at least one activity row,,
user_prompt,ready_for_in_app_admin_delivery,7bc9b1e5926864015639324c,profile-prompt-user-profile-activities,profile,prompt-user,profile.activities,warning,/profile?tab=activities,Add activities,Activities make profile analysis and school fit less generic.,Add activities,in_app_readiness_surface|dashboard,redis_notification_feed|remote_push|email,profile-readiness:profile-prompt-user-profile-activities:7bc9b1e5926864015639324c,User has at least one activity row,,
user_prompt,ready_for_in_app_admin_delivery,76d3e4bd31e04f8df55b5063,profile-prompt-user-profile-activities,profile,prompt-user,profile.activities,warning,/profile?tab=activities,Add activities,Activities make profile analysis and school fit less generic.,Add activities,in_app_readiness_surface|dashboard,redis_notification_feed|remote_push|email,profile-readiness:profile-prompt-user-profile-activities:76d3e4bd31e04f8df55b5063,User has at least one activity row,,
user_prompt,ready_for_in_app_admin_delivery,123500041b4c756624fcfbc1,profile-prompt-user-profile-activities,profile,prompt-user,profile.activities,warning,/profile?tab=activities,Add activities,Activities make profile analysis and school fit less generic.,Add activities,in_app_readiness_surface|dashboard,redis_notification_feed|remote_push|email,profile-readiness:profile-prompt-user-profile-activities:123500041b4c756624fcfbc1,User has at least one activity row,,
user_prompt,ready_for_in_app_admin_delivery,9e700876055ebe00ce432591,profile-prompt-user-profile-activities,profile,prompt-user,profile.activities,warning,/profile?tab=activities,Add activities,Activities make profile analysis and school fit less generic.,Add activities,in_app_readiness_surface|dashboard,redis_notification_feed|remote_push|email,profile-readiness:profile-prompt-user-profile-activities:9e700876055ebe00ce432591,User has at least one activity row,,
user_prompt,ready_for_in_app_admin_delivery,b86b9ff73c5aa218b53fcc07,profile-prompt-user-profile-activities,profile,prompt-user,profile.activities,warning,/profile?tab=activities,Add activities,Activities make profile analysis and school fit less generic.,Add activities,in_app_readiness_surface|dashboard,redis_notification_feed|remote_push|email,profile-readiness:profile-prompt-user-profile-activities:b86b9ff73c5aa218b53fcc07,User has at least one activity row,,
user_prompt,ready_for_in_app_admin_delivery,26a7b1448bcf5fd36c35a363,profile-prompt-user-profile-activities,profile,prompt-user,profile.activities,warning,/profile?tab=activities,Add activities,Activities make profile analysis and school fit less generic.,Add activities,in_app_readiness_surface|dashboard,redis_notification_feed|remote_push|email,profile-readiness:profile-prompt-user-profile-activities:26a7b1448bcf5fd36c35a363,User has at least one activity row,,
user_prompt,ready_for_in_app_admin_delivery,2f357aae310ceb62c29b274c,profile-prompt-user-profile-activities,profile,prompt-user,profile.activities,warning,/profile?tab=activities,Add activities,Activities make profile analysis and school fit less generic.,Add activities,in_app_readiness_surface|dashboard,redis_notification_feed|remote_push|email,profile-readiness:profile-prompt-user-profile-activities:2f357aae310ceb62c29b274c,User has at least one activity row,,
user_prompt,ready_for_in_app_admin_delivery,96d4cd2fcd14de7772f5fd50,profile-prompt-user-profile-activities,profile,prompt-user,profile.activities,warning,/profile?tab=activities,Add activities,Activities make profile analysis and school fit less generic.,Add activities,in_app_readiness_surface|dashboard,redis_notification_feed|remote_push|email,profile-readiness:profile-prompt-user-profile-activities:96d4cd2fcd14de7772f5fd50,User has at least one activity row,,
user_prompt,ready_for_in_app_admin_delivery,d0a7465d43215d5f058e070e,profile-prompt-user-profile-activities,profile,prompt-user,profile.activities,warning,/profile?tab=activities,Add activities,Activities make profile analysis and school fit less generic.,Add activities,in_app_readiness_surface|dashboard,redis_notification_feed|remote_push|email,profile-readiness:profile-prompt-user-profile-activities:d0a7465d43215d5f058e070e,User has at least one activity row,,
user_prompt,ready_for_in_app_admin_delivery,ca95dbae28c38d90f4bd075a,profile-prompt-user-profile-activities,profile,prompt-user,profile.activities,warning,/profile?tab=activities,Add activities,Activities make profile analysis and school fit less generic.,Add activities,in_app_readiness_surface|dashboard,redis_notification_feed|remote_push|email,profile-readiness:profile-prompt-user-profile-activities:ca95dbae28c38d90f4bd075a,User has at least one activity row,,
user_prompt,ready_for_in_app_admin_delivery,be2cd5ddfe575143c741e775,profile-prompt-user-profile-activities,profile,prompt-user,profile.activities,warning,/profile?tab=activities,Add activities,Activities make profile analysis and school fit less generic.,Add activities,in_app_readiness_surface|dashboard,redis_notification_feed|remote_push|email,profile-readiness:profile-prompt-user-profile-activities:be2cd5ddfe575143c741e775,User has at least one activity row,,
user_prompt,ready_for_in_app_admin_delivery,c22d82639c55efb340bc9a56,profile-prompt-user-profile-activities,profile,prompt-user,profile.activities,warning,/profile?tab=activities,Add activities,Activities make profile analysis and school fit less generic.,Add activities,in_app_readiness_surface|dashboard,redis_notification_feed|remote_push|email,profile-readiness:profile-prompt-user-profile-activities:c22d82639c55efb340bc9a56,User has at least one activity row,,
user_prompt,ready_for_in_app_admin_delivery,8e287120445279d6e9b4ec2b,profile-prompt-user-profile-activities,profile,prompt-user,profile.activities,warning,/profile?tab=activities,Add activities,Activities make profile analysis and school fit less generic.,Add activities,in_app_readiness_surface|dashboard,redis_notification_feed|remote_push|email,profile-readiness:profile-prompt-user-profile-activities:8e287120445279d6e9b4ec2b,User has at least one activity row,,
user_prompt,ready_for_in_app_admin_delivery,30430c0713c690c36433a6e5,profile-prompt-user-profile-activities,profile,prompt-user,profile.activities,warning,/profile?tab=activities,Add activities,Activities make profile analysis and school fit less generic.,Add activities,in_app_readiness_surface|dashboard,redis_notification_feed|remote_push|email,profile-readiness:profile-prompt-user-profile-activities:30430c0713c690c36433a6e5,User has at least one activity row,,
user_prompt,ready_for_in_app_admin_delivery,9353bab0b66f9c8f5bbbb3e9,profile-prompt-user-profile-activities,profile,prompt-user,profile.activities,warning,/profile?tab=activities,Add activities,Activities make profile analysis and school fit less generic.,Add activities,in_app_readiness_surface|dashboard,redis_notification_feed|remote_push|email,profile-readiness:profile-prompt-user-profile-activities:9353bab0b66f9c8f5bbbb3e9,User has at least one activity row,,
user_prompt,ready_for_in_app_admin_delivery,ea2aad244e6c5b7a6ddcdc6d,profile-prompt-user-profile-activities,profile,prompt-user,profile.activities,warning,/profile?tab=activities,Add activities,Activities make profile analysis and school fit less generic.,Add activities,in_app_readiness_surface|dashboard,redis_notification_feed|remote_push|email,profile-readiness:profile-prompt-user-profile-activities:ea2aad244e6c5b7a6ddcdc6d,User has at least one activity row,,
user_prompt,ready_for_in_app_admin_delivery,ab23e0dca524148e33dc1dc3,profile-prompt-user-profile-activities,profile,prompt-user,profile.activities,warning,/profile?tab=activities,Add activities,Activities make profile analysis and school fit less generic.,Add activities,in_app_readiness_surface|dashboard,redis_notification_feed|remote_push|email,profile-readiness:profile-prompt-user-profile-activities:ab23e0dca524148e33dc1dc3,User has at least one activity row,,
user_prompt,ready_for_in_app_admin_delivery,147f40a0a1b1d151c407167a,profile-prompt-user-profile-activities,profile,prompt-user,profile.activities,warning,/profile?tab=activities,Add activities,Activities make profile analysis and school fit less generic.,Add activities,in_app_readiness_surface|dashboard,redis_notification_feed|remote_push|email,profile-readiness:profile-prompt-user-profile-activities:147f40a0a1b1d151c407167a,User has at least one activity row,,
user_prompt,ready_for_in_app_admin_delivery,302d0b094ff202e23f186d36,profile-prompt-user-profile-activities,profile,prompt-user,profile.activities,warning,/profile?tab=activities,Add activities,Activities make profile analysis and school fit less generic.,Add activities,in_app_readiness_surface|dashboard,redis_notification_feed|remote_push|email,profile-readiness:profile-prompt-user-profile-activities:302d0b094ff202e23f186d36,User has at least one activity row,,
user_prompt,ready_for_in_app_admin_delivery,5fea30f24d9048bc811be8c1,profile-prompt-user-profile-activities,profile,prompt-user,profile.activities,warning,/profile?tab=activities,Add activities,Activities make profile analysis and school fit less generic.,Add activities,in_app_readiness_surface|dashboard,redis_notification_feed|remote_push|email,profile-readiness:profile-prompt-user-profile-activities:5fea30f24d9048bc811be8c1,User has at least one activity row,,
user_prompt,ready_for_in_app_admin_delivery,a8b0b42078a4419cbc216238,profile-prompt-user-profile-activities,profile,prompt-user,profile.activities,warning,/profile?tab=activities,Add activities,Activities make profile analysis and school fit less generic.,Add activities,in_app_readiness_surface|dashboard,redis_notification_feed|remote_push|email,profile-readiness:profile-prompt-user-profile-activities:a8b0b42078a4419cbc216238,User has at least one activity row,,
user_prompt,ready_for_in_app_admin_delivery,8a3d4c7790976e73724c9f5f,profile-prompt-user-profile-activities,profile,prompt-user,profile.activities,warning,/profile?tab=activities,Add activities,Activities make profile analysis and school fit less generic.,Add activities,in_app_readiness_surface|dashboard,redis_notification_feed|remote_push|email,profile-readiness:profile-prompt-user-profile-activities:8a3d4c7790976e73724c9f5f,User has at least one activity row,,
user_prompt,ready_for_in_app_admin_delivery,eed7dc5c15f1752dc5039930,profile-prompt-user-profile-activities,profile,prompt-user,profile.activities,warning,/profile?tab=activities,Add activities,Activities make profile analysis and school fit less generic.,Add activities,in_app_readiness_surface|dashboard,redis_notification_feed|remote_push|email,profile-readiness:profile-prompt-user-profile-activities:eed7dc5c15f1752dc5039930,User has at least one activity row,,
user_prompt,ready_for_in_app_admin_delivery,2bcb764b588cb54483f66c69,profile-prompt-user-profile-activities,profile,prompt-user,profile.activities,warning,/profile?tab=activities,Add activities,Activities make profile analysis and school fit less generic.,Add activities,in_app_readiness_surface|dashboard,redis_notification_feed|remote_push|email,profile-readiness:profile-prompt-user-profile-activities:2bcb764b588cb54483f66c69,User has at least one activity row,,
user_prompt,ready_for_in_app_admin_delivery,0acc818e9f51ef1b0b8ffb0e,profile-prompt-user-profile-activities,profile,prompt-user,profile.activities,warning,/profile?tab=activities,Add activities,Activities make profile analysis and school fit less generic.,Add activities,in_app_readiness_surface|dashboard,redis_notification_feed|remote_push|email,profile-readiness:profile-prompt-user-profile-activities:0acc818e9f51ef1b0b8ffb0e,User has at least one activity row,,
user_prompt,ready_for_in_app_admin_delivery,8da46db52724f8d1d3746feb,profile-prompt-user-profile-activities,profile,prompt-user,profile.activities,warning,/profile?tab=activities,Add activities,Activities make profile analysis and school fit less generic.,Add activities,in_app_readiness_surface|dashboard,redis_notification_feed|remote_push|email,profile-readiness:profile-prompt-user-profile-activities:8da46db52724f8d1d3746feb,User has at least one activity row,,
user_prompt,ready_for_in_app_admin_delivery,e18bea3d5f053111d4dcb5c1,profile-prompt-user-profile-activities,profile,prompt-user,profile.activities,warning,/profile?tab=activities,Add activities,Activities make profile analysis and school fit less generic.,Add activities,in_app_readiness_surface|dashboard,redis_notification_feed|remote_push|email,profile-readiness:profile-prompt-user-profile-activities:e18bea3d5f053111d4dcb5c1,User has at least one activity row,,
user_prompt,ready_for_in_app_admin_delivery,6a3e9991e41506fb51596fc5,profile-prompt-user-profile-activities,profile,prompt-user,profile.activities,warning,/profile?tab=activities,Add activities,Activities make profile analysis and school fit less generic.,Add activities,in_app_readiness_surface|dashboard,redis_notification_feed|remote_push|email,profile-readiness:profile-prompt-user-profile-activities:6a3e9991e41506fb51596fc5,User has at least one activity row,,
user_prompt,ready_for_in_app_admin_delivery,2864a3748d885dc103de4819,profile-prompt-user-profile-activities,profile,prompt-user,profile.activities,warning,/profile?tab=activities,Add activities,Activities make profile analysis and school fit less generic.,Add activities,in_app_readiness_surface|dashboard,redis_notification_feed|remote_push|email,profile-readiness:profile-prompt-user-profile-activities:2864a3748d885dc103de4819,User has at least one activity row,,
user_prompt,ready_for_in_app_admin_delivery,3e9d46eb289214be984cfcb3,profile-prompt-user-profile-activities,profile,prompt-user,profile.activities,warning,/profile?tab=activities,Add activities,Activities make profile analysis and school fit less generic.,Add activities,in_app_readiness_surface|dashboard,redis_notification_feed|remote_push|email,profile-readiness:profile-prompt-user-profile-activities:3e9d46eb289214be984cfcb3,User has at least one activity row,,
user_prompt,ready_for_in_app_admin_delivery,26ebb0fdca5f016b883f9463,profile-prompt-user-profile-activities,profile,prompt-user,profile.activities,warning,/profile?tab=activities,Add activities,Activities make profile analysis and school fit less generic.,Add activities,in_app_readiness_surface|dashboard,redis_notification_feed|remote_push|email,profile-readiness:profile-prompt-user-profile-activities:26ebb0fdca5f016b883f9463,User has at least one activity row,,
user_prompt,ready_for_in_app_admin_delivery,a984290eabbd2c8f092907bd,profile-prompt-user-profile-activities,profile,prompt-user,profile.activities,warning,/profile?tab=activities,Add activities,Activities make profile analysis and school fit less generic.,Add activities,in_app_readiness_surface|dashboard,redis_notification_feed|remote_push|email,profile-readiness:profile-prompt-user-profile-activities:a984290eabbd2c8f092907bd,User has at least one activity row,,
user_prompt,ready_for_in_app_admin_delivery,e57367b80b07216d4a3fff25,profile-prompt-user-profile-activities,profile,prompt-user,profile.activities,warning,/profile?tab=activities,Add activities,Activities make profile analysis and school fit less generic.,Add activities,in_app_readiness_surface|dashboard,redis_notification_feed|remote_push|email,profile-readiness:profile-prompt-user-profile-activities:e57367b80b07216d4a3fff25,User has at least one activity row,,
user_prompt,ready_for_in_app_admin_delivery,96dca178277d81ffa84a5a32,profile-prompt-user-profile-activities,profile,prompt-user,profile.activities,warning,/profile?tab=activities,Add activities,Activities make profile analysis and school fit less generic.,Add activities,in_app_readiness_surface|dashboard,redis_notification_feed|remote_push|email,profile-readiness:profile-prompt-user-profile-activities:96dca178277d81ffa84a5a32,User has at least one activity row,,
user_prompt,ready_for_in_app_admin_delivery,b0d6d8e94e3adb14f41f257f,profile-prompt-user-profile-activities,profile,prompt-user,profile.activities,warning,/profile?tab=activities,Add activities,Activities make profile analysis and school fit less generic.,Add activities,in_app_readiness_surface|dashboard,redis_notification_feed|remote_push|email,profile-readiness:profile-prompt-user-profile-activities:b0d6d8e94e3adb14f41f257f,User has at least one activity row,,
user_prompt,ready_for_in_app_admin_delivery,2ad8d10cb5029fa5c4e0488c,profile-prompt-user-profile-activities,profile,prompt-user,profile.activities,warning,/profile?tab=activities,Add activities,Activities make profile analysis and school fit less generic.,Add activities,in_app_readiness_surface|dashboard,redis_notification_feed|remote_push|email,profile-readiness:profile-prompt-user-profile-activities:2ad8d10cb5029fa5c4e0488c,User has at least one activity row,,
user_prompt,ready_for_in_app_admin_delivery,b16d92abe720be4fd0dcf1ec,profile-prompt-user-profile-activities,profile,prompt-user,profile.activities,warning,/profile?tab=activities,Add activities,Activities make profile analysis and school fit less generic.,Add activities,in_app_readiness_surface|dashboard,redis_notification_feed|remote_push|email,profile-readiness:profile-prompt-user-profile-activities:b16d92abe720be4fd0dcf1ec,User has at least one activity row,,
user_prompt,ready_for_in_app_admin_delivery,bde55378701e492b8f94820f,profile-prompt-user-profile-activities,profile,prompt-user,profile.activities,warning,/profile?tab=activities,Add activities,Activities make profile analysis and school fit less generic.,Add activities,in_app_readiness_surface|dashboard,redis_notification_feed|remote_push|email,profile-readiness:profile-prompt-user-profile-activities:bde55378701e492b8f94820f,User has at least one activity row,,
user_prompt,ready_for_in_app_admin_delivery,b210a22f55a2b9a17042dce8,profile-prompt-user-profile-activities,profile,prompt-user,profile.activities,warning,/profile?tab=activities,Add activities,Activities make profile analysis and school fit less generic.,Add activities,in_app_readiness_surface|dashboard,redis_notification_feed|remote_push|email,profile-readiness:profile-prompt-user-profile-activities:b210a22f55a2b9a17042dce8,User has at least one activity row,,
user_prompt,ready_for_in_app_admin_delivery,0e6ed74ef269ac93ac25401a,profile-prompt-user-profile-activities,profile,prompt-user,profile.activities,warning,/profile?tab=activities,Add activities,Activities make profile analysis and school fit less generic.,Add activities,in_app_readiness_surface|dashboard,redis_notification_feed|remote_push|email,profile-readiness:profile-prompt-user-profile-activities:0e6ed74ef269ac93ac25401a,User has at least one activity row,,
user_prompt,ready_for_in_app_admin_delivery,a2c6af72b61dd025bcad59e6,profile-prompt-user-profile-activities,profile,prompt-user,profile.activities,warning,/profile?tab=activities,Add activities,Activities make profile analysis and school fit less generic.,Add activities,in_app_readiness_surface|dashboard,redis_notification_feed|remote_push|email,profile-readiness:profile-prompt-user-profile-activities:a2c6af72b61dd025bcad59e6,User has at least one activity row,,
user_prompt,ready_for_in_app_admin_delivery,762ad54fcd7acd952288d3a3,profile-prompt-user-profile-activities,profile,prompt-user,profile.activities,warning,/profile?tab=activities,Add activities,Activities make profile analysis and school fit less generic.,Add activities,in_app_readiness_surface|dashboard,redis_notification_feed|remote_push|email,profile-readiness:profile-prompt-user-profile-activities:762ad54fcd7acd952288d3a3,User has at least one activity row,,
user_prompt,ready_for_in_app_admin_delivery,e4738e9f6099dbe3d9496339,profile-prompt-user-profile-activities,profile,prompt-user,profile.activities,warning,/profile?tab=activities,Add activities,Activities make profile analysis and school fit less generic.,Add activities,in_app_readiness_surface|dashboard,redis_notification_feed|remote_push|email,profile-readiness:profile-prompt-user-profile-activities:e4738e9f6099dbe3d9496339,User has at least one activity row,,
user_prompt,ready_for_in_app_admin_delivery,474d8949a3e5b09108ec3b81,profile-prompt-user-profile-activities,profile,prompt-user,profile.activities,warning,/profile?tab=activities,Add activities,Activities make profile analysis and school fit less generic.,Add activities,in_app_readiness_surface|dashboard,redis_notification_feed|remote_push|email,profile-readiness:profile-prompt-user-profile-activities:474d8949a3e5b09108ec3b81,User has at least one activity row,,
user_prompt,ready_for_in_app_admin_delivery,cdb3da9ea543a5c753ccfa0c,profile-prompt-user-profile-activities,profile,prompt-user,profile.activities,warning,/profile?tab=activities,Add activities,Activities make profile analysis and school fit less generic.,Add activities,in_app_readiness_surface|dashboard,redis_notification_feed|remote_push|email,profile-readiness:profile-prompt-user-profile-activities:cdb3da9ea543a5c753ccfa0c,User has at least one activity row,,
user_prompt,ready_for_in_app_admin_delivery,fc8f16b83985b967de426d3f,profile-prompt-user-profile-activities,profile,prompt-user,profile.activities,warning,/profile?tab=activities,Add activities,Activities make profile analysis and school fit less generic.,Add activities,in_app_readiness_surface|dashboard,redis_notification_feed|remote_push|email,profile-readiness:profile-prompt-user-profile-activities:fc8f16b83985b967de426d3f,User has at least one activity row,,
user_prompt,ready_for_in_app_admin_delivery,b0c80988e12081c77a12a149,profile-prompt-user-profile-activities,profile,prompt-user,profile.activities,warning,/profile?tab=activities,Add activities,Activities make profile analysis and school fit less generic.,Add activities,in_app_readiness_surface|dashboard,redis_notification_feed|remote_push|email,profile-readiness:profile-prompt-user-profile-activities:b0c80988e12081c77a12a149,User has at least one activity row,,
user_prompt,ready_for_in_app_admin_delivery,e8c4627e90dd0c86561a4211,profile-prompt-user-profile-activities,profile,prompt-user,profile.activities,warning,/profile?tab=activities,Add activities,Activities make profile analysis and school fit less generic.,Add activities,in_app_readiness_surface|dashboard,redis_notification_feed|remote_push|email,profile-readiness:profile-prompt-user-profile-activities:e8c4627e90dd0c86561a4211,User has at least one activity row,,
user_prompt,ready_for_in_app_admin_delivery,3a8e2922b759ef135c3d9f7e,profile-prompt-user-profile-activities,profile,prompt-user,profile.activities,warning,/profile?tab=activities,Add activities,Activities make profile analysis and school fit less generic.,Add activities,in_app_readiness_surface|dashboard,redis_notification_feed|remote_push|email,profile-readiness:profile-prompt-user-profile-activities:3a8e2922b759ef135c3d9f7e,User has at least one activity row,,
user_prompt,ready_for_in_app_admin_delivery,924f93d3f6ffe9ccc9df7305,profile-prompt-user-profile-activities,profile,prompt-user,profile.activities,warning,/profile?tab=activities,Add activities,Activities make profile analysis and school fit less generic.,Add activities,in_app_readiness_surface|dashboard,redis_notification_feed|remote_push|email,profile-readiness:profile-prompt-user-profile-activities:924f93d3f6ffe9ccc9df7305,User has at least one activity row,,
user_prompt,ready_for_in_app_admin_delivery,87bedf823aa46069dcbcb0af,profile-prompt-user-profile-activities,profile,prompt-user,profile.activities,warning,/profile?tab=activities,Add activities,Activities make profile analysis and school fit less generic.,Add activities,in_app_readiness_surface|dashboard,redis_notification_feed|remote_push|email,profile-readiness:profile-prompt-user-profile-activities:87bedf823aa46069dcbcb0af,User has at least one activity row,,
user_prompt,ready_for_in_app_admin_delivery,bf916380c8f762a7e70e53ff,profile-prompt-user-profile-activities,profile,prompt-user,profile.activities,warning,/profile?tab=activities,Add activities,Activities make profile analysis and school fit less generic.,Add activities,in_app_readiness_surface|dashboard,redis_notification_feed|remote_push|email,profile-readiness:profile-prompt-user-profile-activities:bf916380c8f762a7e70e53ff,User has at least one activity row,,
user_prompt,ready_for_in_app_admin_delivery,31ae86e25c7cd2d9507ef83b,profile-prompt-user-profile-activities,profile,prompt-user,profile.activities,warning,/profile?tab=activities,Add activities,Activities make profile analysis and school fit less generic.,Add activities,in_app_readiness_surface|dashboard,redis_notification_feed|remote_push|email,profile-readiness:profile-prompt-user-profile-activities:31ae86e25c7cd2d9507ef83b,User has at least one activity row,,
user_prompt,ready_for_in_app_admin_delivery,be55ccf9aec7954921b58ed6,profile-prompt-user-profile-activities,profile,prompt-user,profile.activities,warning,/profile?tab=activities,Add activities,Activities make profile analysis and school fit less generic.,Add activities,in_app_readiness_surface|dashboard,redis_notification_feed|remote_push|email,profile-readiness:profile-prompt-user-profile-activities:be55ccf9aec7954921b58ed6,User has at least one activity row,,
user_prompt,ready_for_in_app_admin_delivery,1625eaac5e2f519a41d415dd,profile-prompt-user-profile-activities,profile,prompt-user,profile.activities,warning,/profile?tab=activities,Add activities,Activities make profile analysis and school fit less generic.,Add activities,in_app_readiness_surface|dashboard,redis_notification_feed|remote_push|email,profile-readiness:profile-prompt-user-profile-activities:1625eaac5e2f519a41d415dd,User has at least one activity row,,
user_prompt,ready_for_in_app_admin_delivery,9f61348ce777b016003bfed2,profile-prompt-user-profile-activities,profile,prompt-user,profile.activities,warning,/profile?tab=activities,Add activities,Activities make profile analysis and school fit less generic.,Add activities,in_app_readiness_surface|dashboard,redis_notification_feed|remote_push|email,profile-readiness:profile-prompt-user-profile-activities:9f61348ce777b016003bfed2,User has at least one activity row,,
user_prompt,ready_for_in_app_admin_delivery,c7acaf6bdb242425516cdea2,profile-prompt-user-profile-activities,profile,prompt-user,profile.activities,warning,/profile?tab=activities,Add activities,Activities make profile analysis and school fit less generic.,Add activities,in_app_readiness_surface|dashboard,redis_notification_feed|remote_push|email,profile-readiness:profile-prompt-user-profile-activities:c7acaf6bdb242425516cdea2,User has at least one activity row,,
user_prompt,ready_for_in_app_admin_delivery,460a1b39d0a0bbf719ccd42e,profile-prompt-user-profile-activities,profile,prompt-user,profile.activities,warning,/profile?tab=activities,Add activities,Activities make profile analysis and school fit less generic.,Add activities,in_app_readiness_surface|dashboard,redis_notification_feed|remote_push|email,profile-readiness:profile-prompt-user-profile-activities:460a1b39d0a0bbf719ccd42e,User has at least one activity row,,
user_prompt,ready_for_in_app_admin_delivery,2469297d61ae15809a5a0bad,profile-prompt-user-profile-activities,profile,prompt-user,profile.activities,warning,/profile?tab=activities,Add activities,Activities make profile analysis and school fit less generic.,Add activities,in_app_readiness_surface|dashboard,redis_notification_feed|remote_push|email,profile-readiness:profile-prompt-user-profile-activities:2469297d61ae15809a5a0bad,User has at least one activity row,,
user_prompt,ready_for_in_app_admin_delivery,24b9b75b5aa5af21078930b1,profile-prompt-user-profile-activities,profile,prompt-user,profile.activities,warning,/profile?tab=activities,Add activities,Activities make profile analysis and school fit less generic.,Add activities,in_app_readiness_surface|dashboard,redis_notification_feed|remote_push|email,profile-readiness:profile-prompt-user-profile-activities:24b9b75b5aa5af21078930b1,User has at least one activity row,,
user_prompt,ready_for_in_app_admin_delivery,96bb7725f80f2deb6d14aee8,profile-prompt-user-profile-activities,profile,prompt-user,profile.activities,warning,/profile?tab=activities,Add activities,Activities make profile analysis and school fit less generic.,Add activities,in_app_readiness_surface|dashboard,redis_notification_feed|remote_push|email,profile-readiness:profile-prompt-user-profile-activities:96bb7725f80f2deb6d14aee8,User has at least one activity row,,
user_prompt,ready_for_in_app_admin_delivery,62518ba44202e419939d7380,profile-prompt-user-profile-activities,profile,prompt-user,profile.activities,warning,/profile?tab=activities,Add activities,Activities make profile analysis and school fit less generic.,Add activities,in_app_readiness_surface|dashboard,redis_notification_feed|remote_push|email,profile-readiness:profile-prompt-user-profile-activities:62518ba44202e419939d7380,User has at least one activity row,,
user_prompt,ready_for_in_app_admin_delivery,12fab2f5592a0faa96fd9ea6,profile-prompt-user-profile-activities,profile,prompt-user,profile.activities,warning,/profile?tab=activities,Add activities,Activities make profile analysis and school fit less generic.,Add activities,in_app_readiness_surface|dashboard,redis_notification_feed|remote_push|email,profile-readiness:profile-prompt-user-profile-activities:12fab2f5592a0faa96fd9ea6,User has at least one activity row,,
user_prompt,ready_for_in_app_admin_delivery,07336775ec557556d6ec62db,profile-prompt-user-profile-activities,profile,prompt-user,profile.activities,warning,/profile?tab=activities,Add activities,Activities make profile analysis and school fit less generic.,Add activities,in_app_readiness_surface|dashboard,redis_notification_feed|remote_push|email,profile-readiness:profile-prompt-user-profile-activities:07336775ec557556d6ec62db,User has at least one activity row,,
user_prompt,ready_for_in_app_admin_delivery,dc870637f8d4f37ca4b13080,profile-prompt-user-profile-activities,profile,prompt-user,profile.activities,warning,/profile?tab=activities,Add activities,Activities make profile analysis and school fit less generic.,Add activities,in_app_readiness_surface|dashboard,redis_notification_feed|remote_push|email,profile-readiness:profile-prompt-user-profile-activities:dc870637f8d4f37ca4b13080,User has at least one activity row,,
user_prompt,ready_for_in_app_admin_delivery,5b75b94cf2db494b630266ad,profile-prompt-user-profile-activities,profile,prompt-user,profile.activities,warning,/profile?tab=activities,Add activities,Activities make profile analysis and school fit less generic.,Add activities,in_app_readiness_surface|dashboard,redis_notification_feed|remote_push|email,profile-readiness:profile-prompt-user-profile-activities:5b75b94cf2db494b630266ad,User has at least one activity row,,
user_prompt,ready_for_in_app_admin_delivery,bfcccb6a551e4a8d50b973de,profile-prompt-user-profile-activities,profile,prompt-user,profile.activities,warning,/profile?tab=activities,Add activities,Activities make profile analysis and school fit less generic.,Add activities,in_app_readiness_surface|dashboard,redis_notification_feed|remote_push|email,profile-readiness:profile-prompt-user-profile-activities:bfcccb6a551e4a8d50b973de,User has at least one activity row,,
user_prompt,ready_for_in_app_admin_delivery,7db800770eb73da8832dd707,profile-prompt-user-profile-activities,profile,prompt-user,profile.activities,warning,/profile?tab=activities,Add activities,Activities make profile analysis and school fit less generic.,Add activities,in_app_readiness_surface|dashboard,redis_notification_feed|remote_push|email,profile-readiness:profile-prompt-user-profile-activities:7db800770eb73da8832dd707,User has at least one activity row,,
user_prompt,ready_for_in_app_admin_delivery,026b9edd82f92dd6ee9d5fd7,profile-prompt-user-profile-activities,profile,prompt-user,profile.activities,warning,/profile?tab=activities,Add activities,Activities make profile analysis and school fit less generic.,Add activities,in_app_readiness_surface|dashboard,redis_notification_feed|remote_push|email,profile-readiness:profile-prompt-user-profile-activities:026b9edd82f92dd6ee9d5fd7,User has at least one activity row,,
user_prompt,ready_for_in_app_admin_delivery,3654c572f6fbdd1467e6bb63,profile-prompt-user-profile-activities,profile,prompt-user,profile.activities,warning,/profile?tab=activities,Add activities,Activities make profile analysis and school fit less generic.,Add activities,in_app_readiness_surface|dashboard,redis_notification_feed|remote_push|email,profile-readiness:profile-prompt-user-profile-activities:3654c572f6fbdd1467e6bb63,User has at least one activity row,,
user_prompt,ready_for_in_app_admin_delivery,224ffa3dca1db08281b46e31,profile-prompt-user-profile-activities,profile,prompt-user,profile.activities,warning,/profile?tab=activities,Add activities,Activities make profile analysis and school fit less generic.,Add activities,in_app_readiness_surface|dashboard,redis_notification_feed|remote_push|email,profile-readiness:profile-prompt-user-profile-activities:224ffa3dca1db08281b46e31,User has at least one activity row,,
user_prompt,ready_for_in_app_admin_delivery,9062cc22dba829dc0b78d5c0,profile-prompt-user-profile-activities,profile,prompt-user,profile.activities,warning,/profile?tab=activities,Add activities,Activities make profile analysis and school fit less generic.,Add activities,in_app_readiness_surface|dashboard,redis_notification_feed|remote_push|email,profile-readiness:profile-prompt-user-profile-activities:9062cc22dba829dc0b78d5c0,User has at least one activity row,,
user_prompt,ready_for_in_app_admin_delivery,d4cee5b87e1ae49c97098ec9,profile-prompt-user-profile-activities,profile,prompt-user,profile.activities,warning,/profile?tab=activities,Add activities,Activities make profile analysis and school fit less generic.,Add activities,in_app_readiness_surface|dashboard,redis_notification_feed|remote_push|email,profile-readiness:profile-prompt-user-profile-activities:d4cee5b87e1ae49c97098ec9,User has at least one activity row,,
user_prompt,ready_for_in_app_admin_delivery,b06b8c942ca03b7f8343e1ab,profile-prompt-user-profile-activities,profile,prompt-user,profile.activities,warning,/profile?tab=activities,Add activities,Activities make profile analysis and school fit less generic.,Add activities,in_app_readiness_surface|dashboard,redis_notification_feed|remote_push|email,profile-readiness:profile-prompt-user-profile-activities:b06b8c942ca03b7f8343e1ab,User has at least one activity row,,
user_prompt,ready_for_in_app_admin_delivery,c46005f46a86567329a9b506,profile-prompt-user-profile-activities,profile,prompt-user,profile.activities,warning,/profile?tab=activities,Add activities,Activities make profile analysis and school fit less generic.,Add activities,in_app_readiness_surface|dashboard,redis_notification_feed|remote_push|email,profile-readiness:profile-prompt-user-profile-activities:c46005f46a86567329a9b506,User has at least one activity row,,
user_prompt,ready_for_in_app_admin_delivery,306394753611302d9dcc2614,profile-prompt-user-profile-activities,profile,prompt-user,profile.activities,warning,/profile?tab=activities,Add activities,Activities make profile analysis and school fit less generic.,Add activities,in_app_readiness_surface|dashboard,redis_notification_feed|remote_push|email,profile-readiness:profile-prompt-user-profile-activities:306394753611302d9dcc2614,User has at least one activity row,,
user_prompt,ready_for_in_app_admin_delivery,95e594b7481e10e5bbeab2ed,profile-prompt-user-profile-activities,profile,prompt-user,profile.activities,warning,/profile?tab=activities,Add activities,Activities make profile analysis and school fit less generic.,Add activities,in_app_readiness_surface|dashboard,redis_notification_feed|remote_push|email,profile-readiness:profile-prompt-user-profile-activities:95e594b7481e10e5bbeab2ed,User has at least one activity row,,
user_prompt,ready_for_in_app_admin_delivery,d19670c353690659b32ceffa,profile-prompt-user-profile-activities,profile,prompt-user,profile.activities,warning,/profile?tab=activities,Add activities,Activities make profile analysis and school fit less generic.,Add activities,in_app_readiness_surface|dashboard,redis_notification_feed|remote_push|email,profile-readiness:profile-prompt-user-profile-activities:d19670c353690659b32ceffa,User has at least one activity row,,
user_prompt,ready_for_in_app_admin_delivery,b6c285440b15a597cd93436e,profile-prompt-user-profile-activities,profile,prompt-user,profile.activities,warning,/profile?tab=activities,Add activities,Activities make profile analysis and school fit less generic.,Add activities,in_app_readiness_surface|dashboard,redis_notification_feed|remote_push|email,profile-readiness:profile-prompt-user-profile-activities:b6c285440b15a597cd93436e,User has at least one activity row,,
user_prompt,ready_for_in_app_admin_delivery,54deda6071b6929b8aaf9012,profile-prompt-user-profile-basic-context,profile,prompt-user,profile.basic_context,warning,/profile?tab=basic,Complete basic school context,"Grade, curriculum, and school context help compare your profile fairly.",Update profile,in_app_readiness_surface|dashboard,redis_notification_feed|remote_push|email,profile-readiness:profile-prompt-user-profile-basic-context:54deda6071b6929b8aaf9012,Profile school/grade/curriculum context exists,,
user_prompt,ready_for_in_app_admin_delivery,161ae07fa8fcfd5b9c149e3a,profile-prompt-user-profile-basic-context,profile,prompt-user,profile.basic_context,warning,/profile?tab=basic,Complete basic school context,"Grade, curriculum, and school context help compare your profile fairly.",Update profile,in_app_readiness_surface|dashboard,redis_notification_feed|remote_push|email,profile-readiness:profile-prompt-user-profile-basic-context:161ae07fa8fcfd5b9c149e3a,Profile school/grade/curriculum context exists,,
user_prompt,ready_for_in_app_admin_delivery,bbcc181196a5f49e7b7b5217,profile-prompt-user-profile-basic-context,profile,prompt-user,profile.basic_context,warning,/profile?tab=basic,Complete basic school context,"Grade, curriculum, and school context help compare your profile fairly.",Update profile,in_app_readiness_surface|dashboard,redis_notification_feed|remote_push|email,profile-readiness:profile-prompt-user-profile-basic-context:bbcc181196a5f49e7b7b5217,Profile school/grade/curriculum context exists,,
user_prompt,ready_for_in_app_admin_delivery,2ad6a5c85738075faca4e660,profile-prompt-user-profile-basic-context,profile,prompt-user,profile.basic_context,warning,/profile?tab=basic,Complete basic school context,"Grade, curriculum, and school context help compare your profile fairly.",Update profile,in_app_readiness_surface|dashboard,redis_notification_feed|remote_push|email,profile-readiness:profile-prompt-user-profile-basic-context:2ad6a5c85738075faca4e660,Profile school/grade/curriculum context exists,,
user_prompt,ready_for_in_app_admin_delivery,4f43b96ee5b22b7fd5680c21,profile-prompt-user-profile-basic-context,profile,prompt-user,profile.basic_context,warning,/profile?tab=basic,Complete basic school context,"Grade, curriculum, and school context help compare your profile fairly.",Update profile,in_app_readiness_surface|dashboard,redis_notification_feed|remote_push|email,profile-readiness:profile-prompt-user-profile-basic-context:4f43b96ee5b22b7fd5680c21,Profile school/grade/curriculum context exists,,
user_prompt,ready_for_in_app_admin_delivery,c271fde2cf1b87f889ec0c16,profile-prompt-user-profile-basic-context,profile,prompt-user,profile.basic_context,warning,/profile?tab=basic,Complete basic school context,"Grade, curriculum, and school context help compare your profile fairly.",Update profile,in_app_readiness_surface|dashboard,redis_notification_feed|remote_push|email,profile-readiness:profile-prompt-user-profile-basic-context:c271fde2cf1b87f889ec0c16,Profile school/grade/curriculum context exists,,
user_prompt,ready_for_in_app_admin_delivery,746bc9d4549c99352f08bdcf,profile-prompt-user-profile-basic-context,profile,prompt-user,profile.basic_context,warning,/profile?tab=basic,Complete basic school context,"Grade, curriculum, and school context help compare your profile fairly.",Update profile,in_app_readiness_surface|dashboard,redis_notification_feed|remote_push|email,profile-readiness:profile-prompt-user-profile-basic-context:746bc9d4549c99352f08bdcf,Profile school/grade/curriculum context exists,,
user_prompt,ready_for_in_app_admin_delivery,b4d7837782707744792d2395,profile-prompt-user-profile-basic-context,profile,prompt-user,profile.basic_context,warning,/profile?tab=basic,Complete basic school context,"Grade, curriculum, and school context help compare your profile fairly.",Update profile,in_app_readiness_surface|dashboard,redis_notification_feed|remote_push|email,profile-readiness:profile-prompt-user-profile-basic-context:b4d7837782707744792d2395,Profile school/grade/curriculum context exists,,
user_prompt,ready_for_in_app_admin_delivery,40e9414c98a1ebdf2dcad4cd,profile-prompt-user-profile-basic-context,profile,prompt-user,profile.basic_context,warning,/profile?tab=basic,Complete basic school context,"Grade, curriculum, and school context help compare your profile fairly.",Update profile,in_app_readiness_surface|dashboard,redis_notification_feed|remote_push|email,profile-readiness:profile-prompt-user-profile-basic-context:40e9414c98a1ebdf2dcad4cd,Profile school/grade/curriculum context exists,,
user_prompt,ready_for_in_app_admin_delivery,b1fa79bf9c552d0d23893f4d,profile-prompt-user-profile-basic-context,profile,prompt-user,profile.basic_context,warning,/profile?tab=basic,Complete basic school context,"Grade, curriculum, and school context help compare your profile fairly.",Update profile,in_app_readiness_surface|dashboard,redis_notification_feed|remote_push|email,profile-readiness:profile-prompt-user-profile-basic-context:b1fa79bf9c552d0d23893f4d,Profile school/grade/curriculum context exists,,
user_prompt,ready_for_in_app_admin_delivery,7eb6af9e5e76bffb19b076da,profile-prompt-user-profile-basic-context,profile,prompt-user,profile.basic_context,warning,/profile?tab=basic,Complete basic school context,"Grade, curriculum, and school context help compare your profile fairly.",Update profile,in_app_readiness_surface|dashboard,redis_notification_feed|remote_push|email,profile-readiness:profile-prompt-user-profile-basic-context:7eb6af9e5e76bffb19b076da,Profile school/grade/curriculum context exists,,
user_prompt,ready_for_in_app_admin_delivery,0d718acf5447f81ecb074643,profile-prompt-user-profile-basic-context,profile,prompt-user,profile.basic_context,warning,/profile?tab=basic,Complete basic school context,"Grade, curriculum, and school context help compare your profile fairly.",Update profile,in_app_readiness_surface|dashboard,redis_notification_feed|remote_push|email,profile-readiness:profile-prompt-user-profile-basic-context:0d718acf5447f81ecb074643,Profile school/grade/curriculum context exists,,
user_prompt,ready_for_in_app_admin_delivery,62054f9af3f742de36c2f85c,profile-prompt-user-profile-basic-context,profile,prompt-user,profile.basic_context,warning,/profile?tab=basic,Complete basic school context,"Grade, curriculum, and school context help compare your profile fairly.",Update profile,in_app_readiness_surface|dashboard,redis_notification_feed|remote_push|email,profile-readiness:profile-prompt-user-profile-basic-context:62054f9af3f742de36c2f85c,Profile school/grade/curriculum context exists,,
user_prompt,ready_for_in_app_admin_delivery,9364ef9c662f3a639f68f056,profile-prompt-user-profile-basic-context,profile,prompt-user,profile.basic_context,warning,/profile?tab=basic,Complete basic school context,"Grade, curriculum, and school context help compare your profile fairly.",Update profile,in_app_readiness_surface|dashboard,redis_notification_feed|remote_push|email,profile-readiness:profile-prompt-user-profile-basic-context:9364ef9c662f3a639f68f056,Profile school/grade/curriculum context exists,,
user_prompt,ready_for_in_app_admin_delivery,3a816c9b5433ae0aaf479ba7,profile-prompt-user-profile-basic-context,profile,prompt-user,profile.basic_context,warning,/profile?tab=basic,Complete basic school context,"Grade, curriculum, and school context help compare your profile fairly.",Update profile,in_app_readiness_surface|dashboard,redis_notification_feed|remote_push|email,profile-readiness:profile-prompt-user-profile-basic-context:3a816c9b5433ae0aaf479ba7,Profile school/grade/curriculum context exists,,
user_prompt,ready_for_in_app_admin_delivery,3ee3cf435e4f83fb80edeb51,profile-prompt-user-profile-basic-context,profile,prompt-user,profile.basic_context,warning,/profile?tab=basic,Complete basic school context,"Grade, curriculum, and school context help compare your profile fairly.",Update profile,in_app_readiness_surface|dashboard,redis_notification_feed|remote_push|email,profile-readiness:profile-prompt-user-profile-basic-context:3ee3cf435e4f83fb80edeb51,Profile school/grade/curriculum context exists,,
user_prompt,ready_for_in_app_admin_delivery,9c31e7076836e7c3e8c3b9e6,profile-prompt-user-profile-basic-context,profile,prompt-user,profile.basic_context,warning,/profile?tab=basic,Complete basic school context,"Grade, curriculum, and school context help compare your profile fairly.",Update profile,in_app_readiness_surface|dashboard,redis_notification_feed|remote_push|email,profile-readiness:profile-prompt-user-profile-basic-context:9c31e7076836e7c3e8c3b9e6,Profile school/grade/curriculum context exists,,
user_prompt,ready_for_in_app_admin_delivery,700a98cbdc40e3ae03f7db21,profile-prompt-user-profile-basic-context,profile,prompt-user,profile.basic_context,warning,/profile?tab=basic,Complete basic school context,"Grade, curriculum, and school context help compare your profile fairly.",Update profile,in_app_readiness_surface|dashboard,redis_notification_feed|remote_push|email,profile-readiness:profile-prompt-user-profile-basic-context:700a98cbdc40e3ae03f7db21,Profile school/grade/curriculum context exists,,
user_prompt,ready_for_in_app_admin_delivery,350e3e61308a4fecf31d5265,profile-prompt-user-profile-basic-context,profile,prompt-user,profile.basic_context,warning,/profile?tab=basic,Complete basic school context,"Grade, curriculum, and school context help compare your profile fairly.",Update profile,in_app_readiness_surface|dashboard,redis_notification_feed|remote_push|email,profile-readiness:profile-prompt-user-profile-basic-context:350e3e61308a4fecf31d5265,Profile school/grade/curriculum context exists,,
user_prompt,ready_for_in_app_admin_delivery,ee8d2acecabae8a094f78e72,profile-prompt-user-profile-basic-context,profile,prompt-user,profile.basic_context,warning,/profile?tab=basic,Complete basic school context,"Grade, curriculum, and school context help compare your profile fairly.",Update profile,in_app_readiness_surface|dashboard,redis_notification_feed|remote_push|email,profile-readiness:profile-prompt-user-profile-basic-context:ee8d2acecabae8a094f78e72,Profile school/grade/curriculum context exists,,
user_prompt,ready_for_in_app_admin_delivery,60ae21cdcc0779c5d57fa893,profile-prompt-user-profile-basic-context,profile,prompt-user,profile.basic_context,warning,/profile?tab=basic,Complete basic school context,"Grade, curriculum, and school context help compare your profile fairly.",Update profile,in_app_readiness_surface|dashboard,redis_notification_feed|remote_push|email,profile-readiness:profile-prompt-user-profile-basic-context:60ae21cdcc0779c5d57fa893,Profile school/grade/curriculum context exists,,
user_prompt,ready_for_in_app_admin_delivery,8af2599c6426aee17e392808,profile-prompt-user-profile-basic-context,profile,prompt-user,profile.basic_context,warning,/profile?tab=basic,Complete basic school context,"Grade, curriculum, and school context help compare your profile fairly.",Update profile,in_app_readiness_surface|dashboard,redis_notification_feed|remote_push|email,profile-readiness:profile-prompt-user-profile-basic-context:8af2599c6426aee17e392808,Profile school/grade/curriculum context exists,,
user_prompt,ready_for_in_app_admin_delivery,b16338de18bd3ea9490a922c,profile-prompt-user-profile-basic-context,profile,prompt-user,profile.basic_context,warning,/profile?tab=basic,Complete basic school context,"Grade, curriculum, and school context help compare your profile fairly.",Update profile,in_app_readiness_surface|dashboard,redis_notification_feed|remote_push|email,profile-readiness:profile-prompt-user-profile-basic-context:b16338de18bd3ea9490a922c,Profile school/grade/curriculum context exists,,
user_prompt,ready_for_in_app_admin_delivery,2c109a0b6856445f718b6cc4,profile-prompt-user-profile-basic-context,profile,prompt-user,profile.basic_context,warning,/profile?tab=basic,Complete basic school context,"Grade, curriculum, and school context help compare your profile fairly.",Update profile,in_app_readiness_surface|dashboard,redis_notification_feed|remote_push|email,profile-readiness:profile-prompt-user-profile-basic-context:2c109a0b6856445f718b6cc4,Profile school/grade/curriculum context exists,,
user_prompt,ready_for_in_app_admin_delivery,58f299953ccf1094f94211d2,profile-prompt-user-profile-basic-context,profile,prompt-user,profile.basic_context,warning,/profile?tab=basic,Complete basic school context,"Grade, curriculum, and school context help compare your profile fairly.",Update profile,in_app_readiness_surface|dashboard,redis_notification_feed|remote_push|email,profile-readiness:profile-prompt-user-profile-basic-context:58f299953ccf1094f94211d2,Profile school/grade/curriculum context exists,,
user_prompt,ready_for_in_app_admin_delivery,b08f78a2c250836222a2ed7e,profile-prompt-user-profile-basic-context,profile,prompt-user,profile.basic_context,warning,/profile?tab=basic,Complete basic school context,"Grade, curriculum, and school context help compare your profile fairly.",Update profile,in_app_readiness_surface|dashboard,redis_notification_feed|remote_push|email,profile-readiness:profile-prompt-user-profile-basic-context:b08f78a2c250836222a2ed7e,Profile school/grade/curriculum context exists,,
user_prompt,ready_for_in_app_admin_delivery,e35b0c6b5a8af24ddecf15b1,profile-prompt-user-profile-basic-context,profile,prompt-user,profile.basic_context,warning,/profile?tab=basic,Complete basic school context,"Grade, curriculum, and school context help compare your profile fairly.",Update profile,in_app_readiness_surface|dashboard,redis_notification_feed|remote_push|email,profile-readiness:profile-prompt-user-profile-basic-context:e35b0c6b5a8af24ddecf15b1,Profile school/grade/curriculum context exists,,
user_prompt,ready_for_in_app_admin_delivery,af8e626ff7ecc5fffec5a83b,profile-prompt-user-profile-basic-context,profile,prompt-user,profile.basic_context,warning,/profile?tab=basic,Complete basic school context,"Grade, curriculum, and school context help compare your profile fairly.",Update profile,in_app_readiness_surface|dashboard,redis_notification_feed|remote_push|email,profile-readiness:profile-prompt-user-profile-basic-context:af8e626ff7ecc5fffec5a83b,Profile school/grade/curriculum context exists,,
user_prompt,ready_for_in_app_admin_delivery,5635dbb88bfc845adb3c6c2d,profile-prompt-user-profile-basic-context,profile,prompt-user,profile.basic_context,warning,/profile?tab=basic,Complete basic school context,"Grade, curriculum, and school context help compare your profile fairly.",Update profile,in_app_readiness_surface|dashboard,redis_notification_feed|remote_push|email,profile-readiness:profile-prompt-user-profile-basic-context:5635dbb88bfc845adb3c6c2d,Profile school/grade/curriculum context exists,,
user_prompt,ready_for_in_app_admin_delivery,08a357ecc96894482491cba4,profile-prompt-user-profile-basic-context,profile,prompt-user,profile.basic_context,warning,/profile?tab=basic,Complete basic school context,"Grade, curriculum, and school context help compare your profile fairly.",Update profile,in_app_readiness_surface|dashboard,redis_notification_feed|remote_push|email,profile-readiness:profile-prompt-user-profile-basic-context:08a357ecc96894482491cba4,Profile school/grade/curriculum context exists,,
user_prompt,ready_for_in_app_admin_delivery,82be1f799b998791e0b4a42f,profile-prompt-user-profile-basic-context,profile,prompt-user,profile.basic_context,warning,/profile?tab=basic,Complete basic school context,"Grade, curriculum, and school context help compare your profile fairly.",Update profile,in_app_readiness_surface|dashboard,redis_notification_feed|remote_push|email,profile-readiness:profile-prompt-user-profile-basic-context:82be1f799b998791e0b4a42f,Profile school/grade/curriculum context exists,,
user_prompt,ready_for_in_app_admin_delivery,d44f4c033bff279e6a7ecb7f,profile-prompt-user-profile-basic-context,profile,prompt-user,profile.basic_context,warning,/profile?tab=basic,Complete basic school context,"Grade, curriculum, and school context help compare your profile fairly.",Update profile,in_app_readiness_surface|dashboard,redis_notification_feed|remote_push|email,profile-readiness:profile-prompt-user-profile-basic-context:d44f4c033bff279e6a7ecb7f,Profile school/grade/curriculum context exists,,
user_prompt,ready_for_in_app_admin_delivery,1721e7fd604c8c9cba7b29ee,profile-prompt-user-profile-basic-context,profile,prompt-user,profile.basic_context,warning,/profile?tab=basic,Complete basic school context,"Grade, curriculum, and school context help compare your profile fairly.",Update profile,in_app_readiness_surface|dashboard,redis_notification_feed|remote_push|email,profile-readiness:profile-prompt-user-profile-basic-context:1721e7fd604c8c9cba7b29ee,Profile school/grade/curriculum context exists,,
user_prompt,ready_for_in_app_admin_delivery,aa77cfaf01d5f471651c731f,profile-prompt-user-profile-basic-context,profile,prompt-user,profile.basic_context,warning,/profile?tab=basic,Complete basic school context,"Grade, curriculum, and school context help compare your profile fairly.",Update profile,in_app_readiness_surface|dashboard,redis_notification_feed|remote_push|email,profile-readiness:profile-prompt-user-profile-basic-context:aa77cfaf01d5f471651c731f,Profile school/grade/curriculum context exists,,
user_prompt,ready_for_in_app_admin_delivery,8182fd0a8ea90cbe07f9f5f3,profile-prompt-user-profile-basic-context,profile,prompt-user,profile.basic_context,warning,/profile?tab=basic,Complete basic school context,"Grade, curriculum, and school context help compare your profile fairly.",Update profile,in_app_readiness_surface|dashboard,redis_notification_feed|remote_push|email,profile-readiness:profile-prompt-user-profile-basic-context:8182fd0a8ea90cbe07f9f5f3,Profile school/grade/curriculum context exists,,
user_prompt,ready_for_in_app_admin_delivery,8f76e29a0754e9147868ff48,profile-prompt-user-profile-basic-context,profile,prompt-user,profile.basic_context,warning,/profile?tab=basic,Complete basic school context,"Grade, curriculum, and school context help compare your profile fairly.",Update profile,in_app_readiness_surface|dashboard,redis_notification_feed|remote_push|email,profile-readiness:profile-prompt-user-profile-basic-context:8f76e29a0754e9147868ff48,Profile school/grade/curriculum context exists,,
user_prompt,ready_for_in_app_admin_delivery,e49853bb7590d4fbc088e2ce,profile-prompt-user-profile-basic-context,profile,prompt-user,profile.basic_context,warning,/profile?tab=basic,Complete basic school context,"Grade, curriculum, and school context help compare your profile fairly.",Update profile,in_app_readiness_surface|dashboard,redis_notification_feed|remote_push|email,profile-readiness:profile-prompt-user-profile-basic-context:e49853bb7590d4fbc088e2ce,Profile school/grade/curriculum context exists,,
user_prompt,ready_for_in_app_admin_delivery,ba75887eed7d741502c53c31,profile-prompt-user-profile-basic-context,profile,prompt-user,profile.basic_context,warning,/profile?tab=basic,Complete basic school context,"Grade, curriculum, and school context help compare your profile fairly.",Update profile,in_app_readiness_surface|dashboard,redis_notification_feed|remote_push|email,profile-readiness:profile-prompt-user-profile-basic-context:ba75887eed7d741502c53c31,Profile school/grade/curriculum context exists,,
user_prompt,ready_for_in_app_admin_delivery,2f77ce3256c653a98a843922,profile-prompt-user-profile-basic-context,profile,prompt-user,profile.basic_context,warning,/profile?tab=basic,Complete basic school context,"Grade, curriculum, and school context help compare your profile fairly.",Update profile,in_app_readiness_surface|dashboard,redis_notification_feed|remote_push|email,profile-readiness:profile-prompt-user-profile-basic-context:2f77ce3256c653a98a843922,Profile school/grade/curriculum context exists,,
user_prompt,ready_for_in_app_admin_delivery,39d82fb302892df916184722,profile-prompt-user-profile-basic-context,profile,prompt-user,profile.basic_context,warning,/profile?tab=basic,Complete basic school context,"Grade, curriculum, and school context help compare your profile fairly.",Update profile,in_app_readiness_surface|dashboard,redis_notification_feed|remote_push|email,profile-readiness:profile-prompt-user-profile-basic-context:39d82fb302892df916184722,Profile school/grade/curriculum context exists,,
user_prompt,ready_for_in_app_admin_delivery,73a91be57fb9c7848ca2fc38,profile-prompt-user-profile-basic-context,profile,prompt-user,profile.basic_context,warning,/profile?tab=basic,Complete basic school context,"Grade, curriculum, and school context help compare your profile fairly.",Update profile,in_app_readiness_surface|dashboard,redis_notification_feed|remote_push|email,profile-readiness:profile-prompt-user-profile-basic-context:73a91be57fb9c7848ca2fc38,Profile school/grade/curriculum context exists,,
user_prompt,ready_for_in_app_admin_delivery,b7c52e38fa597c4401a45a0d,profile-prompt-user-profile-basic-context,profile,prompt-user,profile.basic_context,warning,/profile?tab=basic,Complete basic school context,"Grade, curriculum, and school context help compare your profile fairly.",Update profile,in_app_readiness_surface|dashboard,redis_notification_feed|remote_push|email,profile-readiness:profile-prompt-user-profile-basic-context:b7c52e38fa597c4401a45a0d,Profile school/grade/curriculum context exists,,
user_prompt,ready_for_in_app_admin_delivery,b6211d62f28ea1ac1fbf92f6,profile-prompt-user-profile-basic-context,profile,prompt-user,profile.basic_context,warning,/profile?tab=basic,Complete basic school context,"Grade, curriculum, and school context help compare your profile fairly.",Update profile,in_app_readiness_surface|dashboard,redis_notification_feed|remote_push|email,profile-readiness:profile-prompt-user-profile-basic-context:b6211d62f28ea1ac1fbf92f6,Profile school/grade/curriculum context exists,,
user_prompt,ready_for_in_app_admin_delivery,51123683ff47579b1326d7e0,profile-prompt-user-profile-basic-context,profile,prompt-user,profile.basic_context,warning,/profile?tab=basic,Complete basic school context,"Grade, curriculum, and school context help compare your profile fairly.",Update profile,in_app_readiness_surface|dashboard,redis_notification_feed|remote_push|email,profile-readiness:profile-prompt-user-profile-basic-context:51123683ff47579b1326d7e0,Profile school/grade/curriculum context exists,,
user_prompt,ready_for_in_app_admin_delivery,d623a290fc0c003872b7e51e,profile-prompt-user-profile-basic-context,profile,prompt-user,profile.basic_context,warning,/profile?tab=basic,Complete basic school context,"Grade, curriculum, and school context help compare your profile fairly.",Update profile,in_app_readiness_surface|dashboard,redis_notification_feed|remote_push|email,profile-readiness:profile-prompt-user-profile-basic-context:d623a290fc0c003872b7e51e,Profile school/grade/curriculum context exists,,
user_prompt,ready_for_in_app_admin_delivery,d235bd129f743fb22c4ed3fd,profile-prompt-user-profile-basic-context,profile,prompt-user,profile.basic_context,warning,/profile?tab=basic,Complete basic school context,"Grade, curriculum, and school context help compare your profile fairly.",Update profile,in_app_readiness_surface|dashboard,redis_notification_feed|remote_push|email,profile-readiness:profile-prompt-user-profile-basic-context:d235bd129f743fb22c4ed3fd,Profile school/grade/curriculum context exists,,
user_prompt,ready_for_in_app_admin_delivery,2532d98f34e1ac7c1659d8eb,profile-prompt-user-profile-basic-context,profile,prompt-user,profile.basic_context,warning,/profile?tab=basic,Complete basic school context,"Grade, curriculum, and school context help compare your profile fairly.",Update profile,in_app_readiness_surface|dashboard,redis_notification_feed|remote_push|email,profile-readiness:profile-prompt-user-profile-basic-context:2532d98f34e1ac7c1659d8eb,Profile school/grade/curriculum context exists,,
user_prompt,ready_for_in_app_admin_delivery,80198917031fa524bd986f16,profile-prompt-user-profile-basic-context,profile,prompt-user,profile.basic_context,warning,/profile?tab=basic,Complete basic school context,"Grade, curriculum, and school context help compare your profile fairly.",Update profile,in_app_readiness_surface|dashboard,redis_notification_feed|remote_push|email,profile-readiness:profile-prompt-user-profile-basic-context:80198917031fa524bd986f16,Profile school/grade/curriculum context exists,,
user_prompt,ready_for_in_app_admin_delivery,fb77434774ac9a3e30419226,profile-prompt-user-profile-basic-context,profile,prompt-user,profile.basic_context,warning,/profile?tab=basic,Complete basic school context,"Grade, curriculum, and school context help compare your profile fairly.",Update profile,in_app_readiness_surface|dashboard,redis_notification_feed|remote_push|email,profile-readiness:profile-prompt-user-profile-basic-context:fb77434774ac9a3e30419226,Profile school/grade/curriculum context exists,,
user_prompt,ready_for_in_app_admin_delivery,f9fd9b821f5302c444105093,profile-prompt-user-profile-basic-context,profile,prompt-user,profile.basic_context,warning,/profile?tab=basic,Complete basic school context,"Grade, curriculum, and school context help compare your profile fairly.",Update profile,in_app_readiness_surface|dashboard,redis_notification_feed|remote_push|email,profile-readiness:profile-prompt-user-profile-basic-context:f9fd9b821f5302c444105093,Profile school/grade/curriculum context exists,,
user_prompt,ready_for_in_app_admin_delivery,8ee4a43e09bd1fb564a3d07c,profile-prompt-user-profile-basic-context,profile,prompt-user,profile.basic_context,warning,/profile?tab=basic,Complete basic school context,"Grade, curriculum, and school context help compare your profile fairly.",Update profile,in_app_readiness_surface|dashboard,redis_notification_feed|remote_push|email,profile-readiness:profile-prompt-user-profile-basic-context:8ee4a43e09bd1fb564a3d07c,Profile school/grade/curriculum context exists,,
user_prompt,ready_for_in_app_admin_delivery,1205c6fffa0d08b1c24f8aba,profile-prompt-user-profile-basic-context,profile,prompt-user,profile.basic_context,warning,/profile?tab=basic,Complete basic school context,"Grade, curriculum, and school context help compare your profile fairly.",Update profile,in_app_readiness_surface|dashboard,redis_notification_feed|remote_push|email,profile-readiness:profile-prompt-user-profile-basic-context:1205c6fffa0d08b1c24f8aba,Profile school/grade/curriculum context exists,,
user_prompt,ready_for_in_app_admin_delivery,83e1e60cee3420e8a087ec65,profile-prompt-user-profile-basic-context,profile,prompt-user,profile.basic_context,warning,/profile?tab=basic,Complete basic school context,"Grade, curriculum, and school context help compare your profile fairly.",Update profile,in_app_readiness_surface|dashboard,redis_notification_feed|remote_push|email,profile-readiness:profile-prompt-user-profile-basic-context:83e1e60cee3420e8a087ec65,Profile school/grade/curriculum context exists,,
user_prompt,ready_for_in_app_admin_delivery,4128eb49c7d66593fc377cf2,profile-prompt-user-profile-basic-context,profile,prompt-user,profile.basic_context,warning,/profile?tab=basic,Complete basic school context,"Grade, curriculum, and school context help compare your profile fairly.",Update profile,in_app_readiness_surface|dashboard,redis_notification_feed|remote_push|email,profile-readiness:profile-prompt-user-profile-basic-context:4128eb49c7d66593fc377cf2,Profile school/grade/curriculum context exists,,
user_prompt,ready_for_in_app_admin_delivery,66bd62747c0c3780d93d5ac0,profile-prompt-user-profile-basic-context,profile,prompt-user,profile.basic_context,warning,/profile?tab=basic,Complete basic school context,"Grade, curriculum, and school context help compare your profile fairly.",Update profile,in_app_readiness_surface|dashboard,redis_notification_feed|remote_push|email,profile-readiness:profile-prompt-user-profile-basic-context:66bd62747c0c3780d93d5ac0,Profile school/grade/curriculum context exists,,
user_prompt,ready_for_in_app_admin_delivery,387d5008ef0d61abbf0981c3,profile-prompt-user-profile-basic-context,profile,prompt-user,profile.basic_context,warning,/profile?tab=basic,Complete basic school context,"Grade, curriculum, and school context help compare your profile fairly.",Update profile,in_app_readiness_surface|dashboard,redis_notification_feed|remote_push|email,profile-readiness:profile-prompt-user-profile-basic-context:387d5008ef0d61abbf0981c3,Profile school/grade/curriculum context exists,,
user_prompt,ready_for_in_app_admin_delivery,6e88e7843d84c8e4ac30d418,profile-prompt-user-profile-basic-context,profile,prompt-user,profile.basic_context,warning,/profile?tab=basic,Complete basic school context,"Grade, curriculum, and school context help compare your profile fairly.",Update profile,in_app_readiness_surface|dashboard,redis_notification_feed|remote_push|email,profile-readiness:profile-prompt-user-profile-basic-context:6e88e7843d84c8e4ac30d418,Profile school/grade/curriculum context exists,,
user_prompt,ready_for_in_app_admin_delivery,85fc8cd917b074b9f364b19f,profile-prompt-user-profile-basic-context,profile,prompt-user,profile.basic_context,warning,/profile?tab=basic,Complete basic school context,"Grade, curriculum, and school context help compare your profile fairly.",Update profile,in_app_readiness_surface|dashboard,redis_notification_feed|remote_push|email,profile-readiness:profile-prompt-user-profile-basic-context:85fc8cd917b074b9f364b19f,Profile school/grade/curriculum context exists,,
user_prompt,ready_for_in_app_admin_delivery,393497c7e1766899efccdd67,profile-prompt-user-profile-basic-context,profile,prompt-user,profile.basic_context,warning,/profile?tab=basic,Complete basic school context,"Grade, curriculum, and school context help compare your profile fairly.",Update profile,in_app_readiness_surface|dashboard,redis_notification_feed|remote_push|email,profile-readiness:profile-prompt-user-profile-basic-context:393497c7e1766899efccdd67,Profile school/grade/curriculum context exists,,
user_prompt,ready_for_in_app_admin_delivery,c11c121accb370e23f27204f,profile-prompt-user-profile-basic-context,profile,prompt-user,profile.basic_context,warning,/profile?tab=basic,Complete basic school context,"Grade, curriculum, and school context help compare your profile fairly.",Update profile,in_app_readiness_surface|dashboard,redis_notification_feed|remote_push|email,profile-readiness:profile-prompt-user-profile-basic-context:c11c121accb370e23f27204f,Profile school/grade/curriculum context exists,,
user_prompt,ready_for_in_app_admin_delivery,ec8c5627fc8e7cd6f4f3ab56,profile-prompt-user-profile-basic-context,profile,prompt-user,profile.basic_context,warning,/profile?tab=basic,Complete basic school context,"Grade, curriculum, and school context help compare your profile fairly.",Update profile,in_app_readiness_surface|dashboard,redis_notification_feed|remote_push|email,profile-readiness:profile-prompt-user-profile-basic-context:ec8c5627fc8e7cd6f4f3ab56,Profile school/grade/curriculum context exists,,
user_prompt,ready_for_in_app_admin_delivery,a73c0bac52799c6f0c20c326,profile-prompt-user-profile-basic-context,profile,prompt-user,profile.basic_context,warning,/profile?tab=basic,Complete basic school context,"Grade, curriculum, and school context help compare your profile fairly.",Update profile,in_app_readiness_surface|dashboard,redis_notification_feed|remote_push|email,profile-readiness:profile-prompt-user-profile-basic-context:a73c0bac52799c6f0c20c326,Profile school/grade/curriculum context exists,,
user_prompt,ready_for_in_app_admin_delivery,1f1d01ebd6e4a634f6d00521,profile-prompt-user-profile-basic-context,profile,prompt-user,profile.basic_context,warning,/profile?tab=basic,Complete basic school context,"Grade, curriculum, and school context help compare your profile fairly.",Update profile,in_app_readiness_surface|dashboard,redis_notification_feed|remote_push|email,profile-readiness:profile-prompt-user-profile-basic-context:1f1d01ebd6e4a634f6d00521,Profile school/grade/curriculum context exists,,
user_prompt,ready_for_in_app_admin_delivery,8111a447630837276fb2d02b,profile-prompt-user-profile-basic-context,profile,prompt-user,profile.basic_context,warning,/profile?tab=basic,Complete basic school context,"Grade, curriculum, and school context help compare your profile fairly.",Update profile,in_app_readiness_surface|dashboard,redis_notification_feed|remote_push|email,profile-readiness:profile-prompt-user-profile-basic-context:8111a447630837276fb2d02b,Profile school/grade/curriculum context exists,,
user_prompt,ready_for_in_app_admin_delivery,454b3bdd97d513ee08d1fcb6,profile-prompt-user-profile-basic-context,profile,prompt-user,profile.basic_context,warning,/profile?tab=basic,Complete basic school context,"Grade, curriculum, and school context help compare your profile fairly.",Update profile,in_app_readiness_surface|dashboard,redis_notification_feed|remote_push|email,profile-readiness:profile-prompt-user-profile-basic-context:454b3bdd97d513ee08d1fcb6,Profile school/grade/curriculum context exists,,
user_prompt,ready_for_in_app_admin_delivery,77e8a3e7b4bb269d25a88720,profile-prompt-user-profile-basic-context,profile,prompt-user,profile.basic_context,warning,/profile?tab=basic,Complete basic school context,"Grade, curriculum, and school context help compare your profile fairly.",Update profile,in_app_readiness_surface|dashboard,redis_notification_feed|remote_push|email,profile-readiness:profile-prompt-user-profile-basic-context:77e8a3e7b4bb269d25a88720,Profile school/grade/curriculum context exists,,
user_prompt,ready_for_in_app_admin_delivery,1c49dedeea2144e69f2ddfab,profile-prompt-user-profile-basic-context,profile,prompt-user,profile.basic_context,warning,/profile?tab=basic,Complete basic school context,"Grade, curriculum, and school context help compare your profile fairly.",Update profile,in_app_readiness_surface|dashboard,redis_notification_feed|remote_push|email,profile-readiness:profile-prompt-user-profile-basic-context:1c49dedeea2144e69f2ddfab,Profile school/grade/curriculum context exists,,
user_prompt,ready_for_in_app_admin_delivery,c6b85ceae0c6557b8e364c94,profile-prompt-user-profile-basic-context,profile,prompt-user,profile.basic_context,warning,/profile?tab=basic,Complete basic school context,"Grade, curriculum, and school context help compare your profile fairly.",Update profile,in_app_readiness_surface|dashboard,redis_notification_feed|remote_push|email,profile-readiness:profile-prompt-user-profile-basic-context:c6b85ceae0c6557b8e364c94,Profile school/grade/curriculum context exists,,
user_prompt,ready_for_in_app_admin_delivery,7bc9b1e5926864015639324c,profile-prompt-user-profile-basic-context,profile,prompt-user,profile.basic_context,warning,/profile?tab=basic,Complete basic school context,"Grade, curriculum, and school context help compare your profile fairly.",Update profile,in_app_readiness_surface|dashboard,redis_notification_feed|remote_push|email,profile-readiness:profile-prompt-user-profile-basic-context:7bc9b1e5926864015639324c,Profile school/grade/curriculum context exists,,
user_prompt,ready_for_in_app_admin_delivery,76d3e4bd31e04f8df55b5063,profile-prompt-user-profile-basic-context,profile,prompt-user,profile.basic_context,warning,/profile?tab=basic,Complete basic school context,"Grade, curriculum, and school context help compare your profile fairly.",Update profile,in_app_readiness_surface|dashboard,redis_notification_feed|remote_push|email,profile-readiness:profile-prompt-user-profile-basic-context:76d3e4bd31e04f8df55b5063,Profile school/grade/curriculum context exists,,
user_prompt,ready_for_in_app_admin_delivery,123500041b4c756624fcfbc1,profile-prompt-user-profile-basic-context,profile,prompt-user,profile.basic_context,warning,/profile?tab=basic,Complete basic school context,"Grade, curriculum, and school context help compare your profile fairly.",Update profile,in_app_readiness_surface|dashboard,redis_notification_feed|remote_push|email,profile-readiness:profile-prompt-user-profile-basic-context:123500041b4c756624fcfbc1,Profile school/grade/curriculum context exists,,
user_prompt,ready_for_in_app_admin_delivery,9e700876055ebe00ce432591,profile-prompt-user-profile-basic-context,profile,prompt-user,profile.basic_context,warning,/profile?tab=basic,Complete basic school context,"Grade, curriculum, and school context help compare your profile fairly.",Update profile,in_app_readiness_surface|dashboard,redis_notification_feed|remote_push|email,profile-readiness:profile-prompt-user-profile-basic-context:9e700876055ebe00ce432591,Profile school/grade/curriculum context exists,,
user_prompt,ready_for_in_app_admin_delivery,b86b9ff73c5aa218b53fcc07,profile-prompt-user-profile-basic-context,profile,prompt-user,profile.basic_context,warning,/profile?tab=basic,Complete basic school context,"Grade, curriculum, and school context help compare your profile fairly.",Update profile,in_app_readiness_surface|dashboard,redis_notification_feed|remote_push|email,profile-readiness:profile-prompt-user-profile-basic-context:b86b9ff73c5aa218b53fcc07,Profile school/grade/curriculum context exists,,
user_prompt,ready_for_in_app_admin_delivery,26a7b1448bcf5fd36c35a363,profile-prompt-user-profile-basic-context,profile,prompt-user,profile.basic_context,warning,/profile?tab=basic,Complete basic school context,"Grade, curriculum, and school context help compare your profile fairly.",Update profile,in_app_readiness_surface|dashboard,redis_notification_feed|remote_push|email,profile-readiness:profile-prompt-user-profile-basic-context:26a7b1448bcf5fd36c35a363,Profile school/grade/curriculum context exists,,
user_prompt,ready_for_in_app_admin_delivery,2f357aae310ceb62c29b274c,profile-prompt-user-profile-basic-context,profile,prompt-user,profile.basic_context,warning,/profile?tab=basic,Complete basic school context,"Grade, curriculum, and school context help compare your profile fairly.",Update profile,in_app_readiness_surface|dashboard,redis_notification_feed|remote_push|email,profile-readiness:profile-prompt-user-profile-basic-context:2f357aae310ceb62c29b274c,Profile school/grade/curriculum context exists,,
user_prompt,ready_for_in_app_admin_delivery,96d4cd2fcd14de7772f5fd50,profile-prompt-user-profile-basic-context,profile,prompt-user,profile.basic_context,warning,/profile?tab=basic,Complete basic school context,"Grade, curriculum, and school context help compare your profile fairly.",Update profile,in_app_readiness_surface|dashboard,redis_notification_feed|remote_push|email,profile-readiness:profile-prompt-user-profile-basic-context:96d4cd2fcd14de7772f5fd50,Profile school/grade/curriculum context exists,,
user_prompt,ready_for_in_app_admin_delivery,d0a7465d43215d5f058e070e,profile-prompt-user-profile-basic-context,profile,prompt-user,profile.basic_context,warning,/profile?tab=basic,Complete basic school context,"Grade, curriculum, and school context help compare your profile fairly.",Update profile,in_app_readiness_surface|dashboard,redis_notification_feed|remote_push|email,profile-readiness:profile-prompt-user-profile-basic-context:d0a7465d43215d5f058e070e,Profile school/grade/curriculum context exists,,
user_prompt,ready_for_in_app_admin_delivery,ca95dbae28c38d90f4bd075a,profile-prompt-user-profile-basic-context,profile,prompt-user,profile.basic_context,warning,/profile?tab=basic,Complete basic school context,"Grade, curriculum, and school context help compare your profile fairly.",Update profile,in_app_readiness_surface|dashboard,redis_notification_feed|remote_push|email,profile-readiness:profile-prompt-user-profile-basic-context:ca95dbae28c38d90f4bd075a,Profile school/grade/curriculum context exists,,
user_prompt,ready_for_in_app_admin_delivery,be2cd5ddfe575143c741e775,profile-prompt-user-profile-basic-context,profile,prompt-user,profile.basic_context,warning,/profile?tab=basic,Complete basic school context,"Grade, curriculum, and school context help compare your profile fairly.",Update profile,in_app_readiness_surface|dashboard,redis_notification_feed|remote_push|email,profile-readiness:profile-prompt-user-profile-basic-context:be2cd5ddfe575143c741e775,Profile school/grade/curriculum context exists,,
user_prompt,ready_for_in_app_admin_delivery,c22d82639c55efb340bc9a56,profile-prompt-user-profile-basic-context,profile,prompt-user,profile.basic_context,warning,/profile?tab=basic,Complete basic school context,"Grade, curriculum, and school context help compare your profile fairly.",Update profile,in_app_readiness_surface|dashboard,redis_notification_feed|remote_push|email,profile-readiness:profile-prompt-user-profile-basic-context:c22d82639c55efb340bc9a56,Profile school/grade/curriculum context exists,,
user_prompt,ready_for_in_app_admin_delivery,8e287120445279d6e9b4ec2b,profile-prompt-user-profile-basic-context,profile,prompt-user,profile.basic_context,warning,/profile?tab=basic,Complete basic school context,"Grade, curriculum, and school context help compare your profile fairly.",Update profile,in_app_readiness_surface|dashboard,redis_notification_feed|remote_push|email,profile-readiness:profile-prompt-user-profile-basic-context:8e287120445279d6e9b4ec2b,Profile school/grade/curriculum context exists,,
user_prompt,ready_for_in_app_admin_delivery,30430c0713c690c36433a6e5,profile-prompt-user-profile-basic-context,profile,prompt-user,profile.basic_context,warning,/profile?tab=basic,Complete basic school context,"Grade, curriculum, and school context help compare your profile fairly.",Update profile,in_app_readiness_surface|dashboard,redis_notification_feed|remote_push|email,profile-readiness:profile-prompt-user-profile-basic-context:30430c0713c690c36433a6e5,Profile school/grade/curriculum context exists,,
user_prompt,ready_for_in_app_admin_delivery,9353bab0b66f9c8f5bbbb3e9,profile-prompt-user-profile-basic-context,profile,prompt-user,profile.basic_context,warning,/profile?tab=basic,Complete basic school context,"Grade, curriculum, and school context help compare your profile fairly.",Update profile,in_app_readiness_surface|dashboard,redis_notification_feed|remote_push|email,profile-readiness:profile-prompt-user-profile-basic-context:9353bab0b66f9c8f5bbbb3e9,Profile school/grade/curriculum context exists,,
user_prompt,ready_for_in_app_admin_delivery,ea2aad244e6c5b7a6ddcdc6d,profile-prompt-user-profile-basic-context,profile,prompt-user,profile.basic_context,warning,/profile?tab=basic,Complete basic school context,"Grade, curriculum, and school context help compare your profile fairly.",Update profile,in_app_readiness_surface|dashboard,redis_notification_feed|remote_push|email,profile-readiness:profile-prompt-user-profile-basic-context:ea2aad244e6c5b7a6ddcdc6d,Profile school/grade/curriculum context exists,,
user_prompt,ready_for_in_app_admin_delivery,ab23e0dca524148e33dc1dc3,profile-prompt-user-profile-basic-context,profile,prompt-user,profile.basic_context,warning,/profile?tab=basic,Complete basic school context,"Grade, curriculum, and school context help compare your profile fairly.",Update profile,in_app_readiness_surface|dashboard,redis_notification_feed|remote_push|email,profile-readiness:profile-prompt-user-profile-basic-context:ab23e0dca524148e33dc1dc3,Profile school/grade/curriculum context exists,,
user_prompt,ready_for_in_app_admin_delivery,147f40a0a1b1d151c407167a,profile-prompt-user-profile-basic-context,profile,prompt-user,profile.basic_context,warning,/profile?tab=basic,Complete basic school context,"Grade, curriculum, and school context help compare your profile fairly.",Update profile,in_app_readiness_surface|dashboard,redis_notification_feed|remote_push|email,profile-readiness:profile-prompt-user-profile-basic-context:147f40a0a1b1d151c407167a,Profile school/grade/curriculum context exists,,
user_prompt,ready_for_in_app_admin_delivery,302d0b094ff202e23f186d36,profile-prompt-user-profile-basic-context,profile,prompt-user,profile.basic_context,warning,/profile?tab=basic,Complete basic school context,"Grade, curriculum, and school context help compare your profile fairly.",Update profile,in_app_readiness_surface|dashboard,redis_notification_feed|remote_push|email,profile-readiness:profile-prompt-user-profile-basic-context:302d0b094ff202e23f186d36,Profile school/grade/curriculum context exists,,
user_prompt,ready_for_in_app_admin_delivery,5fea30f24d9048bc811be8c1,profile-prompt-user-profile-basic-context,profile,prompt-user,profile.basic_context,warning,/profile?tab=basic,Complete basic school context,"Grade, curriculum, and school context help compare your profile fairly.",Update profile,in_app_readiness_surface|dashboard,redis_notification_feed|remote_push|email,profile-readiness:profile-prompt-user-profile-basic-context:5fea30f24d9048bc811be8c1,Profile school/grade/curriculum context exists,,
user_prompt,ready_for_in_app_admin_delivery,a8b0b42078a4419cbc216238,profile-prompt-user-profile-basic-context,profile,prompt-user,profile.basic_context,warning,/profile?tab=basic,Complete basic school context,"Grade, curriculum, and school context help compare your profile fairly.",Update profile,in_app_readiness_surface|dashboard,redis_notification_feed|remote_push|email,profile-readiness:profile-prompt-user-profile-basic-context:a8b0b42078a4419cbc216238,Profile school/grade/curriculum context exists,,
user_prompt,ready_for_in_app_admin_delivery,8a3d4c7790976e73724c9f5f,profile-prompt-user-profile-basic-context,profile,prompt-user,profile.basic_context,warning,/profile?tab=basic,Complete basic school context,"Grade, curriculum, and school context help compare your profile fairly.",Update profile,in_app_readiness_surface|dashboard,redis_notification_feed|remote_push|email,profile-readiness:profile-prompt-user-profile-basic-context:8a3d4c7790976e73724c9f5f,Profile school/grade/curriculum context exists,,
user_prompt,ready_for_in_app_admin_delivery,eed7dc5c15f1752dc5039930,profile-prompt-user-profile-basic-context,profile,prompt-user,profile.basic_context,warning,/profile?tab=basic,Complete basic school context,"Grade, curriculum, and school context help compare your profile fairly.",Update profile,in_app_readiness_surface|dashboard,redis_notification_feed|remote_push|email,profile-readiness:profile-prompt-user-profile-basic-context:eed7dc5c15f1752dc5039930,Profile school/grade/curriculum context exists,,
user_prompt,ready_for_in_app_admin_delivery,2bcb764b588cb54483f66c69,profile-prompt-user-profile-basic-context,profile,prompt-user,profile.basic_context,warning,/profile?tab=basic,Complete basic school context,"Grade, curriculum, and school context help compare your profile fairly.",Update profile,in_app_readiness_surface|dashboard,redis_notification_feed|remote_push|email,profile-readiness:profile-prompt-user-profile-basic-context:2bcb764b588cb54483f66c69,Profile school/grade/curriculum context exists,,
user_prompt,ready_for_in_app_admin_delivery,0acc818e9f51ef1b0b8ffb0e,profile-prompt-user-profile-basic-context,profile,prompt-user,profile.basic_context,warning,/profile?tab=basic,Complete basic school context,"Grade, curriculum, and school context help compare your profile fairly.",Update profile,in_app_readiness_surface|dashboard,redis_notification_feed|remote_push|email,profile-readiness:profile-prompt-user-profile-basic-context:0acc818e9f51ef1b0b8ffb0e,Profile school/grade/curriculum context exists,,
user_prompt,ready_for_in_app_admin_delivery,8da46db52724f8d1d3746feb,profile-prompt-user-profile-basic-context,profile,prompt-user,profile.basic_context,warning,/profile?tab=basic,Complete basic school context,"Grade, curriculum, and school context help compare your profile fairly.",Update profile,in_app_readiness_surface|dashboard,redis_notification_feed|remote_push|email,profile-readiness:profile-prompt-user-profile-basic-context:8da46db52724f8d1d3746feb,Profile school/grade/curriculum context exists,,
user_prompt,ready_for_in_app_admin_delivery,e18bea3d5f053111d4dcb5c1,profile-prompt-user-profile-basic-context,profile,prompt-user,profile.basic_context,warning,/profile?tab=basic,Complete basic school context,"Grade, curriculum, and school context help compare your profile fairly.",Update profile,in_app_readiness_surface|dashboard,redis_notification_feed|remote_push|email,profile-readiness:profile-prompt-user-profile-basic-context:e18bea3d5f053111d4dcb5c1,Profile school/grade/curriculum context exists,,
user_prompt,ready_for_in_app_admin_delivery,6a3e9991e41506fb51596fc5,profile-prompt-user-profile-basic-context,profile,prompt-user,profile.basic_context,warning,/profile?tab=basic,Complete basic school context,"Grade, curriculum, and school context help compare your profile fairly.",Update profile,in_app_readiness_surface|dashboard,redis_notification_feed|remote_push|email,profile-readiness:profile-prompt-user-profile-basic-context:6a3e9991e41506fb51596fc5,Profile school/grade/curriculum context exists,,
user_prompt,ready_for_in_app_admin_delivery,2864a3748d885dc103de4819,profile-prompt-user-profile-basic-context,profile,prompt-user,profile.basic_context,warning,/profile?tab=basic,Complete basic school context,"Grade, curriculum, and school context help compare your profile fairly.",Update profile,in_app_readiness_surface|dashboard,redis_notification_feed|remote_push|email,profile-readiness:profile-prompt-user-profile-basic-context:2864a3748d885dc103de4819,Profile school/grade/curriculum context exists,,
user_prompt,ready_for_in_app_admin_delivery,3e9d46eb289214be984cfcb3,profile-prompt-user-profile-basic-context,profile,prompt-user,profile.basic_context,warning,/profile?tab=basic,Complete basic school context,"Grade, curriculum, and school context help compare your profile fairly.",Update profile,in_app_readiness_surface|dashboard,redis_notification_feed|remote_push|email,profile-readiness:profile-prompt-user-profile-basic-context:3e9d46eb289214be984cfcb3,Profile school/grade/curriculum context exists,,
user_prompt,ready_for_in_app_admin_delivery,26ebb0fdca5f016b883f9463,profile-prompt-user-profile-basic-context,profile,prompt-user,profile.basic_context,warning,/profile?tab=basic,Complete basic school context,"Grade, curriculum, and school context help compare your profile fairly.",Update profile,in_app_readiness_surface|dashboard,redis_notification_feed|remote_push|email,profile-readiness:profile-prompt-user-profile-basic-context:26ebb0fdca5f016b883f9463,Profile school/grade/curriculum context exists,,
user_prompt,ready_for_in_app_admin_delivery,153e9405da19c8f1d8e74047,profile-prompt-user-profile-basic-context,profile,prompt-user,profile.basic_context,warning,/profile?tab=basic,Complete basic school context,"Grade, curriculum, and school context help compare your profile fairly.",Update profile,in_app_readiness_surface|dashboard,redis_notification_feed|remote_push|email,profile-readiness:profile-prompt-user-profile-basic-context:153e9405da19c8f1d8e74047,Profile school/grade/curriculum context exists,,
user_prompt,ready_for_in_app_admin_delivery,be7ec8fab6042ab022e3c7f2,profile-prompt-user-profile-basic-context,profile,prompt-user,profile.basic_context,warning,/profile?tab=basic,Complete basic school context,"Grade, curriculum, and school context help compare your profile fairly.",Update profile,in_app_readiness_surface|dashboard,redis_notification_feed|remote_push|email,profile-readiness:profile-prompt-user-profile-basic-context:be7ec8fab6042ab022e3c7f2,Profile school/grade/curriculum context exists,,
user_prompt,ready_for_in_app_admin_delivery,b210a22f55a2b9a17042dce8,profile-prompt-user-profile-basic-context,profile,prompt-user,profile.basic_context,warning,/profile?tab=basic,Complete basic school context,"Grade, curriculum, and school context help compare your profile fairly.",Update profile,in_app_readiness_surface|dashboard,redis_notification_feed|remote_push|email,profile-readiness:profile-prompt-user-profile-basic-context:b210a22f55a2b9a17042dce8,Profile school/grade/curriculum context exists,,
user_prompt,ready_for_in_app_admin_delivery,0e6ed74ef269ac93ac25401a,profile-prompt-user-profile-basic-context,profile,prompt-user,profile.basic_context,warning,/profile?tab=basic,Complete basic school context,"Grade, curriculum, and school context help compare your profile fairly.",Update profile,in_app_readiness_surface|dashboard,redis_notification_feed|remote_push|email,profile-readiness:profile-prompt-user-profile-basic-context:0e6ed74ef269ac93ac25401a,Profile school/grade/curriculum context exists,,
user_prompt,ready_for_in_app_admin_delivery,a2c6af72b61dd025bcad59e6,profile-prompt-user-profile-basic-context,profile,prompt-user,profile.basic_context,warning,/profile?tab=basic,Complete basic school context,"Grade, curriculum, and school context help compare your profile fairly.",Update profile,in_app_readiness_surface|dashboard,redis_notification_feed|remote_push|email,profile-readiness:profile-prompt-user-profile-basic-context:a2c6af72b61dd025bcad59e6,Profile school/grade/curriculum context exists,,
user_prompt,ready_for_in_app_admin_delivery,762ad54fcd7acd952288d3a3,profile-prompt-user-profile-basic-context,profile,prompt-user,profile.basic_context,warning,/profile?tab=basic,Complete basic school context,"Grade, curriculum, and school context help compare your profile fairly.",Update profile,in_app_readiness_surface|dashboard,redis_notification_feed|remote_push|email,profile-readiness:profile-prompt-user-profile-basic-context:762ad54fcd7acd952288d3a3,Profile school/grade/curriculum context exists,,
user_prompt,ready_for_in_app_admin_delivery,e4738e9f6099dbe3d9496339,profile-prompt-user-profile-basic-context,profile,prompt-user,profile.basic_context,warning,/profile?tab=basic,Complete basic school context,"Grade, curriculum, and school context help compare your profile fairly.",Update profile,in_app_readiness_surface|dashboard,redis_notification_feed|remote_push|email,profile-readiness:profile-prompt-user-profile-basic-context:e4738e9f6099dbe3d9496339,Profile school/grade/curriculum context exists,,
user_prompt,ready_for_in_app_admin_delivery,474d8949a3e5b09108ec3b81,profile-prompt-user-profile-basic-context,profile,prompt-user,profile.basic_context,warning,/profile?tab=basic,Complete basic school context,"Grade, curriculum, and school context help compare your profile fairly.",Update profile,in_app_readiness_surface|dashboard,redis_notification_feed|remote_push|email,profile-readiness:profile-prompt-user-profile-basic-context:474d8949a3e5b09108ec3b81,Profile school/grade/curriculum context exists,,
user_prompt,ready_for_in_app_admin_delivery,c46005f46a86567329a9b506,profile-prompt-user-profile-basic-context,profile,prompt-user,profile.basic_context,warning,/profile?tab=basic,Complete basic school context,"Grade, curriculum, and school context help compare your profile fairly.",Update profile,in_app_readiness_surface|dashboard,redis_notification_feed|remote_push|email,profile-readiness:profile-prompt-user-profile-basic-context:c46005f46a86567329a9b506,Profile school/grade/curriculum context exists,,
user_prompt,ready_for_in_app_admin_delivery,306394753611302d9dcc2614,profile-prompt-user-profile-basic-context,profile,prompt-user,profile.basic_context,warning,/profile?tab=basic,Complete basic school context,"Grade, curriculum, and school context help compare your profile fairly.",Update profile,in_app_readiness_surface|dashboard,redis_notification_feed|remote_push|email,profile-readiness:profile-prompt-user-profile-basic-context:306394753611302d9dcc2614,Profile school/grade/curriculum context exists,,
user_prompt,ready_for_in_app_admin_delivery,95e594b7481e10e5bbeab2ed,profile-prompt-user-profile-basic-context,profile,prompt-user,profile.basic_context,warning,/profile?tab=basic,Complete basic school context,"Grade, curriculum, and school context help compare your profile fairly.",Update profile,in_app_readiness_surface|dashboard,redis_notification_feed|remote_push|email,profile-readiness:profile-prompt-user-profile-basic-context:95e594b7481e10e5bbeab2ed,Profile school/grade/curriculum context exists,,
user_prompt,ready_for_in_app_admin_delivery,d19670c353690659b32ceffa,profile-prompt-user-profile-basic-context,profile,prompt-user,profile.basic_context,warning,/profile?tab=basic,Complete basic school context,"Grade, curriculum, and school context help compare your profile fairly.",Update profile,in_app_readiness_surface|dashboard,redis_notification_feed|remote_push|email,profile-readiness:profile-prompt-user-profile-basic-context:d19670c353690659b32ceffa,Profile school/grade/curriculum context exists,,
user_prompt,ready_for_in_app_admin_delivery,b6c285440b15a597cd93436e,profile-prompt-user-profile-basic-context,profile,prompt-user,profile.basic_context,warning,/profile?tab=basic,Complete basic school context,"Grade, curriculum, and school context help compare your profile fairly.",Update profile,in_app_readiness_surface|dashboard,redis_notification_feed|remote_push|email,profile-readiness:profile-prompt-user-profile-basic-context:b6c285440b15a597cd93436e,Profile school/grade/curriculum context exists,,
user_prompt,ready_for_in_app_admin_delivery,54deda6071b6929b8aaf9012,profile-prompt-user-profile-demographics,profile,prompt-user,profile.demographics,warning,/profile?tab=basic,Review applicant context,Applicant context keeps recommendation and timeline guidance aligned with your situation.,Review context,in_app_readiness_surface|dashboard,redis_notification_feed|remote_push|email,profile-readiness:profile-prompt-user-profile-demographics:54deda6071b6929b8aaf9012,Profile applicant context exists,,
user_prompt,ready_for_in_app_admin_delivery,2b76b871ca465655cbbacaca,profile-prompt-user-profile-demographics,profile,prompt-user,profile.demographics,warning,/profile?tab=basic,Review applicant context,Applicant context keeps recommendation and timeline guidance aligned with your situation.,Review context,in_app_readiness_surface|dashboard,redis_notification_feed|remote_push|email,profile-readiness:profile-prompt-user-profile-demographics:2b76b871ca465655cbbacaca,Profile applicant context exists,,
user_prompt,ready_for_in_app_admin_delivery,ee5859e5e75b862f47c24481,profile-prompt-user-profile-demographics,profile,prompt-user,profile.demographics,warning,/profile?tab=basic,Review applicant context,Applicant context keeps recommendation and timeline guidance aligned with your situation.,Review context,in_app_readiness_surface|dashboard,redis_notification_feed|remote_push|email,profile-readiness:profile-prompt-user-profile-demographics:ee5859e5e75b862f47c24481,Profile applicant context exists,,
user_prompt,ready_for_in_app_admin_delivery,0decde83c8c3b1eba5c4bcbe,profile-prompt-user-profile-demographics,profile,prompt-user,profile.demographics,warning,/profile?tab=basic,Review applicant context,Applicant context keeps recommendation and timeline guidance aligned with your situation.,Review context,in_app_readiness_surface|dashboard,redis_notification_feed|remote_push|email,profile-readiness:profile-prompt-user-profile-demographics:0decde83c8c3b1eba5c4bcbe,Profile applicant context exists,,
user_prompt,ready_for_in_app_admin_delivery,e143db79d9c485a460893ca5,profile-prompt-user-profile-demographics,profile,prompt-user,profile.demographics,warning,/profile?tab=basic,Review applicant context,Applicant context keeps recommendation and timeline guidance aligned with your situation.,Review context,in_app_readiness_surface|dashboard,redis_notification_feed|remote_push|email,profile-readiness:profile-prompt-user-profile-demographics:e143db79d9c485a460893ca5,Profile applicant context exists,,
user_prompt,ready_for_in_app_admin_delivery,19f17ffd8ca6cda6fb981237,profile-prompt-user-profile-demographics,profile,prompt-user,profile.demographics,warning,/profile?tab=basic,Review applicant context,Applicant context keeps recommendation and timeline guidance aligned with your situation.,Review context,in_app_readiness_surface|dashboard,redis_notification_feed|remote_push|email,profile-readiness:profile-prompt-user-profile-demographics:19f17ffd8ca6cda6fb981237,Profile applicant context exists,,
user_prompt,ready_for_in_app_admin_delivery,556e66a23d80e56fc6de4c70,profile-prompt-user-profile-demographics,profile,prompt-user,profile.demographics,warning,/profile?tab=basic,Review applicant context,Applicant context keeps recommendation and timeline guidance aligned with your situation.,Review context,in_app_readiness_surface|dashboard,redis_notification_feed|remote_push|email,profile-readiness:profile-prompt-user-profile-demographics:556e66a23d80e56fc6de4c70,Profile applicant context exists,,
user_prompt,ready_for_in_app_admin_delivery,161ae07fa8fcfd5b9c149e3a,profile-prompt-user-profile-demographics,profile,prompt-user,profile.demographics,warning,/profile?tab=basic,Review applicant context,Applicant context keeps recommendation and timeline guidance aligned with your situation.,Review context,in_app_readiness_surface|dashboard,redis_notification_feed|remote_push|email,profile-readiness:profile-prompt-user-profile-demographics:161ae07fa8fcfd5b9c149e3a,Profile applicant context exists,,
user_prompt,ready_for_in_app_admin_delivery,bbcc181196a5f49e7b7b5217,profile-prompt-user-profile-demographics,profile,prompt-user,profile.demographics,warning,/profile?tab=basic,Review applicant context,Applicant context keeps recommendation and timeline guidance aligned with your situation.,Review context,in_app_readiness_surface|dashboard,redis_notification_feed|remote_push|email,profile-readiness:profile-prompt-user-profile-demographics:bbcc181196a5f49e7b7b5217,Profile applicant context exists,,
user_prompt,ready_for_in_app_admin_delivery,2ad6a5c85738075faca4e660,profile-prompt-user-profile-demographics,profile,prompt-user,profile.demographics,warning,/profile?tab=basic,Review applicant context,Applicant context keeps recommendation and timeline guidance aligned with your situation.,Review context,in_app_readiness_surface|dashboard,redis_notification_feed|remote_push|email,profile-readiness:profile-prompt-user-profile-demographics:2ad6a5c85738075faca4e660,Profile applicant context exists,,
user_prompt,ready_for_in_app_admin_delivery,4f43b96ee5b22b7fd5680c21,profile-prompt-user-profile-demographics,profile,prompt-user,profile.demographics,warning,/profile?tab=basic,Review applicant context,Applicant context keeps recommendation and timeline guidance aligned with your situation.,Review context,in_app_readiness_surface|dashboard,redis_notification_feed|remote_push|email,profile-readiness:profile-prompt-user-profile-demographics:4f43b96ee5b22b7fd5680c21,Profile applicant context exists,,
user_prompt,ready_for_in_app_admin_delivery,c271fde2cf1b87f889ec0c16,profile-prompt-user-profile-demographics,profile,prompt-user,profile.demographics,warning,/profile?tab=basic,Review applicant context,Applicant context keeps recommendation and timeline guidance aligned with your situation.,Review context,in_app_readiness_surface|dashboard,redis_notification_feed|remote_push|email,profile-readiness:profile-prompt-user-profile-demographics:c271fde2cf1b87f889ec0c16,Profile applicant context exists,,
user_prompt,ready_for_in_app_admin_delivery,746bc9d4549c99352f08bdcf,profile-prompt-user-profile-demographics,profile,prompt-user,profile.demographics,warning,/profile?tab=basic,Review applicant context,Applicant context keeps recommendation and timeline guidance aligned with your situation.,Review context,in_app_readiness_surface|dashboard,redis_notification_feed|remote_push|email,profile-readiness:profile-prompt-user-profile-demographics:746bc9d4549c99352f08bdcf,Profile applicant context exists,,
user_prompt,ready_for_in_app_admin_delivery,b4d7837782707744792d2395,profile-prompt-user-profile-demographics,profile,prompt-user,profile.demographics,warning,/profile?tab=basic,Review applicant context,Applicant context keeps recommendation and timeline guidance aligned with your situation.,Review context,in_app_readiness_surface|dashboard,redis_notification_feed|remote_push|email,profile-readiness:profile-prompt-user-profile-demographics:b4d7837782707744792d2395,Profile applicant context exists,,
user_prompt,ready_for_in_app_admin_delivery,40e9414c98a1ebdf2dcad4cd,profile-prompt-user-profile-demographics,profile,prompt-user,profile.demographics,warning,/profile?tab=basic,Review applicant context,Applicant context keeps recommendation and timeline guidance aligned with your situation.,Review context,in_app_readiness_surface|dashboard,redis_notification_feed|remote_push|email,profile-readiness:profile-prompt-user-profile-demographics:40e9414c98a1ebdf2dcad4cd,Profile applicant context exists,,
user_prompt,ready_for_in_app_admin_delivery,b1fa79bf9c552d0d23893f4d,profile-prompt-user-profile-demographics,profile,prompt-user,profile.demographics,warning,/profile?tab=basic,Review applicant context,Applicant context keeps recommendation and timeline guidance aligned with your situation.,Review context,in_app_readiness_surface|dashboard,redis_notification_feed|remote_push|email,profile-readiness:profile-prompt-user-profile-demographics:b1fa79bf9c552d0d23893f4d,Profile applicant context exists,,
user_prompt,ready_for_in_app_admin_delivery,7eb6af9e5e76bffb19b076da,profile-prompt-user-profile-demographics,profile,prompt-user,profile.demographics,warning,/profile?tab=basic,Review applicant context,Applicant context keeps recommendation and timeline guidance aligned with your situation.,Review context,in_app_readiness_surface|dashboard,redis_notification_feed|remote_push|email,profile-readiness:profile-prompt-user-profile-demographics:7eb6af9e5e76bffb19b076da,Profile applicant context exists,,
user_prompt,ready_for_in_app_admin_delivery,0d718acf5447f81ecb074643,profile-prompt-user-profile-demographics,profile,prompt-user,profile.demographics,warning,/profile?tab=basic,Review applicant context,Applicant context keeps recommendation and timeline guidance aligned with your situation.,Review context,in_app_readiness_surface|dashboard,redis_notification_feed|remote_push|email,profile-readiness:profile-prompt-user-profile-demographics:0d718acf5447f81ecb074643,Profile applicant context exists,,
user_prompt,ready_for_in_app_admin_delivery,62054f9af3f742de36c2f85c,profile-prompt-user-profile-demographics,profile,prompt-user,profile.demographics,warning,/profile?tab=basic,Review applicant context,Applicant context keeps recommendation and timeline guidance aligned with your situation.,Review context,in_app_readiness_surface|dashboard,redis_notification_feed|remote_push|email,profile-readiness:profile-prompt-user-profile-demographics:62054f9af3f742de36c2f85c,Profile applicant context exists,,
user_prompt,ready_for_in_app_admin_delivery,9364ef9c662f3a639f68f056,profile-prompt-user-profile-demographics,profile,prompt-user,profile.demographics,warning,/profile?tab=basic,Review applicant context,Applicant context keeps recommendation and timeline guidance aligned with your situation.,Review context,in_app_readiness_surface|dashboard,redis_notification_feed|remote_push|email,profile-readiness:profile-prompt-user-profile-demographics:9364ef9c662f3a639f68f056,Profile applicant context exists,,
user_prompt,ready_for_in_app_admin_delivery,3a816c9b5433ae0aaf479ba7,profile-prompt-user-profile-demographics,profile,prompt-user,profile.demographics,warning,/profile?tab=basic,Review applicant context,Applicant context keeps recommendation and timeline guidance aligned with your situation.,Review context,in_app_readiness_surface|dashboard,redis_notification_feed|remote_push|email,profile-readiness:profile-prompt-user-profile-demographics:3a816c9b5433ae0aaf479ba7,Profile applicant context exists,,
user_prompt,ready_for_in_app_admin_delivery,3ee3cf435e4f83fb80edeb51,profile-prompt-user-profile-demographics,profile,prompt-user,profile.demographics,warning,/profile?tab=basic,Review applicant context,Applicant context keeps recommendation and timeline guidance aligned with your situation.,Review context,in_app_readiness_surface|dashboard,redis_notification_feed|remote_push|email,profile-readiness:profile-prompt-user-profile-demographics:3ee3cf435e4f83fb80edeb51,Profile applicant context exists,,
user_prompt,ready_for_in_app_admin_delivery,9c31e7076836e7c3e8c3b9e6,profile-prompt-user-profile-demographics,profile,prompt-user,profile.demographics,warning,/profile?tab=basic,Review applicant context,Applicant context keeps recommendation and timeline guidance aligned with your situation.,Review context,in_app_readiness_surface|dashboard,redis_notification_feed|remote_push|email,profile-readiness:profile-prompt-user-profile-demographics:9c31e7076836e7c3e8c3b9e6,Profile applicant context exists,,
user_prompt,ready_for_in_app_admin_delivery,700a98cbdc40e3ae03f7db21,profile-prompt-user-profile-demographics,profile,prompt-user,profile.demographics,warning,/profile?tab=basic,Review applicant context,Applicant context keeps recommendation and timeline guidance aligned with your situation.,Review context,in_app_readiness_surface|dashboard,redis_notification_feed|remote_push|email,profile-readiness:profile-prompt-user-profile-demographics:700a98cbdc40e3ae03f7db21,Profile applicant context exists,,
user_prompt,ready_for_in_app_admin_delivery,350e3e61308a4fecf31d5265,profile-prompt-user-profile-demographics,profile,prompt-user,profile.demographics,warning,/profile?tab=basic,Review applicant context,Applicant context keeps recommendation and timeline guidance aligned with your situation.,Review context,in_app_readiness_surface|dashboard,redis_notification_feed|remote_push|email,profile-readiness:profile-prompt-user-profile-demographics:350e3e61308a4fecf31d5265,Profile applicant context exists,,
user_prompt,ready_for_in_app_admin_delivery,ee8d2acecabae8a094f78e72,profile-prompt-user-profile-demographics,profile,prompt-user,profile.demographics,warning,/profile?tab=basic,Review applicant context,Applicant context keeps recommendation and timeline guidance aligned with your situation.,Review context,in_app_readiness_surface|dashboard,redis_notification_feed|remote_push|email,profile-readiness:profile-prompt-user-profile-demographics:ee8d2acecabae8a094f78e72,Profile applicant context exists,,
user_prompt,ready_for_in_app_admin_delivery,60ae21cdcc0779c5d57fa893,profile-prompt-user-profile-demographics,profile,prompt-user,profile.demographics,warning,/profile?tab=basic,Review applicant context,Applicant context keeps recommendation and timeline guidance aligned with your situation.,Review context,in_app_readiness_surface|dashboard,redis_notification_feed|remote_push|email,profile-readiness:profile-prompt-user-profile-demographics:60ae21cdcc0779c5d57fa893,Profile applicant context exists,,
user_prompt,ready_for_in_app_admin_delivery,bd21a66a08af7179cdf51827,profile-prompt-user-profile-demographics,profile,prompt-user,profile.demographics,warning,/profile?tab=basic,Review applicant context,Applicant context keeps recommendation and timeline guidance aligned with your situation.,Review context,in_app_readiness_surface|dashboard,redis_notification_feed|remote_push|email,profile-readiness:profile-prompt-user-profile-demographics:bd21a66a08af7179cdf51827,Profile applicant context exists,,
user_prompt,ready_for_in_app_admin_delivery,3440fa1395a6c4f2ebb71417,profile-prompt-user-profile-demographics,profile,prompt-user,profile.demographics,warning,/profile?tab=basic,Review applicant context,Applicant context keeps recommendation and timeline guidance aligned with your situation.,Review context,in_app_readiness_surface|dashboard,redis_notification_feed|remote_push|email,profile-readiness:profile-prompt-user-profile-demographics:3440fa1395a6c4f2ebb71417,Profile applicant context exists,,
user_prompt,ready_for_in_app_admin_delivery,97561a4e8ea441527f5b5cba,profile-prompt-user-profile-demographics,profile,prompt-user,profile.demographics,warning,/profile?tab=basic,Review applicant context,Applicant context keeps recommendation and timeline guidance aligned with your situation.,Review context,in_app_readiness_surface|dashboard,redis_notification_feed|remote_push|email,profile-readiness:profile-prompt-user-profile-demographics:97561a4e8ea441527f5b5cba,Profile applicant context exists,,
user_prompt,ready_for_in_app_admin_delivery,1d4ae02072c05da1e61eef12,profile-prompt-user-profile-demographics,profile,prompt-user,profile.demographics,warning,/profile?tab=basic,Review applicant context,Applicant context keeps recommendation and timeline guidance aligned with your situation.,Review context,in_app_readiness_surface|dashboard,redis_notification_feed|remote_push|email,profile-readiness:profile-prompt-user-profile-demographics:1d4ae02072c05da1e61eef12,Profile applicant context exists,,
user_prompt,ready_for_in_app_admin_delivery,d91461370b9bf48cd0077d58,profile-prompt-user-profile-demographics,profile,prompt-user,profile.demographics,warning,/profile?tab=basic,Review applicant context,Applicant context keeps recommendation and timeline guidance aligned with your situation.,Review context,in_app_readiness_surface|dashboard,redis_notification_feed|remote_push|email,profile-readiness:profile-prompt-user-profile-demographics:d91461370b9bf48cd0077d58,Profile applicant context exists,,
user_prompt,ready_for_in_app_admin_delivery,d0b7bcd4eb098c1de95c9244,profile-prompt-user-profile-demographics,profile,prompt-user,profile.demographics,warning,/profile?tab=basic,Review applicant context,Applicant context keeps recommendation and timeline guidance aligned with your situation.,Review context,in_app_readiness_surface|dashboard,redis_notification_feed|remote_push|email,profile-readiness:profile-prompt-user-profile-demographics:d0b7bcd4eb098c1de95c9244,Profile applicant context exists,,
user_prompt,ready_for_in_app_admin_delivery,8af2599c6426aee17e392808,profile-prompt-user-profile-demographics,profile,prompt-user,profile.demographics,warning,/profile?tab=basic,Review applicant context,Applicant context keeps recommendation and timeline guidance aligned with your situation.,Review context,in_app_readiness_surface|dashboard,redis_notification_feed|remote_push|email,profile-readiness:profile-prompt-user-profile-demographics:8af2599c6426aee17e392808,Profile applicant context exists,,
user_prompt,ready_for_in_app_admin_delivery,b16338de18bd3ea9490a922c,profile-prompt-user-profile-demographics,profile,prompt-user,profile.demographics,warning,/profile?tab=basic,Review applicant context,Applicant context keeps recommendation and timeline guidance aligned with your situation.,Review context,in_app_readiness_surface|dashboard,redis_notification_feed|remote_push|email,profile-readiness:profile-prompt-user-profile-demographics:b16338de18bd3ea9490a922c,Profile applicant context exists,,
user_prompt,ready_for_in_app_admin_delivery,2c109a0b6856445f718b6cc4,profile-prompt-user-profile-demographics,profile,prompt-user,profile.demographics,warning,/profile?tab=basic,Review applicant context,Applicant context keeps recommendation and timeline guidance aligned with your situation.,Review context,in_app_readiness_surface|dashboard,redis_notification_feed|remote_push|email,profile-readiness:profile-prompt-user-profile-demographics:2c109a0b6856445f718b6cc4,Profile applicant context exists,,
user_prompt,ready_for_in_app_admin_delivery,58f299953ccf1094f94211d2,profile-prompt-user-profile-demographics,profile,prompt-user,profile.demographics,warning,/profile?tab=basic,Review applicant context,Applicant context keeps recommendation and timeline guidance aligned with your situation.,Review context,in_app_readiness_surface|dashboard,redis_notification_feed|remote_push|email,profile-readiness:profile-prompt-user-profile-demographics:58f299953ccf1094f94211d2,Profile applicant context exists,,
user_prompt,ready_for_in_app_admin_delivery,b08f78a2c250836222a2ed7e,profile-prompt-user-profile-demographics,profile,prompt-user,profile.demographics,warning,/profile?tab=basic,Review applicant context,Applicant context keeps recommendation and timeline guidance aligned with your situation.,Review context,in_app_readiness_surface|dashboard,redis_notification_feed|remote_push|email,profile-readiness:profile-prompt-user-profile-demographics:b08f78a2c250836222a2ed7e,Profile applicant context exists,,
user_prompt,ready_for_in_app_admin_delivery,e35b0c6b5a8af24ddecf15b1,profile-prompt-user-profile-demographics,profile,prompt-user,profile.demographics,warning,/profile?tab=basic,Review applicant context,Applicant context keeps recommendation and timeline guidance aligned with your situation.,Review context,in_app_readiness_surface|dashboard,redis_notification_feed|remote_push|email,profile-readiness:profile-prompt-user-profile-demographics:e35b0c6b5a8af24ddecf15b1,Profile applicant context exists,,
user_prompt,ready_for_in_app_admin_delivery,af8e626ff7ecc5fffec5a83b,profile-prompt-user-profile-demographics,profile,prompt-user,profile.demographics,warning,/profile?tab=basic,Review applicant context,Applicant context keeps recommendation and timeline guidance aligned with your situation.,Review context,in_app_readiness_surface|dashboard,redis_notification_feed|remote_push|email,profile-readiness:profile-prompt-user-profile-demographics:af8e626ff7ecc5fffec5a83b,Profile applicant context exists,,
user_prompt,ready_for_in_app_admin_delivery,5635dbb88bfc845adb3c6c2d,profile-prompt-user-profile-demographics,profile,prompt-user,profile.demographics,warning,/profile?tab=basic,Review applicant context,Applicant context keeps recommendation and timeline guidance aligned with your situation.,Review context,in_app_readiness_surface|dashboard,redis_notification_feed|remote_push|email,profile-readiness:profile-prompt-user-profile-demographics:5635dbb88bfc845adb3c6c2d,Profile applicant context exists,,
user_prompt,ready_for_in_app_admin_delivery,08a357ecc96894482491cba4,profile-prompt-user-profile-demographics,profile,prompt-user,profile.demographics,warning,/profile?tab=basic,Review applicant context,Applicant context keeps recommendation and timeline guidance aligned with your situation.,Review context,in_app_readiness_surface|dashboard,redis_notification_feed|remote_push|email,profile-readiness:profile-prompt-user-profile-demographics:08a357ecc96894482491cba4,Profile applicant context exists,,
user_prompt,ready_for_in_app_admin_delivery,82be1f799b998791e0b4a42f,profile-prompt-user-profile-demographics,profile,prompt-user,profile.demographics,warning,/profile?tab=basic,Review applicant context,Applicant context keeps recommendation and timeline guidance aligned with your situation.,Review context,in_app_readiness_surface|dashboard,redis_notification_feed|remote_push|email,profile-readiness:profile-prompt-user-profile-demographics:82be1f799b998791e0b4a42f,Profile applicant context exists,,
user_prompt,ready_for_in_app_admin_delivery,d44f4c033bff279e6a7ecb7f,profile-prompt-user-profile-demographics,profile,prompt-user,profile.demographics,warning,/profile?tab=basic,Review applicant context,Applicant context keeps recommendation and timeline guidance aligned with your situation.,Review context,in_app_readiness_surface|dashboard,redis_notification_feed|remote_push|email,profile-readiness:profile-prompt-user-profile-demographics:d44f4c033bff279e6a7ecb7f,Profile applicant context exists,,
user_prompt,ready_for_in_app_admin_delivery,1721e7fd604c8c9cba7b29ee,profile-prompt-user-profile-demographics,profile,prompt-user,profile.demographics,warning,/profile?tab=basic,Review applicant context,Applicant context keeps recommendation and timeline guidance aligned with your situation.,Review context,in_app_readiness_surface|dashboard,redis_notification_feed|remote_push|email,profile-readiness:profile-prompt-user-profile-demographics:1721e7fd604c8c9cba7b29ee,Profile applicant context exists,,
user_prompt,ready_for_in_app_admin_delivery,aa77cfaf01d5f471651c731f,profile-prompt-user-profile-demographics,profile,prompt-user,profile.demographics,warning,/profile?tab=basic,Review applicant context,Applicant context keeps recommendation and timeline guidance aligned with your situation.,Review context,in_app_readiness_surface|dashboard,redis_notification_feed|remote_push|email,profile-readiness:profile-prompt-user-profile-demographics:aa77cfaf01d5f471651c731f,Profile applicant context exists,,
user_prompt,ready_for_in_app_admin_delivery,8182fd0a8ea90cbe07f9f5f3,profile-prompt-user-profile-demographics,profile,prompt-user,profile.demographics,warning,/profile?tab=basic,Review applicant context,Applicant context keeps recommendation and timeline guidance aligned with your situation.,Review context,in_app_readiness_surface|dashboard,redis_notification_feed|remote_push|email,profile-readiness:profile-prompt-user-profile-demographics:8182fd0a8ea90cbe07f9f5f3,Profile applicant context exists,,
user_prompt,ready_for_in_app_admin_delivery,8f76e29a0754e9147868ff48,profile-prompt-user-profile-demographics,profile,prompt-user,profile.demographics,warning,/profile?tab=basic,Review applicant context,Applicant context keeps recommendation and timeline guidance aligned with your situation.,Review context,in_app_readiness_surface|dashboard,redis_notification_feed|remote_push|email,profile-readiness:profile-prompt-user-profile-demographics:8f76e29a0754e9147868ff48,Profile applicant context exists,,
user_prompt,ready_for_in_app_admin_delivery,e49853bb7590d4fbc088e2ce,profile-prompt-user-profile-demographics,profile,prompt-user,profile.demographics,warning,/profile?tab=basic,Review applicant context,Applicant context keeps recommendation and timeline guidance aligned with your situation.,Review context,in_app_readiness_surface|dashboard,redis_notification_feed|remote_push|email,profile-readiness:profile-prompt-user-profile-demographics:e49853bb7590d4fbc088e2ce,Profile applicant context exists,,
user_prompt,ready_for_in_app_admin_delivery,ba75887eed7d741502c53c31,profile-prompt-user-profile-demographics,profile,prompt-user,profile.demographics,warning,/profile?tab=basic,Review applicant context,Applicant context keeps recommendation and timeline guidance aligned with your situation.,Review context,in_app_readiness_surface|dashboard,redis_notification_feed|remote_push|email,profile-readiness:profile-prompt-user-profile-demographics:ba75887eed7d741502c53c31,Profile applicant context exists,,
user_prompt,ready_for_in_app_admin_delivery,2f77ce3256c653a98a843922,profile-prompt-user-profile-demographics,profile,prompt-user,profile.demographics,warning,/profile?tab=basic,Review applicant context,Applicant context keeps recommendation and timeline guidance aligned with your situation.,Review context,in_app_readiness_surface|dashboard,redis_notification_feed|remote_push|email,profile-readiness:profile-prompt-user-profile-demographics:2f77ce3256c653a98a843922,Profile applicant context exists,,
user_prompt,ready_for_in_app_admin_delivery,39d82fb302892df916184722,profile-prompt-user-profile-demographics,profile,prompt-user,profile.demographics,warning,/profile?tab=basic,Review applicant context,Applicant context keeps recommendation and timeline guidance aligned with your situation.,Review context,in_app_readiness_surface|dashboard,redis_notification_feed|remote_push|email,profile-readiness:profile-prompt-user-profile-demographics:39d82fb302892df916184722,Profile applicant context exists,,
user_prompt,ready_for_in_app_admin_delivery,73a91be57fb9c7848ca2fc38,profile-prompt-user-profile-demographics,profile,prompt-user,profile.demographics,warning,/profile?tab=basic,Review applicant context,Applicant context keeps recommendation and timeline guidance aligned with your situation.,Review context,in_app_readiness_surface|dashboard,redis_notification_feed|remote_push|email,profile-readiness:profile-prompt-user-profile-demographics:73a91be57fb9c7848ca2fc38,Profile applicant context exists,,
user_prompt,ready_for_in_app_admin_delivery,b7c52e38fa597c4401a45a0d,profile-prompt-user-profile-demographics,profile,prompt-user,profile.demographics,warning,/profile?tab=basic,Review applicant context,Applicant context keeps recommendation and timeline guidance aligned with your situation.,Review context,in_app_readiness_surface|dashboard,redis_notification_feed|remote_push|email,profile-readiness:profile-prompt-user-profile-demographics:b7c52e38fa597c4401a45a0d,Profile applicant context exists,,
user_prompt,ready_for_in_app_admin_delivery,b6211d62f28ea1ac1fbf92f6,profile-prompt-user-profile-demographics,profile,prompt-user,profile.demographics,warning,/profile?tab=basic,Review applicant context,Applicant context keeps recommendation and timeline guidance aligned with your situation.,Review context,in_app_readiness_surface|dashboard,redis_notification_feed|remote_push|email,profile-readiness:profile-prompt-user-profile-demographics:b6211d62f28ea1ac1fbf92f6,Profile applicant context exists,,
user_prompt,ready_for_in_app_admin_delivery,51123683ff47579b1326d7e0,profile-prompt-user-profile-demographics,profile,prompt-user,profile.demographics,warning,/profile?tab=basic,Review applicant context,Applicant context keeps recommendation and timeline guidance aligned with your situation.,Review context,in_app_readiness_surface|dashboard,redis_notification_feed|remote_push|email,profile-readiness:profile-prompt-user-profile-demographics:51123683ff47579b1326d7e0,Profile applicant context exists,,
user_prompt,ready_for_in_app_admin_delivery,d623a290fc0c003872b7e51e,profile-prompt-user-profile-demographics,profile,prompt-user,profile.demographics,warning,/profile?tab=basic,Review applicant context,Applicant context keeps recommendation and timeline guidance aligned with your situation.,Review context,in_app_readiness_surface|dashboard,redis_notification_feed|remote_push|email,profile-readiness:profile-prompt-user-profile-demographics:d623a290fc0c003872b7e51e,Profile applicant context exists,,
user_prompt,ready_for_in_app_admin_delivery,d235bd129f743fb22c4ed3fd,profile-prompt-user-profile-demographics,profile,prompt-user,profile.demographics,warning,/profile?tab=basic,Review applicant context,Applicant context keeps recommendation and timeline guidance aligned with your situation.,Review context,in_app_readiness_surface|dashboard,redis_notification_feed|remote_push|email,profile-readiness:profile-prompt-user-profile-demographics:d235bd129f743fb22c4ed3fd,Profile applicant context exists,,
user_prompt,ready_for_in_app_admin_delivery,2532d98f34e1ac7c1659d8eb,profile-prompt-user-profile-demographics,profile,prompt-user,profile.demographics,warning,/profile?tab=basic,Review applicant context,Applicant context keeps recommendation and timeline guidance aligned with your situation.,Review context,in_app_readiness_surface|dashboard,redis_notification_feed|remote_push|email,profile-readiness:profile-prompt-user-profile-demographics:2532d98f34e1ac7c1659d8eb,Profile applicant context exists,,
user_prompt,ready_for_in_app_admin_delivery,80198917031fa524bd986f16,profile-prompt-user-profile-demographics,profile,prompt-user,profile.demographics,warning,/profile?tab=basic,Review applicant context,Applicant context keeps recommendation and timeline guidance aligned with your situation.,Review context,in_app_readiness_surface|dashboard,redis_notification_feed|remote_push|email,profile-readiness:profile-prompt-user-profile-demographics:80198917031fa524bd986f16,Profile applicant context exists,,
user_prompt,ready_for_in_app_admin_delivery,fb77434774ac9a3e30419226,profile-prompt-user-profile-demographics,profile,prompt-user,profile.demographics,warning,/profile?tab=basic,Review applicant context,Applicant context keeps recommendation and timeline guidance aligned with your situation.,Review context,in_app_readiness_surface|dashboard,redis_notification_feed|remote_push|email,profile-readiness:profile-prompt-user-profile-demographics:fb77434774ac9a3e30419226,Profile applicant context exists,,
user_prompt,ready_for_in_app_admin_delivery,f9fd9b821f5302c444105093,profile-prompt-user-profile-demographics,profile,prompt-user,profile.demographics,warning,/profile?tab=basic,Review applicant context,Applicant context keeps recommendation and timeline guidance aligned with your situation.,Review context,in_app_readiness_surface|dashboard,redis_notification_feed|remote_push|email,profile-readiness:profile-prompt-user-profile-demographics:f9fd9b821f5302c444105093,Profile applicant context exists,,
user_prompt,ready_for_in_app_admin_delivery,8ee4a43e09bd1fb564a3d07c,profile-prompt-user-profile-demographics,profile,prompt-user,profile.demographics,warning,/profile?tab=basic,Review applicant context,Applicant context keeps recommendation and timeline guidance aligned with your situation.,Review context,in_app_readiness_surface|dashboard,redis_notification_feed|remote_push|email,profile-readiness:profile-prompt-user-profile-demographics:8ee4a43e09bd1fb564a3d07c,Profile applicant context exists,,
user_prompt,ready_for_in_app_admin_delivery,1205c6fffa0d08b1c24f8aba,profile-prompt-user-profile-demographics,profile,prompt-user,profile.demographics,warning,/profile?tab=basic,Review applicant context,Applicant context keeps recommendation and timeline guidance aligned with your situation.,Review context,in_app_readiness_surface|dashboard,redis_notification_feed|remote_push|email,profile-readiness:profile-prompt-user-profile-demographics:1205c6fffa0d08b1c24f8aba,Profile applicant context exists,,
user_prompt,ready_for_in_app_admin_delivery,83e1e60cee3420e8a087ec65,profile-prompt-user-profile-demographics,profile,prompt-user,profile.demographics,warning,/profile?tab=basic,Review applicant context,Applicant context keeps recommendation and timeline guidance aligned with your situation.,Review context,in_app_readiness_surface|dashboard,redis_notification_feed|remote_push|email,profile-readiness:profile-prompt-user-profile-demographics:83e1e60cee3420e8a087ec65,Profile applicant context exists,,
user_prompt,ready_for_in_app_admin_delivery,4128eb49c7d66593fc377cf2,profile-prompt-user-profile-demographics,profile,prompt-user,profile.demographics,warning,/profile?tab=basic,Review applicant context,Applicant context keeps recommendation and timeline guidance aligned with your situation.,Review context,in_app_readiness_surface|dashboard,redis_notification_feed|remote_push|email,profile-readiness:profile-prompt-user-profile-demographics:4128eb49c7d66593fc377cf2,Profile applicant context exists,,
user_prompt,ready_for_in_app_admin_delivery,66bd62747c0c3780d93d5ac0,profile-prompt-user-profile-demographics,profile,prompt-user,profile.demographics,warning,/profile?tab=basic,Review applicant context,Applicant context keeps recommendation and timeline guidance aligned with your situation.,Review context,in_app_readiness_surface|dashboard,redis_notification_feed|remote_push|email,profile-readiness:profile-prompt-user-profile-demographics:66bd62747c0c3780d93d5ac0,Profile applicant context exists,,
user_prompt,ready_for_in_app_admin_delivery,387d5008ef0d61abbf0981c3,profile-prompt-user-profile-demographics,profile,prompt-user,profile.demographics,warning,/profile?tab=basic,Review applicant context,Applicant context keeps recommendation and timeline guidance aligned with your situation.,Review context,in_app_readiness_surface|dashboard,redis_notification_feed|remote_push|email,profile-readiness:profile-prompt-user-profile-demographics:387d5008ef0d61abbf0981c3,Profile applicant context exists,,
user_prompt,ready_for_in_app_admin_delivery,6e88e7843d84c8e4ac30d418,profile-prompt-user-profile-demographics,profile,prompt-user,profile.demographics,warning,/profile?tab=basic,Review applicant context,Applicant context keeps recommendation and timeline guidance aligned with your situation.,Review context,in_app_readiness_surface|dashboard,redis_notification_feed|remote_push|email,profile-readiness:profile-prompt-user-profile-demographics:6e88e7843d84c8e4ac30d418,Profile applicant context exists,,
user_prompt,ready_for_in_app_admin_delivery,85fc8cd917b074b9f364b19f,profile-prompt-user-profile-demographics,profile,prompt-user,profile.demographics,warning,/profile?tab=basic,Review applicant context,Applicant context keeps recommendation and timeline guidance aligned with your situation.,Review context,in_app_readiness_surface|dashboard,redis_notification_feed|remote_push|email,profile-readiness:profile-prompt-user-profile-demographics:85fc8cd917b074b9f364b19f,Profile applicant context exists,,
user_prompt,ready_for_in_app_admin_delivery,393497c7e1766899efccdd67,profile-prompt-user-profile-demographics,profile,prompt-user,profile.demographics,warning,/profile?tab=basic,Review applicant context,Applicant context keeps recommendation and timeline guidance aligned with your situation.,Review context,in_app_readiness_surface|dashboard,redis_notification_feed|remote_push|email,profile-readiness:profile-prompt-user-profile-demographics:393497c7e1766899efccdd67,Profile applicant context exists,,
user_prompt,ready_for_in_app_admin_delivery,c11c121accb370e23f27204f,profile-prompt-user-profile-demographics,profile,prompt-user,profile.demographics,warning,/profile?tab=basic,Review applicant context,Applicant context keeps recommendation and timeline guidance aligned with your situation.,Review context,in_app_readiness_surface|dashboard,redis_notification_feed|remote_push|email,profile-readiness:profile-prompt-user-profile-demographics:c11c121accb370e23f27204f,Profile applicant context exists,,
user_prompt,ready_for_in_app_admin_delivery,ec8c5627fc8e7cd6f4f3ab56,profile-prompt-user-profile-demographics,profile,prompt-user,profile.demographics,warning,/profile?tab=basic,Review applicant context,Applicant context keeps recommendation and timeline guidance aligned with your situation.,Review context,in_app_readiness_surface|dashboard,redis_notification_feed|remote_push|email,profile-readiness:profile-prompt-user-profile-demographics:ec8c5627fc8e7cd6f4f3ab56,Profile applicant context exists,,
user_prompt,ready_for_in_app_admin_delivery,a73c0bac52799c6f0c20c326,profile-prompt-user-profile-demographics,profile,prompt-user,profile.demographics,warning,/profile?tab=basic,Review applicant context,Applicant context keeps recommendation and timeline guidance aligned with your situation.,Review context,in_app_readiness_surface|dashboard,redis_notification_feed|remote_push|email,profile-readiness:profile-prompt-user-profile-demographics:a73c0bac52799c6f0c20c326,Profile applicant context exists,,
user_prompt,ready_for_in_app_admin_delivery,1f1d01ebd6e4a634f6d00521,profile-prompt-user-profile-demographics,profile,prompt-user,profile.demographics,warning,/profile?tab=basic,Review applicant context,Applicant context keeps recommendation and timeline guidance aligned with your situation.,Review context,in_app_readiness_surface|dashboard,redis_notification_feed|remote_push|email,profile-readiness:profile-prompt-user-profile-demographics:1f1d01ebd6e4a634f6d00521,Profile applicant context exists,,
user_prompt,ready_for_in_app_admin_delivery,8111a447630837276fb2d02b,profile-prompt-user-profile-demographics,profile,prompt-user,profile.demographics,warning,/profile?tab=basic,Review applicant context,Applicant context keeps recommendation and timeline guidance aligned with your situation.,Review context,in_app_readiness_surface|dashboard,redis_notification_feed|remote_push|email,profile-readiness:profile-prompt-user-profile-demographics:8111a447630837276fb2d02b,Profile applicant context exists,,
user_prompt,ready_for_in_app_admin_delivery,454b3bdd97d513ee08d1fcb6,profile-prompt-user-profile-demographics,profile,prompt-user,profile.demographics,warning,/profile?tab=basic,Review applicant context,Applicant context keeps recommendation and timeline guidance aligned with your situation.,Review context,in_app_readiness_surface|dashboard,redis_notification_feed|remote_push|email,profile-readiness:profile-prompt-user-profile-demographics:454b3bdd97d513ee08d1fcb6,Profile applicant context exists,,
user_prompt,ready_for_in_app_admin_delivery,77e8a3e7b4bb269d25a88720,profile-prompt-user-profile-demographics,profile,prompt-user,profile.demographics,warning,/profile?tab=basic,Review applicant context,Applicant context keeps recommendation and timeline guidance aligned with your situation.,Review context,in_app_readiness_surface|dashboard,redis_notification_feed|remote_push|email,profile-readiness:profile-prompt-user-profile-demographics:77e8a3e7b4bb269d25a88720,Profile applicant context exists,,
user_prompt,ready_for_in_app_admin_delivery,1c49dedeea2144e69f2ddfab,profile-prompt-user-profile-demographics,profile,prompt-user,profile.demographics,warning,/profile?tab=basic,Review applicant context,Applicant context keeps recommendation and timeline guidance aligned with your situation.,Review context,in_app_readiness_surface|dashboard,redis_notification_feed|remote_push|email,profile-readiness:profile-prompt-user-profile-demographics:1c49dedeea2144e69f2ddfab,Profile applicant context exists,,
user_prompt,ready_for_in_app_admin_delivery,c6b85ceae0c6557b8e364c94,profile-prompt-user-profile-demographics,profile,prompt-user,profile.demographics,warning,/profile?tab=basic,Review applicant context,Applicant context keeps recommendation and timeline guidance aligned with your situation.,Review context,in_app_readiness_surface|dashboard,redis_notification_feed|remote_push|email,profile-readiness:profile-prompt-user-profile-demographics:c6b85ceae0c6557b8e364c94,Profile applicant context exists,,
user_prompt,ready_for_in_app_admin_delivery,7bc9b1e5926864015639324c,profile-prompt-user-profile-demographics,profile,prompt-user,profile.demographics,warning,/profile?tab=basic,Review applicant context,Applicant context keeps recommendation and timeline guidance aligned with your situation.,Review context,in_app_readiness_surface|dashboard,redis_notification_feed|remote_push|email,profile-readiness:profile-prompt-user-profile-demographics:7bc9b1e5926864015639324c,Profile applicant context exists,,
user_prompt,ready_for_in_app_admin_delivery,76d3e4bd31e04f8df55b5063,profile-prompt-user-profile-demographics,profile,prompt-user,profile.demographics,warning,/profile?tab=basic,Review applicant context,Applicant context keeps recommendation and timeline guidance aligned with your situation.,Review context,in_app_readiness_surface|dashboard,redis_notification_feed|remote_push|email,profile-readiness:profile-prompt-user-profile-demographics:76d3e4bd31e04f8df55b5063,Profile applicant context exists,,
user_prompt,ready_for_in_app_admin_delivery,123500041b4c756624fcfbc1,profile-prompt-user-profile-demographics,profile,prompt-user,profile.demographics,warning,/profile?tab=basic,Review applicant context,Applicant context keeps recommendation and timeline guidance aligned with your situation.,Review context,in_app_readiness_surface|dashboard,redis_notification_feed|remote_push|email,profile-readiness:profile-prompt-user-profile-demographics:123500041b4c756624fcfbc1,Profile applicant context exists,,
user_prompt,ready_for_in_app_admin_delivery,9e700876055ebe00ce432591,profile-prompt-user-profile-demographics,profile,prompt-user,profile.demographics,warning,/profile?tab=basic,Review applicant context,Applicant context keeps recommendation and timeline guidance aligned with your situation.,Review context,in_app_readiness_surface|dashboard,redis_notification_feed|remote_push|email,profile-readiness:profile-prompt-user-profile-demographics:9e700876055ebe00ce432591,Profile applicant context exists,,
user_prompt,ready_for_in_app_admin_delivery,b86b9ff73c5aa218b53fcc07,profile-prompt-user-profile-demographics,profile,prompt-user,profile.demographics,warning,/profile?tab=basic,Review applicant context,Applicant context keeps recommendation and timeline guidance aligned with your situation.,Review context,in_app_readiness_surface|dashboard,redis_notification_feed|remote_push|email,profile-readiness:profile-prompt-user-profile-demographics:b86b9ff73c5aa218b53fcc07,Profile applicant context exists,,
user_prompt,ready_for_in_app_admin_delivery,26a7b1448bcf5fd36c35a363,profile-prompt-user-profile-demographics,profile,prompt-user,profile.demographics,warning,/profile?tab=basic,Review applicant context,Applicant context keeps recommendation and timeline guidance aligned with your situation.,Review context,in_app_readiness_surface|dashboard,redis_notification_feed|remote_push|email,profile-readiness:profile-prompt-user-profile-demographics:26a7b1448bcf5fd36c35a363,Profile applicant context exists,,
user_prompt,ready_for_in_app_admin_delivery,2f357aae310ceb62c29b274c,profile-prompt-user-profile-demographics,profile,prompt-user,profile.demographics,warning,/profile?tab=basic,Review applicant context,Applicant context keeps recommendation and timeline guidance aligned with your situation.,Review context,in_app_readiness_surface|dashboard,redis_notification_feed|remote_push|email,profile-readiness:profile-prompt-user-profile-demographics:2f357aae310ceb62c29b274c,Profile applicant context exists,,
user_prompt,ready_for_in_app_admin_delivery,96d4cd2fcd14de7772f5fd50,profile-prompt-user-profile-demographics,profile,prompt-user,profile.demographics,warning,/profile?tab=basic,Review applicant context,Applicant context keeps recommendation and timeline guidance aligned with your situation.,Review context,in_app_readiness_surface|dashboard,redis_notification_feed|remote_push|email,profile-readiness:profile-prompt-user-profile-demographics:96d4cd2fcd14de7772f5fd50,Profile applicant context exists,,
user_prompt,ready_for_in_app_admin_delivery,d0a7465d43215d5f058e070e,profile-prompt-user-profile-demographics,profile,prompt-user,profile.demographics,warning,/profile?tab=basic,Review applicant context,Applicant context keeps recommendation and timeline guidance aligned with your situation.,Review context,in_app_readiness_surface|dashboard,redis_notification_feed|remote_push|email,profile-readiness:profile-prompt-user-profile-demographics:d0a7465d43215d5f058e070e,Profile applicant context exists,,
user_prompt,ready_for_in_app_admin_delivery,ca95dbae28c38d90f4bd075a,profile-prompt-user-profile-demographics,profile,prompt-user,profile.demographics,warning,/profile?tab=basic,Review applicant context,Applicant context keeps recommendation and timeline guidance aligned with your situation.,Review context,in_app_readiness_surface|dashboard,redis_notification_feed|remote_push|email,profile-readiness:profile-prompt-user-profile-demographics:ca95dbae28c38d90f4bd075a,Profile applicant context exists,,
user_prompt,ready_for_in_app_admin_delivery,be2cd5ddfe575143c741e775,profile-prompt-user-profile-demographics,profile,prompt-user,profile.demographics,warning,/profile?tab=basic,Review applicant context,Applicant context keeps recommendation and timeline guidance aligned with your situation.,Review context,in_app_readiness_surface|dashboard,redis_notification_feed|remote_push|email,profile-readiness:profile-prompt-user-profile-demographics:be2cd5ddfe575143c741e775,Profile applicant context exists,,
user_prompt,ready_for_in_app_admin_delivery,c22d82639c55efb340bc9a56,profile-prompt-user-profile-demographics,profile,prompt-user,profile.demographics,warning,/profile?tab=basic,Review applicant context,Applicant context keeps recommendation and timeline guidance aligned with your situation.,Review context,in_app_readiness_surface|dashboard,redis_notification_feed|remote_push|email,profile-readiness:profile-prompt-user-profile-demographics:c22d82639c55efb340bc9a56,Profile applicant context exists,,
user_prompt,ready_for_in_app_admin_delivery,8e287120445279d6e9b4ec2b,profile-prompt-user-profile-demographics,profile,prompt-user,profile.demographics,warning,/profile?tab=basic,Review applicant context,Applicant context keeps recommendation and timeline guidance aligned with your situation.,Review context,in_app_readiness_surface|dashboard,redis_notification_feed|remote_push|email,profile-readiness:profile-prompt-user-profile-demographics:8e287120445279d6e9b4ec2b,Profile applicant context exists,,
user_prompt,ready_for_in_app_admin_delivery,30430c0713c690c36433a6e5,profile-prompt-user-profile-demographics,profile,prompt-user,profile.demographics,warning,/profile?tab=basic,Review applicant context,Applicant context keeps recommendation and timeline guidance aligned with your situation.,Review context,in_app_readiness_surface|dashboard,redis_notification_feed|remote_push|email,profile-readiness:profile-prompt-user-profile-demographics:30430c0713c690c36433a6e5,Profile applicant context exists,,
user_prompt,ready_for_in_app_admin_delivery,9353bab0b66f9c8f5bbbb3e9,profile-prompt-user-profile-demographics,profile,prompt-user,profile.demographics,warning,/profile?tab=basic,Review applicant context,Applicant context keeps recommendation and timeline guidance aligned with your situation.,Review context,in_app_readiness_surface|dashboard,redis_notification_feed|remote_push|email,profile-readiness:profile-prompt-user-profile-demographics:9353bab0b66f9c8f5bbbb3e9,Profile applicant context exists,,
user_prompt,ready_for_in_app_admin_delivery,ea2aad244e6c5b7a6ddcdc6d,profile-prompt-user-profile-demographics,profile,prompt-user,profile.demographics,warning,/profile?tab=basic,Review applicant context,Applicant context keeps recommendation and timeline guidance aligned with your situation.,Review context,in_app_readiness_surface|dashboard,redis_notification_feed|remote_push|email,profile-readiness:profile-prompt-user-profile-demographics:ea2aad244e6c5b7a6ddcdc6d,Profile applicant context exists,,
user_prompt,ready_for_in_app_admin_delivery,ab23e0dca524148e33dc1dc3,profile-prompt-user-profile-demographics,profile,prompt-user,profile.demographics,warning,/profile?tab=basic,Review applicant context,Applicant context keeps recommendation and timeline guidance aligned with your situation.,Review context,in_app_readiness_surface|dashboard,redis_notification_feed|remote_push|email,profile-readiness:profile-prompt-user-profile-demographics:ab23e0dca524148e33dc1dc3,Profile applicant context exists,,
user_prompt,ready_for_in_app_admin_delivery,147f40a0a1b1d151c407167a,profile-prompt-user-profile-demographics,profile,prompt-user,profile.demographics,warning,/profile?tab=basic,Review applicant context,Applicant context keeps recommendation and timeline guidance aligned with your situation.,Review context,in_app_readiness_surface|dashboard,redis_notification_feed|remote_push|email,profile-readiness:profile-prompt-user-profile-demographics:147f40a0a1b1d151c407167a,Profile applicant context exists,,
user_prompt,ready_for_in_app_admin_delivery,302d0b094ff202e23f186d36,profile-prompt-user-profile-demographics,profile,prompt-user,profile.demographics,warning,/profile?tab=basic,Review applicant context,Applicant context keeps recommendation and timeline guidance aligned with your situation.,Review context,in_app_readiness_surface|dashboard,redis_notification_feed|remote_push|email,profile-readiness:profile-prompt-user-profile-demographics:302d0b094ff202e23f186d36,Profile applicant context exists,,
user_prompt,ready_for_in_app_admin_delivery,5fea30f24d9048bc811be8c1,profile-prompt-user-profile-demographics,profile,prompt-user,profile.demographics,warning,/profile?tab=basic,Review applicant context,Applicant context keeps recommendation and timeline guidance aligned with your situation.,Review context,in_app_readiness_surface|dashboard,redis_notification_feed|remote_push|email,profile-readiness:profile-prompt-user-profile-demographics:5fea30f24d9048bc811be8c1,Profile applicant context exists,,
user_prompt,ready_for_in_app_admin_delivery,a8b0b42078a4419cbc216238,profile-prompt-user-profile-demographics,profile,prompt-user,profile.demographics,warning,/profile?tab=basic,Review applicant context,Applicant context keeps recommendation and timeline guidance aligned with your situation.,Review context,in_app_readiness_surface|dashboard,redis_notification_feed|remote_push|email,profile-readiness:profile-prompt-user-profile-demographics:a8b0b42078a4419cbc216238,Profile applicant context exists,,
user_prompt,ready_for_in_app_admin_delivery,8a3d4c7790976e73724c9f5f,profile-prompt-user-profile-demographics,profile,prompt-user,profile.demographics,warning,/profile?tab=basic,Review applicant context,Applicant context keeps recommendation and timeline guidance aligned with your situation.,Review context,in_app_readiness_surface|dashboard,redis_notification_feed|remote_push|email,profile-readiness:profile-prompt-user-profile-demographics:8a3d4c7790976e73724c9f5f,Profile applicant context exists,,
user_prompt,ready_for_in_app_admin_delivery,eed7dc5c15f1752dc5039930,profile-prompt-user-profile-demographics,profile,prompt-user,profile.demographics,warning,/profile?tab=basic,Review applicant context,Applicant context keeps recommendation and timeline guidance aligned with your situation.,Review context,in_app_readiness_surface|dashboard,redis_notification_feed|remote_push|email,profile-readiness:profile-prompt-user-profile-demographics:eed7dc5c15f1752dc5039930,Profile applicant context exists,,
user_prompt,ready_for_in_app_admin_delivery,2bcb764b588cb54483f66c69,profile-prompt-user-profile-demographics,profile,prompt-user,profile.demographics,warning,/profile?tab=basic,Review applicant context,Applicant context keeps recommendation and timeline guidance aligned with your situation.,Review context,in_app_readiness_surface|dashboard,redis_notification_feed|remote_push|email,profile-readiness:profile-prompt-user-profile-demographics:2bcb764b588cb54483f66c69,Profile applicant context exists,,
user_prompt,ready_for_in_app_admin_delivery,0acc818e9f51ef1b0b8ffb0e,profile-prompt-user-profile-demographics,profile,prompt-user,profile.demographics,warning,/profile?tab=basic,Review applicant context,Applicant context keeps recommendation and timeline guidance aligned with your situation.,Review context,in_app_readiness_surface|dashboard,redis_notification_feed|remote_push|email,profile-readiness:profile-prompt-user-profile-demographics:0acc818e9f51ef1b0b8ffb0e,Profile applicant context exists,,
user_prompt,ready_for_in_app_admin_delivery,8da46db52724f8d1d3746feb,profile-prompt-user-profile-demographics,profile,prompt-user,profile.demographics,warning,/profile?tab=basic,Review applicant context,Applicant context keeps recommendation and timeline guidance aligned with your situation.,Review context,in_app_readiness_surface|dashboard,redis_notification_feed|remote_push|email,profile-readiness:profile-prompt-user-profile-demographics:8da46db52724f8d1d3746feb,Profile applicant context exists,,
user_prompt,ready_for_in_app_admin_delivery,e18bea3d5f053111d4dcb5c1,profile-prompt-user-profile-demographics,profile,prompt-user,profile.demographics,warning,/profile?tab=basic,Review applicant context,Applicant context keeps recommendation and timeline guidance aligned with your situation.,Review context,in_app_readiness_surface|dashboard,redis_notification_feed|remote_push|email,profile-readiness:profile-prompt-user-profile-demographics:e18bea3d5f053111d4dcb5c1,Profile applicant context exists,,
user_prompt,ready_for_in_app_admin_delivery,6a3e9991e41506fb51596fc5,profile-prompt-user-profile-demographics,profile,prompt-user,profile.demographics,warning,/profile?tab=basic,Review applicant context,Applicant context keeps recommendation and timeline guidance aligned with your situation.,Review context,in_app_readiness_surface|dashboard,redis_notification_feed|remote_push|email,profile-readiness:profile-prompt-user-profile-demographics:6a3e9991e41506fb51596fc5,Profile applicant context exists,,
user_prompt,ready_for_in_app_admin_delivery,2864a3748d885dc103de4819,profile-prompt-user-profile-demographics,profile,prompt-user,profile.demographics,warning,/profile?tab=basic,Review applicant context,Applicant context keeps recommendation and timeline guidance aligned with your situation.,Review context,in_app_readiness_surface|dashboard,redis_notification_feed|remote_push|email,profile-readiness:profile-prompt-user-profile-demographics:2864a3748d885dc103de4819,Profile applicant context exists,,
user_prompt,ready_for_in_app_admin_delivery,3e9d46eb289214be984cfcb3,profile-prompt-user-profile-demographics,profile,prompt-user,profile.demographics,warning,/profile?tab=basic,Review applicant context,Applicant context keeps recommendation and timeline guidance aligned with your situation.,Review context,in_app_readiness_surface|dashboard,redis_notification_feed|remote_push|email,profile-readiness:profile-prompt-user-profile-demographics:3e9d46eb289214be984cfcb3,Profile applicant context exists,,
user_prompt,ready_for_in_app_admin_delivery,26ebb0fdca5f016b883f9463,profile-prompt-user-profile-demographics,profile,prompt-user,profile.demographics,warning,/profile?tab=basic,Review applicant context,Applicant context keeps recommendation and timeline guidance aligned with your situation.,Review context,in_app_readiness_surface|dashboard,redis_notification_feed|remote_push|email,profile-readiness:profile-prompt-user-profile-demographics:26ebb0fdca5f016b883f9463,Profile applicant context exists,,
user_prompt,ready_for_in_app_admin_delivery,bcbbfbdd0ed7212eac0f9acb,school-list-balance-school-list-school-list-balance,school_list,balance-school-list,school_list.balance,warning,/schools,Balance your school list,"A balanced list helps reduce strategy risk across reach, target, and safety schools.",Balance list,in_app_readiness_surface|dashboard,redis_notification_feed|remote_push|email,profile-readiness:school-list-balance-school-list-school-list-balance:bcbbfbdd0ed7212eac0f9acb,Reach/target/safety mix is balanced,,
user_prompt,ready_for_in_app_admin_delivery,9e2e8a7efd09e33207efd57e,school-list-balance-school-list-school-list-balance,school_list,balance-school-list,school_list.balance,warning,/schools,Balance your school list,"A balanced list helps reduce strategy risk across reach, target, and safety schools.",Balance list,in_app_readiness_surface|dashboard,redis_notification_feed|remote_push|email,profile-readiness:school-list-balance-school-list-school-list-balance:9e2e8a7efd09e33207efd57e,Reach/target/safety mix is balanced,,
user_prompt,ready_for_in_app_admin_delivery,bd21a66a08af7179cdf51827,school-list-balance-school-list-school-list-min-count,school_list,balance-school-list,school_list.min_count,warning,/schools,Expand your school list,"A broader list makes reach, target, and safety planning more useful.",Review schools,in_app_readiness_surface|dashboard,redis_notification_feed|remote_push|email,profile-readiness:school-list-balance-school-list-school-list-min-count:bd21a66a08af7179cdf51827,SchoolListItem count >= readiness threshold,,
user_prompt,ready_for_in_app_admin_delivery,3440fa1395a6c4f2ebb71417,school-list-balance-school-list-school-list-min-count,school_list,balance-school-list,school_list.min_count,warning,/schools,Expand your school list,"A broader list makes reach, target, and safety planning more useful.",Review schools,in_app_readiness_surface|dashboard,redis_notification_feed|remote_push|email,profile-readiness:school-list-balance-school-list-school-list-min-count:3440fa1395a6c4f2ebb71417,SchoolListItem count >= readiness threshold,,
user_prompt,ready_for_in_app_admin_delivery,d91461370b9bf48cd0077d58,school-list-balance-school-list-school-list-min-count,school_list,balance-school-list,school_list.min_count,warning,/schools,Expand your school list,"A broader list makes reach, target, and safety planning more useful.",Review schools,in_app_readiness_surface|dashboard,redis_notification_feed|remote_push|email,profile-readiness:school-list-balance-school-list-school-list-min-count:d91461370b9bf48cd0077d58,SchoolListItem count >= readiness threshold,,
user_prompt,ready_for_in_app_admin_delivery,9e2e8a7efd09e33207efd57e,school-list-balance-school-list-school-list-min-count,school_list,balance-school-list,school_list.min_count,warning,/schools,Expand your school list,"A broader list makes reach, target, and safety planning more useful.",Review schools,in_app_readiness_surface|dashboard,redis_notification_feed|remote_push|email,profile-readiness:school-list-balance-school-list-school-list-min-count:9e2e8a7efd09e33207efd57e,SchoolListItem count >= readiness threshold,,
system_generation,ready_for_system_generation,12d90bcc183001cc67077b5c,timeline-generate-timeline-timeline-missing-school-round,timeline,generate-timeline,timeline.missing_school_round,warning,/timeline,Set application rounds,Application rounds let the platform generate the right deadline tasks for each school.,Update timeline,admin_queue,redis_notification_feed|remote_push|email,,ApplicationTimeline has generated tasks for each selected school round,cmn1htkn80003vqf29zl0f9lr,Stanford University
system_generation,ready_for_system_generation,12d90bcc183001cc67077b5c,timeline-generate-timeline-timeline-missing-school-round,timeline,generate-timeline,timeline.missing_school_round,warning,/timeline,Set application rounds,Application rounds let the platform generate the right deadline tasks for each school.,Update timeline,admin_queue,redis_notification_feed|remote_push|email,,ApplicationTimeline has generated tasks for each selected school round,cmn1htkoa000kvqf2oqm36hw5,"University of Michigan, Ann Arbor"
user_prompt,ready_for_in_app_admin_delivery,12d90bcc183001cc67077b5c,timeline-set-application-round-timeline-missing-school-round,timeline,set-application-round,timeline.missing_school_round,warning,/timeline,Set application rounds,Application rounds let the platform generate the right deadline tasks for each school.,Update timeline,in_app_readiness_surface|dashboard,redis_notification_feed|remote_push|email,profile-readiness:timeline-set-application-round-timeline-missing-school-round:12d90bcc183001cc67077b5c,ApplicationTimeline has generated tasks for each selected school round,cmn1htkpe0010vqf2xzzjz779,University of Illinois Urbana-Champaign
system_generation,ready_for_system_generation,12d90bcc183001cc67077b5c,timeline-generate-timeline-timeline-missing-school-round,timeline,generate-timeline,timeline.missing_school_round,warning,/timeline,Set application rounds,Application rounds let the platform generate the right deadline tasks for each school.,Update timeline,admin_queue,redis_notification_feed|remote_push|email,,ApplicationTimeline has generated tasks for each selected school round,cmn1htkq30018vqf2xt2csyoe,Purdue University
system_generation,ready_for_system_generation,bd21a66a08af7179cdf51827,timeline-generate-timeline-timeline-missing-school-round,timeline,generate-timeline,timeline.missing_school_round,warning,/timeline,Set application rounds,Application rounds let the platform generate the right deadline tasks for each school.,Update timeline,admin_queue,redis_notification_feed|remote_push|email,,ApplicationTimeline has generated tasks for each selected school round,cmn1htknm000avqf2g8h3sbdp,Northwestern University
system_generation,ready_for_system_generation,bd21a66a08af7179cdf51827,timeline-generate-timeline-timeline-missing-school-round,timeline,generate-timeline,timeline.missing_school_round,warning,/timeline,Set application rounds,Application rounds let the platform generate the right deadline tasks for each school.,Update timeline,admin_queue,redis_notification_feed|remote_push|email,,ApplicationTimeline has generated tasks for each selected school round,cmn1htkng0007vqf224oeyvgq,Duke University
system_generation,ready_for_system_generation,bd21a66a08af7179cdf51827,timeline-generate-timeline-timeline-missing-school-round,timeline,generate-timeline,timeline.missing_school_round,warning,/timeline,Set application rounds,Application rounds let the platform generate the right deadline tasks for each school.,Update timeline,admin_queue,redis_notification_feed|remote_push|email,,ApplicationTimeline has generated tasks for each selected school round,cmn1htko0000gvqf2pmjc1xi9,Rice University
system_generation,ready_for_system_generation,bd21a66a08af7179cdf51827,timeline-generate-timeline-timeline-missing-school-round,timeline,generate-timeline,timeline.missing_school_round,warning,/timeline,Set application rounds,Application rounds let the platform generate the right deadline tasks for each school.,Update timeline,admin_queue,redis_notification_feed|remote_push|email,,ApplicationTimeline has generated tasks for each selected school round,cmn1htkoj000ovqf226pta7or,Emory University
system_generation,ready_for_system_generation,3440fa1395a6c4f2ebb71417,timeline-generate-timeline-timeline-missing-school-round,timeline,generate-timeline,timeline.missing_school_round,warning,/timeline,Set application rounds,Application rounds let the platform generate the right deadline tasks for each school.,Update timeline,admin_queue,redis_notification_feed|remote_push|email,,ApplicationTimeline has generated tasks for each selected school round,cmn1htknl0009vqf255v6mh7y,Johns Hopkins University
system_generation,ready_for_system_generation,3440fa1395a6c4f2ebb71417,timeline-generate-timeline-timeline-missing-school-round,timeline,generate-timeline,timeline.missing_school_round,warning,/timeline,Set application rounds,Application rounds let the platform generate the right deadline tasks for each school.,Update timeline,admin_queue,redis_notification_feed|remote_push|email,,ApplicationTimeline has generated tasks for each selected school round,cmn1htko0000gvqf2pmjc1xi9,Rice University
system_generation,ready_for_system_generation,3440fa1395a6c4f2ebb71417,timeline-generate-timeline-timeline-missing-school-round,timeline,generate-timeline,timeline.missing_school_round,warning,/timeline,Set application rounds,Application rounds let the platform generate the right deadline tasks for each school.,Update timeline,admin_queue,redis_notification_feed|remote_push|email,,ApplicationTimeline has generated tasks for each selected school round,cmn1htkoj000ovqf226pta7or,Emory University
system_generation,ready_for_system_generation,3440fa1395a6c4f2ebb71417,timeline-generate-timeline-timeline-missing-school-round,timeline,generate-timeline,timeline.missing_school_round,warning,/timeline,Set application rounds,Application rounds let the platform generate the right deadline tasks for each school.,Update timeline,admin_queue,redis_notification_feed|remote_push|email,,ApplicationTimeline has generated tasks for each selected school round,cmn1htkpw0016vqf20t0lflxm,Boston University
system_generation,ready_for_system_generation,d91461370b9bf48cd0077d58,timeline-generate-timeline-timeline-missing-school-round,timeline,generate-timeline,timeline.missing_school_round,warning,/timeline,Set application rounds,Application rounds let the platform generate the right deadline tasks for each school.,Update timeline,admin_queue,redis_notification_feed|remote_push|email,,ApplicationTimeline has generated tasks for each selected school round,cmn1htknv000evqf29yjvrstt,"University of California, Berkeley"
system_generation,ready_for_system_generation,d91461370b9bf48cd0077d58,timeline-generate-timeline-timeline-missing-school-round,timeline,generate-timeline,timeline.missing_school_round,warning,/timeline,Set application rounds,Application rounds let the platform generate the right deadline tasks for each school.,Update timeline,admin_queue,redis_notification_feed|remote_push|email,,ApplicationTimeline has generated tasks for each selected school round,cmn1htkny000fvqf2jlmz8ej1,"University of California, Los Angeles"
system_generation,ready_for_system_generation,d91461370b9bf48cd0077d58,timeline-generate-timeline-timeline-missing-school-round,timeline,generate-timeline,timeline.missing_school_round,warning,/timeline,Set application rounds,Application rounds let the platform generate the right deadline tasks for each school.,Update timeline,admin_queue,redis_notification_feed|remote_push|email,,ApplicationTimeline has generated tasks for each selected school round,cmn1htkou000svqf2356l4yfj,"University of California, San Diego"
system_generation,ready_for_system_generation,d91461370b9bf48cd0077d58,timeline-generate-timeline-timeline-missing-school-round,timeline,generate-timeline,timeline.missing_school_round,warning,/timeline,Set application rounds,Application rounds let the platform generate the right deadline tasks for each school.,Update timeline,admin_queue,redis_notification_feed|remote_push|email,,ApplicationTimeline has generated tasks for each selected school round,cmn1htkor000rvqf282ibd6kz,"University of California, Davis"
system_generation,ready_for_system_generation,d91461370b9bf48cd0077d58,timeline-generate-timeline-timeline-missing-school-round,timeline,generate-timeline,timeline.missing_school_round,warning,/timeline,Set application rounds,Application rounds let the platform generate the right deadline tasks for each school.,Update timeline,admin_queue,redis_notification_feed|remote_push|email,,ApplicationTimeline has generated tasks for each selected school round,cmn1htkpb000zvqf2645ltfg6,"University of California, Santa Barbara"
user_prompt,ready_for_in_app_admin_delivery,9e2e8a7efd09e33207efd57e,timeline-set-application-round-timeline-missing-school-round,timeline,set-application-round,timeline.missing_school_round,warning,/timeline,Set application rounds,Application rounds let the platform generate the right deadline tasks for each school.,Update timeline,in_app_readiness_surface|dashboard,redis_notification_feed|remote_push|email,profile-readiness:timeline-set-application-round-timeline-missing-school-round:9e2e8a7efd09e33207efd57e,ApplicationTimeline has generated tasks for each selected school round,cmn1htknv000evqf29yjvrstt,"University of California, Berkeley"
system_generation,ready_for_system_generation,9e2e8a7efd09e33207efd57e,timeline-generate-timeline-timeline-missing-school-round,timeline,generate-timeline,timeline.missing_school_round,warning,/timeline,Set application rounds,Application rounds let the platform generate the right deadline tasks for each school.,Update timeline,admin_queue,redis_notification_feed|remote_push|email,,ApplicationTimeline has generated tasks for each selected school round,cmn1htkno000bvqf209819ok4,Columbia University
system_generation,ready_for_system_generation,9e2e8a7efd09e33207efd57e,timeline-generate-timeline-timeline-missing-school-round,timeline,generate-timeline,timeline.missing_school_round,warning,/timeline,Set application rounds,Application rounds let the platform generate the right deadline tasks for each school.,Update timeline,admin_queue,redis_notification_feed|remote_push|email,,ApplicationTimeline has generated tasks for each selected school round,cmn1htkn30001vqf2nozenmj6,Massachusetts Institute of Technology
system_generation,ready_for_system_generation,bcbbfbdd0ed7212eac0f9acb,application-analysis-run-application-analysis-application-analysis-not-run,application_analysis,run-application-analysis,application_analysis.not_run,info,/uncommon-app,,,,admin_queue,redis_notification_feed|remote_push|email,,Application analysis run exists,,
system_generation,ready_for_system_generation,12d90bcc183001cc67077b5c,application-analysis-run-application-analysis-application-analysis-not-run,application_analysis,run-application-analysis,application_analysis.not_run,info,/uncommon-app,,,,admin_queue,redis_notification_feed|remote_push|email,,Application analysis run exists,,
system_generation,ready_for_system_generation,bd21a66a08af7179cdf51827,application-analysis-run-application-analysis-application-analysis-not-run,application_analysis,run-application-analysis,application_analysis.not_run,info,/uncommon-app,,,,admin_queue,redis_notification_feed|remote_push|email,,Application analysis run exists,,
system_generation,ready_for_system_generation,3440fa1395a6c4f2ebb71417,application-analysis-run-application-analysis-application-analysis-not-run,application_analysis,run-application-analysis,application_analysis.not_run,info,/uncommon-app,,,,admin_queue,redis_notification_feed|remote_push|email,,Application analysis run exists,,
system_generation,ready_for_system_generation,9e2e8a7efd09e33207efd57e,application-analysis-run-application-analysis-application-analysis-not-run,application_analysis,run-application-analysis,application_analysis.not_run,info,/uncommon-app,,,,admin_queue,redis_notification_feed|remote_push|email,,Application analysis run exists,,
user_prompt,ready_for_in_app_admin_delivery,54deda6071b6929b8aaf9012,execution-start-essay-workflow-essays-none,execution,start-essay-workflow,essays.none,info,/essays,Start your essay workspace,Essay drafts connect your profile to prompt-specific guidance and deadlines.,Start essays,in_app_readiness_surface|dashboard,redis_notification_feed|remote_push|email,profile-readiness:execution-start-essay-workflow-essays-none:54deda6071b6929b8aaf9012,User has at least one essay draft or prompt selection,,
user_prompt,ready_for_in_app_admin_delivery,bcbbfbdd0ed7212eac0f9acb,execution-start-essay-workflow-essays-none,execution,start-essay-workflow,essays.none,info,/essays,Start your essay workspace,Essay drafts connect your profile to prompt-specific guidance and deadlines.,Start essays,in_app_readiness_surface|dashboard,redis_notification_feed|remote_push|email,profile-readiness:execution-start-essay-workflow-essays-none:bcbbfbdd0ed7212eac0f9acb,User has at least one essay draft or prompt selection,,
user_prompt,ready_for_in_app_admin_delivery,2b76b871ca465655cbbacaca,execution-start-essay-workflow-essays-none,execution,start-essay-workflow,essays.none,info,/essays,Start your essay workspace,Essay drafts connect your profile to prompt-specific guidance and deadlines.,Start essays,in_app_readiness_surface|dashboard,redis_notification_feed|remote_push|email,profile-readiness:execution-start-essay-workflow-essays-none:2b76b871ca465655cbbacaca,User has at least one essay draft or prompt selection,,
user_prompt,ready_for_in_app_admin_delivery,ee5859e5e75b862f47c24481,execution-start-essay-workflow-essays-none,execution,start-essay-workflow,essays.none,info,/essays,Start your essay workspace,Essay drafts connect your profile to prompt-specific guidance and deadlines.,Start essays,in_app_readiness_surface|dashboard,redis_notification_feed|remote_push|email,profile-readiness:execution-start-essay-workflow-essays-none:ee5859e5e75b862f47c24481,User has at least one essay draft or prompt selection,,
user_prompt,ready_for_in_app_admin_delivery,0decde83c8c3b1eba5c4bcbe,execution-start-essay-workflow-essays-none,execution,start-essay-workflow,essays.none,info,/essays,Start your essay workspace,Essay drafts connect your profile to prompt-specific guidance and deadlines.,Start essays,in_app_readiness_surface|dashboard,redis_notification_feed|remote_push|email,profile-readiness:execution-start-essay-workflow-essays-none:0decde83c8c3b1eba5c4bcbe,User has at least one essay draft or prompt selection,,
user_prompt,ready_for_in_app_admin_delivery,e143db79d9c485a460893ca5,execution-start-essay-workflow-essays-none,execution,start-essay-workflow,essays.none,info,/essays,Start your essay workspace,Essay drafts connect your profile to prompt-specific guidance and deadlines.,Start essays,in_app_readiness_surface|dashboard,redis_notification_feed|remote_push|email,profile-readiness:execution-start-essay-workflow-essays-none:e143db79d9c485a460893ca5,User has at least one essay draft or prompt selection,,
user_prompt,ready_for_in_app_admin_delivery,19f17ffd8ca6cda6fb981237,execution-start-essay-workflow-essays-none,execution,start-essay-workflow,essays.none,info,/essays,Start your essay workspace,Essay drafts connect your profile to prompt-specific guidance and deadlines.,Start essays,in_app_readiness_surface|dashboard,redis_notification_feed|remote_push|email,profile-readiness:execution-start-essay-workflow-essays-none:19f17ffd8ca6cda6fb981237,User has at least one essay draft or prompt selection,,
user_prompt,ready_for_in_app_admin_delivery,556e66a23d80e56fc6de4c70,execution-start-essay-workflow-essays-none,execution,start-essay-workflow,essays.none,info,/essays,Start your essay workspace,Essay drafts connect your profile to prompt-specific guidance and deadlines.,Start essays,in_app_readiness_surface|dashboard,redis_notification_feed|remote_push|email,profile-readiness:execution-start-essay-workflow-essays-none:556e66a23d80e56fc6de4c70,User has at least one essay draft or prompt selection,,
user_prompt,ready_for_in_app_admin_delivery,161ae07fa8fcfd5b9c149e3a,execution-start-essay-workflow-essays-none,execution,start-essay-workflow,essays.none,info,/essays,Start your essay workspace,Essay drafts connect your profile to prompt-specific guidance and deadlines.,Start essays,in_app_readiness_surface|dashboard,redis_notification_feed|remote_push|email,profile-readiness:execution-start-essay-workflow-essays-none:161ae07fa8fcfd5b9c149e3a,User has at least one essay draft or prompt selection,,
user_prompt,ready_for_in_app_admin_delivery,bbcc181196a5f49e7b7b5217,execution-start-essay-workflow-essays-none,execution,start-essay-workflow,essays.none,info,/essays,Start your essay workspace,Essay drafts connect your profile to prompt-specific guidance and deadlines.,Start essays,in_app_readiness_surface|dashboard,redis_notification_feed|remote_push|email,profile-readiness:execution-start-essay-workflow-essays-none:bbcc181196a5f49e7b7b5217,User has at least one essay draft or prompt selection,,
user_prompt,ready_for_in_app_admin_delivery,2ad6a5c85738075faca4e660,execution-start-essay-workflow-essays-none,execution,start-essay-workflow,essays.none,info,/essays,Start your essay workspace,Essay drafts connect your profile to prompt-specific guidance and deadlines.,Start essays,in_app_readiness_surface|dashboard,redis_notification_feed|remote_push|email,profile-readiness:execution-start-essay-workflow-essays-none:2ad6a5c85738075faca4e660,User has at least one essay draft or prompt selection,,
user_prompt,ready_for_in_app_admin_delivery,4f43b96ee5b22b7fd5680c21,execution-start-essay-workflow-essays-none,execution,start-essay-workflow,essays.none,info,/essays,Start your essay workspace,Essay drafts connect your profile to prompt-specific guidance and deadlines.,Start essays,in_app_readiness_surface|dashboard,redis_notification_feed|remote_push|email,profile-readiness:execution-start-essay-workflow-essays-none:4f43b96ee5b22b7fd5680c21,User has at least one essay draft or prompt selection,,
user_prompt,ready_for_in_app_admin_delivery,c271fde2cf1b87f889ec0c16,execution-start-essay-workflow-essays-none,execution,start-essay-workflow,essays.none,info,/essays,Start your essay workspace,Essay drafts connect your profile to prompt-specific guidance and deadlines.,Start essays,in_app_readiness_surface|dashboard,redis_notification_feed|remote_push|email,profile-readiness:execution-start-essay-workflow-essays-none:c271fde2cf1b87f889ec0c16,User has at least one essay draft or prompt selection,,
user_prompt,ready_for_in_app_admin_delivery,746bc9d4549c99352f08bdcf,execution-start-essay-workflow-essays-none,execution,start-essay-workflow,essays.none,info,/essays,Start your essay workspace,Essay drafts connect your profile to prompt-specific guidance and deadlines.,Start essays,in_app_readiness_surface|dashboard,redis_notification_feed|remote_push|email,profile-readiness:execution-start-essay-workflow-essays-none:746bc9d4549c99352f08bdcf,User has at least one essay draft or prompt selection,,
user_prompt,ready_for_in_app_admin_delivery,b4d7837782707744792d2395,execution-start-essay-workflow-essays-none,execution,start-essay-workflow,essays.none,info,/essays,Start your essay workspace,Essay drafts connect your profile to prompt-specific guidance and deadlines.,Start essays,in_app_readiness_surface|dashboard,redis_notification_feed|remote_push|email,profile-readiness:execution-start-essay-workflow-essays-none:b4d7837782707744792d2395,User has at least one essay draft or prompt selection,,
user_prompt,ready_for_in_app_admin_delivery,40e9414c98a1ebdf2dcad4cd,execution-start-essay-workflow-essays-none,execution,start-essay-workflow,essays.none,info,/essays,Start your essay workspace,Essay drafts connect your profile to prompt-specific guidance and deadlines.,Start essays,in_app_readiness_surface|dashboard,redis_notification_feed|remote_push|email,profile-readiness:execution-start-essay-workflow-essays-none:40e9414c98a1ebdf2dcad4cd,User has at least one essay draft or prompt selection,,
user_prompt,ready_for_in_app_admin_delivery,b1fa79bf9c552d0d23893f4d,execution-start-essay-workflow-essays-none,execution,start-essay-workflow,essays.none,info,/essays,Start your essay workspace,Essay drafts connect your profile to prompt-specific guidance and deadlines.,Start essays,in_app_readiness_surface|dashboard,redis_notification_feed|remote_push|email,profile-readiness:execution-start-essay-workflow-essays-none:b1fa79bf9c552d0d23893f4d,User has at least one essay draft or prompt selection,,
user_prompt,ready_for_in_app_admin_delivery,7eb6af9e5e76bffb19b076da,execution-start-essay-workflow-essays-none,execution,start-essay-workflow,essays.none,info,/essays,Start your essay workspace,Essay drafts connect your profile to prompt-specific guidance and deadlines.,Start essays,in_app_readiness_surface|dashboard,redis_notification_feed|remote_push|email,profile-readiness:execution-start-essay-workflow-essays-none:7eb6af9e5e76bffb19b076da,User has at least one essay draft or prompt selection,,
user_prompt,ready_for_in_app_admin_delivery,0d718acf5447f81ecb074643,execution-start-essay-workflow-essays-none,execution,start-essay-workflow,essays.none,info,/essays,Start your essay workspace,Essay drafts connect your profile to prompt-specific guidance and deadlines.,Start essays,in_app_readiness_surface|dashboard,redis_notification_feed|remote_push|email,profile-readiness:execution-start-essay-workflow-essays-none:0d718acf5447f81ecb074643,User has at least one essay draft or prompt selection,,
user_prompt,ready_for_in_app_admin_delivery,62054f9af3f742de36c2f85c,execution-start-essay-workflow-essays-none,execution,start-essay-workflow,essays.none,info,/essays,Start your essay workspace,Essay drafts connect your profile to prompt-specific guidance and deadlines.,Start essays,in_app_readiness_surface|dashboard,redis_notification_feed|remote_push|email,profile-readiness:execution-start-essay-workflow-essays-none:62054f9af3f742de36c2f85c,User has at least one essay draft or prompt selection,,
user_prompt,ready_for_in_app_admin_delivery,9364ef9c662f3a639f68f056,execution-start-essay-workflow-essays-none,execution,start-essay-workflow,essays.none,info,/essays,Start your essay workspace,Essay drafts connect your profile to prompt-specific guidance and deadlines.,Start essays,in_app_readiness_surface|dashboard,redis_notification_feed|remote_push|email,profile-readiness:execution-start-essay-workflow-essays-none:9364ef9c662f3a639f68f056,User has at least one essay draft or prompt selection,,
user_prompt,ready_for_in_app_admin_delivery,3a816c9b5433ae0aaf479ba7,execution-start-essay-workflow-essays-none,execution,start-essay-workflow,essays.none,info,/essays,Start your essay workspace,Essay drafts connect your profile to prompt-specific guidance and deadlines.,Start essays,in_app_readiness_surface|dashboard,redis_notification_feed|remote_push|email,profile-readiness:execution-start-essay-workflow-essays-none:3a816c9b5433ae0aaf479ba7,User has at least one essay draft or prompt selection,,
user_prompt,ready_for_in_app_admin_delivery,3ee3cf435e4f83fb80edeb51,execution-start-essay-workflow-essays-none,execution,start-essay-workflow,essays.none,info,/essays,Start your essay workspace,Essay drafts connect your profile to prompt-specific guidance and deadlines.,Start essays,in_app_readiness_surface|dashboard,redis_notification_feed|remote_push|email,profile-readiness:execution-start-essay-workflow-essays-none:3ee3cf435e4f83fb80edeb51,User has at least one essay draft or prompt selection,,
user_prompt,ready_for_in_app_admin_delivery,9c31e7076836e7c3e8c3b9e6,execution-start-essay-workflow-essays-none,execution,start-essay-workflow,essays.none,info,/essays,Start your essay workspace,Essay drafts connect your profile to prompt-specific guidance and deadlines.,Start essays,in_app_readiness_surface|dashboard,redis_notification_feed|remote_push|email,profile-readiness:execution-start-essay-workflow-essays-none:9c31e7076836e7c3e8c3b9e6,User has at least one essay draft or prompt selection,,
user_prompt,ready_for_in_app_admin_delivery,700a98cbdc40e3ae03f7db21,execution-start-essay-workflow-essays-none,execution,start-essay-workflow,essays.none,info,/essays,Start your essay workspace,Essay drafts connect your profile to prompt-specific guidance and deadlines.,Start essays,in_app_readiness_surface|dashboard,redis_notification_feed|remote_push|email,profile-readiness:execution-start-essay-workflow-essays-none:700a98cbdc40e3ae03f7db21,User has at least one essay draft or prompt selection,,
user_prompt,ready_for_in_app_admin_delivery,350e3e61308a4fecf31d5265,execution-start-essay-workflow-essays-none,execution,start-essay-workflow,essays.none,info,/essays,Start your essay workspace,Essay drafts connect your profile to prompt-specific guidance and deadlines.,Start essays,in_app_readiness_surface|dashboard,redis_notification_feed|remote_push|email,profile-readiness:execution-start-essay-workflow-essays-none:350e3e61308a4fecf31d5265,User has at least one essay draft or prompt selection,,
user_prompt,ready_for_in_app_admin_delivery,ee8d2acecabae8a094f78e72,execution-start-essay-workflow-essays-none,execution,start-essay-workflow,essays.none,info,/essays,Start your essay workspace,Essay drafts connect your profile to prompt-specific guidance and deadlines.,Start essays,in_app_readiness_surface|dashboard,redis_notification_feed|remote_push|email,profile-readiness:execution-start-essay-workflow-essays-none:ee8d2acecabae8a094f78e72,User has at least one essay draft or prompt selection,,
user_prompt,ready_for_in_app_admin_delivery,60ae21cdcc0779c5d57fa893,execution-start-essay-workflow-essays-none,execution,start-essay-workflow,essays.none,info,/essays,Start your essay workspace,Essay drafts connect your profile to prompt-specific guidance and deadlines.,Start essays,in_app_readiness_surface|dashboard,redis_notification_feed|remote_push|email,profile-readiness:execution-start-essay-workflow-essays-none:60ae21cdcc0779c5d57fa893,User has at least one essay draft or prompt selection,,
user_prompt,ready_for_in_app_admin_delivery,97561a4e8ea441527f5b5cba,execution-start-essay-workflow-essays-none,execution,start-essay-workflow,essays.none,info,/essays,Start your essay workspace,Essay drafts connect your profile to prompt-specific guidance and deadlines.,Start essays,in_app_readiness_surface|dashboard,redis_notification_feed|remote_push|email,profile-readiness:execution-start-essay-workflow-essays-none:97561a4e8ea441527f5b5cba,User has at least one essay draft or prompt selection,,
user_prompt,ready_for_in_app_admin_delivery,d91461370b9bf48cd0077d58,execution-start-essay-workflow-essays-none,execution,start-essay-workflow,essays.none,info,/essays,Start your essay workspace,Essay drafts connect your profile to prompt-specific guidance and deadlines.,Start essays,in_app_readiness_surface|dashboard,redis_notification_feed|remote_push|email,profile-readiness:execution-start-essay-workflow-essays-none:d91461370b9bf48cd0077d58,User has at least one essay draft or prompt selection,,
user_prompt,ready_for_in_app_admin_delivery,d0b7bcd4eb098c1de95c9244,execution-start-essay-workflow-essays-none,execution,start-essay-workflow,essays.none,info,/essays,Start your essay workspace,Essay drafts connect your profile to prompt-specific guidance and deadlines.,Start essays,in_app_readiness_surface|dashboard,redis_notification_feed|remote_push|email,profile-readiness:execution-start-essay-workflow-essays-none:d0b7bcd4eb098c1de95c9244,User has at least one essay draft or prompt selection,,
user_prompt,ready_for_in_app_admin_delivery,8af2599c6426aee17e392808,execution-start-essay-workflow-essays-none,execution,start-essay-workflow,essays.none,info,/essays,Start your essay workspace,Essay drafts connect your profile to prompt-specific guidance and deadlines.,Start essays,in_app_readiness_surface|dashboard,redis_notification_feed|remote_push|email,profile-readiness:execution-start-essay-workflow-essays-none:8af2599c6426aee17e392808,User has at least one essay draft or prompt selection,,
user_prompt,ready_for_in_app_admin_delivery,b16338de18bd3ea9490a922c,execution-start-essay-workflow-essays-none,execution,start-essay-workflow,essays.none,info,/essays,Start your essay workspace,Essay drafts connect your profile to prompt-specific guidance and deadlines.,Start essays,in_app_readiness_surface|dashboard,redis_notification_feed|remote_push|email,profile-readiness:execution-start-essay-workflow-essays-none:b16338de18bd3ea9490a922c,User has at least one essay draft or prompt selection,,
user_prompt,ready_for_in_app_admin_delivery,2c109a0b6856445f718b6cc4,execution-start-essay-workflow-essays-none,execution,start-essay-workflow,essays.none,info,/essays,Start your essay workspace,Essay drafts connect your profile to prompt-specific guidance and deadlines.,Start essays,in_app_readiness_surface|dashboard,redis_notification_feed|remote_push|email,profile-readiness:execution-start-essay-workflow-essays-none:2c109a0b6856445f718b6cc4,User has at least one essay draft or prompt selection,,
user_prompt,ready_for_in_app_admin_delivery,58f299953ccf1094f94211d2,execution-start-essay-workflow-essays-none,execution,start-essay-workflow,essays.none,info,/essays,Start your essay workspace,Essay drafts connect your profile to prompt-specific guidance and deadlines.,Start essays,in_app_readiness_surface|dashboard,redis_notification_feed|remote_push|email,profile-readiness:execution-start-essay-workflow-essays-none:58f299953ccf1094f94211d2,User has at least one essay draft or prompt selection,,
user_prompt,ready_for_in_app_admin_delivery,b08f78a2c250836222a2ed7e,execution-start-essay-workflow-essays-none,execution,start-essay-workflow,essays.none,info,/essays,Start your essay workspace,Essay drafts connect your profile to prompt-specific guidance and deadlines.,Start essays,in_app_readiness_surface|dashboard,redis_notification_feed|remote_push|email,profile-readiness:execution-start-essay-workflow-essays-none:b08f78a2c250836222a2ed7e,User has at least one essay draft or prompt selection,,
user_prompt,ready_for_in_app_admin_delivery,e35b0c6b5a8af24ddecf15b1,execution-start-essay-workflow-essays-none,execution,start-essay-workflow,essays.none,info,/essays,Start your essay workspace,Essay drafts connect your profile to prompt-specific guidance and deadlines.,Start essays,in_app_readiness_surface|dashboard,redis_notification_feed|remote_push|email,profile-readiness:execution-start-essay-workflow-essays-none:e35b0c6b5a8af24ddecf15b1,User has at least one essay draft or prompt selection,,
user_prompt,ready_for_in_app_admin_delivery,af8e626ff7ecc5fffec5a83b,execution-start-essay-workflow-essays-none,execution,start-essay-workflow,essays.none,info,/essays,Start your essay workspace,Essay drafts connect your profile to prompt-specific guidance and deadlines.,Start essays,in_app_readiness_surface|dashboard,redis_notification_feed|remote_push|email,profile-readiness:execution-start-essay-workflow-essays-none:af8e626ff7ecc5fffec5a83b,User has at least one essay draft or prompt selection,,
user_prompt,ready_for_in_app_admin_delivery,5635dbb88bfc845adb3c6c2d,execution-start-essay-workflow-essays-none,execution,start-essay-workflow,essays.none,info,/essays,Start your essay workspace,Essay drafts connect your profile to prompt-specific guidance and deadlines.,Start essays,in_app_readiness_surface|dashboard,redis_notification_feed|remote_push|email,profile-readiness:execution-start-essay-workflow-essays-none:5635dbb88bfc845adb3c6c2d,User has at least one essay draft or prompt selection,,
user_prompt,ready_for_in_app_admin_delivery,08a357ecc96894482491cba4,execution-start-essay-workflow-essays-none,execution,start-essay-workflow,essays.none,info,/essays,Start your essay workspace,Essay drafts connect your profile to prompt-specific guidance and deadlines.,Start essays,in_app_readiness_surface|dashboard,redis_notification_feed|remote_push|email,profile-readiness:execution-start-essay-workflow-essays-none:08a357ecc96894482491cba4,User has at least one essay draft or prompt selection,,
user_prompt,ready_for_in_app_admin_delivery,82be1f799b998791e0b4a42f,execution-start-essay-workflow-essays-none,execution,start-essay-workflow,essays.none,info,/essays,Start your essay workspace,Essay drafts connect your profile to prompt-specific guidance and deadlines.,Start essays,in_app_readiness_surface|dashboard,redis_notification_feed|remote_push|email,profile-readiness:execution-start-essay-workflow-essays-none:82be1f799b998791e0b4a42f,User has at least one essay draft or prompt selection,,
user_prompt,ready_for_in_app_admin_delivery,d44f4c033bff279e6a7ecb7f,execution-start-essay-workflow-essays-none,execution,start-essay-workflow,essays.none,info,/essays,Start your essay workspace,Essay drafts connect your profile to prompt-specific guidance and deadlines.,Start essays,in_app_readiness_surface|dashboard,redis_notification_feed|remote_push|email,profile-readiness:execution-start-essay-workflow-essays-none:d44f4c033bff279e6a7ecb7f,User has at least one essay draft or prompt selection,,
user_prompt,ready_for_in_app_admin_delivery,1721e7fd604c8c9cba7b29ee,execution-start-essay-workflow-essays-none,execution,start-essay-workflow,essays.none,info,/essays,Start your essay workspace,Essay drafts connect your profile to prompt-specific guidance and deadlines.,Start essays,in_app_readiness_surface|dashboard,redis_notification_feed|remote_push|email,profile-readiness:execution-start-essay-workflow-essays-none:1721e7fd604c8c9cba7b29ee,User has at least one essay draft or prompt selection,,
user_prompt,ready_for_in_app_admin_delivery,aa77cfaf01d5f471651c731f,execution-start-essay-workflow-essays-none,execution,start-essay-workflow,essays.none,info,/essays,Start your essay workspace,Essay drafts connect your profile to prompt-specific guidance and deadlines.,Start essays,in_app_readiness_surface|dashboard,redis_notification_feed|remote_push|email,profile-readiness:execution-start-essay-workflow-essays-none:aa77cfaf01d5f471651c731f,User has at least one essay draft or prompt selection,,
user_prompt,ready_for_in_app_admin_delivery,8182fd0a8ea90cbe07f9f5f3,execution-start-essay-workflow-essays-none,execution,start-essay-workflow,essays.none,info,/essays,Start your essay workspace,Essay drafts connect your profile to prompt-specific guidance and deadlines.,Start essays,in_app_readiness_surface|dashboard,redis_notification_feed|remote_push|email,profile-readiness:execution-start-essay-workflow-essays-none:8182fd0a8ea90cbe07f9f5f3,User has at least one essay draft or prompt selection,,
user_prompt,ready_for_in_app_admin_delivery,8f76e29a0754e9147868ff48,execution-start-essay-workflow-essays-none,execution,start-essay-workflow,essays.none,info,/essays,Start your essay workspace,Essay drafts connect your profile to prompt-specific guidance and deadlines.,Start essays,in_app_readiness_surface|dashboard,redis_notification_feed|remote_push|email,profile-readiness:execution-start-essay-workflow-essays-none:8f76e29a0754e9147868ff48,User has at least one essay draft or prompt selection,,
user_prompt,ready_for_in_app_admin_delivery,e49853bb7590d4fbc088e2ce,execution-start-essay-workflow-essays-none,execution,start-essay-workflow,essays.none,info,/essays,Start your essay workspace,Essay drafts connect your profile to prompt-specific guidance and deadlines.,Start essays,in_app_readiness_surface|dashboard,redis_notification_feed|remote_push|email,profile-readiness:execution-start-essay-workflow-essays-none:e49853bb7590d4fbc088e2ce,User has at least one essay draft or prompt selection,,
user_prompt,ready_for_in_app_admin_delivery,ba75887eed7d741502c53c31,execution-start-essay-workflow-essays-none,execution,start-essay-workflow,essays.none,info,/essays,Start your essay workspace,Essay drafts connect your profile to prompt-specific guidance and deadlines.,Start essays,in_app_readiness_surface|dashboard,redis_notification_feed|remote_push|email,profile-readiness:execution-start-essay-workflow-essays-none:ba75887eed7d741502c53c31,User has at least one essay draft or prompt selection,,
user_prompt,ready_for_in_app_admin_delivery,2f77ce3256c653a98a843922,execution-start-essay-workflow-essays-none,execution,start-essay-workflow,essays.none,info,/essays,Start your essay workspace,Essay drafts connect your profile to prompt-specific guidance and deadlines.,Start essays,in_app_readiness_surface|dashboard,redis_notification_feed|remote_push|email,profile-readiness:execution-start-essay-workflow-essays-none:2f77ce3256c653a98a843922,User has at least one essay draft or prompt selection,,
user_prompt,ready_for_in_app_admin_delivery,39d82fb302892df916184722,execution-start-essay-workflow-essays-none,execution,start-essay-workflow,essays.none,info,/essays,Start your essay workspace,Essay drafts connect your profile to prompt-specific guidance and deadlines.,Start essays,in_app_readiness_surface|dashboard,redis_notification_feed|remote_push|email,profile-readiness:execution-start-essay-workflow-essays-none:39d82fb302892df916184722,User has at least one essay draft or prompt selection,,
user_prompt,ready_for_in_app_admin_delivery,73a91be57fb9c7848ca2fc38,execution-start-essay-workflow-essays-none,execution,start-essay-workflow,essays.none,info,/essays,Start your essay workspace,Essay drafts connect your profile to prompt-specific guidance and deadlines.,Start essays,in_app_readiness_surface|dashboard,redis_notification_feed|remote_push|email,profile-readiness:execution-start-essay-workflow-essays-none:73a91be57fb9c7848ca2fc38,User has at least one essay draft or prompt selection,,
user_prompt,ready_for_in_app_admin_delivery,b7c52e38fa597c4401a45a0d,execution-start-essay-workflow-essays-none,execution,start-essay-workflow,essays.none,info,/essays,Start your essay workspace,Essay drafts connect your profile to prompt-specific guidance and deadlines.,Start essays,in_app_readiness_surface|dashboard,redis_notification_feed|remote_push|email,profile-readiness:execution-start-essay-workflow-essays-none:b7c52e38fa597c4401a45a0d,User has at least one essay draft or prompt selection,,
user_prompt,ready_for_in_app_admin_delivery,b6211d62f28ea1ac1fbf92f6,execution-start-essay-workflow-essays-none,execution,start-essay-workflow,essays.none,info,/essays,Start your essay workspace,Essay drafts connect your profile to prompt-specific guidance and deadlines.,Start essays,in_app_readiness_surface|dashboard,redis_notification_feed|remote_push|email,profile-readiness:execution-start-essay-workflow-essays-none:b6211d62f28ea1ac1fbf92f6,User has at least one essay draft or prompt selection,,
user_prompt,ready_for_in_app_admin_delivery,51123683ff47579b1326d7e0,execution-start-essay-workflow-essays-none,execution,start-essay-workflow,essays.none,info,/essays,Start your essay workspace,Essay drafts connect your profile to prompt-specific guidance and deadlines.,Start essays,in_app_readiness_surface|dashboard,redis_notification_feed|remote_push|email,profile-readiness:execution-start-essay-workflow-essays-none:51123683ff47579b1326d7e0,User has at least one essay draft or prompt selection,,
user_prompt,ready_for_in_app_admin_delivery,d623a290fc0c003872b7e51e,execution-start-essay-workflow-essays-none,execution,start-essay-workflow,essays.none,info,/essays,Start your essay workspace,Essay drafts connect your profile to prompt-specific guidance and deadlines.,Start essays,in_app_readiness_surface|dashboard,redis_notification_feed|remote_push|email,profile-readiness:execution-start-essay-workflow-essays-none:d623a290fc0c003872b7e51e,User has at least one essay draft or prompt selection,,
user_prompt,ready_for_in_app_admin_delivery,d235bd129f743fb22c4ed3fd,execution-start-essay-workflow-essays-none,execution,start-essay-workflow,essays.none,info,/essays,Start your essay workspace,Essay drafts connect your profile to prompt-specific guidance and deadlines.,Start essays,in_app_readiness_surface|dashboard,redis_notification_feed|remote_push|email,profile-readiness:execution-start-essay-workflow-essays-none:d235bd129f743fb22c4ed3fd,User has at least one essay draft or prompt selection,,
user_prompt,ready_for_in_app_admin_delivery,2532d98f34e1ac7c1659d8eb,execution-start-essay-workflow-essays-none,execution,start-essay-workflow,essays.none,info,/essays,Start your essay workspace,Essay drafts connect your profile to prompt-specific guidance and deadlines.,Start essays,in_app_readiness_surface|dashboard,redis_notification_feed|remote_push|email,profile-readiness:execution-start-essay-workflow-essays-none:2532d98f34e1ac7c1659d8eb,User has at least one essay draft or prompt selection,,
user_prompt,ready_for_in_app_admin_delivery,80198917031fa524bd986f16,execution-start-essay-workflow-essays-none,execution,start-essay-workflow,essays.none,info,/essays,Start your essay workspace,Essay drafts connect your profile to prompt-specific guidance and deadlines.,Start essays,in_app_readiness_surface|dashboard,redis_notification_feed|remote_push|email,profile-readiness:execution-start-essay-workflow-essays-none:80198917031fa524bd986f16,User has at least one essay draft or prompt selection,,
user_prompt,ready_for_in_app_admin_delivery,fb77434774ac9a3e30419226,execution-start-essay-workflow-essays-none,execution,start-essay-workflow,essays.none,info,/essays,Start your essay workspace,Essay drafts connect your profile to prompt-specific guidance and deadlines.,Start essays,in_app_readiness_surface|dashboard,redis_notification_feed|remote_push|email,profile-readiness:execution-start-essay-workflow-essays-none:fb77434774ac9a3e30419226,User has at least one essay draft or prompt selection,,
user_prompt,ready_for_in_app_admin_delivery,f9fd9b821f5302c444105093,execution-start-essay-workflow-essays-none,execution,start-essay-workflow,essays.none,info,/essays,Start your essay workspace,Essay drafts connect your profile to prompt-specific guidance and deadlines.,Start essays,in_app_readiness_surface|dashboard,redis_notification_feed|remote_push|email,profile-readiness:execution-start-essay-workflow-essays-none:f9fd9b821f5302c444105093,User has at least one essay draft or prompt selection,,
user_prompt,ready_for_in_app_admin_delivery,8ee4a43e09bd1fb564a3d07c,execution-start-essay-workflow-essays-none,execution,start-essay-workflow,essays.none,info,/essays,Start your essay workspace,Essay drafts connect your profile to prompt-specific guidance and deadlines.,Start essays,in_app_readiness_surface|dashboard,redis_notification_feed|remote_push|email,profile-readiness:execution-start-essay-workflow-essays-none:8ee4a43e09bd1fb564a3d07c,User has at least one essay draft or prompt selection,,
user_prompt,ready_for_in_app_admin_delivery,1205c6fffa0d08b1c24f8aba,execution-start-essay-workflow-essays-none,execution,start-essay-workflow,essays.none,info,/essays,Start your essay workspace,Essay drafts connect your profile to prompt-specific guidance and deadlines.,Start essays,in_app_readiness_surface|dashboard,redis_notification_feed|remote_push|email,profile-readiness:execution-start-essay-workflow-essays-none:1205c6fffa0d08b1c24f8aba,User has at least one essay draft or prompt selection,,
user_prompt,ready_for_in_app_admin_delivery,83e1e60cee3420e8a087ec65,execution-start-essay-workflow-essays-none,execution,start-essay-workflow,essays.none,info,/essays,Start your essay workspace,Essay drafts connect your profile to prompt-specific guidance and deadlines.,Start essays,in_app_readiness_surface|dashboard,redis_notification_feed|remote_push|email,profile-readiness:execution-start-essay-workflow-essays-none:83e1e60cee3420e8a087ec65,User has at least one essay draft or prompt selection,,
user_prompt,ready_for_in_app_admin_delivery,4128eb49c7d66593fc377cf2,execution-start-essay-workflow-essays-none,execution,start-essay-workflow,essays.none,info,/essays,Start your essay workspace,Essay drafts connect your profile to prompt-specific guidance and deadlines.,Start essays,in_app_readiness_surface|dashboard,redis_notification_feed|remote_push|email,profile-readiness:execution-start-essay-workflow-essays-none:4128eb49c7d66593fc377cf2,User has at least one essay draft or prompt selection,,
user_prompt,ready_for_in_app_admin_delivery,66bd62747c0c3780d93d5ac0,execution-start-essay-workflow-essays-none,execution,start-essay-workflow,essays.none,info,/essays,Start your essay workspace,Essay drafts connect your profile to prompt-specific guidance and deadlines.,Start essays,in_app_readiness_surface|dashboard,redis_notification_feed|remote_push|email,profile-readiness:execution-start-essay-workflow-essays-none:66bd62747c0c3780d93d5ac0,User has at least one essay draft or prompt selection,,
user_prompt,ready_for_in_app_admin_delivery,387d5008ef0d61abbf0981c3,execution-start-essay-workflow-essays-none,execution,start-essay-workflow,essays.none,info,/essays,Start your essay workspace,Essay drafts connect your profile to prompt-specific guidance and deadlines.,Start essays,in_app_readiness_surface|dashboard,redis_notification_feed|remote_push|email,profile-readiness:execution-start-essay-workflow-essays-none:387d5008ef0d61abbf0981c3,User has at least one essay draft or prompt selection,,
user_prompt,ready_for_in_app_admin_delivery,6e88e7843d84c8e4ac30d418,execution-start-essay-workflow-essays-none,execution,start-essay-workflow,essays.none,info,/essays,Start your essay workspace,Essay drafts connect your profile to prompt-specific guidance and deadlines.,Start essays,in_app_readiness_surface|dashboard,redis_notification_feed|remote_push|email,profile-readiness:execution-start-essay-workflow-essays-none:6e88e7843d84c8e4ac30d418,User has at least one essay draft or prompt selection,,
user_prompt,ready_for_in_app_admin_delivery,85fc8cd917b074b9f364b19f,execution-start-essay-workflow-essays-none,execution,start-essay-workflow,essays.none,info,/essays,Start your essay workspace,Essay drafts connect your profile to prompt-specific guidance and deadlines.,Start essays,in_app_readiness_surface|dashboard,redis_notification_feed|remote_push|email,profile-readiness:execution-start-essay-workflow-essays-none:85fc8cd917b074b9f364b19f,User has at least one essay draft or prompt selection,,
user_prompt,ready_for_in_app_admin_delivery,393497c7e1766899efccdd67,execution-start-essay-workflow-essays-none,execution,start-essay-workflow,essays.none,info,/essays,Start your essay workspace,Essay drafts connect your profile to prompt-specific guidance and deadlines.,Start essays,in_app_readiness_surface|dashboard,redis_notification_feed|remote_push|email,profile-readiness:execution-start-essay-workflow-essays-none:393497c7e1766899efccdd67,User has at least one essay draft or prompt selection,,
user_prompt,ready_for_in_app_admin_delivery,c11c121accb370e23f27204f,execution-start-essay-workflow-essays-none,execution,start-essay-workflow,essays.none,info,/essays,Start your essay workspace,Essay drafts connect your profile to prompt-specific guidance and deadlines.,Start essays,in_app_readiness_surface|dashboard,redis_notification_feed|remote_push|email,profile-readiness:execution-start-essay-workflow-essays-none:c11c121accb370e23f27204f,User has at least one essay draft or prompt selection,,
user_prompt,ready_for_in_app_admin_delivery,ec8c5627fc8e7cd6f4f3ab56,execution-start-essay-workflow-essays-none,execution,start-essay-workflow,essays.none,info,/essays,Start your essay workspace,Essay drafts connect your profile to prompt-specific guidance and deadlines.,Start essays,in_app_readiness_surface|dashboard,redis_notification_feed|remote_push|email,profile-readiness:execution-start-essay-workflow-essays-none:ec8c5627fc8e7cd6f4f3ab56,User has at least one essay draft or prompt selection,,
user_prompt,ready_for_in_app_admin_delivery,a73c0bac52799c6f0c20c326,execution-start-essay-workflow-essays-none,execution,start-essay-workflow,essays.none,info,/essays,Start your essay workspace,Essay drafts connect your profile to prompt-specific guidance and deadlines.,Start essays,in_app_readiness_surface|dashboard,redis_notification_feed|remote_push|email,profile-readiness:execution-start-essay-workflow-essays-none:a73c0bac52799c6f0c20c326,User has at least one essay draft or prompt selection,,
user_prompt,ready_for_in_app_admin_delivery,1f1d01ebd6e4a634f6d00521,execution-start-essay-workflow-essays-none,execution,start-essay-workflow,essays.none,info,/essays,Start your essay workspace,Essay drafts connect your profile to prompt-specific guidance and deadlines.,Start essays,in_app_readiness_surface|dashboard,redis_notification_feed|remote_push|email,profile-readiness:execution-start-essay-workflow-essays-none:1f1d01ebd6e4a634f6d00521,User has at least one essay draft or prompt selection,,
user_prompt,ready_for_in_app_admin_delivery,8111a447630837276fb2d02b,execution-start-essay-workflow-essays-none,execution,start-essay-workflow,essays.none,info,/essays,Start your essay workspace,Essay drafts connect your profile to prompt-specific guidance and deadlines.,Start essays,in_app_readiness_surface|dashboard,redis_notification_feed|remote_push|email,profile-readiness:execution-start-essay-workflow-essays-none:8111a447630837276fb2d02b,User has at least one essay draft or prompt selection,,
user_prompt,ready_for_in_app_admin_delivery,454b3bdd97d513ee08d1fcb6,execution-start-essay-workflow-essays-none,execution,start-essay-workflow,essays.none,info,/essays,Start your essay workspace,Essay drafts connect your profile to prompt-specific guidance and deadlines.,Start essays,in_app_readiness_surface|dashboard,redis_notification_feed|remote_push|email,profile-readiness:execution-start-essay-workflow-essays-none:454b3bdd97d513ee08d1fcb6,User has at least one essay draft or prompt selection,,
user_prompt,ready_for_in_app_admin_delivery,77e8a3e7b4bb269d25a88720,execution-start-essay-workflow-essays-none,execution,start-essay-workflow,essays.none,info,/essays,Start your essay workspace,Essay drafts connect your profile to prompt-specific guidance and deadlines.,Start essays,in_app_readiness_surface|dashboard,redis_notification_feed|remote_push|email,profile-readiness:execution-start-essay-workflow-essays-none:77e8a3e7b4bb269d25a88720,User has at least one essay draft or prompt selection,,
user_prompt,ready_for_in_app_admin_delivery,1c49dedeea2144e69f2ddfab,execution-start-essay-workflow-essays-none,execution,start-essay-workflow,essays.none,info,/essays,Start your essay workspace,Essay drafts connect your profile to prompt-specific guidance and deadlines.,Start essays,in_app_readiness_surface|dashboard,redis_notification_feed|remote_push|email,profile-readiness:execution-start-essay-workflow-essays-none:1c49dedeea2144e69f2ddfab,User has at least one essay draft or prompt selection,,
user_prompt,ready_for_in_app_admin_delivery,c6b85ceae0c6557b8e364c94,execution-start-essay-workflow-essays-none,execution,start-essay-workflow,essays.none,info,/essays,Start your essay workspace,Essay drafts connect your profile to prompt-specific guidance and deadlines.,Start essays,in_app_readiness_surface|dashboard,redis_notification_feed|remote_push|email,profile-readiness:execution-start-essay-workflow-essays-none:c6b85ceae0c6557b8e364c94,User has at least one essay draft or prompt selection,,
user_prompt,ready_for_in_app_admin_delivery,7bc9b1e5926864015639324c,execution-start-essay-workflow-essays-none,execution,start-essay-workflow,essays.none,info,/essays,Start your essay workspace,Essay drafts connect your profile to prompt-specific guidance and deadlines.,Start essays,in_app_readiness_surface|dashboard,redis_notification_feed|remote_push|email,profile-readiness:execution-start-essay-workflow-essays-none:7bc9b1e5926864015639324c,User has at least one essay draft or prompt selection,,
user_prompt,ready_for_in_app_admin_delivery,76d3e4bd31e04f8df55b5063,execution-start-essay-workflow-essays-none,execution,start-essay-workflow,essays.none,info,/essays,Start your essay workspace,Essay drafts connect your profile to prompt-specific guidance and deadlines.,Start essays,in_app_readiness_surface|dashboard,redis_notification_feed|remote_push|email,profile-readiness:execution-start-essay-workflow-essays-none:76d3e4bd31e04f8df55b5063,User has at least one essay draft or prompt selection,,
user_prompt,ready_for_in_app_admin_delivery,123500041b4c756624fcfbc1,execution-start-essay-workflow-essays-none,execution,start-essay-workflow,essays.none,info,/essays,Start your essay workspace,Essay drafts connect your profile to prompt-specific guidance and deadlines.,Start essays,in_app_readiness_surface|dashboard,redis_notification_feed|remote_push|email,profile-readiness:execution-start-essay-workflow-essays-none:123500041b4c756624fcfbc1,User has at least one essay draft or prompt selection,,
user_prompt,ready_for_in_app_admin_delivery,9e700876055ebe00ce432591,execution-start-essay-workflow-essays-none,execution,start-essay-workflow,essays.none,info,/essays,Start your essay workspace,Essay drafts connect your profile to prompt-specific guidance and deadlines.,Start essays,in_app_readiness_surface|dashboard,redis_notification_feed|remote_push|email,profile-readiness:execution-start-essay-workflow-essays-none:9e700876055ebe00ce432591,User has at least one essay draft or prompt selection,,
user_prompt,ready_for_in_app_admin_delivery,b86b9ff73c5aa218b53fcc07,execution-start-essay-workflow-essays-none,execution,start-essay-workflow,essays.none,info,/essays,Start your essay workspace,Essay drafts connect your profile to prompt-specific guidance and deadlines.,Start essays,in_app_readiness_surface|dashboard,redis_notification_feed|remote_push|email,profile-readiness:execution-start-essay-workflow-essays-none:b86b9ff73c5aa218b53fcc07,User has at least one essay draft or prompt selection,,
user_prompt,ready_for_in_app_admin_delivery,26a7b1448bcf5fd36c35a363,execution-start-essay-workflow-essays-none,execution,start-essay-workflow,essays.none,info,/essays,Start your essay workspace,Essay drafts connect your profile to prompt-specific guidance and deadlines.,Start essays,in_app_readiness_surface|dashboard,redis_notification_feed|remote_push|email,profile-readiness:execution-start-essay-workflow-essays-none:26a7b1448bcf5fd36c35a363,User has at least one essay draft or prompt selection,,
user_prompt,ready_for_in_app_admin_delivery,2f357aae310ceb62c29b274c,execution-start-essay-workflow-essays-none,execution,start-essay-workflow,essays.none,info,/essays,Start your essay workspace,Essay drafts connect your profile to prompt-specific guidance and deadlines.,Start essays,in_app_readiness_surface|dashboard,redis_notification_feed|remote_push|email,profile-readiness:execution-start-essay-workflow-essays-none:2f357aae310ceb62c29b274c,User has at least one essay draft or prompt selection,,
user_prompt,ready_for_in_app_admin_delivery,96d4cd2fcd14de7772f5fd50,execution-start-essay-workflow-essays-none,execution,start-essay-workflow,essays.none,info,/essays,Start your essay workspace,Essay drafts connect your profile to prompt-specific guidance and deadlines.,Start essays,in_app_readiness_surface|dashboard,redis_notification_feed|remote_push|email,profile-readiness:execution-start-essay-workflow-essays-none:96d4cd2fcd14de7772f5fd50,User has at least one essay draft or prompt selection,,
user_prompt,ready_for_in_app_admin_delivery,d0a7465d43215d5f058e070e,execution-start-essay-workflow-essays-none,execution,start-essay-workflow,essays.none,info,/essays,Start your essay workspace,Essay drafts connect your profile to prompt-specific guidance and deadlines.,Start essays,in_app_readiness_surface|dashboard,redis_notification_feed|remote_push|email,profile-readiness:execution-start-essay-workflow-essays-none:d0a7465d43215d5f058e070e,User has at least one essay draft or prompt selection,,
user_prompt,ready_for_in_app_admin_delivery,ca95dbae28c38d90f4bd075a,execution-start-essay-workflow-essays-none,execution,start-essay-workflow,essays.none,info,/essays,Start your essay workspace,Essay drafts connect your profile to prompt-specific guidance and deadlines.,Start essays,in_app_readiness_surface|dashboard,redis_notification_feed|remote_push|email,profile-readiness:execution-start-essay-workflow-essays-none:ca95dbae28c38d90f4bd075a,User has at least one essay draft or prompt selection,,
user_prompt,ready_for_in_app_admin_delivery,be2cd5ddfe575143c741e775,execution-start-essay-workflow-essays-none,execution,start-essay-workflow,essays.none,info,/essays,Start your essay workspace,Essay drafts connect your profile to prompt-specific guidance and deadlines.,Start essays,in_app_readiness_surface|dashboard,redis_notification_feed|remote_push|email,profile-readiness:execution-start-essay-workflow-essays-none:be2cd5ddfe575143c741e775,User has at least one essay draft or prompt selection,,
user_prompt,ready_for_in_app_admin_delivery,c22d82639c55efb340bc9a56,execution-start-essay-workflow-essays-none,execution,start-essay-workflow,essays.none,info,/essays,Start your essay workspace,Essay drafts connect your profile to prompt-specific guidance and deadlines.,Start essays,in_app_readiness_surface|dashboard,redis_notification_feed|remote_push|email,profile-readiness:execution-start-essay-workflow-essays-none:c22d82639c55efb340bc9a56,User has at least one essay draft or prompt selection,,
user_prompt,ready_for_in_app_admin_delivery,8e287120445279d6e9b4ec2b,execution-start-essay-workflow-essays-none,execution,start-essay-workflow,essays.none,info,/essays,Start your essay workspace,Essay drafts connect your profile to prompt-specific guidance and deadlines.,Start essays,in_app_readiness_surface|dashboard,redis_notification_feed|remote_push|email,profile-readiness:execution-start-essay-workflow-essays-none:8e287120445279d6e9b4ec2b,User has at least one essay draft or prompt selection,,
user_prompt,ready_for_in_app_admin_delivery,30430c0713c690c36433a6e5,execution-start-essay-workflow-essays-none,execution,start-essay-workflow,essays.none,info,/essays,Start your essay workspace,Essay drafts connect your profile to prompt-specific guidance and deadlines.,Start essays,in_app_readiness_surface|dashboard,redis_notification_feed|remote_push|email,profile-readiness:execution-start-essay-workflow-essays-none:30430c0713c690c36433a6e5,User has at least one essay draft or prompt selection,,
user_prompt,ready_for_in_app_admin_delivery,9353bab0b66f9c8f5bbbb3e9,execution-start-essay-workflow-essays-none,execution,start-essay-workflow,essays.none,info,/essays,Start your essay workspace,Essay drafts connect your profile to prompt-specific guidance and deadlines.,Start essays,in_app_readiness_surface|dashboard,redis_notification_feed|remote_push|email,profile-readiness:execution-start-essay-workflow-essays-none:9353bab0b66f9c8f5bbbb3e9,User has at least one essay draft or prompt selection,,
user_prompt,ready_for_in_app_admin_delivery,ea2aad244e6c5b7a6ddcdc6d,execution-start-essay-workflow-essays-none,execution,start-essay-workflow,essays.none,info,/essays,Start your essay workspace,Essay drafts connect your profile to prompt-specific guidance and deadlines.,Start essays,in_app_readiness_surface|dashboard,redis_notification_feed|remote_push|email,profile-readiness:execution-start-essay-workflow-essays-none:ea2aad244e6c5b7a6ddcdc6d,User has at least one essay draft or prompt selection,,
user_prompt,ready_for_in_app_admin_delivery,ab23e0dca524148e33dc1dc3,execution-start-essay-workflow-essays-none,execution,start-essay-workflow,essays.none,info,/essays,Start your essay workspace,Essay drafts connect your profile to prompt-specific guidance and deadlines.,Start essays,in_app_readiness_surface|dashboard,redis_notification_feed|remote_push|email,profile-readiness:execution-start-essay-workflow-essays-none:ab23e0dca524148e33dc1dc3,User has at least one essay draft or prompt selection,,
user_prompt,ready_for_in_app_admin_delivery,147f40a0a1b1d151c407167a,execution-start-essay-workflow-essays-none,execution,start-essay-workflow,essays.none,info,/essays,Start your essay workspace,Essay drafts connect your profile to prompt-specific guidance and deadlines.,Start essays,in_app_readiness_surface|dashboard,redis_notification_feed|remote_push|email,profile-readiness:execution-start-essay-workflow-essays-none:147f40a0a1b1d151c407167a,User has at least one essay draft or prompt selection,,
user_prompt,ready_for_in_app_admin_delivery,302d0b094ff202e23f186d36,execution-start-essay-workflow-essays-none,execution,start-essay-workflow,essays.none,info,/essays,Start your essay workspace,Essay drafts connect your profile to prompt-specific guidance and deadlines.,Start essays,in_app_readiness_surface|dashboard,redis_notification_feed|remote_push|email,profile-readiness:execution-start-essay-workflow-essays-none:302d0b094ff202e23f186d36,User has at least one essay draft or prompt selection,,
user_prompt,ready_for_in_app_admin_delivery,5fea30f24d9048bc811be8c1,execution-start-essay-workflow-essays-none,execution,start-essay-workflow,essays.none,info,/essays,Start your essay workspace,Essay drafts connect your profile to prompt-specific guidance and deadlines.,Start essays,in_app_readiness_surface|dashboard,redis_notification_feed|remote_push|email,profile-readiness:execution-start-essay-workflow-essays-none:5fea30f24d9048bc811be8c1,User has at least one essay draft or prompt selection,,
user_prompt,ready_for_in_app_admin_delivery,a8b0b42078a4419cbc216238,execution-start-essay-workflow-essays-none,execution,start-essay-workflow,essays.none,info,/essays,Start your essay workspace,Essay drafts connect your profile to prompt-specific guidance and deadlines.,Start essays,in_app_readiness_surface|dashboard,redis_notification_feed|remote_push|email,profile-readiness:execution-start-essay-workflow-essays-none:a8b0b42078a4419cbc216238,User has at least one essay draft or prompt selection,,
user_prompt,ready_for_in_app_admin_delivery,8a3d4c7790976e73724c9f5f,execution-start-essay-workflow-essays-none,execution,start-essay-workflow,essays.none,info,/essays,Start your essay workspace,Essay drafts connect your profile to prompt-specific guidance and deadlines.,Start essays,in_app_readiness_surface|dashboard,redis_notification_feed|remote_push|email,profile-readiness:execution-start-essay-workflow-essays-none:8a3d4c7790976e73724c9f5f,User has at least one essay draft or prompt selection,,
user_prompt,ready_for_in_app_admin_delivery,eed7dc5c15f1752dc5039930,execution-start-essay-workflow-essays-none,execution,start-essay-workflow,essays.none,info,/essays,Start your essay workspace,Essay drafts connect your profile to prompt-specific guidance and deadlines.,Start essays,in_app_readiness_surface|dashboard,redis_notification_feed|remote_push|email,profile-readiness:execution-start-essay-workflow-essays-none:eed7dc5c15f1752dc5039930,User has at least one essay draft or prompt selection,,
user_prompt,ready_for_in_app_admin_delivery,2bcb764b588cb54483f66c69,execution-start-essay-workflow-essays-none,execution,start-essay-workflow,essays.none,info,/essays,Start your essay workspace,Essay drafts connect your profile to prompt-specific guidance and deadlines.,Start essays,in_app_readiness_surface|dashboard,redis_notification_feed|remote_push|email,profile-readiness:execution-start-essay-workflow-essays-none:2bcb764b588cb54483f66c69,User has at least one essay draft or prompt selection,,
user_prompt,ready_for_in_app_admin_delivery,44ea289861f8179dd3f4d87f,execution-start-essay-workflow-essays-none,execution,start-essay-workflow,essays.none,info,/essays,Start your essay workspace,Essay drafts connect your profile to prompt-specific guidance and deadlines.,Start essays,in_app_readiness_surface|dashboard,redis_notification_feed|remote_push|email,profile-readiness:execution-start-essay-workflow-essays-none:44ea289861f8179dd3f4d87f,User has at least one essay draft or prompt selection,,
user_prompt,ready_for_in_app_admin_delivery,0acc818e9f51ef1b0b8ffb0e,execution-start-essay-workflow-essays-none,execution,start-essay-workflow,essays.none,info,/essays,Start your essay workspace,Essay drafts connect your profile to prompt-specific guidance and deadlines.,Start essays,in_app_readiness_surface|dashboard,redis_notification_feed|remote_push|email,profile-readiness:execution-start-essay-workflow-essays-none:0acc818e9f51ef1b0b8ffb0e,User has at least one essay draft or prompt selection,,
user_prompt,ready_for_in_app_admin_delivery,637bad0b90f9f2c7074ca055,execution-start-essay-workflow-essays-none,execution,start-essay-workflow,essays.none,info,/essays,Start your essay workspace,Essay drafts connect your profile to prompt-specific guidance and deadlines.,Start essays,in_app_readiness_surface|dashboard,redis_notification_feed|remote_push|email,profile-readiness:execution-start-essay-workflow-essays-none:637bad0b90f9f2c7074ca055,User has at least one essay draft or prompt selection,,
user_prompt,ready_for_in_app_admin_delivery,8da46db52724f8d1d3746feb,execution-start-essay-workflow-essays-none,execution,start-essay-workflow,essays.none,info,/essays,Start your essay workspace,Essay drafts connect your profile to prompt-specific guidance and deadlines.,Start essays,in_app_readiness_surface|dashboard,redis_notification_feed|remote_push|email,profile-readiness:execution-start-essay-workflow-essays-none:8da46db52724f8d1d3746feb,User has at least one essay draft or prompt selection,,
user_prompt,ready_for_in_app_admin_delivery,d6cf7e3aed80d9218be2893c,execution-start-essay-workflow-essays-none,execution,start-essay-workflow,essays.none,info,/essays,Start your essay workspace,Essay drafts connect your profile to prompt-specific guidance and deadlines.,Start essays,in_app_readiness_surface|dashboard,redis_notification_feed|remote_push|email,profile-readiness:execution-start-essay-workflow-essays-none:d6cf7e3aed80d9218be2893c,User has at least one essay draft or prompt selection,,
user_prompt,ready_for_in_app_admin_delivery,e18bea3d5f053111d4dcb5c1,execution-start-essay-workflow-essays-none,execution,start-essay-workflow,essays.none,info,/essays,Start your essay workspace,Essay drafts connect your profile to prompt-specific guidance and deadlines.,Start essays,in_app_readiness_surface|dashboard,redis_notification_feed|remote_push|email,profile-readiness:execution-start-essay-workflow-essays-none:e18bea3d5f053111d4dcb5c1,User has at least one essay draft or prompt selection,,
user_prompt,ready_for_in_app_admin_delivery,6a3e9991e41506fb51596fc5,execution-start-essay-workflow-essays-none,execution,start-essay-workflow,essays.none,info,/essays,Start your essay workspace,Essay drafts connect your profile to prompt-specific guidance and deadlines.,Start essays,in_app_readiness_surface|dashboard,redis_notification_feed|remote_push|email,profile-readiness:execution-start-essay-workflow-essays-none:6a3e9991e41506fb51596fc5,User has at least one essay draft or prompt selection,,
user_prompt,ready_for_in_app_admin_delivery,2864a3748d885dc103de4819,execution-start-essay-workflow-essays-none,execution,start-essay-workflow,essays.none,info,/essays,Start your essay workspace,Essay drafts connect your profile to prompt-specific guidance and deadlines.,Start essays,in_app_readiness_surface|dashboard,redis_notification_feed|remote_push|email,profile-readiness:execution-start-essay-workflow-essays-none:2864a3748d885dc103de4819,User has at least one essay draft or prompt selection,,
user_prompt,ready_for_in_app_admin_delivery,3e9d46eb289214be984cfcb3,execution-start-essay-workflow-essays-none,execution,start-essay-workflow,essays.none,info,/essays,Start your essay workspace,Essay drafts connect your profile to prompt-specific guidance and deadlines.,Start essays,in_app_readiness_surface|dashboard,redis_notification_feed|remote_push|email,profile-readiness:execution-start-essay-workflow-essays-none:3e9d46eb289214be984cfcb3,User has at least one essay draft or prompt selection,,
user_prompt,ready_for_in_app_admin_delivery,26ebb0fdca5f016b883f9463,execution-start-essay-workflow-essays-none,execution,start-essay-workflow,essays.none,info,/essays,Start your essay workspace,Essay drafts connect your profile to prompt-specific guidance and deadlines.,Start essays,in_app_readiness_surface|dashboard,redis_notification_feed|remote_push|email,profile-readiness:execution-start-essay-workflow-essays-none:26ebb0fdca5f016b883f9463,User has at least one essay draft or prompt selection,,
user_prompt,ready_for_in_app_admin_delivery,e7981546f11cd0626b258b07,execution-start-essay-workflow-essays-none,execution,start-essay-workflow,essays.none,info,/essays,Start your essay workspace,Essay drafts connect your profile to prompt-specific guidance and deadlines.,Start essays,in_app_readiness_surface|dashboard,redis_notification_feed|remote_push|email,profile-readiness:execution-start-essay-workflow-essays-none:e7981546f11cd0626b258b07,User has at least one essay draft or prompt selection,,
user_prompt,ready_for_in_app_admin_delivery,c7da09dc58ad5b3825561898,execution-start-essay-workflow-essays-none,execution,start-essay-workflow,essays.none,info,/essays,Start your essay workspace,Essay drafts connect your profile to prompt-specific guidance and deadlines.,Start essays,in_app_readiness_surface|dashboard,redis_notification_feed|remote_push|email,profile-readiness:execution-start-essay-workflow-essays-none:c7da09dc58ad5b3825561898,User has at least one essay draft or prompt selection,,
user_prompt,ready_for_in_app_admin_delivery,bab02da3e5cb2ce7d88b0c37,execution-start-essay-workflow-essays-none,execution,start-essay-workflow,essays.none,info,/essays,Start your essay workspace,Essay drafts connect your profile to prompt-specific guidance and deadlines.,Start essays,in_app_readiness_surface|dashboard,redis_notification_feed|remote_push|email,profile-readiness:execution-start-essay-workflow-essays-none:bab02da3e5cb2ce7d88b0c37,User has at least one essay draft or prompt selection,,
user_prompt,ready_for_in_app_admin_delivery,a965921febcf363e5ae0ac2c,execution-start-essay-workflow-essays-none,execution,start-essay-workflow,essays.none,info,/essays,Start your essay workspace,Essay drafts connect your profile to prompt-specific guidance and deadlines.,Start essays,in_app_readiness_surface|dashboard,redis_notification_feed|remote_push|email,profile-readiness:execution-start-essay-workflow-essays-none:a965921febcf363e5ae0ac2c,User has at least one essay draft or prompt selection,,
user_prompt,ready_for_in_app_admin_delivery,a984290eabbd2c8f092907bd,execution-start-essay-workflow-essays-none,execution,start-essay-workflow,essays.none,info,/essays,Start your essay workspace,Essay drafts connect your profile to prompt-specific guidance and deadlines.,Start essays,in_app_readiness_surface|dashboard,redis_notification_feed|remote_push|email,profile-readiness:execution-start-essay-workflow-essays-none:a984290eabbd2c8f092907bd,User has at least one essay draft or prompt selection,,
user_prompt,ready_for_in_app_admin_delivery,e57367b80b07216d4a3fff25,execution-start-essay-workflow-essays-none,execution,start-essay-workflow,essays.none,info,/essays,Start your essay workspace,Essay drafts connect your profile to prompt-specific guidance and deadlines.,Start essays,in_app_readiness_surface|dashboard,redis_notification_feed|remote_push|email,profile-readiness:execution-start-essay-workflow-essays-none:e57367b80b07216d4a3fff25,User has at least one essay draft or prompt selection,,
user_prompt,ready_for_in_app_admin_delivery,96dca178277d81ffa84a5a32,execution-start-essay-workflow-essays-none,execution,start-essay-workflow,essays.none,info,/essays,Start your essay workspace,Essay drafts connect your profile to prompt-specific guidance and deadlines.,Start essays,in_app_readiness_surface|dashboard,redis_notification_feed|remote_push|email,profile-readiness:execution-start-essay-workflow-essays-none:96dca178277d81ffa84a5a32,User has at least one essay draft or prompt selection,,
user_prompt,ready_for_in_app_admin_delivery,b0d6d8e94e3adb14f41f257f,execution-start-essay-workflow-essays-none,execution,start-essay-workflow,essays.none,info,/essays,Start your essay workspace,Essay drafts connect your profile to prompt-specific guidance and deadlines.,Start essays,in_app_readiness_surface|dashboard,redis_notification_feed|remote_push|email,profile-readiness:execution-start-essay-workflow-essays-none:b0d6d8e94e3adb14f41f257f,User has at least one essay draft or prompt selection,,
user_prompt,ready_for_in_app_admin_delivery,12be8b4e94faa0c268dd0531,execution-start-essay-workflow-essays-none,execution,start-essay-workflow,essays.none,info,/essays,Start your essay workspace,Essay drafts connect your profile to prompt-specific guidance and deadlines.,Start essays,in_app_readiness_surface|dashboard,redis_notification_feed|remote_push|email,profile-readiness:execution-start-essay-workflow-essays-none:12be8b4e94faa0c268dd0531,User has at least one essay draft or prompt selection,,
user_prompt,ready_for_in_app_admin_delivery,2ad8d10cb5029fa5c4e0488c,execution-start-essay-workflow-essays-none,execution,start-essay-workflow,essays.none,info,/essays,Start your essay workspace,Essay drafts connect your profile to prompt-specific guidance and deadlines.,Start essays,in_app_readiness_surface|dashboard,redis_notification_feed|remote_push|email,profile-readiness:execution-start-essay-workflow-essays-none:2ad8d10cb5029fa5c4e0488c,User has at least one essay draft or prompt selection,,
user_prompt,ready_for_in_app_admin_delivery,b16d92abe720be4fd0dcf1ec,execution-start-essay-workflow-essays-none,execution,start-essay-workflow,essays.none,info,/essays,Start your essay workspace,Essay drafts connect your profile to prompt-specific guidance and deadlines.,Start essays,in_app_readiness_surface|dashboard,redis_notification_feed|remote_push|email,profile-readiness:execution-start-essay-workflow-essays-none:b16d92abe720be4fd0dcf1ec,User has at least one essay draft or prompt selection,,
user_prompt,ready_for_in_app_admin_delivery,bde55378701e492b8f94820f,execution-start-essay-workflow-essays-none,execution,start-essay-workflow,essays.none,info,/essays,Start your essay workspace,Essay drafts connect your profile to prompt-specific guidance and deadlines.,Start essays,in_app_readiness_surface|dashboard,redis_notification_feed|remote_push|email,profile-readiness:execution-start-essay-workflow-essays-none:bde55378701e492b8f94820f,User has at least one essay draft or prompt selection,,
user_prompt,ready_for_in_app_admin_delivery,153e9405da19c8f1d8e74047,execution-start-essay-workflow-essays-none,execution,start-essay-workflow,essays.none,info,/essays,Start your essay workspace,Essay drafts connect your profile to prompt-specific guidance and deadlines.,Start essays,in_app_readiness_surface|dashboard,redis_notification_feed|remote_push|email,profile-readiness:execution-start-essay-workflow-essays-none:153e9405da19c8f1d8e74047,User has at least one essay draft or prompt selection,,
user_prompt,ready_for_in_app_admin_delivery,be7ec8fab6042ab022e3c7f2,execution-start-essay-workflow-essays-none,execution,start-essay-workflow,essays.none,info,/essays,Start your essay workspace,Essay drafts connect your profile to prompt-specific guidance and deadlines.,Start essays,in_app_readiness_surface|dashboard,redis_notification_feed|remote_push|email,profile-readiness:execution-start-essay-workflow-essays-none:be7ec8fab6042ab022e3c7f2,User has at least one essay draft or prompt selection,,
user_prompt,ready_for_in_app_admin_delivery,b210a22f55a2b9a17042dce8,execution-start-essay-workflow-essays-none,execution,start-essay-workflow,essays.none,info,/essays,Start your essay workspace,Essay drafts connect your profile to prompt-specific guidance and deadlines.,Start essays,in_app_readiness_surface|dashboard,redis_notification_feed|remote_push|email,profile-readiness:execution-start-essay-workflow-essays-none:b210a22f55a2b9a17042dce8,User has at least one essay draft or prompt selection,,
user_prompt,ready_for_in_app_admin_delivery,0e6ed74ef269ac93ac25401a,execution-start-essay-workflow-essays-none,execution,start-essay-workflow,essays.none,info,/essays,Start your essay workspace,Essay drafts connect your profile to prompt-specific guidance and deadlines.,Start essays,in_app_readiness_surface|dashboard,redis_notification_feed|remote_push|email,profile-readiness:execution-start-essay-workflow-essays-none:0e6ed74ef269ac93ac25401a,User has at least one essay draft or prompt selection,,
user_prompt,ready_for_in_app_admin_delivery,a2c6af72b61dd025bcad59e6,execution-start-essay-workflow-essays-none,execution,start-essay-workflow,essays.none,info,/essays,Start your essay workspace,Essay drafts connect your profile to prompt-specific guidance and deadlines.,Start essays,in_app_readiness_surface|dashboard,redis_notification_feed|remote_push|email,profile-readiness:execution-start-essay-workflow-essays-none:a2c6af72b61dd025bcad59e6,User has at least one essay draft or prompt selection,,
user_prompt,ready_for_in_app_admin_delivery,762ad54fcd7acd952288d3a3,execution-start-essay-workflow-essays-none,execution,start-essay-workflow,essays.none,info,/essays,Start your essay workspace,Essay drafts connect your profile to prompt-specific guidance and deadlines.,Start essays,in_app_readiness_surface|dashboard,redis_notification_feed|remote_push|email,profile-readiness:execution-start-essay-workflow-essays-none:762ad54fcd7acd952288d3a3,User has at least one essay draft or prompt selection,,
user_prompt,ready_for_in_app_admin_delivery,e4738e9f6099dbe3d9496339,execution-start-essay-workflow-essays-none,execution,start-essay-workflow,essays.none,info,/essays,Start your essay workspace,Essay drafts connect your profile to prompt-specific guidance and deadlines.,Start essays,in_app_readiness_surface|dashboard,redis_notification_feed|remote_push|email,profile-readiness:execution-start-essay-workflow-essays-none:e4738e9f6099dbe3d9496339,User has at least one essay draft or prompt selection,,
user_prompt,ready_for_in_app_admin_delivery,474d8949a3e5b09108ec3b81,execution-start-essay-workflow-essays-none,execution,start-essay-workflow,essays.none,info,/essays,Start your essay workspace,Essay drafts connect your profile to prompt-specific guidance and deadlines.,Start essays,in_app_readiness_surface|dashboard,redis_notification_feed|remote_push|email,profile-readiness:execution-start-essay-workflow-essays-none:474d8949a3e5b09108ec3b81,User has at least one essay draft or prompt selection,,
user_prompt,ready_for_in_app_admin_delivery,cdb3da9ea543a5c753ccfa0c,execution-start-essay-workflow-essays-none,execution,start-essay-workflow,essays.none,info,/essays,Start your essay workspace,Essay drafts connect your profile to prompt-specific guidance and deadlines.,Start essays,in_app_readiness_surface|dashboard,redis_notification_feed|remote_push|email,profile-readiness:execution-start-essay-workflow-essays-none:cdb3da9ea543a5c753ccfa0c,User has at least one essay draft or prompt selection,,
user_prompt,ready_for_in_app_admin_delivery,fc8f16b83985b967de426d3f,execution-start-essay-workflow-essays-none,execution,start-essay-workflow,essays.none,info,/essays,Start your essay workspace,Essay drafts connect your profile to prompt-specific guidance and deadlines.,Start essays,in_app_readiness_surface|dashboard,redis_notification_feed|remote_push|email,profile-readiness:execution-start-essay-workflow-essays-none:fc8f16b83985b967de426d3f,User has at least one essay draft or prompt selection,,
user_prompt,ready_for_in_app_admin_delivery,b0c80988e12081c77a12a149,execution-start-essay-workflow-essays-none,execution,start-essay-workflow,essays.none,info,/essays,Start your essay workspace,Essay drafts connect your profile to prompt-specific guidance and deadlines.,Start essays,in_app_readiness_surface|dashboard,redis_notification_feed|remote_push|email,profile-readiness:execution-start-essay-workflow-essays-none:b0c80988e12081c77a12a149,User has at least one essay draft or prompt selection,,
user_prompt,ready_for_in_app_admin_delivery,e8c4627e90dd0c86561a4211,execution-start-essay-workflow-essays-none,execution,start-essay-workflow,essays.none,info,/essays,Start your essay workspace,Essay drafts connect your profile to prompt-specific guidance and deadlines.,Start essays,in_app_readiness_surface|dashboard,redis_notification_feed|remote_push|email,profile-readiness:execution-start-essay-workflow-essays-none:e8c4627e90dd0c86561a4211,User has at least one essay draft or prompt selection,,
user_prompt,ready_for_in_app_admin_delivery,3a8e2922b759ef135c3d9f7e,execution-start-essay-workflow-essays-none,execution,start-essay-workflow,essays.none,info,/essays,Start your essay workspace,Essay drafts connect your profile to prompt-specific guidance and deadlines.,Start essays,in_app_readiness_surface|dashboard,redis_notification_feed|remote_push|email,profile-readiness:execution-start-essay-workflow-essays-none:3a8e2922b759ef135c3d9f7e,User has at least one essay draft or prompt selection,,
user_prompt,ready_for_in_app_admin_delivery,924f93d3f6ffe9ccc9df7305,execution-start-essay-workflow-essays-none,execution,start-essay-workflow,essays.none,info,/essays,Start your essay workspace,Essay drafts connect your profile to prompt-specific guidance and deadlines.,Start essays,in_app_readiness_surface|dashboard,redis_notification_feed|remote_push|email,profile-readiness:execution-start-essay-workflow-essays-none:924f93d3f6ffe9ccc9df7305,User has at least one essay draft or prompt selection,,
user_prompt,ready_for_in_app_admin_delivery,87bedf823aa46069dcbcb0af,execution-start-essay-workflow-essays-none,execution,start-essay-workflow,essays.none,info,/essays,Start your essay workspace,Essay drafts connect your profile to prompt-specific guidance and deadlines.,Start essays,in_app_readiness_surface|dashboard,redis_notification_feed|remote_push|email,profile-readiness:execution-start-essay-workflow-essays-none:87bedf823aa46069dcbcb0af,User has at least one essay draft or prompt selection,,
user_prompt,ready_for_in_app_admin_delivery,bf916380c8f762a7e70e53ff,execution-start-essay-workflow-essays-none,execution,start-essay-workflow,essays.none,info,/essays,Start your essay workspace,Essay drafts connect your profile to prompt-specific guidance and deadlines.,Start essays,in_app_readiness_surface|dashboard,redis_notification_feed|remote_push|email,profile-readiness:execution-start-essay-workflow-essays-none:bf916380c8f762a7e70e53ff,User has at least one essay draft or prompt selection,,
user_prompt,ready_for_in_app_admin_delivery,31ae86e25c7cd2d9507ef83b,execution-start-essay-workflow-essays-none,execution,start-essay-workflow,essays.none,info,/essays,Start your essay workspace,Essay drafts connect your profile to prompt-specific guidance and deadlines.,Start essays,in_app_readiness_surface|dashboard,redis_notification_feed|remote_push|email,profile-readiness:execution-start-essay-workflow-essays-none:31ae86e25c7cd2d9507ef83b,User has at least one essay draft or prompt selection,,
user_prompt,ready_for_in_app_admin_delivery,be55ccf9aec7954921b58ed6,execution-start-essay-workflow-essays-none,execution,start-essay-workflow,essays.none,info,/essays,Start your essay workspace,Essay drafts connect your profile to prompt-specific guidance and deadlines.,Start essays,in_app_readiness_surface|dashboard,redis_notification_feed|remote_push|email,profile-readiness:execution-start-essay-workflow-essays-none:be55ccf9aec7954921b58ed6,User has at least one essay draft or prompt selection,,
user_prompt,ready_for_in_app_admin_delivery,1625eaac5e2f519a41d415dd,execution-start-essay-workflow-essays-none,execution,start-essay-workflow,essays.none,info,/essays,Start your essay workspace,Essay drafts connect your profile to prompt-specific guidance and deadlines.,Start essays,in_app_readiness_surface|dashboard,redis_notification_feed|remote_push|email,profile-readiness:execution-start-essay-workflow-essays-none:1625eaac5e2f519a41d415dd,User has at least one essay draft or prompt selection,,
user_prompt,ready_for_in_app_admin_delivery,9f61348ce777b016003bfed2,execution-start-essay-workflow-essays-none,execution,start-essay-workflow,essays.none,info,/essays,Start your essay workspace,Essay drafts connect your profile to prompt-specific guidance and deadlines.,Start essays,in_app_readiness_surface|dashboard,redis_notification_feed|remote_push|email,profile-readiness:execution-start-essay-workflow-essays-none:9f61348ce777b016003bfed2,User has at least one essay draft or prompt selection,,
user_prompt,ready_for_in_app_admin_delivery,c7acaf6bdb242425516cdea2,execution-start-essay-workflow-essays-none,execution,start-essay-workflow,essays.none,info,/essays,Start your essay workspace,Essay drafts connect your profile to prompt-specific guidance and deadlines.,Start essays,in_app_readiness_surface|dashboard,redis_notification_feed|remote_push|email,profile-readiness:execution-start-essay-workflow-essays-none:c7acaf6bdb242425516cdea2,User has at least one essay draft or prompt selection,,
user_prompt,ready_for_in_app_admin_delivery,460a1b39d0a0bbf719ccd42e,execution-start-essay-workflow-essays-none,execution,start-essay-workflow,essays.none,info,/essays,Start your essay workspace,Essay drafts connect your profile to prompt-specific guidance and deadlines.,Start essays,in_app_readiness_surface|dashboard,redis_notification_feed|remote_push|email,profile-readiness:execution-start-essay-workflow-essays-none:460a1b39d0a0bbf719ccd42e,User has at least one essay draft or prompt selection,,
user_prompt,ready_for_in_app_admin_delivery,2469297d61ae15809a5a0bad,execution-start-essay-workflow-essays-none,execution,start-essay-workflow,essays.none,info,/essays,Start your essay workspace,Essay drafts connect your profile to prompt-specific guidance and deadlines.,Start essays,in_app_readiness_surface|dashboard,redis_notification_feed|remote_push|email,profile-readiness:execution-start-essay-workflow-essays-none:2469297d61ae15809a5a0bad,User has at least one essay draft or prompt selection,,
user_prompt,ready_for_in_app_admin_delivery,24b9b75b5aa5af21078930b1,execution-start-essay-workflow-essays-none,execution,start-essay-workflow,essays.none,info,/essays,Start your essay workspace,Essay drafts connect your profile to prompt-specific guidance and deadlines.,Start essays,in_app_readiness_surface|dashboard,redis_notification_feed|remote_push|email,profile-readiness:execution-start-essay-workflow-essays-none:24b9b75b5aa5af21078930b1,User has at least one essay draft or prompt selection,,
user_prompt,ready_for_in_app_admin_delivery,96bb7725f80f2deb6d14aee8,execution-start-essay-workflow-essays-none,execution,start-essay-workflow,essays.none,info,/essays,Start your essay workspace,Essay drafts connect your profile to prompt-specific guidance and deadlines.,Start essays,in_app_readiness_surface|dashboard,redis_notification_feed|remote_push|email,profile-readiness:execution-start-essay-workflow-essays-none:96bb7725f80f2deb6d14aee8,User has at least one essay draft or prompt selection,,
user_prompt,ready_for_in_app_admin_delivery,62518ba44202e419939d7380,execution-start-essay-workflow-essays-none,execution,start-essay-workflow,essays.none,info,/essays,Start your essay workspace,Essay drafts connect your profile to prompt-specific guidance and deadlines.,Start essays,in_app_readiness_surface|dashboard,redis_notification_feed|remote_push|email,profile-readiness:execution-start-essay-workflow-essays-none:62518ba44202e419939d7380,User has at least one essay draft or prompt selection,,
user_prompt,ready_for_in_app_admin_delivery,12fab2f5592a0faa96fd9ea6,execution-start-essay-workflow-essays-none,execution,start-essay-workflow,essays.none,info,/essays,Start your essay workspace,Essay drafts connect your profile to prompt-specific guidance and deadlines.,Start essays,in_app_readiness_surface|dashboard,redis_notification_feed|remote_push|email,profile-readiness:execution-start-essay-workflow-essays-none:12fab2f5592a0faa96fd9ea6,User has at least one essay draft or prompt selection,,
user_prompt,ready_for_in_app_admin_delivery,07336775ec557556d6ec62db,execution-start-essay-workflow-essays-none,execution,start-essay-workflow,essays.none,info,/essays,Start your essay workspace,Essay drafts connect your profile to prompt-specific guidance and deadlines.,Start essays,in_app_readiness_surface|dashboard,redis_notification_feed|remote_push|email,profile-readiness:execution-start-essay-workflow-essays-none:07336775ec557556d6ec62db,User has at least one essay draft or prompt selection,,
user_prompt,ready_for_in_app_admin_delivery,dc870637f8d4f37ca4b13080,execution-start-essay-workflow-essays-none,execution,start-essay-workflow,essays.none,info,/essays,Start your essay workspace,Essay drafts connect your profile to prompt-specific guidance and deadlines.,Start essays,in_app_readiness_surface|dashboard,redis_notification_feed|remote_push|email,profile-readiness:execution-start-essay-workflow-essays-none:dc870637f8d4f37ca4b13080,User has at least one essay draft or prompt selection,,
user_prompt,ready_for_in_app_admin_delivery,5b75b94cf2db494b630266ad,execution-start-essay-workflow-essays-none,execution,start-essay-workflow,essays.none,info,/essays,Start your essay workspace,Essay drafts connect your profile to prompt-specific guidance and deadlines.,Start essays,in_app_readiness_surface|dashboard,redis_notification_feed|remote_push|email,profile-readiness:execution-start-essay-workflow-essays-none:5b75b94cf2db494b630266ad,User has at least one essay draft or prompt selection,,
user_prompt,ready_for_in_app_admin_delivery,bfcccb6a551e4a8d50b973de,execution-start-essay-workflow-essays-none,execution,start-essay-workflow,essays.none,info,/essays,Start your essay workspace,Essay drafts connect your profile to prompt-specific guidance and deadlines.,Start essays,in_app_readiness_surface|dashboard,redis_notification_feed|remote_push|email,profile-readiness:execution-start-essay-workflow-essays-none:bfcccb6a551e4a8d50b973de,User has at least one essay draft or prompt selection,,
user_prompt,ready_for_in_app_admin_delivery,7db800770eb73da8832dd707,execution-start-essay-workflow-essays-none,execution,start-essay-workflow,essays.none,info,/essays,Start your essay workspace,Essay drafts connect your profile to prompt-specific guidance and deadlines.,Start essays,in_app_readiness_surface|dashboard,redis_notification_feed|remote_push|email,profile-readiness:execution-start-essay-workflow-essays-none:7db800770eb73da8832dd707,User has at least one essay draft or prompt selection,,
user_prompt,ready_for_in_app_admin_delivery,026b9edd82f92dd6ee9d5fd7,execution-start-essay-workflow-essays-none,execution,start-essay-workflow,essays.none,info,/essays,Start your essay workspace,Essay drafts connect your profile to prompt-specific guidance and deadlines.,Start essays,in_app_readiness_surface|dashboard,redis_notification_feed|remote_push|email,profile-readiness:execution-start-essay-workflow-essays-none:026b9edd82f92dd6ee9d5fd7,User has at least one essay draft or prompt selection,,
user_prompt,ready_for_in_app_admin_delivery,3654c572f6fbdd1467e6bb63,execution-start-essay-workflow-essays-none,execution,start-essay-workflow,essays.none,info,/essays,Start your essay workspace,Essay drafts connect your profile to prompt-specific guidance and deadlines.,Start essays,in_app_readiness_surface|dashboard,redis_notification_feed|remote_push|email,profile-readiness:execution-start-essay-workflow-essays-none:3654c572f6fbdd1467e6bb63,User has at least one essay draft or prompt selection,,
user_prompt,ready_for_in_app_admin_delivery,224ffa3dca1db08281b46e31,execution-start-essay-workflow-essays-none,execution,start-essay-workflow,essays.none,info,/essays,Start your essay workspace,Essay drafts connect your profile to prompt-specific guidance and deadlines.,Start essays,in_app_readiness_surface|dashboard,redis_notification_feed|remote_push|email,profile-readiness:execution-start-essay-workflow-essays-none:224ffa3dca1db08281b46e31,User has at least one essay draft or prompt selection,,
user_prompt,ready_for_in_app_admin_delivery,9062cc22dba829dc0b78d5c0,execution-start-essay-workflow-essays-none,execution,start-essay-workflow,essays.none,info,/essays,Start your essay workspace,Essay drafts connect your profile to prompt-specific guidance and deadlines.,Start essays,in_app_readiness_surface|dashboard,redis_notification_feed|remote_push|email,profile-readiness:execution-start-essay-workflow-essays-none:9062cc22dba829dc0b78d5c0,User has at least one essay draft or prompt selection,,
user_prompt,ready_for_in_app_admin_delivery,d4cee5b87e1ae49c97098ec9,execution-start-essay-workflow-essays-none,execution,start-essay-workflow,essays.none,info,/essays,Start your essay workspace,Essay drafts connect your profile to prompt-specific guidance and deadlines.,Start essays,in_app_readiness_surface|dashboard,redis_notification_feed|remote_push|email,profile-readiness:execution-start-essay-workflow-essays-none:d4cee5b87e1ae49c97098ec9,User has at least one essay draft or prompt selection,,
user_prompt,ready_for_in_app_admin_delivery,b06b8c942ca03b7f8343e1ab,execution-start-essay-workflow-essays-none,execution,start-essay-workflow,essays.none,info,/essays,Start your essay workspace,Essay drafts connect your profile to prompt-specific guidance and deadlines.,Start essays,in_app_readiness_surface|dashboard,redis_notification_feed|remote_push|email,profile-readiness:execution-start-essay-workflow-essays-none:b06b8c942ca03b7f8343e1ab,User has at least one essay draft or prompt selection,,
user_prompt,ready_for_in_app_admin_delivery,c46005f46a86567329a9b506,execution-start-essay-workflow-essays-none,execution,start-essay-workflow,essays.none,info,/essays,Start your essay workspace,Essay drafts connect your profile to prompt-specific guidance and deadlines.,Start essays,in_app_readiness_surface|dashboard,redis_notification_feed|remote_push|email,profile-readiness:execution-start-essay-workflow-essays-none:c46005f46a86567329a9b506,User has at least one essay draft or prompt selection,,
user_prompt,ready_for_in_app_admin_delivery,306394753611302d9dcc2614,execution-start-essay-workflow-essays-none,execution,start-essay-workflow,essays.none,info,/essays,Start your essay workspace,Essay drafts connect your profile to prompt-specific guidance and deadlines.,Start essays,in_app_readiness_surface|dashboard,redis_notification_feed|remote_push|email,profile-readiness:execution-start-essay-workflow-essays-none:306394753611302d9dcc2614,User has at least one essay draft or prompt selection,,
user_prompt,ready_for_in_app_admin_delivery,95e594b7481e10e5bbeab2ed,execution-start-essay-workflow-essays-none,execution,start-essay-workflow,essays.none,info,/essays,Start your essay workspace,Essay drafts connect your profile to prompt-specific guidance and deadlines.,Start essays,in_app_readiness_surface|dashboard,redis_notification_feed|remote_push|email,profile-readiness:execution-start-essay-workflow-essays-none:95e594b7481e10e5bbeab2ed,User has at least one essay draft or prompt selection,,
user_prompt,ready_for_in_app_admin_delivery,d19670c353690659b32ceffa,execution-start-essay-workflow-essays-none,execution,start-essay-workflow,essays.none,info,/essays,Start your essay workspace,Essay drafts connect your profile to prompt-specific guidance and deadlines.,Start essays,in_app_readiness_surface|dashboard,redis_notification_feed|remote_push|email,profile-readiness:execution-start-essay-workflow-essays-none:d19670c353690659b32ceffa,User has at least one essay draft or prompt selection,,
user_prompt,ready_for_in_app_admin_delivery,b6c285440b15a597cd93436e,execution-start-essay-workflow-essays-none,execution,start-essay-workflow,essays.none,info,/essays,Start your essay workspace,Essay drafts connect your profile to prompt-specific guidance and deadlines.,Start essays,in_app_readiness_surface|dashboard,redis_notification_feed|remote_push|email,profile-readiness:execution-start-essay-workflow-essays-none:b6c285440b15a597cd93436e,User has at least one essay draft or prompt selection,,
user_prompt,ready_for_in_app_admin_delivery,9e2e8a7efd09e33207efd57e,execution-start-essay-workflow-essays-none,execution,start-essay-workflow,essays.none,info,/essays,Start your essay workspace,Essay drafts connect your profile to prompt-specific guidance and deadlines.,Start essays,in_app_readiness_surface|dashboard,redis_notification_feed|remote_push|email,profile-readiness:execution-start-essay-workflow-essays-none:9e2e8a7efd09e33207efd57e,User has at least one essay draft or prompt selection,,
user_prompt,ready_for_in_app_admin_delivery,12d90bcc183001cc67077b5c,execution-start-essay-workflow-essays-prompt-link-missing,execution,start-essay-workflow,essays.prompt_link_missing,info,/essays,Link essays to prompts,Prompt links keep essay work connected to each school's current requirements.,Review essays,in_app_readiness_surface|dashboard,redis_notification_feed|remote_push|email,profile-readiness:execution-start-essay-workflow-essays-prompt-link-missing:12d90bcc183001cc67077b5c,Essay drafts are linked to prompt records,,
user_prompt,ready_for_in_app_admin_delivery,bd21a66a08af7179cdf51827,execution-start-essay-workflow-essays-prompt-link-missing,execution,start-essay-workflow,essays.prompt_link_missing,info,/essays,Link essays to prompts,Prompt links keep essay work connected to each school's current requirements.,Review essays,in_app_readiness_surface|dashboard,redis_notification_feed|remote_push|email,profile-readiness:execution-start-essay-workflow-essays-prompt-link-missing:bd21a66a08af7179cdf51827,Essay drafts are linked to prompt records,,
user_prompt,ready_for_in_app_admin_delivery,3440fa1395a6c4f2ebb71417,execution-start-essay-workflow-essays-prompt-link-missing,execution,start-essay-workflow,essays.prompt_link_missing,info,/essays,Link essays to prompts,Prompt links keep essay work connected to each school's current requirements.,Review essays,in_app_readiness_surface|dashboard,redis_notification_feed|remote_push|email,profile-readiness:execution-start-essay-workflow-essays-prompt-link-missing:3440fa1395a6c4f2ebb71417,Essay drafts are linked to prompt records,,
user_prompt,ready_for_in_app_admin_delivery,6db2dfd1997c5a7abf5ead14,execution-start-essay-workflow-essays-prompt-link-missing,execution,start-essay-workflow,essays.prompt_link_missing,info,/essays,Link essays to prompts,Prompt links keep essay work connected to each school's current requirements.,Review essays,in_app_readiness_surface|dashboard,redis_notification_feed|remote_push|email,profile-readiness:execution-start-essay-workflow-essays-prompt-link-missing:6db2dfd1997c5a7abf5ead14,Essay drafts are linked to prompt records,,
user_prompt,ready_for_in_app_admin_delivery,1d4ae02072c05da1e61eef12,execution-start-essay-workflow-essays-prompt-link-missing,execution,start-essay-workflow,essays.prompt_link_missing,info,/essays,Link essays to prompts,Prompt links keep essay work connected to each school's current requirements.,Review essays,in_app_readiness_surface|dashboard,redis_notification_feed|remote_push|email,profile-readiness:execution-start-essay-workflow-essays-prompt-link-missing:1d4ae02072c05da1e61eef12,Essay drafts are linked to prompt records,,
user_prompt,ready_for_in_app_admin_delivery,54deda6071b6929b8aaf9012,execution-add-recommendation-letters-recommendation-letters-min-submitted,execution,add-recommendation-letters,recommendation_letters.min_submitted,info,/profile?tab=recommendations,Track recommendation letters,Recommendation status helps application readiness reflect what is still outstanding.,Review letters,in_app_readiness_surface|dashboard,redis_notification_feed|remote_push|email,profile-readiness:execution-add-recommendation-letters-recommendation-letters-min-submitted:54deda6071b6929b8aaf9012,Recommendation letter count meets readiness threshold,,
user_prompt,ready_for_in_app_admin_delivery,bcbbfbdd0ed7212eac0f9acb,execution-add-recommendation-letters-recommendation-letters-min-submitted,execution,add-recommendation-letters,recommendation_letters.min_submitted,info,/profile?tab=recommendations,Track recommendation letters,Recommendation status helps application readiness reflect what is still outstanding.,Review letters,in_app_readiness_surface|dashboard,redis_notification_feed|remote_push|email,profile-readiness:execution-add-recommendation-letters-recommendation-letters-min-submitted:bcbbfbdd0ed7212eac0f9acb,Recommendation letter count meets readiness threshold,,
user_prompt,ready_for_in_app_admin_delivery,2b76b871ca465655cbbacaca,execution-add-recommendation-letters-recommendation-letters-min-submitted,execution,add-recommendation-letters,recommendation_letters.min_submitted,info,/profile?tab=recommendations,Track recommendation letters,Recommendation status helps application readiness reflect what is still outstanding.,Review letters,in_app_readiness_surface|dashboard,redis_notification_feed|remote_push|email,profile-readiness:execution-add-recommendation-letters-recommendation-letters-min-submitted:2b76b871ca465655cbbacaca,Recommendation letter count meets readiness threshold,,
user_prompt,ready_for_in_app_admin_delivery,ee5859e5e75b862f47c24481,execution-add-recommendation-letters-recommendation-letters-min-submitted,execution,add-recommendation-letters,recommendation_letters.min_submitted,info,/profile?tab=recommendations,Track recommendation letters,Recommendation status helps application readiness reflect what is still outstanding.,Review letters,in_app_readiness_surface|dashboard,redis_notification_feed|remote_push|email,profile-readiness:execution-add-recommendation-letters-recommendation-letters-min-submitted:ee5859e5e75b862f47c24481,Recommendation letter count meets readiness threshold,,
user_prompt,ready_for_in_app_admin_delivery,0decde83c8c3b1eba5c4bcbe,execution-add-recommendation-letters-recommendation-letters-min-submitted,execution,add-recommendation-letters,recommendation_letters.min_submitted,info,/profile?tab=recommendations,Track recommendation letters,Recommendation status helps application readiness reflect what is still outstanding.,Review letters,in_app_readiness_surface|dashboard,redis_notification_feed|remote_push|email,profile-readiness:execution-add-recommendation-letters-recommendation-letters-min-submitted:0decde83c8c3b1eba5c4bcbe,Recommendation letter count meets readiness threshold,,
user_prompt,ready_for_in_app_admin_delivery,e143db79d9c485a460893ca5,execution-add-recommendation-letters-recommendation-letters-min-submitted,execution,add-recommendation-letters,recommendation_letters.min_submitted,info,/profile?tab=recommendations,Track recommendation letters,Recommendation status helps application readiness reflect what is still outstanding.,Review letters,in_app_readiness_surface|dashboard,redis_notification_feed|remote_push|email,profile-readiness:execution-add-recommendation-letters-recommendation-letters-min-submitted:e143db79d9c485a460893ca5,Recommendation letter count meets readiness threshold,,
user_prompt,ready_for_in_app_admin_delivery,19f17ffd8ca6cda6fb981237,execution-add-recommendation-letters-recommendation-letters-min-submitted,execution,add-recommendation-letters,recommendation_letters.min_submitted,info,/profile?tab=recommendations,Track recommendation letters,Recommendation status helps application readiness reflect what is still outstanding.,Review letters,in_app_readiness_surface|dashboard,redis_notification_feed|remote_push|email,profile-readiness:execution-add-recommendation-letters-recommendation-letters-min-submitted:19f17ffd8ca6cda6fb981237,Recommendation letter count meets readiness threshold,,
user_prompt,ready_for_in_app_admin_delivery,556e66a23d80e56fc6de4c70,execution-add-recommendation-letters-recommendation-letters-min-submitted,execution,add-recommendation-letters,recommendation_letters.min_submitted,info,/profile?tab=recommendations,Track recommendation letters,Recommendation status helps application readiness reflect what is still outstanding.,Review letters,in_app_readiness_surface|dashboard,redis_notification_feed|remote_push|email,profile-readiness:execution-add-recommendation-letters-recommendation-letters-min-submitted:556e66a23d80e56fc6de4c70,Recommendation letter count meets readiness threshold,,
user_prompt,ready_for_in_app_admin_delivery,161ae07fa8fcfd5b9c149e3a,execution-add-recommendation-letters-recommendation-letters-min-submitted,execution,add-recommendation-letters,recommendation_letters.min_submitted,info,/profile?tab=recommendations,Track recommendation letters,Recommendation status helps application readiness reflect what is still outstanding.,Review letters,in_app_readiness_surface|dashboard,redis_notification_feed|remote_push|email,profile-readiness:execution-add-recommendation-letters-recommendation-letters-min-submitted:161ae07fa8fcfd5b9c149e3a,Recommendation letter count meets readiness threshold,,
user_prompt,ready_for_in_app_admin_delivery,bbcc181196a5f49e7b7b5217,execution-add-recommendation-letters-recommendation-letters-min-submitted,execution,add-recommendation-letters,recommendation_letters.min_submitted,info,/profile?tab=recommendations,Track recommendation letters,Recommendation status helps application readiness reflect what is still outstanding.,Review letters,in_app_readiness_surface|dashboard,redis_notification_feed|remote_push|email,profile-readiness:execution-add-recommendation-letters-recommendation-letters-min-submitted:bbcc181196a5f49e7b7b5217,Recommendation letter count meets readiness threshold,,
user_prompt,ready_for_in_app_admin_delivery,2ad6a5c85738075faca4e660,execution-add-recommendation-letters-recommendation-letters-min-submitted,execution,add-recommendation-letters,recommendation_letters.min_submitted,info,/profile?tab=recommendations,Track recommendation letters,Recommendation status helps application readiness reflect what is still outstanding.,Review letters,in_app_readiness_surface|dashboard,redis_notification_feed|remote_push|email,profile-readiness:execution-add-recommendation-letters-recommendation-letters-min-submitted:2ad6a5c85738075faca4e660,Recommendation letter count meets readiness threshold,,
user_prompt,ready_for_in_app_admin_delivery,4f43b96ee5b22b7fd5680c21,execution-add-recommendation-letters-recommendation-letters-min-submitted,execution,add-recommendation-letters,recommendation_letters.min_submitted,info,/profile?tab=recommendations,Track recommendation letters,Recommendation status helps application readiness reflect what is still outstanding.,Review letters,in_app_readiness_surface|dashboard,redis_notification_feed|remote_push|email,profile-readiness:execution-add-recommendation-letters-recommendation-letters-min-submitted:4f43b96ee5b22b7fd5680c21,Recommendation letter count meets readiness threshold,,
user_prompt,ready_for_in_app_admin_delivery,c271fde2cf1b87f889ec0c16,execution-add-recommendation-letters-recommendation-letters-min-submitted,execution,add-recommendation-letters,recommendation_letters.min_submitted,info,/profile?tab=recommendations,Track recommendation letters,Recommendation status helps application readiness reflect what is still outstanding.,Review letters,in_app_readiness_surface|dashboard,redis_notification_feed|remote_push|email,profile-readiness:execution-add-recommendation-letters-recommendation-letters-min-submitted:c271fde2cf1b87f889ec0c16,Recommendation letter count meets readiness threshold,,
user_prompt,ready_for_in_app_admin_delivery,746bc9d4549c99352f08bdcf,execution-add-recommendation-letters-recommendation-letters-min-submitted,execution,add-recommendation-letters,recommendation_letters.min_submitted,info,/profile?tab=recommendations,Track recommendation letters,Recommendation status helps application readiness reflect what is still outstanding.,Review letters,in_app_readiness_surface|dashboard,redis_notification_feed|remote_push|email,profile-readiness:execution-add-recommendation-letters-recommendation-letters-min-submitted:746bc9d4549c99352f08bdcf,Recommendation letter count meets readiness threshold,,
user_prompt,ready_for_in_app_admin_delivery,b4d7837782707744792d2395,execution-add-recommendation-letters-recommendation-letters-min-submitted,execution,add-recommendation-letters,recommendation_letters.min_submitted,info,/profile?tab=recommendations,Track recommendation letters,Recommendation status helps application readiness reflect what is still outstanding.,Review letters,in_app_readiness_surface|dashboard,redis_notification_feed|remote_push|email,profile-readiness:execution-add-recommendation-letters-recommendation-letters-min-submitted:b4d7837782707744792d2395,Recommendation letter count meets readiness threshold,,
user_prompt,ready_for_in_app_admin_delivery,40e9414c98a1ebdf2dcad4cd,execution-add-recommendation-letters-recommendation-letters-min-submitted,execution,add-recommendation-letters,recommendation_letters.min_submitted,info,/profile?tab=recommendations,Track recommendation letters,Recommendation status helps application readiness reflect what is still outstanding.,Review letters,in_app_readiness_surface|dashboard,redis_notification_feed|remote_push|email,profile-readiness:execution-add-recommendation-letters-recommendation-letters-min-submitted:40e9414c98a1ebdf2dcad4cd,Recommendation letter count meets readiness threshold,,
user_prompt,ready_for_in_app_admin_delivery,b1fa79bf9c552d0d23893f4d,execution-add-recommendation-letters-recommendation-letters-min-submitted,execution,add-recommendation-letters,recommendation_letters.min_submitted,info,/profile?tab=recommendations,Track recommendation letters,Recommendation status helps application readiness reflect what is still outstanding.,Review letters,in_app_readiness_surface|dashboard,redis_notification_feed|remote_push|email,profile-readiness:execution-add-recommendation-letters-recommendation-letters-min-submitted:b1fa79bf9c552d0d23893f4d,Recommendation letter count meets readiness threshold,,
user_prompt,ready_for_in_app_admin_delivery,7eb6af9e5e76bffb19b076da,execution-add-recommendation-letters-recommendation-letters-min-submitted,execution,add-recommendation-letters,recommendation_letters.min_submitted,info,/profile?tab=recommendations,Track recommendation letters,Recommendation status helps application readiness reflect what is still outstanding.,Review letters,in_app_readiness_surface|dashboard,redis_notification_feed|remote_push|email,profile-readiness:execution-add-recommendation-letters-recommendation-letters-min-submitted:7eb6af9e5e76bffb19b076da,Recommendation letter count meets readiness threshold,,
user_prompt,ready_for_in_app_admin_delivery,0d718acf5447f81ecb074643,execution-add-recommendation-letters-recommendation-letters-min-submitted,execution,add-recommendation-letters,recommendation_letters.min_submitted,info,/profile?tab=recommendations,Track recommendation letters,Recommendation status helps application readiness reflect what is still outstanding.,Review letters,in_app_readiness_surface|dashboard,redis_notification_feed|remote_push|email,profile-readiness:execution-add-recommendation-letters-recommendation-letters-min-submitted:0d718acf5447f81ecb074643,Recommendation letter count meets readiness threshold,,
user_prompt,ready_for_in_app_admin_delivery,62054f9af3f742de36c2f85c,execution-add-recommendation-letters-recommendation-letters-min-submitted,execution,add-recommendation-letters,recommendation_letters.min_submitted,info,/profile?tab=recommendations,Track recommendation letters,Recommendation status helps application readiness reflect what is still outstanding.,Review letters,in_app_readiness_surface|dashboard,redis_notification_feed|remote_push|email,profile-readiness:execution-add-recommendation-letters-recommendation-letters-min-submitted:62054f9af3f742de36c2f85c,Recommendation letter count meets readiness threshold,,
user_prompt,ready_for_in_app_admin_delivery,9364ef9c662f3a639f68f056,execution-add-recommendation-letters-recommendation-letters-min-submitted,execution,add-recommendation-letters,recommendation_letters.min_submitted,info,/profile?tab=recommendations,Track recommendation letters,Recommendation status helps application readiness reflect what is still outstanding.,Review letters,in_app_readiness_surface|dashboard,redis_notification_feed|remote_push|email,profile-readiness:execution-add-recommendation-letters-recommendation-letters-min-submitted:9364ef9c662f3a639f68f056,Recommendation letter count meets readiness threshold,,
user_prompt,ready_for_in_app_admin_delivery,3a816c9b5433ae0aaf479ba7,execution-add-recommendation-letters-recommendation-letters-min-submitted,execution,add-recommendation-letters,recommendation_letters.min_submitted,info,/profile?tab=recommendations,Track recommendation letters,Recommendation status helps application readiness reflect what is still outstanding.,Review letters,in_app_readiness_surface|dashboard,redis_notification_feed|remote_push|email,profile-readiness:execution-add-recommendation-letters-recommendation-letters-min-submitted:3a816c9b5433ae0aaf479ba7,Recommendation letter count meets readiness threshold,,
user_prompt,ready_for_in_app_admin_delivery,3ee3cf435e4f83fb80edeb51,execution-add-recommendation-letters-recommendation-letters-min-submitted,execution,add-recommendation-letters,recommendation_letters.min_submitted,info,/profile?tab=recommendations,Track recommendation letters,Recommendation status helps application readiness reflect what is still outstanding.,Review letters,in_app_readiness_surface|dashboard,redis_notification_feed|remote_push|email,profile-readiness:execution-add-recommendation-letters-recommendation-letters-min-submitted:3ee3cf435e4f83fb80edeb51,Recommendation letter count meets readiness threshold,,
user_prompt,ready_for_in_app_admin_delivery,9c31e7076836e7c3e8c3b9e6,execution-add-recommendation-letters-recommendation-letters-min-submitted,execution,add-recommendation-letters,recommendation_letters.min_submitted,info,/profile?tab=recommendations,Track recommendation letters,Recommendation status helps application readiness reflect what is still outstanding.,Review letters,in_app_readiness_surface|dashboard,redis_notification_feed|remote_push|email,profile-readiness:execution-add-recommendation-letters-recommendation-letters-min-submitted:9c31e7076836e7c3e8c3b9e6,Recommendation letter count meets readiness threshold,,
user_prompt,ready_for_in_app_admin_delivery,700a98cbdc40e3ae03f7db21,execution-add-recommendation-letters-recommendation-letters-min-submitted,execution,add-recommendation-letters,recommendation_letters.min_submitted,info,/profile?tab=recommendations,Track recommendation letters,Recommendation status helps application readiness reflect what is still outstanding.,Review letters,in_app_readiness_surface|dashboard,redis_notification_feed|remote_push|email,profile-readiness:execution-add-recommendation-letters-recommendation-letters-min-submitted:700a98cbdc40e3ae03f7db21,Recommendation letter count meets readiness threshold,,
user_prompt,ready_for_in_app_admin_delivery,350e3e61308a4fecf31d5265,execution-add-recommendation-letters-recommendation-letters-min-submitted,execution,add-recommendation-letters,recommendation_letters.min_submitted,info,/profile?tab=recommendations,Track recommendation letters,Recommendation status helps application readiness reflect what is still outstanding.,Review letters,in_app_readiness_surface|dashboard,redis_notification_feed|remote_push|email,profile-readiness:execution-add-recommendation-letters-recommendation-letters-min-submitted:350e3e61308a4fecf31d5265,Recommendation letter count meets readiness threshold,,
user_prompt,ready_for_in_app_admin_delivery,ee8d2acecabae8a094f78e72,execution-add-recommendation-letters-recommendation-letters-min-submitted,execution,add-recommendation-letters,recommendation_letters.min_submitted,info,/profile?tab=recommendations,Track recommendation letters,Recommendation status helps application readiness reflect what is still outstanding.,Review letters,in_app_readiness_surface|dashboard,redis_notification_feed|remote_push|email,profile-readiness:execution-add-recommendation-letters-recommendation-letters-min-submitted:ee8d2acecabae8a094f78e72,Recommendation letter count meets readiness threshold,,
user_prompt,ready_for_in_app_admin_delivery,60ae21cdcc0779c5d57fa893,execution-add-recommendation-letters-recommendation-letters-min-submitted,execution,add-recommendation-letters,recommendation_letters.min_submitted,info,/profile?tab=recommendations,Track recommendation letters,Recommendation status helps application readiness reflect what is still outstanding.,Review letters,in_app_readiness_surface|dashboard,redis_notification_feed|remote_push|email,profile-readiness:execution-add-recommendation-letters-recommendation-letters-min-submitted:60ae21cdcc0779c5d57fa893,Recommendation letter count meets readiness threshold,,
user_prompt,ready_for_in_app_admin_delivery,bd21a66a08af7179cdf51827,execution-add-recommendation-letters-recommendation-letters-min-submitted,execution,add-recommendation-letters,recommendation_letters.min_submitted,info,/profile?tab=recommendations,Track recommendation letters,Recommendation status helps application readiness reflect what is still outstanding.,Review letters,in_app_readiness_surface|dashboard,redis_notification_feed|remote_push|email,profile-readiness:execution-add-recommendation-letters-recommendation-letters-min-submitted:bd21a66a08af7179cdf51827,Recommendation letter count meets readiness threshold,,
user_prompt,ready_for_in_app_admin_delivery,3440fa1395a6c4f2ebb71417,execution-add-recommendation-letters-recommendation-letters-min-submitted,execution,add-recommendation-letters,recommendation_letters.min_submitted,info,/profile?tab=recommendations,Track recommendation letters,Recommendation status helps application readiness reflect what is still outstanding.,Review letters,in_app_readiness_surface|dashboard,redis_notification_feed|remote_push|email,profile-readiness:execution-add-recommendation-letters-recommendation-letters-min-submitted:3440fa1395a6c4f2ebb71417,Recommendation letter count meets readiness threshold,,
user_prompt,ready_for_in_app_admin_delivery,6db2dfd1997c5a7abf5ead14,execution-add-recommendation-letters-recommendation-letters-min-submitted,execution,add-recommendation-letters,recommendation_letters.min_submitted,info,/profile?tab=recommendations,Track recommendation letters,Recommendation status helps application readiness reflect what is still outstanding.,Review letters,in_app_readiness_surface|dashboard,redis_notification_feed|remote_push|email,profile-readiness:execution-add-recommendation-letters-recommendation-letters-min-submitted:6db2dfd1997c5a7abf5ead14,Recommendation letter count meets readiness threshold,,
user_prompt,ready_for_in_app_admin_delivery,97561a4e8ea441527f5b5cba,execution-add-recommendation-letters-recommendation-letters-min-submitted,execution,add-recommendation-letters,recommendation_letters.min_submitted,info,/profile?tab=recommendations,Track recommendation letters,Recommendation status helps application readiness reflect what is still outstanding.,Review letters,in_app_readiness_surface|dashboard,redis_notification_feed|remote_push|email,profile-readiness:execution-add-recommendation-letters-recommendation-letters-min-submitted:97561a4e8ea441527f5b5cba,Recommendation letter count meets readiness threshold,,
user_prompt,ready_for_in_app_admin_delivery,1d4ae02072c05da1e61eef12,execution-add-recommendation-letters-recommendation-letters-min-submitted,execution,add-recommendation-letters,recommendation_letters.min_submitted,info,/profile?tab=recommendations,Track recommendation letters,Recommendation status helps application readiness reflect what is still outstanding.,Review letters,in_app_readiness_surface|dashboard,redis_notification_feed|remote_push|email,profile-readiness:execution-add-recommendation-letters-recommendation-letters-min-submitted:1d4ae02072c05da1e61eef12,Recommendation letter count meets readiness threshold,,
user_prompt,ready_for_in_app_admin_delivery,d91461370b9bf48cd0077d58,execution-add-recommendation-letters-recommendation-letters-min-submitted,execution,add-recommendation-letters,recommendation_letters.min_submitted,info,/profile?tab=recommendations,Track recommendation letters,Recommendation status helps application readiness reflect what is still outstanding.,Review letters,in_app_readiness_surface|dashboard,redis_notification_feed|remote_push|email,profile-readiness:execution-add-recommendation-letters-recommendation-letters-min-submitted:d91461370b9bf48cd0077d58,Recommendation letter count meets readiness threshold,,
user_prompt,ready_for_in_app_admin_delivery,d0b7bcd4eb098c1de95c9244,execution-add-recommendation-letters-recommendation-letters-min-submitted,execution,add-recommendation-letters,recommendation_letters.min_submitted,info,/profile?tab=recommendations,Track recommendation letters,Recommendation status helps application readiness reflect what is still outstanding.,Review letters,in_app_readiness_surface|dashboard,redis_notification_feed|remote_push|email,profile-readiness:execution-add-recommendation-letters-recommendation-letters-min-submitted:d0b7bcd4eb098c1de95c9244,Recommendation letter count meets readiness threshold,,
user_prompt,ready_for_in_app_admin_delivery,8af2599c6426aee17e392808,execution-add-recommendation-letters-recommendation-letters-min-submitted,execution,add-recommendation-letters,recommendation_letters.min_submitted,info,/profile?tab=recommendations,Track recommendation letters,Recommendation status helps application readiness reflect what is still outstanding.,Review letters,in_app_readiness_surface|dashboard,redis_notification_feed|remote_push|email,profile-readiness:execution-add-recommendation-letters-recommendation-letters-min-submitted:8af2599c6426aee17e392808,Recommendation letter count meets readiness threshold,,
user_prompt,ready_for_in_app_admin_delivery,b16338de18bd3ea9490a922c,execution-add-recommendation-letters-recommendation-letters-min-submitted,execution,add-recommendation-letters,recommendation_letters.min_submitted,info,/profile?tab=recommendations,Track recommendation letters,Recommendation status helps application readiness reflect what is still outstanding.,Review letters,in_app_readiness_surface|dashboard,redis_notification_feed|remote_push|email,profile-readiness:execution-add-recommendation-letters-recommendation-letters-min-submitted:b16338de18bd3ea9490a922c,Recommendation letter count meets readiness threshold,,
user_prompt,ready_for_in_app_admin_delivery,2c109a0b6856445f718b6cc4,execution-add-recommendation-letters-recommendation-letters-min-submitted,execution,add-recommendation-letters,recommendation_letters.min_submitted,info,/profile?tab=recommendations,Track recommendation letters,Recommendation status helps application readiness reflect what is still outstanding.,Review letters,in_app_readiness_surface|dashboard,redis_notification_feed|remote_push|email,profile-readiness:execution-add-recommendation-letters-recommendation-letters-min-submitted:2c109a0b6856445f718b6cc4,Recommendation letter count meets readiness threshold,,
user_prompt,ready_for_in_app_admin_delivery,58f299953ccf1094f94211d2,execution-add-recommendation-letters-recommendation-letters-min-submitted,execution,add-recommendation-letters,recommendation_letters.min_submitted,info,/profile?tab=recommendations,Track recommendation letters,Recommendation status helps application readiness reflect what is still outstanding.,Review letters,in_app_readiness_surface|dashboard,redis_notification_feed|remote_push|email,profile-readiness:execution-add-recommendation-letters-recommendation-letters-min-submitted:58f299953ccf1094f94211d2,Recommendation letter count meets readiness threshold,,
user_prompt,ready_for_in_app_admin_delivery,b08f78a2c250836222a2ed7e,execution-add-recommendation-letters-recommendation-letters-min-submitted,execution,add-recommendation-letters,recommendation_letters.min_submitted,info,/profile?tab=recommendations,Track recommendation letters,Recommendation status helps application readiness reflect what is still outstanding.,Review letters,in_app_readiness_surface|dashboard,redis_notification_feed|remote_push|email,profile-readiness:execution-add-recommendation-letters-recommendation-letters-min-submitted:b08f78a2c250836222a2ed7e,Recommendation letter count meets readiness threshold,,
user_prompt,ready_for_in_app_admin_delivery,e35b0c6b5a8af24ddecf15b1,execution-add-recommendation-letters-recommendation-letters-min-submitted,execution,add-recommendation-letters,recommendation_letters.min_submitted,info,/profile?tab=recommendations,Track recommendation letters,Recommendation status helps application readiness reflect what is still outstanding.,Review letters,in_app_readiness_surface|dashboard,redis_notification_feed|remote_push|email,profile-readiness:execution-add-recommendation-letters-recommendation-letters-min-submitted:e35b0c6b5a8af24ddecf15b1,Recommendation letter count meets readiness threshold,,
user_prompt,ready_for_in_app_admin_delivery,af8e626ff7ecc5fffec5a83b,execution-add-recommendation-letters-recommendation-letters-min-submitted,execution,add-recommendation-letters,recommendation_letters.min_submitted,info,/profile?tab=recommendations,Track recommendation letters,Recommendation status helps application readiness reflect what is still outstanding.,Review letters,in_app_readiness_surface|dashboard,redis_notification_feed|remote_push|email,profile-readiness:execution-add-recommendation-letters-recommendation-letters-min-submitted:af8e626ff7ecc5fffec5a83b,Recommendation letter count meets readiness threshold,,
user_prompt,ready_for_in_app_admin_delivery,5635dbb88bfc845adb3c6c2d,execution-add-recommendation-letters-recommendation-letters-min-submitted,execution,add-recommendation-letters,recommendation_letters.min_submitted,info,/profile?tab=recommendations,Track recommendation letters,Recommendation status helps application readiness reflect what is still outstanding.,Review letters,in_app_readiness_surface|dashboard,redis_notification_feed|remote_push|email,profile-readiness:execution-add-recommendation-letters-recommendation-letters-min-submitted:5635dbb88bfc845adb3c6c2d,Recommendation letter count meets readiness threshold,,
user_prompt,ready_for_in_app_admin_delivery,08a357ecc96894482491cba4,execution-add-recommendation-letters-recommendation-letters-min-submitted,execution,add-recommendation-letters,recommendation_letters.min_submitted,info,/profile?tab=recommendations,Track recommendation letters,Recommendation status helps application readiness reflect what is still outstanding.,Review letters,in_app_readiness_surface|dashboard,redis_notification_feed|remote_push|email,profile-readiness:execution-add-recommendation-letters-recommendation-letters-min-submitted:08a357ecc96894482491cba4,Recommendation letter count meets readiness threshold,,
user_prompt,ready_for_in_app_admin_delivery,82be1f799b998791e0b4a42f,execution-add-recommendation-letters-recommendation-letters-min-submitted,execution,add-recommendation-letters,recommendation_letters.min_submitted,info,/profile?tab=recommendations,Track recommendation letters,Recommendation status helps application readiness reflect what is still outstanding.,Review letters,in_app_readiness_surface|dashboard,redis_notification_feed|remote_push|email,profile-readiness:execution-add-recommendation-letters-recommendation-letters-min-submitted:82be1f799b998791e0b4a42f,Recommendation letter count meets readiness threshold,,
user_prompt,ready_for_in_app_admin_delivery,d44f4c033bff279e6a7ecb7f,execution-add-recommendation-letters-recommendation-letters-min-submitted,execution,add-recommendation-letters,recommendation_letters.min_submitted,info,/profile?tab=recommendations,Track recommendation letters,Recommendation status helps application readiness reflect what is still outstanding.,Review letters,in_app_readiness_surface|dashboard,redis_notification_feed|remote_push|email,profile-readiness:execution-add-recommendation-letters-recommendation-letters-min-submitted:d44f4c033bff279e6a7ecb7f,Recommendation letter count meets readiness threshold,,
user_prompt,ready_for_in_app_admin_delivery,1721e7fd604c8c9cba7b29ee,execution-add-recommendation-letters-recommendation-letters-min-submitted,execution,add-recommendation-letters,recommendation_letters.min_submitted,info,/profile?tab=recommendations,Track recommendation letters,Recommendation status helps application readiness reflect what is still outstanding.,Review letters,in_app_readiness_surface|dashboard,redis_notification_feed|remote_push|email,profile-readiness:execution-add-recommendation-letters-recommendation-letters-min-submitted:1721e7fd604c8c9cba7b29ee,Recommendation letter count meets readiness threshold,,
user_prompt,ready_for_in_app_admin_delivery,aa77cfaf01d5f471651c731f,execution-add-recommendation-letters-recommendation-letters-min-submitted,execution,add-recommendation-letters,recommendation_letters.min_submitted,info,/profile?tab=recommendations,Track recommendation letters,Recommendation status helps application readiness reflect what is still outstanding.,Review letters,in_app_readiness_surface|dashboard,redis_notification_feed|remote_push|email,profile-readiness:execution-add-recommendation-letters-recommendation-letters-min-submitted:aa77cfaf01d5f471651c731f,Recommendation letter count meets readiness threshold,,
user_prompt,ready_for_in_app_admin_delivery,8182fd0a8ea90cbe07f9f5f3,execution-add-recommendation-letters-recommendation-letters-min-submitted,execution,add-recommendation-letters,recommendation_letters.min_submitted,info,/profile?tab=recommendations,Track recommendation letters,Recommendation status helps application readiness reflect what is still outstanding.,Review letters,in_app_readiness_surface|dashboard,redis_notification_feed|remote_push|email,profile-readiness:execution-add-recommendation-letters-recommendation-letters-min-submitted:8182fd0a8ea90cbe07f9f5f3,Recommendation letter count meets readiness threshold,,
user_prompt,ready_for_in_app_admin_delivery,8f76e29a0754e9147868ff48,execution-add-recommendation-letters-recommendation-letters-min-submitted,execution,add-recommendation-letters,recommendation_letters.min_submitted,info,/profile?tab=recommendations,Track recommendation letters,Recommendation status helps application readiness reflect what is still outstanding.,Review letters,in_app_readiness_surface|dashboard,redis_notification_feed|remote_push|email,profile-readiness:execution-add-recommendation-letters-recommendation-letters-min-submitted:8f76e29a0754e9147868ff48,Recommendation letter count meets readiness threshold,,
user_prompt,ready_for_in_app_admin_delivery,e49853bb7590d4fbc088e2ce,execution-add-recommendation-letters-recommendation-letters-min-submitted,execution,add-recommendation-letters,recommendation_letters.min_submitted,info,/profile?tab=recommendations,Track recommendation letters,Recommendation status helps application readiness reflect what is still outstanding.,Review letters,in_app_readiness_surface|dashboard,redis_notification_feed|remote_push|email,profile-readiness:execution-add-recommendation-letters-recommendation-letters-min-submitted:e49853bb7590d4fbc088e2ce,Recommendation letter count meets readiness threshold,,
user_prompt,ready_for_in_app_admin_delivery,ba75887eed7d741502c53c31,execution-add-recommendation-letters-recommendation-letters-min-submitted,execution,add-recommendation-letters,recommendation_letters.min_submitted,info,/profile?tab=recommendations,Track recommendation letters,Recommendation status helps application readiness reflect what is still outstanding.,Review letters,in_app_readiness_surface|dashboard,redis_notification_feed|remote_push|email,profile-readiness:execution-add-recommendation-letters-recommendation-letters-min-submitted:ba75887eed7d741502c53c31,Recommendation letter count meets readiness threshold,,
user_prompt,ready_for_in_app_admin_delivery,2f77ce3256c653a98a843922,execution-add-recommendation-letters-recommendation-letters-min-submitted,execution,add-recommendation-letters,recommendation_letters.min_submitted,info,/profile?tab=recommendations,Track recommendation letters,Recommendation status helps application readiness reflect what is still outstanding.,Review letters,in_app_readiness_surface|dashboard,redis_notification_feed|remote_push|email,profile-readiness:execution-add-recommendation-letters-recommendation-letters-min-submitted:2f77ce3256c653a98a843922,Recommendation letter count meets readiness threshold,,
user_prompt,ready_for_in_app_admin_delivery,39d82fb302892df916184722,execution-add-recommendation-letters-recommendation-letters-min-submitted,execution,add-recommendation-letters,recommendation_letters.min_submitted,info,/profile?tab=recommendations,Track recommendation letters,Recommendation status helps application readiness reflect what is still outstanding.,Review letters,in_app_readiness_surface|dashboard,redis_notification_feed|remote_push|email,profile-readiness:execution-add-recommendation-letters-recommendation-letters-min-submitted:39d82fb302892df916184722,Recommendation letter count meets readiness threshold,,
user_prompt,ready_for_in_app_admin_delivery,73a91be57fb9c7848ca2fc38,execution-add-recommendation-letters-recommendation-letters-min-submitted,execution,add-recommendation-letters,recommendation_letters.min_submitted,info,/profile?tab=recommendations,Track recommendation letters,Recommendation status helps application readiness reflect what is still outstanding.,Review letters,in_app_readiness_surface|dashboard,redis_notification_feed|remote_push|email,profile-readiness:execution-add-recommendation-letters-recommendation-letters-min-submitted:73a91be57fb9c7848ca2fc38,Recommendation letter count meets readiness threshold,,
user_prompt,ready_for_in_app_admin_delivery,b7c52e38fa597c4401a45a0d,execution-add-recommendation-letters-recommendation-letters-min-submitted,execution,add-recommendation-letters,recommendation_letters.min_submitted,info,/profile?tab=recommendations,Track recommendation letters,Recommendation status helps application readiness reflect what is still outstanding.,Review letters,in_app_readiness_surface|dashboard,redis_notification_feed|remote_push|email,profile-readiness:execution-add-recommendation-letters-recommendation-letters-min-submitted:b7c52e38fa597c4401a45a0d,Recommendation letter count meets readiness threshold,,
user_prompt,ready_for_in_app_admin_delivery,b6211d62f28ea1ac1fbf92f6,execution-add-recommendation-letters-recommendation-letters-min-submitted,execution,add-recommendation-letters,recommendation_letters.min_submitted,info,/profile?tab=recommendations,Track recommendation letters,Recommendation status helps application readiness reflect what is still outstanding.,Review letters,in_app_readiness_surface|dashboard,redis_notification_feed|remote_push|email,profile-readiness:execution-add-recommendation-letters-recommendation-letters-min-submitted:b6211d62f28ea1ac1fbf92f6,Recommendation letter count meets readiness threshold,,
user_prompt,ready_for_in_app_admin_delivery,51123683ff47579b1326d7e0,execution-add-recommendation-letters-recommendation-letters-min-submitted,execution,add-recommendation-letters,recommendation_letters.min_submitted,info,/profile?tab=recommendations,Track recommendation letters,Recommendation status helps application readiness reflect what is still outstanding.,Review letters,in_app_readiness_surface|dashboard,redis_notification_feed|remote_push|email,profile-readiness:execution-add-recommendation-letters-recommendation-letters-min-submitted:51123683ff47579b1326d7e0,Recommendation letter count meets readiness threshold,,
user_prompt,ready_for_in_app_admin_delivery,d623a290fc0c003872b7e51e,execution-add-recommendation-letters-recommendation-letters-min-submitted,execution,add-recommendation-letters,recommendation_letters.min_submitted,info,/profile?tab=recommendations,Track recommendation letters,Recommendation status helps application readiness reflect what is still outstanding.,Review letters,in_app_readiness_surface|dashboard,redis_notification_feed|remote_push|email,profile-readiness:execution-add-recommendation-letters-recommendation-letters-min-submitted:d623a290fc0c003872b7e51e,Recommendation letter count meets readiness threshold,,
user_prompt,ready_for_in_app_admin_delivery,d235bd129f743fb22c4ed3fd,execution-add-recommendation-letters-recommendation-letters-min-submitted,execution,add-recommendation-letters,recommendation_letters.min_submitted,info,/profile?tab=recommendations,Track recommendation letters,Recommendation status helps application readiness reflect what is still outstanding.,Review letters,in_app_readiness_surface|dashboard,redis_notification_feed|remote_push|email,profile-readiness:execution-add-recommendation-letters-recommendation-letters-min-submitted:d235bd129f743fb22c4ed3fd,Recommendation letter count meets readiness threshold,,
user_prompt,ready_for_in_app_admin_delivery,2532d98f34e1ac7c1659d8eb,execution-add-recommendation-letters-recommendation-letters-min-submitted,execution,add-recommendation-letters,recommendation_letters.min_submitted,info,/profile?tab=recommendations,Track recommendation letters,Recommendation status helps application readiness reflect what is still outstanding.,Review letters,in_app_readiness_surface|dashboard,redis_notification_feed|remote_push|email,profile-readiness:execution-add-recommendation-letters-recommendation-letters-min-submitted:2532d98f34e1ac7c1659d8eb,Recommendation letter count meets readiness threshold,,
user_prompt,ready_for_in_app_admin_delivery,80198917031fa524bd986f16,execution-add-recommendation-letters-recommendation-letters-min-submitted,execution,add-recommendation-letters,recommendation_letters.min_submitted,info,/profile?tab=recommendations,Track recommendation letters,Recommendation status helps application readiness reflect what is still outstanding.,Review letters,in_app_readiness_surface|dashboard,redis_notification_feed|remote_push|email,profile-readiness:execution-add-recommendation-letters-recommendation-letters-min-submitted:80198917031fa524bd986f16,Recommendation letter count meets readiness threshold,,
user_prompt,ready_for_in_app_admin_delivery,fb77434774ac9a3e30419226,execution-add-recommendation-letters-recommendation-letters-min-submitted,execution,add-recommendation-letters,recommendation_letters.min_submitted,info,/profile?tab=recommendations,Track recommendation letters,Recommendation status helps application readiness reflect what is still outstanding.,Review letters,in_app_readiness_surface|dashboard,redis_notification_feed|remote_push|email,profile-readiness:execution-add-recommendation-letters-recommendation-letters-min-submitted:fb77434774ac9a3e30419226,Recommendation letter count meets readiness threshold,,
user_prompt,ready_for_in_app_admin_delivery,f9fd9b821f5302c444105093,execution-add-recommendation-letters-recommendation-letters-min-submitted,execution,add-recommendation-letters,recommendation_letters.min_submitted,info,/profile?tab=recommendations,Track recommendation letters,Recommendation status helps application readiness reflect what is still outstanding.,Review letters,in_app_readiness_surface|dashboard,redis_notification_feed|remote_push|email,profile-readiness:execution-add-recommendation-letters-recommendation-letters-min-submitted:f9fd9b821f5302c444105093,Recommendation letter count meets readiness threshold,,
user_prompt,ready_for_in_app_admin_delivery,8ee4a43e09bd1fb564a3d07c,execution-add-recommendation-letters-recommendation-letters-min-submitted,execution,add-recommendation-letters,recommendation_letters.min_submitted,info,/profile?tab=recommendations,Track recommendation letters,Recommendation status helps application readiness reflect what is still outstanding.,Review letters,in_app_readiness_surface|dashboard,redis_notification_feed|remote_push|email,profile-readiness:execution-add-recommendation-letters-recommendation-letters-min-submitted:8ee4a43e09bd1fb564a3d07c,Recommendation letter count meets readiness threshold,,
user_prompt,ready_for_in_app_admin_delivery,1205c6fffa0d08b1c24f8aba,execution-add-recommendation-letters-recommendation-letters-min-submitted,execution,add-recommendation-letters,recommendation_letters.min_submitted,info,/profile?tab=recommendations,Track recommendation letters,Recommendation status helps application readiness reflect what is still outstanding.,Review letters,in_app_readiness_surface|dashboard,redis_notification_feed|remote_push|email,profile-readiness:execution-add-recommendation-letters-recommendation-letters-min-submitted:1205c6fffa0d08b1c24f8aba,Recommendation letter count meets readiness threshold,,
user_prompt,ready_for_in_app_admin_delivery,83e1e60cee3420e8a087ec65,execution-add-recommendation-letters-recommendation-letters-min-submitted,execution,add-recommendation-letters,recommendation_letters.min_submitted,info,/profile?tab=recommendations,Track recommendation letters,Recommendation status helps application readiness reflect what is still outstanding.,Review letters,in_app_readiness_surface|dashboard,redis_notification_feed|remote_push|email,profile-readiness:execution-add-recommendation-letters-recommendation-letters-min-submitted:83e1e60cee3420e8a087ec65,Recommendation letter count meets readiness threshold,,
user_prompt,ready_for_in_app_admin_delivery,4128eb49c7d66593fc377cf2,execution-add-recommendation-letters-recommendation-letters-min-submitted,execution,add-recommendation-letters,recommendation_letters.min_submitted,info,/profile?tab=recommendations,Track recommendation letters,Recommendation status helps application readiness reflect what is still outstanding.,Review letters,in_app_readiness_surface|dashboard,redis_notification_feed|remote_push|email,profile-readiness:execution-add-recommendation-letters-recommendation-letters-min-submitted:4128eb49c7d66593fc377cf2,Recommendation letter count meets readiness threshold,,
user_prompt,ready_for_in_app_admin_delivery,66bd62747c0c3780d93d5ac0,execution-add-recommendation-letters-recommendation-letters-min-submitted,execution,add-recommendation-letters,recommendation_letters.min_submitted,info,/profile?tab=recommendations,Track recommendation letters,Recommendation status helps application readiness reflect what is still outstanding.,Review letters,in_app_readiness_surface|dashboard,redis_notification_feed|remote_push|email,profile-readiness:execution-add-recommendation-letters-recommendation-letters-min-submitted:66bd62747c0c3780d93d5ac0,Recommendation letter count meets readiness threshold,,
user_prompt,ready_for_in_app_admin_delivery,387d5008ef0d61abbf0981c3,execution-add-recommendation-letters-recommendation-letters-min-submitted,execution,add-recommendation-letters,recommendation_letters.min_submitted,info,/profile?tab=recommendations,Track recommendation letters,Recommendation status helps application readiness reflect what is still outstanding.,Review letters,in_app_readiness_surface|dashboard,redis_notification_feed|remote_push|email,profile-readiness:execution-add-recommendation-letters-recommendation-letters-min-submitted:387d5008ef0d61abbf0981c3,Recommendation letter count meets readiness threshold,,
user_prompt,ready_for_in_app_admin_delivery,6e88e7843d84c8e4ac30d418,execution-add-recommendation-letters-recommendation-letters-min-submitted,execution,add-recommendation-letters,recommendation_letters.min_submitted,info,/profile?tab=recommendations,Track recommendation letters,Recommendation status helps application readiness reflect what is still outstanding.,Review letters,in_app_readiness_surface|dashboard,redis_notification_feed|remote_push|email,profile-readiness:execution-add-recommendation-letters-recommendation-letters-min-submitted:6e88e7843d84c8e4ac30d418,Recommendation letter count meets readiness threshold,,
user_prompt,ready_for_in_app_admin_delivery,85fc8cd917b074b9f364b19f,execution-add-recommendation-letters-recommendation-letters-min-submitted,execution,add-recommendation-letters,recommendation_letters.min_submitted,info,/profile?tab=recommendations,Track recommendation letters,Recommendation status helps application readiness reflect what is still outstanding.,Review letters,in_app_readiness_surface|dashboard,redis_notification_feed|remote_push|email,profile-readiness:execution-add-recommendation-letters-recommendation-letters-min-submitted:85fc8cd917b074b9f364b19f,Recommendation letter count meets readiness threshold,,
user_prompt,ready_for_in_app_admin_delivery,393497c7e1766899efccdd67,execution-add-recommendation-letters-recommendation-letters-min-submitted,execution,add-recommendation-letters,recommendation_letters.min_submitted,info,/profile?tab=recommendations,Track recommendation letters,Recommendation status helps application readiness reflect what is still outstanding.,Review letters,in_app_readiness_surface|dashboard,redis_notification_feed|remote_push|email,profile-readiness:execution-add-recommendation-letters-recommendation-letters-min-submitted:393497c7e1766899efccdd67,Recommendation letter count meets readiness threshold,,
user_prompt,ready_for_in_app_admin_delivery,c11c121accb370e23f27204f,execution-add-recommendation-letters-recommendation-letters-min-submitted,execution,add-recommendation-letters,recommendation_letters.min_submitted,info,/profile?tab=recommendations,Track recommendation letters,Recommendation status helps application readiness reflect what is still outstanding.,Review letters,in_app_readiness_surface|dashboard,redis_notification_feed|remote_push|email,profile-readiness:execution-add-recommendation-letters-recommendation-letters-min-submitted:c11c121accb370e23f27204f,Recommendation letter count meets readiness threshold,,
user_prompt,ready_for_in_app_admin_delivery,ec8c5627fc8e7cd6f4f3ab56,execution-add-recommendation-letters-recommendation-letters-min-submitted,execution,add-recommendation-letters,recommendation_letters.min_submitted,info,/profile?tab=recommendations,Track recommendation letters,Recommendation status helps application readiness reflect what is still outstanding.,Review letters,in_app_readiness_surface|dashboard,redis_notification_feed|remote_push|email,profile-readiness:execution-add-recommendation-letters-recommendation-letters-min-submitted:ec8c5627fc8e7cd6f4f3ab56,Recommendation letter count meets readiness threshold,,
user_prompt,ready_for_in_app_admin_delivery,a73c0bac52799c6f0c20c326,execution-add-recommendation-letters-recommendation-letters-min-submitted,execution,add-recommendation-letters,recommendation_letters.min_submitted,info,/profile?tab=recommendations,Track recommendation letters,Recommendation status helps application readiness reflect what is still outstanding.,Review letters,in_app_readiness_surface|dashboard,redis_notification_feed|remote_push|email,profile-readiness:execution-add-recommendation-letters-recommendation-letters-min-submitted:a73c0bac52799c6f0c20c326,Recommendation letter count meets readiness threshold,,
user_prompt,ready_for_in_app_admin_delivery,1f1d01ebd6e4a634f6d00521,execution-add-recommendation-letters-recommendation-letters-min-submitted,execution,add-recommendation-letters,recommendation_letters.min_submitted,info,/profile?tab=recommendations,Track recommendation letters,Recommendation status helps application readiness reflect what is still outstanding.,Review letters,in_app_readiness_surface|dashboard,redis_notification_feed|remote_push|email,profile-readiness:execution-add-recommendation-letters-recommendation-letters-min-submitted:1f1d01ebd6e4a634f6d00521,Recommendation letter count meets readiness threshold,,
user_prompt,ready_for_in_app_admin_delivery,8111a447630837276fb2d02b,execution-add-recommendation-letters-recommendation-letters-min-submitted,execution,add-recommendation-letters,recommendation_letters.min_submitted,info,/profile?tab=recommendations,Track recommendation letters,Recommendation status helps application readiness reflect what is still outstanding.,Review letters,in_app_readiness_surface|dashboard,redis_notification_feed|remote_push|email,profile-readiness:execution-add-recommendation-letters-recommendation-letters-min-submitted:8111a447630837276fb2d02b,Recommendation letter count meets readiness threshold,,
user_prompt,ready_for_in_app_admin_delivery,454b3bdd97d513ee08d1fcb6,execution-add-recommendation-letters-recommendation-letters-min-submitted,execution,add-recommendation-letters,recommendation_letters.min_submitted,info,/profile?tab=recommendations,Track recommendation letters,Recommendation status helps application readiness reflect what is still outstanding.,Review letters,in_app_readiness_surface|dashboard,redis_notification_feed|remote_push|email,profile-readiness:execution-add-recommendation-letters-recommendation-letters-min-submitted:454b3bdd97d513ee08d1fcb6,Recommendation letter count meets readiness threshold,,
user_prompt,ready_for_in_app_admin_delivery,77e8a3e7b4bb269d25a88720,execution-add-recommendation-letters-recommendation-letters-min-submitted,execution,add-recommendation-letters,recommendation_letters.min_submitted,info,/profile?tab=recommendations,Track recommendation letters,Recommendation status helps application readiness reflect what is still outstanding.,Review letters,in_app_readiness_surface|dashboard,redis_notification_feed|remote_push|email,profile-readiness:execution-add-recommendation-letters-recommendation-letters-min-submitted:77e8a3e7b4bb269d25a88720,Recommendation letter count meets readiness threshold,,
user_prompt,ready_for_in_app_admin_delivery,1c49dedeea2144e69f2ddfab,execution-add-recommendation-letters-recommendation-letters-min-submitted,execution,add-recommendation-letters,recommendation_letters.min_submitted,info,/profile?tab=recommendations,Track recommendation letters,Recommendation status helps application readiness reflect what is still outstanding.,Review letters,in_app_readiness_surface|dashboard,redis_notification_feed|remote_push|email,profile-readiness:execution-add-recommendation-letters-recommendation-letters-min-submitted:1c49dedeea2144e69f2ddfab,Recommendation letter count meets readiness threshold,,
user_prompt,ready_for_in_app_admin_delivery,c6b85ceae0c6557b8e364c94,execution-add-recommendation-letters-recommendation-letters-min-submitted,execution,add-recommendation-letters,recommendation_letters.min_submitted,info,/profile?tab=recommendations,Track recommendation letters,Recommendation status helps application readiness reflect what is still outstanding.,Review letters,in_app_readiness_surface|dashboard,redis_notification_feed|remote_push|email,profile-readiness:execution-add-recommendation-letters-recommendation-letters-min-submitted:c6b85ceae0c6557b8e364c94,Recommendation letter count meets readiness threshold,,
user_prompt,ready_for_in_app_admin_delivery,7bc9b1e5926864015639324c,execution-add-recommendation-letters-recommendation-letters-min-submitted,execution,add-recommendation-letters,recommendation_letters.min_submitted,info,/profile?tab=recommendations,Track recommendation letters,Recommendation status helps application readiness reflect what is still outstanding.,Review letters,in_app_readiness_surface|dashboard,redis_notification_feed|remote_push|email,profile-readiness:execution-add-recommendation-letters-recommendation-letters-min-submitted:7bc9b1e5926864015639324c,Recommendation letter count meets readiness threshold,,
user_prompt,ready_for_in_app_admin_delivery,76d3e4bd31e04f8df55b5063,execution-add-recommendation-letters-recommendation-letters-min-submitted,execution,add-recommendation-letters,recommendation_letters.min_submitted,info,/profile?tab=recommendations,Track recommendation letters,Recommendation status helps application readiness reflect what is still outstanding.,Review letters,in_app_readiness_surface|dashboard,redis_notification_feed|remote_push|email,profile-readiness:execution-add-recommendation-letters-recommendation-letters-min-submitted:76d3e4bd31e04f8df55b5063,Recommendation letter count meets readiness threshold,,
user_prompt,ready_for_in_app_admin_delivery,123500041b4c756624fcfbc1,execution-add-recommendation-letters-recommendation-letters-min-submitted,execution,add-recommendation-letters,recommendation_letters.min_submitted,info,/profile?tab=recommendations,Track recommendation letters,Recommendation status helps application readiness reflect what is still outstanding.,Review letters,in_app_readiness_surface|dashboard,redis_notification_feed|remote_push|email,profile-readiness:execution-add-recommendation-letters-recommendation-letters-min-submitted:123500041b4c756624fcfbc1,Recommendation letter count meets readiness threshold,,
user_prompt,ready_for_in_app_admin_delivery,9e700876055ebe00ce432591,execution-add-recommendation-letters-recommendation-letters-min-submitted,execution,add-recommendation-letters,recommendation_letters.min_submitted,info,/profile?tab=recommendations,Track recommendation letters,Recommendation status helps application readiness reflect what is still outstanding.,Review letters,in_app_readiness_surface|dashboard,redis_notification_feed|remote_push|email,profile-readiness:execution-add-recommendation-letters-recommendation-letters-min-submitted:9e700876055ebe00ce432591,Recommendation letter count meets readiness threshold,,
user_prompt,ready_for_in_app_admin_delivery,b86b9ff73c5aa218b53fcc07,execution-add-recommendation-letters-recommendation-letters-min-submitted,execution,add-recommendation-letters,recommendation_letters.min_submitted,info,/profile?tab=recommendations,Track recommendation letters,Recommendation status helps application readiness reflect what is still outstanding.,Review letters,in_app_readiness_surface|dashboard,redis_notification_feed|remote_push|email,profile-readiness:execution-add-recommendation-letters-recommendation-letters-min-submitted:b86b9ff73c5aa218b53fcc07,Recommendation letter count meets readiness threshold,,
user_prompt,ready_for_in_app_admin_delivery,26a7b1448bcf5fd36c35a363,execution-add-recommendation-letters-recommendation-letters-min-submitted,execution,add-recommendation-letters,recommendation_letters.min_submitted,info,/profile?tab=recommendations,Track recommendation letters,Recommendation status helps application readiness reflect what is still outstanding.,Review letters,in_app_readiness_surface|dashboard,redis_notification_feed|remote_push|email,profile-readiness:execution-add-recommendation-letters-recommendation-letters-min-submitted:26a7b1448bcf5fd36c35a363,Recommendation letter count meets readiness threshold,,
user_prompt,ready_for_in_app_admin_delivery,2f357aae310ceb62c29b274c,execution-add-recommendation-letters-recommendation-letters-min-submitted,execution,add-recommendation-letters,recommendation_letters.min_submitted,info,/profile?tab=recommendations,Track recommendation letters,Recommendation status helps application readiness reflect what is still outstanding.,Review letters,in_app_readiness_surface|dashboard,redis_notification_feed|remote_push|email,profile-readiness:execution-add-recommendation-letters-recommendation-letters-min-submitted:2f357aae310ceb62c29b274c,Recommendation letter count meets readiness threshold,,
user_prompt,ready_for_in_app_admin_delivery,96d4cd2fcd14de7772f5fd50,execution-add-recommendation-letters-recommendation-letters-min-submitted,execution,add-recommendation-letters,recommendation_letters.min_submitted,info,/profile?tab=recommendations,Track recommendation letters,Recommendation status helps application readiness reflect what is still outstanding.,Review letters,in_app_readiness_surface|dashboard,redis_notification_feed|remote_push|email,profile-readiness:execution-add-recommendation-letters-recommendation-letters-min-submitted:96d4cd2fcd14de7772f5fd50,Recommendation letter count meets readiness threshold,,
user_prompt,ready_for_in_app_admin_delivery,d0a7465d43215d5f058e070e,execution-add-recommendation-letters-recommendation-letters-min-submitted,execution,add-recommendation-letters,recommendation_letters.min_submitted,info,/profile?tab=recommendations,Track recommendation letters,Recommendation status helps application readiness reflect what is still outstanding.,Review letters,in_app_readiness_surface|dashboard,redis_notification_feed|remote_push|email,profile-readiness:execution-add-recommendation-letters-recommendation-letters-min-submitted:d0a7465d43215d5f058e070e,Recommendation letter count meets readiness threshold,,
user_prompt,ready_for_in_app_admin_delivery,ca95dbae28c38d90f4bd075a,execution-add-recommendation-letters-recommendation-letters-min-submitted,execution,add-recommendation-letters,recommendation_letters.min_submitted,info,/profile?tab=recommendations,Track recommendation letters,Recommendation status helps application readiness reflect what is still outstanding.,Review letters,in_app_readiness_surface|dashboard,redis_notification_feed|remote_push|email,profile-readiness:execution-add-recommendation-letters-recommendation-letters-min-submitted:ca95dbae28c38d90f4bd075a,Recommendation letter count meets readiness threshold,,
user_prompt,ready_for_in_app_admin_delivery,be2cd5ddfe575143c741e775,execution-add-recommendation-letters-recommendation-letters-min-submitted,execution,add-recommendation-letters,recommendation_letters.min_submitted,info,/profile?tab=recommendations,Track recommendation letters,Recommendation status helps application readiness reflect what is still outstanding.,Review letters,in_app_readiness_surface|dashboard,redis_notification_feed|remote_push|email,profile-readiness:execution-add-recommendation-letters-recommendation-letters-min-submitted:be2cd5ddfe575143c741e775,Recommendation letter count meets readiness threshold,,
user_prompt,ready_for_in_app_admin_delivery,c22d82639c55efb340bc9a56,execution-add-recommendation-letters-recommendation-letters-min-submitted,execution,add-recommendation-letters,recommendation_letters.min_submitted,info,/profile?tab=recommendations,Track recommendation letters,Recommendation status helps application readiness reflect what is still outstanding.,Review letters,in_app_readiness_surface|dashboard,redis_notification_feed|remote_push|email,profile-readiness:execution-add-recommendation-letters-recommendation-letters-min-submitted:c22d82639c55efb340bc9a56,Recommendation letter count meets readiness threshold,,
user_prompt,ready_for_in_app_admin_delivery,8e287120445279d6e9b4ec2b,execution-add-recommendation-letters-recommendation-letters-min-submitted,execution,add-recommendation-letters,recommendation_letters.min_submitted,info,/profile?tab=recommendations,Track recommendation letters,Recommendation status helps application readiness reflect what is still outstanding.,Review letters,in_app_readiness_surface|dashboard,redis_notification_feed|remote_push|email,profile-readiness:execution-add-recommendation-letters-recommendation-letters-min-submitted:8e287120445279d6e9b4ec2b,Recommendation letter count meets readiness threshold,,
user_prompt,ready_for_in_app_admin_delivery,30430c0713c690c36433a6e5,execution-add-recommendation-letters-recommendation-letters-min-submitted,execution,add-recommendation-letters,recommendation_letters.min_submitted,info,/profile?tab=recommendations,Track recommendation letters,Recommendation status helps application readiness reflect what is still outstanding.,Review letters,in_app_readiness_surface|dashboard,redis_notification_feed|remote_push|email,profile-readiness:execution-add-recommendation-letters-recommendation-letters-min-submitted:30430c0713c690c36433a6e5,Recommendation letter count meets readiness threshold,,
user_prompt,ready_for_in_app_admin_delivery,9353bab0b66f9c8f5bbbb3e9,execution-add-recommendation-letters-recommendation-letters-min-submitted,execution,add-recommendation-letters,recommendation_letters.min_submitted,info,/profile?tab=recommendations,Track recommendation letters,Recommendation status helps application readiness reflect what is still outstanding.,Review letters,in_app_readiness_surface|dashboard,redis_notification_feed|remote_push|email,profile-readiness:execution-add-recommendation-letters-recommendation-letters-min-submitted:9353bab0b66f9c8f5bbbb3e9,Recommendation letter count meets readiness threshold,,
user_prompt,ready_for_in_app_admin_delivery,ea2aad244e6c5b7a6ddcdc6d,execution-add-recommendation-letters-recommendation-letters-min-submitted,execution,add-recommendation-letters,recommendation_letters.min_submitted,info,/profile?tab=recommendations,Track recommendation letters,Recommendation status helps application readiness reflect what is still outstanding.,Review letters,in_app_readiness_surface|dashboard,redis_notification_feed|remote_push|email,profile-readiness:execution-add-recommendation-letters-recommendation-letters-min-submitted:ea2aad244e6c5b7a6ddcdc6d,Recommendation letter count meets readiness threshold,,
user_prompt,ready_for_in_app_admin_delivery,ab23e0dca524148e33dc1dc3,execution-add-recommendation-letters-recommendation-letters-min-submitted,execution,add-recommendation-letters,recommendation_letters.min_submitted,info,/profile?tab=recommendations,Track recommendation letters,Recommendation status helps application readiness reflect what is still outstanding.,Review letters,in_app_readiness_surface|dashboard,redis_notification_feed|remote_push|email,profile-readiness:execution-add-recommendation-letters-recommendation-letters-min-submitted:ab23e0dca524148e33dc1dc3,Recommendation letter count meets readiness threshold,,
user_prompt,ready_for_in_app_admin_delivery,147f40a0a1b1d151c407167a,execution-add-recommendation-letters-recommendation-letters-min-submitted,execution,add-recommendation-letters,recommendation_letters.min_submitted,info,/profile?tab=recommendations,Track recommendation letters,Recommendation status helps application readiness reflect what is still outstanding.,Review letters,in_app_readiness_surface|dashboard,redis_notification_feed|remote_push|email,profile-readiness:execution-add-recommendation-letters-recommendation-letters-min-submitted:147f40a0a1b1d151c407167a,Recommendation letter count meets readiness threshold,,
user_prompt,ready_for_in_app_admin_delivery,302d0b094ff202e23f186d36,execution-add-recommendation-letters-recommendation-letters-min-submitted,execution,add-recommendation-letters,recommendation_letters.min_submitted,info,/profile?tab=recommendations,Track recommendation letters,Recommendation status helps application readiness reflect what is still outstanding.,Review letters,in_app_readiness_surface|dashboard,redis_notification_feed|remote_push|email,profile-readiness:execution-add-recommendation-letters-recommendation-letters-min-submitted:302d0b094ff202e23f186d36,Recommendation letter count meets readiness threshold,,
user_prompt,ready_for_in_app_admin_delivery,5fea30f24d9048bc811be8c1,execution-add-recommendation-letters-recommendation-letters-min-submitted,execution,add-recommendation-letters,recommendation_letters.min_submitted,info,/profile?tab=recommendations,Track recommendation letters,Recommendation status helps application readiness reflect what is still outstanding.,Review letters,in_app_readiness_surface|dashboard,redis_notification_feed|remote_push|email,profile-readiness:execution-add-recommendation-letters-recommendation-letters-min-submitted:5fea30f24d9048bc811be8c1,Recommendation letter count meets readiness threshold,,
user_prompt,ready_for_in_app_admin_delivery,a8b0b42078a4419cbc216238,execution-add-recommendation-letters-recommendation-letters-min-submitted,execution,add-recommendation-letters,recommendation_letters.min_submitted,info,/profile?tab=recommendations,Track recommendation letters,Recommendation status helps application readiness reflect what is still outstanding.,Review letters,in_app_readiness_surface|dashboard,redis_notification_feed|remote_push|email,profile-readiness:execution-add-recommendation-letters-recommendation-letters-min-submitted:a8b0b42078a4419cbc216238,Recommendation letter count meets readiness threshold,,
user_prompt,ready_for_in_app_admin_delivery,8a3d4c7790976e73724c9f5f,execution-add-recommendation-letters-recommendation-letters-min-submitted,execution,add-recommendation-letters,recommendation_letters.min_submitted,info,/profile?tab=recommendations,Track recommendation letters,Recommendation status helps application readiness reflect what is still outstanding.,Review letters,in_app_readiness_surface|dashboard,redis_notification_feed|remote_push|email,profile-readiness:execution-add-recommendation-letters-recommendation-letters-min-submitted:8a3d4c7790976e73724c9f5f,Recommendation letter count meets readiness threshold,,
user_prompt,ready_for_in_app_admin_delivery,eed7dc5c15f1752dc5039930,execution-add-recommendation-letters-recommendation-letters-min-submitted,execution,add-recommendation-letters,recommendation_letters.min_submitted,info,/profile?tab=recommendations,Track recommendation letters,Recommendation status helps application readiness reflect what is still outstanding.,Review letters,in_app_readiness_surface|dashboard,redis_notification_feed|remote_push|email,profile-readiness:execution-add-recommendation-letters-recommendation-letters-min-submitted:eed7dc5c15f1752dc5039930,Recommendation letter count meets readiness threshold,,
user_prompt,ready_for_in_app_admin_delivery,2bcb764b588cb54483f66c69,execution-add-recommendation-letters-recommendation-letters-min-submitted,execution,add-recommendation-letters,recommendation_letters.min_submitted,info,/profile?tab=recommendations,Track recommendation letters,Recommendation status helps application readiness reflect what is still outstanding.,Review letters,in_app_readiness_surface|dashboard,redis_notification_feed|remote_push|email,profile-readiness:execution-add-recommendation-letters-recommendation-letters-min-submitted:2bcb764b588cb54483f66c69,Recommendation letter count meets readiness threshold,,
user_prompt,ready_for_in_app_admin_delivery,44ea289861f8179dd3f4d87f,execution-add-recommendation-letters-recommendation-letters-min-submitted,execution,add-recommendation-letters,recommendation_letters.min_submitted,info,/profile?tab=recommendations,Track recommendation letters,Recommendation status helps application readiness reflect what is still outstanding.,Review letters,in_app_readiness_surface|dashboard,redis_notification_feed|remote_push|email,profile-readiness:execution-add-recommendation-letters-recommendation-letters-min-submitted:44ea289861f8179dd3f4d87f,Recommendation letter count meets readiness threshold,,
user_prompt,ready_for_in_app_admin_delivery,0acc818e9f51ef1b0b8ffb0e,execution-add-recommendation-letters-recommendation-letters-min-submitted,execution,add-recommendation-letters,recommendation_letters.min_submitted,info,/profile?tab=recommendations,Track recommendation letters,Recommendation status helps application readiness reflect what is still outstanding.,Review letters,in_app_readiness_surface|dashboard,redis_notification_feed|remote_push|email,profile-readiness:execution-add-recommendation-letters-recommendation-letters-min-submitted:0acc818e9f51ef1b0b8ffb0e,Recommendation letter count meets readiness threshold,,
user_prompt,ready_for_in_app_admin_delivery,637bad0b90f9f2c7074ca055,execution-add-recommendation-letters-recommendation-letters-min-submitted,execution,add-recommendation-letters,recommendation_letters.min_submitted,info,/profile?tab=recommendations,Track recommendation letters,Recommendation status helps application readiness reflect what is still outstanding.,Review letters,in_app_readiness_surface|dashboard,redis_notification_feed|remote_push|email,profile-readiness:execution-add-recommendation-letters-recommendation-letters-min-submitted:637bad0b90f9f2c7074ca055,Recommendation letter count meets readiness threshold,,
user_prompt,ready_for_in_app_admin_delivery,8da46db52724f8d1d3746feb,execution-add-recommendation-letters-recommendation-letters-min-submitted,execution,add-recommendation-letters,recommendation_letters.min_submitted,info,/profile?tab=recommendations,Track recommendation letters,Recommendation status helps application readiness reflect what is still outstanding.,Review letters,in_app_readiness_surface|dashboard,redis_notification_feed|remote_push|email,profile-readiness:execution-add-recommendation-letters-recommendation-letters-min-submitted:8da46db52724f8d1d3746feb,Recommendation letter count meets readiness threshold,,
user_prompt,ready_for_in_app_admin_delivery,d6cf7e3aed80d9218be2893c,execution-add-recommendation-letters-recommendation-letters-min-submitted,execution,add-recommendation-letters,recommendation_letters.min_submitted,info,/profile?tab=recommendations,Track recommendation letters,Recommendation status helps application readiness reflect what is still outstanding.,Review letters,in_app_readiness_surface|dashboard,redis_notification_feed|remote_push|email,profile-readiness:execution-add-recommendation-letters-recommendation-letters-min-submitted:d6cf7e3aed80d9218be2893c,Recommendation letter count meets readiness threshold,,
user_prompt,ready_for_in_app_admin_delivery,e18bea3d5f053111d4dcb5c1,execution-add-recommendation-letters-recommendation-letters-min-submitted,execution,add-recommendation-letters,recommendation_letters.min_submitted,info,/profile?tab=recommendations,Track recommendation letters,Recommendation status helps application readiness reflect what is still outstanding.,Review letters,in_app_readiness_surface|dashboard,redis_notification_feed|remote_push|email,profile-readiness:execution-add-recommendation-letters-recommendation-letters-min-submitted:e18bea3d5f053111d4dcb5c1,Recommendation letter count meets readiness threshold,,
user_prompt,ready_for_in_app_admin_delivery,6a3e9991e41506fb51596fc5,execution-add-recommendation-letters-recommendation-letters-min-submitted,execution,add-recommendation-letters,recommendation_letters.min_submitted,info,/profile?tab=recommendations,Track recommendation letters,Recommendation status helps application readiness reflect what is still outstanding.,Review letters,in_app_readiness_surface|dashboard,redis_notification_feed|remote_push|email,profile-readiness:execution-add-recommendation-letters-recommendation-letters-min-submitted:6a3e9991e41506fb51596fc5,Recommendation letter count meets readiness threshold,,
user_prompt,ready_for_in_app_admin_delivery,2864a3748d885dc103de4819,execution-add-recommendation-letters-recommendation-letters-min-submitted,execution,add-recommendation-letters,recommendation_letters.min_submitted,info,/profile?tab=recommendations,Track recommendation letters,Recommendation status helps application readiness reflect what is still outstanding.,Review letters,in_app_readiness_surface|dashboard,redis_notification_feed|remote_push|email,profile-readiness:execution-add-recommendation-letters-recommendation-letters-min-submitted:2864a3748d885dc103de4819,Recommendation letter count meets readiness threshold,,
user_prompt,ready_for_in_app_admin_delivery,3e9d46eb289214be984cfcb3,execution-add-recommendation-letters-recommendation-letters-min-submitted,execution,add-recommendation-letters,recommendation_letters.min_submitted,info,/profile?tab=recommendations,Track recommendation letters,Recommendation status helps application readiness reflect what is still outstanding.,Review letters,in_app_readiness_surface|dashboard,redis_notification_feed|remote_push|email,profile-readiness:execution-add-recommendation-letters-recommendation-letters-min-submitted:3e9d46eb289214be984cfcb3,Recommendation letter count meets readiness threshold,,
user_prompt,ready_for_in_app_admin_delivery,26ebb0fdca5f016b883f9463,execution-add-recommendation-letters-recommendation-letters-min-submitted,execution,add-recommendation-letters,recommendation_letters.min_submitted,info,/profile?tab=recommendations,Track recommendation letters,Recommendation status helps application readiness reflect what is still outstanding.,Review letters,in_app_readiness_surface|dashboard,redis_notification_feed|remote_push|email,profile-readiness:execution-add-recommendation-letters-recommendation-letters-min-submitted:26ebb0fdca5f016b883f9463,Recommendation letter count meets readiness threshold,,
user_prompt,ready_for_in_app_admin_delivery,e7981546f11cd0626b258b07,execution-add-recommendation-letters-recommendation-letters-min-submitted,execution,add-recommendation-letters,recommendation_letters.min_submitted,info,/profile?tab=recommendations,Track recommendation letters,Recommendation status helps application readiness reflect what is still outstanding.,Review letters,in_app_readiness_surface|dashboard,redis_notification_feed|remote_push|email,profile-readiness:execution-add-recommendation-letters-recommendation-letters-min-submitted:e7981546f11cd0626b258b07,Recommendation letter count meets readiness threshold,,
user_prompt,ready_for_in_app_admin_delivery,c7da09dc58ad5b3825561898,execution-add-recommendation-letters-recommendation-letters-min-submitted,execution,add-recommendation-letters,recommendation_letters.min_submitted,info,/profile?tab=recommendations,Track recommendation letters,Recommendation status helps application readiness reflect what is still outstanding.,Review letters,in_app_readiness_surface|dashboard,redis_notification_feed|remote_push|email,profile-readiness:execution-add-recommendation-letters-recommendation-letters-min-submitted:c7da09dc58ad5b3825561898,Recommendation letter count meets readiness threshold,,
user_prompt,ready_for_in_app_admin_delivery,bab02da3e5cb2ce7d88b0c37,execution-add-recommendation-letters-recommendation-letters-min-submitted,execution,add-recommendation-letters,recommendation_letters.min_submitted,info,/profile?tab=recommendations,Track recommendation letters,Recommendation status helps application readiness reflect what is still outstanding.,Review letters,in_app_readiness_surface|dashboard,redis_notification_feed|remote_push|email,profile-readiness:execution-add-recommendation-letters-recommendation-letters-min-submitted:bab02da3e5cb2ce7d88b0c37,Recommendation letter count meets readiness threshold,,
user_prompt,ready_for_in_app_admin_delivery,a965921febcf363e5ae0ac2c,execution-add-recommendation-letters-recommendation-letters-min-submitted,execution,add-recommendation-letters,recommendation_letters.min_submitted,info,/profile?tab=recommendations,Track recommendation letters,Recommendation status helps application readiness reflect what is still outstanding.,Review letters,in_app_readiness_surface|dashboard,redis_notification_feed|remote_push|email,profile-readiness:execution-add-recommendation-letters-recommendation-letters-min-submitted:a965921febcf363e5ae0ac2c,Recommendation letter count meets readiness threshold,,
user_prompt,ready_for_in_app_admin_delivery,a984290eabbd2c8f092907bd,execution-add-recommendation-letters-recommendation-letters-min-submitted,execution,add-recommendation-letters,recommendation_letters.min_submitted,info,/profile?tab=recommendations,Track recommendation letters,Recommendation status helps application readiness reflect what is still outstanding.,Review letters,in_app_readiness_surface|dashboard,redis_notification_feed|remote_push|email,profile-readiness:execution-add-recommendation-letters-recommendation-letters-min-submitted:a984290eabbd2c8f092907bd,Recommendation letter count meets readiness threshold,,
user_prompt,ready_for_in_app_admin_delivery,e57367b80b07216d4a3fff25,execution-add-recommendation-letters-recommendation-letters-min-submitted,execution,add-recommendation-letters,recommendation_letters.min_submitted,info,/profile?tab=recommendations,Track recommendation letters,Recommendation status helps application readiness reflect what is still outstanding.,Review letters,in_app_readiness_surface|dashboard,redis_notification_feed|remote_push|email,profile-readiness:execution-add-recommendation-letters-recommendation-letters-min-submitted:e57367b80b07216d4a3fff25,Recommendation letter count meets readiness threshold,,
user_prompt,ready_for_in_app_admin_delivery,96dca178277d81ffa84a5a32,execution-add-recommendation-letters-recommendation-letters-min-submitted,execution,add-recommendation-letters,recommendation_letters.min_submitted,info,/profile?tab=recommendations,Track recommendation letters,Recommendation status helps application readiness reflect what is still outstanding.,Review letters,in_app_readiness_surface|dashboard,redis_notification_feed|remote_push|email,profile-readiness:execution-add-recommendation-letters-recommendation-letters-min-submitted:96dca178277d81ffa84a5a32,Recommendation letter count meets readiness threshold,,
user_prompt,ready_for_in_app_admin_delivery,b0d6d8e94e3adb14f41f257f,execution-add-recommendation-letters-recommendation-letters-min-submitted,execution,add-recommendation-letters,recommendation_letters.min_submitted,info,/profile?tab=recommendations,Track recommendation letters,Recommendation status helps application readiness reflect what is still outstanding.,Review letters,in_app_readiness_surface|dashboard,redis_notification_feed|remote_push|email,profile-readiness:execution-add-recommendation-letters-recommendation-letters-min-submitted:b0d6d8e94e3adb14f41f257f,Recommendation letter count meets readiness threshold,,
user_prompt,ready_for_in_app_admin_delivery,12be8b4e94faa0c268dd0531,execution-add-recommendation-letters-recommendation-letters-min-submitted,execution,add-recommendation-letters,recommendation_letters.min_submitted,info,/profile?tab=recommendations,Track recommendation letters,Recommendation status helps application readiness reflect what is still outstanding.,Review letters,in_app_readiness_surface|dashboard,redis_notification_feed|remote_push|email,profile-readiness:execution-add-recommendation-letters-recommendation-letters-min-submitted:12be8b4e94faa0c268dd0531,Recommendation letter count meets readiness threshold,,
user_prompt,ready_for_in_app_admin_delivery,2ad8d10cb5029fa5c4e0488c,execution-add-recommendation-letters-recommendation-letters-min-submitted,execution,add-recommendation-letters,recommendation_letters.min_submitted,info,/profile?tab=recommendations,Track recommendation letters,Recommendation status helps application readiness reflect what is still outstanding.,Review letters,in_app_readiness_surface|dashboard,redis_notification_feed|remote_push|email,profile-readiness:execution-add-recommendation-letters-recommendation-letters-min-submitted:2ad8d10cb5029fa5c4e0488c,Recommendation letter count meets readiness threshold,,
user_prompt,ready_for_in_app_admin_delivery,b16d92abe720be4fd0dcf1ec,execution-add-recommendation-letters-recommendation-letters-min-submitted,execution,add-recommendation-letters,recommendation_letters.min_submitted,info,/profile?tab=recommendations,Track recommendation letters,Recommendation status helps application readiness reflect what is still outstanding.,Review letters,in_app_readiness_surface|dashboard,redis_notification_feed|remote_push|email,profile-readiness:execution-add-recommendation-letters-recommendation-letters-min-submitted:b16d92abe720be4fd0dcf1ec,Recommendation letter count meets readiness threshold,,
user_prompt,ready_for_in_app_admin_delivery,bde55378701e492b8f94820f,execution-add-recommendation-letters-recommendation-letters-min-submitted,execution,add-recommendation-letters,recommendation_letters.min_submitted,info,/profile?tab=recommendations,Track recommendation letters,Recommendation status helps application readiness reflect what is still outstanding.,Review letters,in_app_readiness_surface|dashboard,redis_notification_feed|remote_push|email,profile-readiness:execution-add-recommendation-letters-recommendation-letters-min-submitted:bde55378701e492b8f94820f,Recommendation letter count meets readiness threshold,,
user_prompt,ready_for_in_app_admin_delivery,153e9405da19c8f1d8e74047,execution-add-recommendation-letters-recommendation-letters-min-submitted,execution,add-recommendation-letters,recommendation_letters.min_submitted,info,/profile?tab=recommendations,Track recommendation letters,Recommendation status helps application readiness reflect what is still outstanding.,Review letters,in_app_readiness_surface|dashboard,redis_notification_feed|remote_push|email,profile-readiness:execution-add-recommendation-letters-recommendation-letters-min-submitted:153e9405da19c8f1d8e74047,Recommendation letter count meets readiness threshold,,
user_prompt,ready_for_in_app_admin_delivery,be7ec8fab6042ab022e3c7f2,execution-add-recommendation-letters-recommendation-letters-min-submitted,execution,add-recommendation-letters,recommendation_letters.min_submitted,info,/profile?tab=recommendations,Track recommendation letters,Recommendation status helps application readiness reflect what is still outstanding.,Review letters,in_app_readiness_surface|dashboard,redis_notification_feed|remote_push|email,profile-readiness:execution-add-recommendation-letters-recommendation-letters-min-submitted:be7ec8fab6042ab022e3c7f2,Recommendation letter count meets readiness threshold,,
user_prompt,ready_for_in_app_admin_delivery,b210a22f55a2b9a17042dce8,execution-add-recommendation-letters-recommendation-letters-min-submitted,execution,add-recommendation-letters,recommendation_letters.min_submitted,info,/profile?tab=recommendations,Track recommendation letters,Recommendation status helps application readiness reflect what is still outstanding.,Review letters,in_app_readiness_surface|dashboard,redis_notification_feed|remote_push|email,profile-readiness:execution-add-recommendation-letters-recommendation-letters-min-submitted:b210a22f55a2b9a17042dce8,Recommendation letter count meets readiness threshold,,
user_prompt,ready_for_in_app_admin_delivery,0e6ed74ef269ac93ac25401a,execution-add-recommendation-letters-recommendation-letters-min-submitted,execution,add-recommendation-letters,recommendation_letters.min_submitted,info,/profile?tab=recommendations,Track recommendation letters,Recommendation status helps application readiness reflect what is still outstanding.,Review letters,in_app_readiness_surface|dashboard,redis_notification_feed|remote_push|email,profile-readiness:execution-add-recommendation-letters-recommendation-letters-min-submitted:0e6ed74ef269ac93ac25401a,Recommendation letter count meets readiness threshold,,
user_prompt,ready_for_in_app_admin_delivery,a2c6af72b61dd025bcad59e6,execution-add-recommendation-letters-recommendation-letters-min-submitted,execution,add-recommendation-letters,recommendation_letters.min_submitted,info,/profile?tab=recommendations,Track recommendation letters,Recommendation status helps application readiness reflect what is still outstanding.,Review letters,in_app_readiness_surface|dashboard,redis_notification_feed|remote_push|email,profile-readiness:execution-add-recommendation-letters-recommendation-letters-min-submitted:a2c6af72b61dd025bcad59e6,Recommendation letter count meets readiness threshold,,
user_prompt,ready_for_in_app_admin_delivery,762ad54fcd7acd952288d3a3,execution-add-recommendation-letters-recommendation-letters-min-submitted,execution,add-recommendation-letters,recommendation_letters.min_submitted,info,/profile?tab=recommendations,Track recommendation letters,Recommendation status helps application readiness reflect what is still outstanding.,Review letters,in_app_readiness_surface|dashboard,redis_notification_feed|remote_push|email,profile-readiness:execution-add-recommendation-letters-recommendation-letters-min-submitted:762ad54fcd7acd952288d3a3,Recommendation letter count meets readiness threshold,,
user_prompt,ready_for_in_app_admin_delivery,e4738e9f6099dbe3d9496339,execution-add-recommendation-letters-recommendation-letters-min-submitted,execution,add-recommendation-letters,recommendation_letters.min_submitted,info,/profile?tab=recommendations,Track recommendation letters,Recommendation status helps application readiness reflect what is still outstanding.,Review letters,in_app_readiness_surface|dashboard,redis_notification_feed|remote_push|email,profile-readiness:execution-add-recommendation-letters-recommendation-letters-min-submitted:e4738e9f6099dbe3d9496339,Recommendation letter count meets readiness threshold,,
user_prompt,ready_for_in_app_admin_delivery,474d8949a3e5b09108ec3b81,execution-add-recommendation-letters-recommendation-letters-min-submitted,execution,add-recommendation-letters,recommendation_letters.min_submitted,info,/profile?tab=recommendations,Track recommendation letters,Recommendation status helps application readiness reflect what is still outstanding.,Review letters,in_app_readiness_surface|dashboard,redis_notification_feed|remote_push|email,profile-readiness:execution-add-recommendation-letters-recommendation-letters-min-submitted:474d8949a3e5b09108ec3b81,Recommendation letter count meets readiness threshold,,
user_prompt,ready_for_in_app_admin_delivery,cdb3da9ea543a5c753ccfa0c,execution-add-recommendation-letters-recommendation-letters-min-submitted,execution,add-recommendation-letters,recommendation_letters.min_submitted,info,/profile?tab=recommendations,Track recommendation letters,Recommendation status helps application readiness reflect what is still outstanding.,Review letters,in_app_readiness_surface|dashboard,redis_notification_feed|remote_push|email,profile-readiness:execution-add-recommendation-letters-recommendation-letters-min-submitted:cdb3da9ea543a5c753ccfa0c,Recommendation letter count meets readiness threshold,,
user_prompt,ready_for_in_app_admin_delivery,fc8f16b83985b967de426d3f,execution-add-recommendation-letters-recommendation-letters-min-submitted,execution,add-recommendation-letters,recommendation_letters.min_submitted,info,/profile?tab=recommendations,Track recommendation letters,Recommendation status helps application readiness reflect what is still outstanding.,Review letters,in_app_readiness_surface|dashboard,redis_notification_feed|remote_push|email,profile-readiness:execution-add-recommendation-letters-recommendation-letters-min-submitted:fc8f16b83985b967de426d3f,Recommendation letter count meets readiness threshold,,
user_prompt,ready_for_in_app_admin_delivery,b0c80988e12081c77a12a149,execution-add-recommendation-letters-recommendation-letters-min-submitted,execution,add-recommendation-letters,recommendation_letters.min_submitted,info,/profile?tab=recommendations,Track recommendation letters,Recommendation status helps application readiness reflect what is still outstanding.,Review letters,in_app_readiness_surface|dashboard,redis_notification_feed|remote_push|email,profile-readiness:execution-add-recommendation-letters-recommendation-letters-min-submitted:b0c80988e12081c77a12a149,Recommendation letter count meets readiness threshold,,
user_prompt,ready_for_in_app_admin_delivery,e8c4627e90dd0c86561a4211,execution-add-recommendation-letters-recommendation-letters-min-submitted,execution,add-recommendation-letters,recommendation_letters.min_submitted,info,/profile?tab=recommendations,Track recommendation letters,Recommendation status helps application readiness reflect what is still outstanding.,Review letters,in_app_readiness_surface|dashboard,redis_notification_feed|remote_push|email,profile-readiness:execution-add-recommendation-letters-recommendation-letters-min-submitted:e8c4627e90dd0c86561a4211,Recommendation letter count meets readiness threshold,,
user_prompt,ready_for_in_app_admin_delivery,3a8e2922b759ef135c3d9f7e,execution-add-recommendation-letters-recommendation-letters-min-submitted,execution,add-recommendation-letters,recommendation_letters.min_submitted,info,/profile?tab=recommendations,Track recommendation letters,Recommendation status helps application readiness reflect what is still outstanding.,Review letters,in_app_readiness_surface|dashboard,redis_notification_feed|remote_push|email,profile-readiness:execution-add-recommendation-letters-recommendation-letters-min-submitted:3a8e2922b759ef135c3d9f7e,Recommendation letter count meets readiness threshold,,
user_prompt,ready_for_in_app_admin_delivery,924f93d3f6ffe9ccc9df7305,execution-add-recommendation-letters-recommendation-letters-min-submitted,execution,add-recommendation-letters,recommendation_letters.min_submitted,info,/profile?tab=recommendations,Track recommendation letters,Recommendation status helps application readiness reflect what is still outstanding.,Review letters,in_app_readiness_surface|dashboard,redis_notification_feed|remote_push|email,profile-readiness:execution-add-recommendation-letters-recommendation-letters-min-submitted:924f93d3f6ffe9ccc9df7305,Recommendation letter count meets readiness threshold,,
user_prompt,ready_for_in_app_admin_delivery,87bedf823aa46069dcbcb0af,execution-add-recommendation-letters-recommendation-letters-min-submitted,execution,add-recommendation-letters,recommendation_letters.min_submitted,info,/profile?tab=recommendations,Track recommendation letters,Recommendation status helps application readiness reflect what is still outstanding.,Review letters,in_app_readiness_surface|dashboard,redis_notification_feed|remote_push|email,profile-readiness:execution-add-recommendation-letters-recommendation-letters-min-submitted:87bedf823aa46069dcbcb0af,Recommendation letter count meets readiness threshold,,
user_prompt,ready_for_in_app_admin_delivery,bf916380c8f762a7e70e53ff,execution-add-recommendation-letters-recommendation-letters-min-submitted,execution,add-recommendation-letters,recommendation_letters.min_submitted,info,/profile?tab=recommendations,Track recommendation letters,Recommendation status helps application readiness reflect what is still outstanding.,Review letters,in_app_readiness_surface|dashboard,redis_notification_feed|remote_push|email,profile-readiness:execution-add-recommendation-letters-recommendation-letters-min-submitted:bf916380c8f762a7e70e53ff,Recommendation letter count meets readiness threshold,,
user_prompt,ready_for_in_app_admin_delivery,31ae86e25c7cd2d9507ef83b,execution-add-recommendation-letters-recommendation-letters-min-submitted,execution,add-recommendation-letters,recommendation_letters.min_submitted,info,/profile?tab=recommendations,Track recommendation letters,Recommendation status helps application readiness reflect what is still outstanding.,Review letters,in_app_readiness_surface|dashboard,redis_notification_feed|remote_push|email,profile-readiness:execution-add-recommendation-letters-recommendation-letters-min-submitted:31ae86e25c7cd2d9507ef83b,Recommendation letter count meets readiness threshold,,
user_prompt,ready_for_in_app_admin_delivery,be55ccf9aec7954921b58ed6,execution-add-recommendation-letters-recommendation-letters-min-submitted,execution,add-recommendation-letters,recommendation_letters.min_submitted,info,/profile?tab=recommendations,Track recommendation letters,Recommendation status helps application readiness reflect what is still outstanding.,Review letters,in_app_readiness_surface|dashboard,redis_notification_feed|remote_push|email,profile-readiness:execution-add-recommendation-letters-recommendation-letters-min-submitted:be55ccf9aec7954921b58ed6,Recommendation letter count meets readiness threshold,,
user_prompt,ready_for_in_app_admin_delivery,1625eaac5e2f519a41d415dd,execution-add-recommendation-letters-recommendation-letters-min-submitted,execution,add-recommendation-letters,recommendation_letters.min_submitted,info,/profile?tab=recommendations,Track recommendation letters,Recommendation status helps application readiness reflect what is still outstanding.,Review letters,in_app_readiness_surface|dashboard,redis_notification_feed|remote_push|email,profile-readiness:execution-add-recommendation-letters-recommendation-letters-min-submitted:1625eaac5e2f519a41d415dd,Recommendation letter count meets readiness threshold,,
user_prompt,ready_for_in_app_admin_delivery,9f61348ce777b016003bfed2,execution-add-recommendation-letters-recommendation-letters-min-submitted,execution,add-recommendation-letters,recommendation_letters.min_submitted,info,/profile?tab=recommendations,Track recommendation letters,Recommendation status helps application readiness reflect what is still outstanding.,Review letters,in_app_readiness_surface|dashboard,redis_notification_feed|remote_push|email,profile-readiness:execution-add-recommendation-letters-recommendation-letters-min-submitted:9f61348ce777b016003bfed2,Recommendation letter count meets readiness threshold,,
user_prompt,ready_for_in_app_admin_delivery,c7acaf6bdb242425516cdea2,execution-add-recommendation-letters-recommendation-letters-min-submitted,execution,add-recommendation-letters,recommendation_letters.min_submitted,info,/profile?tab=recommendations,Track recommendation letters,Recommendation status helps application readiness reflect what is still outstanding.,Review letters,in_app_readiness_surface|dashboard,redis_notification_feed|remote_push|email,profile-readiness:execution-add-recommendation-letters-recommendation-letters-min-submitted:c7acaf6bdb242425516cdea2,Recommendation letter count meets readiness threshold,,
user_prompt,ready_for_in_app_admin_delivery,460a1b39d0a0bbf719ccd42e,execution-add-recommendation-letters-recommendation-letters-min-submitted,execution,add-recommendation-letters,recommendation_letters.min_submitted,info,/profile?tab=recommendations,Track recommendation letters,Recommendation status helps application readiness reflect what is still outstanding.,Review letters,in_app_readiness_surface|dashboard,redis_notification_feed|remote_push|email,profile-readiness:execution-add-recommendation-letters-recommendation-letters-min-submitted:460a1b39d0a0bbf719ccd42e,Recommendation letter count meets readiness threshold,,
user_prompt,ready_for_in_app_admin_delivery,2469297d61ae15809a5a0bad,execution-add-recommendation-letters-recommendation-letters-min-submitted,execution,add-recommendation-letters,recommendation_letters.min_submitted,info,/profile?tab=recommendations,Track recommendation letters,Recommendation status helps application readiness reflect what is still outstanding.,Review letters,in_app_readiness_surface|dashboard,redis_notification_feed|remote_push|email,profile-readiness:execution-add-recommendation-letters-recommendation-letters-min-submitted:2469297d61ae15809a5a0bad,Recommendation letter count meets readiness threshold,,
user_prompt,ready_for_in_app_admin_delivery,24b9b75b5aa5af21078930b1,execution-add-recommendation-letters-recommendation-letters-min-submitted,execution,add-recommendation-letters,recommendation_letters.min_submitted,info,/profile?tab=recommendations,Track recommendation letters,Recommendation status helps application readiness reflect what is still outstanding.,Review letters,in_app_readiness_surface|dashboard,redis_notification_feed|remote_push|email,profile-readiness:execution-add-recommendation-letters-recommendation-letters-min-submitted:24b9b75b5aa5af21078930b1,Recommendation letter count meets readiness threshold,,
user_prompt,ready_for_in_app_admin_delivery,96bb7725f80f2deb6d14aee8,execution-add-recommendation-letters-recommendation-letters-min-submitted,execution,add-recommendation-letters,recommendation_letters.min_submitted,info,/profile?tab=recommendations,Track recommendation letters,Recommendation status helps application readiness reflect what is still outstanding.,Review letters,in_app_readiness_surface|dashboard,redis_notification_feed|remote_push|email,profile-readiness:execution-add-recommendation-letters-recommendation-letters-min-submitted:96bb7725f80f2deb6d14aee8,Recommendation letter count meets readiness threshold,,
user_prompt,ready_for_in_app_admin_delivery,62518ba44202e419939d7380,execution-add-recommendation-letters-recommendation-letters-min-submitted,execution,add-recommendation-letters,recommendation_letters.min_submitted,info,/profile?tab=recommendations,Track recommendation letters,Recommendation status helps application readiness reflect what is still outstanding.,Review letters,in_app_readiness_surface|dashboard,redis_notification_feed|remote_push|email,profile-readiness:execution-add-recommendation-letters-recommendation-letters-min-submitted:62518ba44202e419939d7380,Recommendation letter count meets readiness threshold,,
user_prompt,ready_for_in_app_admin_delivery,12fab2f5592a0faa96fd9ea6,execution-add-recommendation-letters-recommendation-letters-min-submitted,execution,add-recommendation-letters,recommendation_letters.min_submitted,info,/profile?tab=recommendations,Track recommendation letters,Recommendation status helps application readiness reflect what is still outstanding.,Review letters,in_app_readiness_surface|dashboard,redis_notification_feed|remote_push|email,profile-readiness:execution-add-recommendation-letters-recommendation-letters-min-submitted:12fab2f5592a0faa96fd9ea6,Recommendation letter count meets readiness threshold,,
user_prompt,ready_for_in_app_admin_delivery,07336775ec557556d6ec62db,execution-add-recommendation-letters-recommendation-letters-min-submitted,execution,add-recommendation-letters,recommendation_letters.min_submitted,info,/profile?tab=recommendations,Track recommendation letters,Recommendation status helps application readiness reflect what is still outstanding.,Review letters,in_app_readiness_surface|dashboard,redis_notification_feed|remote_push|email,profile-readiness:execution-add-recommendation-letters-recommendation-letters-min-submitted:07336775ec557556d6ec62db,Recommendation letter count meets readiness threshold,,
user_prompt,ready_for_in_app_admin_delivery,dc870637f8d4f37ca4b13080,execution-add-recommendation-letters-recommendation-letters-min-submitted,execution,add-recommendation-letters,recommendation_letters.min_submitted,info,/profile?tab=recommendations,Track recommendation letters,Recommendation status helps application readiness reflect what is still outstanding.,Review letters,in_app_readiness_surface|dashboard,redis_notification_feed|remote_push|email,profile-readiness:execution-add-recommendation-letters-recommendation-letters-min-submitted:dc870637f8d4f37ca4b13080,Recommendation letter count meets readiness threshold,,
user_prompt,ready_for_in_app_admin_delivery,5b75b94cf2db494b630266ad,execution-add-recommendation-letters-recommendation-letters-min-submitted,execution,add-recommendation-letters,recommendation_letters.min_submitted,info,/profile?tab=recommendations,Track recommendation letters,Recommendation status helps application readiness reflect what is still outstanding.,Review letters,in_app_readiness_surface|dashboard,redis_notification_feed|remote_push|email,profile-readiness:execution-add-recommendation-letters-recommendation-letters-min-submitted:5b75b94cf2db494b630266ad,Recommendation letter count meets readiness threshold,,
user_prompt,ready_for_in_app_admin_delivery,bfcccb6a551e4a8d50b973de,execution-add-recommendation-letters-recommendation-letters-min-submitted,execution,add-recommendation-letters,recommendation_letters.min_submitted,info,/profile?tab=recommendations,Track recommendation letters,Recommendation status helps application readiness reflect what is still outstanding.,Review letters,in_app_readiness_surface|dashboard,redis_notification_feed|remote_push|email,profile-readiness:execution-add-recommendation-letters-recommendation-letters-min-submitted:bfcccb6a551e4a8d50b973de,Recommendation letter count meets readiness threshold,,
user_prompt,ready_for_in_app_admin_delivery,7db800770eb73da8832dd707,execution-add-recommendation-letters-recommendation-letters-min-submitted,execution,add-recommendation-letters,recommendation_letters.min_submitted,info,/profile?tab=recommendations,Track recommendation letters,Recommendation status helps application readiness reflect what is still outstanding.,Review letters,in_app_readiness_surface|dashboard,redis_notification_feed|remote_push|email,profile-readiness:execution-add-recommendation-letters-recommendation-letters-min-submitted:7db800770eb73da8832dd707,Recommendation letter count meets readiness threshold,,
user_prompt,ready_for_in_app_admin_delivery,026b9edd82f92dd6ee9d5fd7,execution-add-recommendation-letters-recommendation-letters-min-submitted,execution,add-recommendation-letters,recommendation_letters.min_submitted,info,/profile?tab=recommendations,Track recommendation letters,Recommendation status helps application readiness reflect what is still outstanding.,Review letters,in_app_readiness_surface|dashboard,redis_notification_feed|remote_push|email,profile-readiness:execution-add-recommendation-letters-recommendation-letters-min-submitted:026b9edd82f92dd6ee9d5fd7,Recommendation letter count meets readiness threshold,,
user_prompt,ready_for_in_app_admin_delivery,3654c572f6fbdd1467e6bb63,execution-add-recommendation-letters-recommendation-letters-min-submitted,execution,add-recommendation-letters,recommendation_letters.min_submitted,info,/profile?tab=recommendations,Track recommendation letters,Recommendation status helps application readiness reflect what is still outstanding.,Review letters,in_app_readiness_surface|dashboard,redis_notification_feed|remote_push|email,profile-readiness:execution-add-recommendation-letters-recommendation-letters-min-submitted:3654c572f6fbdd1467e6bb63,Recommendation letter count meets readiness threshold,,
user_prompt,ready_for_in_app_admin_delivery,224ffa3dca1db08281b46e31,execution-add-recommendation-letters-recommendation-letters-min-submitted,execution,add-recommendation-letters,recommendation_letters.min_submitted,info,/profile?tab=recommendations,Track recommendation letters,Recommendation status helps application readiness reflect what is still outstanding.,Review letters,in_app_readiness_surface|dashboard,redis_notification_feed|remote_push|email,profile-readiness:execution-add-recommendation-letters-recommendation-letters-min-submitted:224ffa3dca1db08281b46e31,Recommendation letter count meets readiness threshold,,
user_prompt,ready_for_in_app_admin_delivery,9062cc22dba829dc0b78d5c0,execution-add-recommendation-letters-recommendation-letters-min-submitted,execution,add-recommendation-letters,recommendation_letters.min_submitted,info,/profile?tab=recommendations,Track recommendation letters,Recommendation status helps application readiness reflect what is still outstanding.,Review letters,in_app_readiness_surface|dashboard,redis_notification_feed|remote_push|email,profile-readiness:execution-add-recommendation-letters-recommendation-letters-min-submitted:9062cc22dba829dc0b78d5c0,Recommendation letter count meets readiness threshold,,
user_prompt,ready_for_in_app_admin_delivery,d4cee5b87e1ae49c97098ec9,execution-add-recommendation-letters-recommendation-letters-min-submitted,execution,add-recommendation-letters,recommendation_letters.min_submitted,info,/profile?tab=recommendations,Track recommendation letters,Recommendation status helps application readiness reflect what is still outstanding.,Review letters,in_app_readiness_surface|dashboard,redis_notification_feed|remote_push|email,profile-readiness:execution-add-recommendation-letters-recommendation-letters-min-submitted:d4cee5b87e1ae49c97098ec9,Recommendation letter count meets readiness threshold,,
user_prompt,ready_for_in_app_admin_delivery,b06b8c942ca03b7f8343e1ab,execution-add-recommendation-letters-recommendation-letters-min-submitted,execution,add-recommendation-letters,recommendation_letters.min_submitted,info,/profile?tab=recommendations,Track recommendation letters,Recommendation status helps application readiness reflect what is still outstanding.,Review letters,in_app_readiness_surface|dashboard,redis_notification_feed|remote_push|email,profile-readiness:execution-add-recommendation-letters-recommendation-letters-min-submitted:b06b8c942ca03b7f8343e1ab,Recommendation letter count meets readiness threshold,,
user_prompt,ready_for_in_app_admin_delivery,c46005f46a86567329a9b506,execution-add-recommendation-letters-recommendation-letters-min-submitted,execution,add-recommendation-letters,recommendation_letters.min_submitted,info,/profile?tab=recommendations,Track recommendation letters,Recommendation status helps application readiness reflect what is still outstanding.,Review letters,in_app_readiness_surface|dashboard,redis_notification_feed|remote_push|email,profile-readiness:execution-add-recommendation-letters-recommendation-letters-min-submitted:c46005f46a86567329a9b506,Recommendation letter count meets readiness threshold,,
user_prompt,ready_for_in_app_admin_delivery,306394753611302d9dcc2614,execution-add-recommendation-letters-recommendation-letters-min-submitted,execution,add-recommendation-letters,recommendation_letters.min_submitted,info,/profile?tab=recommendations,Track recommendation letters,Recommendation status helps application readiness reflect what is still outstanding.,Review letters,in_app_readiness_surface|dashboard,redis_notification_feed|remote_push|email,profile-readiness:execution-add-recommendation-letters-recommendation-letters-min-submitted:306394753611302d9dcc2614,Recommendation letter count meets readiness threshold,,
user_prompt,ready_for_in_app_admin_delivery,95e594b7481e10e5bbeab2ed,execution-add-recommendation-letters-recommendation-letters-min-submitted,execution,add-recommendation-letters,recommendation_letters.min_submitted,info,/profile?tab=recommendations,Track recommendation letters,Recommendation status helps application readiness reflect what is still outstanding.,Review letters,in_app_readiness_surface|dashboard,redis_notification_feed|remote_push|email,profile-readiness:execution-add-recommendation-letters-recommendation-letters-min-submitted:95e594b7481e10e5bbeab2ed,Recommendation letter count meets readiness threshold,,
user_prompt,ready_for_in_app_admin_delivery,d19670c353690659b32ceffa,execution-add-recommendation-letters-recommendation-letters-min-submitted,execution,add-recommendation-letters,recommendation_letters.min_submitted,info,/profile?tab=recommendations,Track recommendation letters,Recommendation status helps application readiness reflect what is still outstanding.,Review letters,in_app_readiness_surface|dashboard,redis_notification_feed|remote_push|email,profile-readiness:execution-add-recommendation-letters-recommendation-letters-min-submitted:d19670c353690659b32ceffa,Recommendation letter count meets readiness threshold,,
user_prompt,ready_for_in_app_admin_delivery,b6c285440b15a597cd93436e,execution-add-recommendation-letters-recommendation-letters-min-submitted,execution,add-recommendation-letters,recommendation_letters.min_submitted,info,/profile?tab=recommendations,Track recommendation letters,Recommendation status helps application readiness reflect what is still outstanding.,Review letters,in_app_readiness_surface|dashboard,redis_notification_feed|remote_push|email,profile-readiness:execution-add-recommendation-letters-recommendation-letters-min-submitted:b6c285440b15a597cd93436e,Recommendation letter count meets readiness threshold,,
user_prompt,ready_for_in_app_admin_delivery,9e2e8a7efd09e33207efd57e,execution-add-recommendation-letters-recommendation-letters-min-submitted,execution,add-recommendation-letters,recommendation_letters.min_submitted,info,/profile?tab=recommendations,Track recommendation letters,Recommendation status helps application readiness reflect what is still outstanding.,Review letters,in_app_readiness_surface|dashboard,redis_notification_feed|remote_push|email,profile-readiness:execution-add-recommendation-letters-recommendation-letters-min-submitted:9e2e8a7efd09e33207efd57e,Recommendation letter count meets readiness threshold,,
user_prompt,ready_for_in_app_admin_delivery,54deda6071b6929b8aaf9012,execution-create-resume-resume-none,execution,create-resume,resume.none,info,/resume,Create a resume artifact,"A resume gives essay, activity, and application analysis more reliable context.",Create resume,in_app_readiness_surface|dashboard,redis_notification_feed|remote_push|email,profile-readiness:execution-create-resume-resume-none:54deda6071b6929b8aaf9012,User has at least one resume artifact,,
user_prompt,ready_for_in_app_admin_delivery,bcbbfbdd0ed7212eac0f9acb,execution-create-resume-resume-none,execution,create-resume,resume.none,info,/resume,Create a resume artifact,"A resume gives essay, activity, and application analysis more reliable context.",Create resume,in_app_readiness_surface|dashboard,redis_notification_feed|remote_push|email,profile-readiness:execution-create-resume-resume-none:bcbbfbdd0ed7212eac0f9acb,User has at least one resume artifact,,
user_prompt,ready_for_in_app_admin_delivery,2b76b871ca465655cbbacaca,execution-create-resume-resume-none,execution,create-resume,resume.none,info,/resume,Create a resume artifact,"A resume gives essay, activity, and application analysis more reliable context.",Create resume,in_app_readiness_surface|dashboard,redis_notification_feed|remote_push|email,profile-readiness:execution-create-resume-resume-none:2b76b871ca465655cbbacaca,User has at least one resume artifact,,
user_prompt,ready_for_in_app_admin_delivery,ee5859e5e75b862f47c24481,execution-create-resume-resume-none,execution,create-resume,resume.none,info,/resume,Create a resume artifact,"A resume gives essay, activity, and application analysis more reliable context.",Create resume,in_app_readiness_surface|dashboard,redis_notification_feed|remote_push|email,profile-readiness:execution-create-resume-resume-none:ee5859e5e75b862f47c24481,User has at least one resume artifact,,
user_prompt,ready_for_in_app_admin_delivery,0decde83c8c3b1eba5c4bcbe,execution-create-resume-resume-none,execution,create-resume,resume.none,info,/resume,Create a resume artifact,"A resume gives essay, activity, and application analysis more reliable context.",Create resume,in_app_readiness_surface|dashboard,redis_notification_feed|remote_push|email,profile-readiness:execution-create-resume-resume-none:0decde83c8c3b1eba5c4bcbe,User has at least one resume artifact,,
user_prompt,ready_for_in_app_admin_delivery,e143db79d9c485a460893ca5,execution-create-resume-resume-none,execution,create-resume,resume.none,info,/resume,Create a resume artifact,"A resume gives essay, activity, and application analysis more reliable context.",Create resume,in_app_readiness_surface|dashboard,redis_notification_feed|remote_push|email,profile-readiness:execution-create-resume-resume-none:e143db79d9c485a460893ca5,User has at least one resume artifact,,
user_prompt,ready_for_in_app_admin_delivery,19f17ffd8ca6cda6fb981237,execution-create-resume-resume-none,execution,create-resume,resume.none,info,/resume,Create a resume artifact,"A resume gives essay, activity, and application analysis more reliable context.",Create resume,in_app_readiness_surface|dashboard,redis_notification_feed|remote_push|email,profile-readiness:execution-create-resume-resume-none:19f17ffd8ca6cda6fb981237,User has at least one resume artifact,,
user_prompt,ready_for_in_app_admin_delivery,556e66a23d80e56fc6de4c70,execution-create-resume-resume-none,execution,create-resume,resume.none,info,/resume,Create a resume artifact,"A resume gives essay, activity, and application analysis more reliable context.",Create resume,in_app_readiness_surface|dashboard,redis_notification_feed|remote_push|email,profile-readiness:execution-create-resume-resume-none:556e66a23d80e56fc6de4c70,User has at least one resume artifact,,
user_prompt,ready_for_in_app_admin_delivery,161ae07fa8fcfd5b9c149e3a,execution-create-resume-resume-none,execution,create-resume,resume.none,info,/resume,Create a resume artifact,"A resume gives essay, activity, and application analysis more reliable context.",Create resume,in_app_readiness_surface|dashboard,redis_notification_feed|remote_push|email,profile-readiness:execution-create-resume-resume-none:161ae07fa8fcfd5b9c149e3a,User has at least one resume artifact,,
user_prompt,ready_for_in_app_admin_delivery,bbcc181196a5f49e7b7b5217,execution-create-resume-resume-none,execution,create-resume,resume.none,info,/resume,Create a resume artifact,"A resume gives essay, activity, and application analysis more reliable context.",Create resume,in_app_readiness_surface|dashboard,redis_notification_feed|remote_push|email,profile-readiness:execution-create-resume-resume-none:bbcc181196a5f49e7b7b5217,User has at least one resume artifact,,
user_prompt,ready_for_in_app_admin_delivery,2ad6a5c85738075faca4e660,execution-create-resume-resume-none,execution,create-resume,resume.none,info,/resume,Create a resume artifact,"A resume gives essay, activity, and application analysis more reliable context.",Create resume,in_app_readiness_surface|dashboard,redis_notification_feed|remote_push|email,profile-readiness:execution-create-resume-resume-none:2ad6a5c85738075faca4e660,User has at least one resume artifact,,
user_prompt,ready_for_in_app_admin_delivery,4f43b96ee5b22b7fd5680c21,execution-create-resume-resume-none,execution,create-resume,resume.none,info,/resume,Create a resume artifact,"A resume gives essay, activity, and application analysis more reliable context.",Create resume,in_app_readiness_surface|dashboard,redis_notification_feed|remote_push|email,profile-readiness:execution-create-resume-resume-none:4f43b96ee5b22b7fd5680c21,User has at least one resume artifact,,
user_prompt,ready_for_in_app_admin_delivery,c271fde2cf1b87f889ec0c16,execution-create-resume-resume-none,execution,create-resume,resume.none,info,/resume,Create a resume artifact,"A resume gives essay, activity, and application analysis more reliable context.",Create resume,in_app_readiness_surface|dashboard,redis_notification_feed|remote_push|email,profile-readiness:execution-create-resume-resume-none:c271fde2cf1b87f889ec0c16,User has at least one resume artifact,,
user_prompt,ready_for_in_app_admin_delivery,746bc9d4549c99352f08bdcf,execution-create-resume-resume-none,execution,create-resume,resume.none,info,/resume,Create a resume artifact,"A resume gives essay, activity, and application analysis more reliable context.",Create resume,in_app_readiness_surface|dashboard,redis_notification_feed|remote_push|email,profile-readiness:execution-create-resume-resume-none:746bc9d4549c99352f08bdcf,User has at least one resume artifact,,
user_prompt,ready_for_in_app_admin_delivery,b4d7837782707744792d2395,execution-create-resume-resume-none,execution,create-resume,resume.none,info,/resume,Create a resume artifact,"A resume gives essay, activity, and application analysis more reliable context.",Create resume,in_app_readiness_surface|dashboard,redis_notification_feed|remote_push|email,profile-readiness:execution-create-resume-resume-none:b4d7837782707744792d2395,User has at least one resume artifact,,
user_prompt,ready_for_in_app_admin_delivery,40e9414c98a1ebdf2dcad4cd,execution-create-resume-resume-none,execution,create-resume,resume.none,info,/resume,Create a resume artifact,"A resume gives essay, activity, and application analysis more reliable context.",Create resume,in_app_readiness_surface|dashboard,redis_notification_feed|remote_push|email,profile-readiness:execution-create-resume-resume-none:40e9414c98a1ebdf2dcad4cd,User has at least one resume artifact,,
user_prompt,ready_for_in_app_admin_delivery,b1fa79bf9c552d0d23893f4d,execution-create-resume-resume-none,execution,create-resume,resume.none,info,/resume,Create a resume artifact,"A resume gives essay, activity, and application analysis more reliable context.",Create resume,in_app_readiness_surface|dashboard,redis_notification_feed|remote_push|email,profile-readiness:execution-create-resume-resume-none:b1fa79bf9c552d0d23893f4d,User has at least one resume artifact,,
user_prompt,ready_for_in_app_admin_delivery,7eb6af9e5e76bffb19b076da,execution-create-resume-resume-none,execution,create-resume,resume.none,info,/resume,Create a resume artifact,"A resume gives essay, activity, and application analysis more reliable context.",Create resume,in_app_readiness_surface|dashboard,redis_notification_feed|remote_push|email,profile-readiness:execution-create-resume-resume-none:7eb6af9e5e76bffb19b076da,User has at least one resume artifact,,
user_prompt,ready_for_in_app_admin_delivery,0d718acf5447f81ecb074643,execution-create-resume-resume-none,execution,create-resume,resume.none,info,/resume,Create a resume artifact,"A resume gives essay, activity, and application analysis more reliable context.",Create resume,in_app_readiness_surface|dashboard,redis_notification_feed|remote_push|email,profile-readiness:execution-create-resume-resume-none:0d718acf5447f81ecb074643,User has at least one resume artifact,,
user_prompt,ready_for_in_app_admin_delivery,62054f9af3f742de36c2f85c,execution-create-resume-resume-none,execution,create-resume,resume.none,info,/resume,Create a resume artifact,"A resume gives essay, activity, and application analysis more reliable context.",Create resume,in_app_readiness_surface|dashboard,redis_notification_feed|remote_push|email,profile-readiness:execution-create-resume-resume-none:62054f9af3f742de36c2f85c,User has at least one resume artifact,,
user_prompt,ready_for_in_app_admin_delivery,9364ef9c662f3a639f68f056,execution-create-resume-resume-none,execution,create-resume,resume.none,info,/resume,Create a resume artifact,"A resume gives essay, activity, and application analysis more reliable context.",Create resume,in_app_readiness_surface|dashboard,redis_notification_feed|remote_push|email,profile-readiness:execution-create-resume-resume-none:9364ef9c662f3a639f68f056,User has at least one resume artifact,,
user_prompt,ready_for_in_app_admin_delivery,3a816c9b5433ae0aaf479ba7,execution-create-resume-resume-none,execution,create-resume,resume.none,info,/resume,Create a resume artifact,"A resume gives essay, activity, and application analysis more reliable context.",Create resume,in_app_readiness_surface|dashboard,redis_notification_feed|remote_push|email,profile-readiness:execution-create-resume-resume-none:3a816c9b5433ae0aaf479ba7,User has at least one resume artifact,,
user_prompt,ready_for_in_app_admin_delivery,3ee3cf435e4f83fb80edeb51,execution-create-resume-resume-none,execution,create-resume,resume.none,info,/resume,Create a resume artifact,"A resume gives essay, activity, and application analysis more reliable context.",Create resume,in_app_readiness_surface|dashboard,redis_notification_feed|remote_push|email,profile-readiness:execution-create-resume-resume-none:3ee3cf435e4f83fb80edeb51,User has at least one resume artifact,,
user_prompt,ready_for_in_app_admin_delivery,9c31e7076836e7c3e8c3b9e6,execution-create-resume-resume-none,execution,create-resume,resume.none,info,/resume,Create a resume artifact,"A resume gives essay, activity, and application analysis more reliable context.",Create resume,in_app_readiness_surface|dashboard,redis_notification_feed|remote_push|email,profile-readiness:execution-create-resume-resume-none:9c31e7076836e7c3e8c3b9e6,User has at least one resume artifact,,
user_prompt,ready_for_in_app_admin_delivery,700a98cbdc40e3ae03f7db21,execution-create-resume-resume-none,execution,create-resume,resume.none,info,/resume,Create a resume artifact,"A resume gives essay, activity, and application analysis more reliable context.",Create resume,in_app_readiness_surface|dashboard,redis_notification_feed|remote_push|email,profile-readiness:execution-create-resume-resume-none:700a98cbdc40e3ae03f7db21,User has at least one resume artifact,,
user_prompt,ready_for_in_app_admin_delivery,350e3e61308a4fecf31d5265,execution-create-resume-resume-none,execution,create-resume,resume.none,info,/resume,Create a resume artifact,"A resume gives essay, activity, and application analysis more reliable context.",Create resume,in_app_readiness_surface|dashboard,redis_notification_feed|remote_push|email,profile-readiness:execution-create-resume-resume-none:350e3e61308a4fecf31d5265,User has at least one resume artifact,,
user_prompt,ready_for_in_app_admin_delivery,ee8d2acecabae8a094f78e72,execution-create-resume-resume-none,execution,create-resume,resume.none,info,/resume,Create a resume artifact,"A resume gives essay, activity, and application analysis more reliable context.",Create resume,in_app_readiness_surface|dashboard,redis_notification_feed|remote_push|email,profile-readiness:execution-create-resume-resume-none:ee8d2acecabae8a094f78e72,User has at least one resume artifact,,
user_prompt,ready_for_in_app_admin_delivery,60ae21cdcc0779c5d57fa893,execution-create-resume-resume-none,execution,create-resume,resume.none,info,/resume,Create a resume artifact,"A resume gives essay, activity, and application analysis more reliable context.",Create resume,in_app_readiness_surface|dashboard,redis_notification_feed|remote_push|email,profile-readiness:execution-create-resume-resume-none:60ae21cdcc0779c5d57fa893,User has at least one resume artifact,,
user_prompt,ready_for_in_app_admin_delivery,bd21a66a08af7179cdf51827,execution-create-resume-resume-none,execution,create-resume,resume.none,info,/resume,Create a resume artifact,"A resume gives essay, activity, and application analysis more reliable context.",Create resume,in_app_readiness_surface|dashboard,redis_notification_feed|remote_push|email,profile-readiness:execution-create-resume-resume-none:bd21a66a08af7179cdf51827,User has at least one resume artifact,,
user_prompt,ready_for_in_app_admin_delivery,3440fa1395a6c4f2ebb71417,execution-create-resume-resume-none,execution,create-resume,resume.none,info,/resume,Create a resume artifact,"A resume gives essay, activity, and application analysis more reliable context.",Create resume,in_app_readiness_surface|dashboard,redis_notification_feed|remote_push|email,profile-readiness:execution-create-resume-resume-none:3440fa1395a6c4f2ebb71417,User has at least one resume artifact,,
user_prompt,ready_for_in_app_admin_delivery,6db2dfd1997c5a7abf5ead14,execution-create-resume-resume-none,execution,create-resume,resume.none,info,/resume,Create a resume artifact,"A resume gives essay, activity, and application analysis more reliable context.",Create resume,in_app_readiness_surface|dashboard,redis_notification_feed|remote_push|email,profile-readiness:execution-create-resume-resume-none:6db2dfd1997c5a7abf5ead14,User has at least one resume artifact,,
user_prompt,ready_for_in_app_admin_delivery,97561a4e8ea441527f5b5cba,execution-create-resume-resume-none,execution,create-resume,resume.none,info,/resume,Create a resume artifact,"A resume gives essay, activity, and application analysis more reliable context.",Create resume,in_app_readiness_surface|dashboard,redis_notification_feed|remote_push|email,profile-readiness:execution-create-resume-resume-none:97561a4e8ea441527f5b5cba,User has at least one resume artifact,,
user_prompt,ready_for_in_app_admin_delivery,1d4ae02072c05da1e61eef12,execution-create-resume-resume-none,execution,create-resume,resume.none,info,/resume,Create a resume artifact,"A resume gives essay, activity, and application analysis more reliable context.",Create resume,in_app_readiness_surface|dashboard,redis_notification_feed|remote_push|email,profile-readiness:execution-create-resume-resume-none:1d4ae02072c05da1e61eef12,User has at least one resume artifact,,
user_prompt,ready_for_in_app_admin_delivery,d91461370b9bf48cd0077d58,execution-create-resume-resume-none,execution,create-resume,resume.none,info,/resume,Create a resume artifact,"A resume gives essay, activity, and application analysis more reliable context.",Create resume,in_app_readiness_surface|dashboard,redis_notification_feed|remote_push|email,profile-readiness:execution-create-resume-resume-none:d91461370b9bf48cd0077d58,User has at least one resume artifact,,
user_prompt,ready_for_in_app_admin_delivery,d0b7bcd4eb098c1de95c9244,execution-create-resume-resume-none,execution,create-resume,resume.none,info,/resume,Create a resume artifact,"A resume gives essay, activity, and application analysis more reliable context.",Create resume,in_app_readiness_surface|dashboard,redis_notification_feed|remote_push|email,profile-readiness:execution-create-resume-resume-none:d0b7bcd4eb098c1de95c9244,User has at least one resume artifact,,
user_prompt,ready_for_in_app_admin_delivery,8af2599c6426aee17e392808,execution-create-resume-resume-none,execution,create-resume,resume.none,info,/resume,Create a resume artifact,"A resume gives essay, activity, and application analysis more reliable context.",Create resume,in_app_readiness_surface|dashboard,redis_notification_feed|remote_push|email,profile-readiness:execution-create-resume-resume-none:8af2599c6426aee17e392808,User has at least one resume artifact,,
user_prompt,ready_for_in_app_admin_delivery,b16338de18bd3ea9490a922c,execution-create-resume-resume-none,execution,create-resume,resume.none,info,/resume,Create a resume artifact,"A resume gives essay, activity, and application analysis more reliable context.",Create resume,in_app_readiness_surface|dashboard,redis_notification_feed|remote_push|email,profile-readiness:execution-create-resume-resume-none:b16338de18bd3ea9490a922c,User has at least one resume artifact,,
user_prompt,ready_for_in_app_admin_delivery,2c109a0b6856445f718b6cc4,execution-create-resume-resume-none,execution,create-resume,resume.none,info,/resume,Create a resume artifact,"A resume gives essay, activity, and application analysis more reliable context.",Create resume,in_app_readiness_surface|dashboard,redis_notification_feed|remote_push|email,profile-readiness:execution-create-resume-resume-none:2c109a0b6856445f718b6cc4,User has at least one resume artifact,,
user_prompt,ready_for_in_app_admin_delivery,58f299953ccf1094f94211d2,execution-create-resume-resume-none,execution,create-resume,resume.none,info,/resume,Create a resume artifact,"A resume gives essay, activity, and application analysis more reliable context.",Create resume,in_app_readiness_surface|dashboard,redis_notification_feed|remote_push|email,profile-readiness:execution-create-resume-resume-none:58f299953ccf1094f94211d2,User has at least one resume artifact,,
user_prompt,ready_for_in_app_admin_delivery,b08f78a2c250836222a2ed7e,execution-create-resume-resume-none,execution,create-resume,resume.none,info,/resume,Create a resume artifact,"A resume gives essay, activity, and application analysis more reliable context.",Create resume,in_app_readiness_surface|dashboard,redis_notification_feed|remote_push|email,profile-readiness:execution-create-resume-resume-none:b08f78a2c250836222a2ed7e,User has at least one resume artifact,,
user_prompt,ready_for_in_app_admin_delivery,e35b0c6b5a8af24ddecf15b1,execution-create-resume-resume-none,execution,create-resume,resume.none,info,/resume,Create a resume artifact,"A resume gives essay, activity, and application analysis more reliable context.",Create resume,in_app_readiness_surface|dashboard,redis_notification_feed|remote_push|email,profile-readiness:execution-create-resume-resume-none:e35b0c6b5a8af24ddecf15b1,User has at least one resume artifact,,
user_prompt,ready_for_in_app_admin_delivery,af8e626ff7ecc5fffec5a83b,execution-create-resume-resume-none,execution,create-resume,resume.none,info,/resume,Create a resume artifact,"A resume gives essay, activity, and application analysis more reliable context.",Create resume,in_app_readiness_surface|dashboard,redis_notification_feed|remote_push|email,profile-readiness:execution-create-resume-resume-none:af8e626ff7ecc5fffec5a83b,User has at least one resume artifact,,
user_prompt,ready_for_in_app_admin_delivery,5635dbb88bfc845adb3c6c2d,execution-create-resume-resume-none,execution,create-resume,resume.none,info,/resume,Create a resume artifact,"A resume gives essay, activity, and application analysis more reliable context.",Create resume,in_app_readiness_surface|dashboard,redis_notification_feed|remote_push|email,profile-readiness:execution-create-resume-resume-none:5635dbb88bfc845adb3c6c2d,User has at least one resume artifact,,
user_prompt,ready_for_in_app_admin_delivery,08a357ecc96894482491cba4,execution-create-resume-resume-none,execution,create-resume,resume.none,info,/resume,Create a resume artifact,"A resume gives essay, activity, and application analysis more reliable context.",Create resume,in_app_readiness_surface|dashboard,redis_notification_feed|remote_push|email,profile-readiness:execution-create-resume-resume-none:08a357ecc96894482491cba4,User has at least one resume artifact,,
user_prompt,ready_for_in_app_admin_delivery,82be1f799b998791e0b4a42f,execution-create-resume-resume-none,execution,create-resume,resume.none,info,/resume,Create a resume artifact,"A resume gives essay, activity, and application analysis more reliable context.",Create resume,in_app_readiness_surface|dashboard,redis_notification_feed|remote_push|email,profile-readiness:execution-create-resume-resume-none:82be1f799b998791e0b4a42f,User has at least one resume artifact,,
user_prompt,ready_for_in_app_admin_delivery,d44f4c033bff279e6a7ecb7f,execution-create-resume-resume-none,execution,create-resume,resume.none,info,/resume,Create a resume artifact,"A resume gives essay, activity, and application analysis more reliable context.",Create resume,in_app_readiness_surface|dashboard,redis_notification_feed|remote_push|email,profile-readiness:execution-create-resume-resume-none:d44f4c033bff279e6a7ecb7f,User has at least one resume artifact,,
user_prompt,ready_for_in_app_admin_delivery,1721e7fd604c8c9cba7b29ee,execution-create-resume-resume-none,execution,create-resume,resume.none,info,/resume,Create a resume artifact,"A resume gives essay, activity, and application analysis more reliable context.",Create resume,in_app_readiness_surface|dashboard,redis_notification_feed|remote_push|email,profile-readiness:execution-create-resume-resume-none:1721e7fd604c8c9cba7b29ee,User has at least one resume artifact,,
user_prompt,ready_for_in_app_admin_delivery,aa77cfaf01d5f471651c731f,execution-create-resume-resume-none,execution,create-resume,resume.none,info,/resume,Create a resume artifact,"A resume gives essay, activity, and application analysis more reliable context.",Create resume,in_app_readiness_surface|dashboard,redis_notification_feed|remote_push|email,profile-readiness:execution-create-resume-resume-none:aa77cfaf01d5f471651c731f,User has at least one resume artifact,,
user_prompt,ready_for_in_app_admin_delivery,8182fd0a8ea90cbe07f9f5f3,execution-create-resume-resume-none,execution,create-resume,resume.none,info,/resume,Create a resume artifact,"A resume gives essay, activity, and application analysis more reliable context.",Create resume,in_app_readiness_surface|dashboard,redis_notification_feed|remote_push|email,profile-readiness:execution-create-resume-resume-none:8182fd0a8ea90cbe07f9f5f3,User has at least one resume artifact,,
user_prompt,ready_for_in_app_admin_delivery,8f76e29a0754e9147868ff48,execution-create-resume-resume-none,execution,create-resume,resume.none,info,/resume,Create a resume artifact,"A resume gives essay, activity, and application analysis more reliable context.",Create resume,in_app_readiness_surface|dashboard,redis_notification_feed|remote_push|email,profile-readiness:execution-create-resume-resume-none:8f76e29a0754e9147868ff48,User has at least one resume artifact,,
user_prompt,ready_for_in_app_admin_delivery,e49853bb7590d4fbc088e2ce,execution-create-resume-resume-none,execution,create-resume,resume.none,info,/resume,Create a resume artifact,"A resume gives essay, activity, and application analysis more reliable context.",Create resume,in_app_readiness_surface|dashboard,redis_notification_feed|remote_push|email,profile-readiness:execution-create-resume-resume-none:e49853bb7590d4fbc088e2ce,User has at least one resume artifact,,
user_prompt,ready_for_in_app_admin_delivery,ba75887eed7d741502c53c31,execution-create-resume-resume-none,execution,create-resume,resume.none,info,/resume,Create a resume artifact,"A resume gives essay, activity, and application analysis more reliable context.",Create resume,in_app_readiness_surface|dashboard,redis_notification_feed|remote_push|email,profile-readiness:execution-create-resume-resume-none:ba75887eed7d741502c53c31,User has at least one resume artifact,,
user_prompt,ready_for_in_app_admin_delivery,2f77ce3256c653a98a843922,execution-create-resume-resume-none,execution,create-resume,resume.none,info,/resume,Create a resume artifact,"A resume gives essay, activity, and application analysis more reliable context.",Create resume,in_app_readiness_surface|dashboard,redis_notification_feed|remote_push|email,profile-readiness:execution-create-resume-resume-none:2f77ce3256c653a98a843922,User has at least one resume artifact,,
user_prompt,ready_for_in_app_admin_delivery,39d82fb302892df916184722,execution-create-resume-resume-none,execution,create-resume,resume.none,info,/resume,Create a resume artifact,"A resume gives essay, activity, and application analysis more reliable context.",Create resume,in_app_readiness_surface|dashboard,redis_notification_feed|remote_push|email,profile-readiness:execution-create-resume-resume-none:39d82fb302892df916184722,User has at least one resume artifact,,
user_prompt,ready_for_in_app_admin_delivery,73a91be57fb9c7848ca2fc38,execution-create-resume-resume-none,execution,create-resume,resume.none,info,/resume,Create a resume artifact,"A resume gives essay, activity, and application analysis more reliable context.",Create resume,in_app_readiness_surface|dashboard,redis_notification_feed|remote_push|email,profile-readiness:execution-create-resume-resume-none:73a91be57fb9c7848ca2fc38,User has at least one resume artifact,,
user_prompt,ready_for_in_app_admin_delivery,b7c52e38fa597c4401a45a0d,execution-create-resume-resume-none,execution,create-resume,resume.none,info,/resume,Create a resume artifact,"A resume gives essay, activity, and application analysis more reliable context.",Create resume,in_app_readiness_surface|dashboard,redis_notification_feed|remote_push|email,profile-readiness:execution-create-resume-resume-none:b7c52e38fa597c4401a45a0d,User has at least one resume artifact,,
user_prompt,ready_for_in_app_admin_delivery,b6211d62f28ea1ac1fbf92f6,execution-create-resume-resume-none,execution,create-resume,resume.none,info,/resume,Create a resume artifact,"A resume gives essay, activity, and application analysis more reliable context.",Create resume,in_app_readiness_surface|dashboard,redis_notification_feed|remote_push|email,profile-readiness:execution-create-resume-resume-none:b6211d62f28ea1ac1fbf92f6,User has at least one resume artifact,,
user_prompt,ready_for_in_app_admin_delivery,51123683ff47579b1326d7e0,execution-create-resume-resume-none,execution,create-resume,resume.none,info,/resume,Create a resume artifact,"A resume gives essay, activity, and application analysis more reliable context.",Create resume,in_app_readiness_surface|dashboard,redis_notification_feed|remote_push|email,profile-readiness:execution-create-resume-resume-none:51123683ff47579b1326d7e0,User has at least one resume artifact,,
user_prompt,ready_for_in_app_admin_delivery,d623a290fc0c003872b7e51e,execution-create-resume-resume-none,execution,create-resume,resume.none,info,/resume,Create a resume artifact,"A resume gives essay, activity, and application analysis more reliable context.",Create resume,in_app_readiness_surface|dashboard,redis_notification_feed|remote_push|email,profile-readiness:execution-create-resume-resume-none:d623a290fc0c003872b7e51e,User has at least one resume artifact,,
user_prompt,ready_for_in_app_admin_delivery,d235bd129f743fb22c4ed3fd,execution-create-resume-resume-none,execution,create-resume,resume.none,info,/resume,Create a resume artifact,"A resume gives essay, activity, and application analysis more reliable context.",Create resume,in_app_readiness_surface|dashboard,redis_notification_feed|remote_push|email,profile-readiness:execution-create-resume-resume-none:d235bd129f743fb22c4ed3fd,User has at least one resume artifact,,
user_prompt,ready_for_in_app_admin_delivery,2532d98f34e1ac7c1659d8eb,execution-create-resume-resume-none,execution,create-resume,resume.none,info,/resume,Create a resume artifact,"A resume gives essay, activity, and application analysis more reliable context.",Create resume,in_app_readiness_surface|dashboard,redis_notification_feed|remote_push|email,profile-readiness:execution-create-resume-resume-none:2532d98f34e1ac7c1659d8eb,User has at least one resume artifact,,
user_prompt,ready_for_in_app_admin_delivery,80198917031fa524bd986f16,execution-create-resume-resume-none,execution,create-resume,resume.none,info,/resume,Create a resume artifact,"A resume gives essay, activity, and application analysis more reliable context.",Create resume,in_app_readiness_surface|dashboard,redis_notification_feed|remote_push|email,profile-readiness:execution-create-resume-resume-none:80198917031fa524bd986f16,User has at least one resume artifact,,
user_prompt,ready_for_in_app_admin_delivery,fb77434774ac9a3e30419226,execution-create-resume-resume-none,execution,create-resume,resume.none,info,/resume,Create a resume artifact,"A resume gives essay, activity, and application analysis more reliable context.",Create resume,in_app_readiness_surface|dashboard,redis_notification_feed|remote_push|email,profile-readiness:execution-create-resume-resume-none:fb77434774ac9a3e30419226,User has at least one resume artifact,,
user_prompt,ready_for_in_app_admin_delivery,f9fd9b821f5302c444105093,execution-create-resume-resume-none,execution,create-resume,resume.none,info,/resume,Create a resume artifact,"A resume gives essay, activity, and application analysis more reliable context.",Create resume,in_app_readiness_surface|dashboard,redis_notification_feed|remote_push|email,profile-readiness:execution-create-resume-resume-none:f9fd9b821f5302c444105093,User has at least one resume artifact,,
user_prompt,ready_for_in_app_admin_delivery,8ee4a43e09bd1fb564a3d07c,execution-create-resume-resume-none,execution,create-resume,resume.none,info,/resume,Create a resume artifact,"A resume gives essay, activity, and application analysis more reliable context.",Create resume,in_app_readiness_surface|dashboard,redis_notification_feed|remote_push|email,profile-readiness:execution-create-resume-resume-none:8ee4a43e09bd1fb564a3d07c,User has at least one resume artifact,,
user_prompt,ready_for_in_app_admin_delivery,1205c6fffa0d08b1c24f8aba,execution-create-resume-resume-none,execution,create-resume,resume.none,info,/resume,Create a resume artifact,"A resume gives essay, activity, and application analysis more reliable context.",Create resume,in_app_readiness_surface|dashboard,redis_notification_feed|remote_push|email,profile-readiness:execution-create-resume-resume-none:1205c6fffa0d08b1c24f8aba,User has at least one resume artifact,,
user_prompt,ready_for_in_app_admin_delivery,83e1e60cee3420e8a087ec65,execution-create-resume-resume-none,execution,create-resume,resume.none,info,/resume,Create a resume artifact,"A resume gives essay, activity, and application analysis more reliable context.",Create resume,in_app_readiness_surface|dashboard,redis_notification_feed|remote_push|email,profile-readiness:execution-create-resume-resume-none:83e1e60cee3420e8a087ec65,User has at least one resume artifact,,
user_prompt,ready_for_in_app_admin_delivery,4128eb49c7d66593fc377cf2,execution-create-resume-resume-none,execution,create-resume,resume.none,info,/resume,Create a resume artifact,"A resume gives essay, activity, and application analysis more reliable context.",Create resume,in_app_readiness_surface|dashboard,redis_notification_feed|remote_push|email,profile-readiness:execution-create-resume-resume-none:4128eb49c7d66593fc377cf2,User has at least one resume artifact,,
user_prompt,ready_for_in_app_admin_delivery,66bd62747c0c3780d93d5ac0,execution-create-resume-resume-none,execution,create-resume,resume.none,info,/resume,Create a resume artifact,"A resume gives essay, activity, and application analysis more reliable context.",Create resume,in_app_readiness_surface|dashboard,redis_notification_feed|remote_push|email,profile-readiness:execution-create-resume-resume-none:66bd62747c0c3780d93d5ac0,User has at least one resume artifact,,
user_prompt,ready_for_in_app_admin_delivery,387d5008ef0d61abbf0981c3,execution-create-resume-resume-none,execution,create-resume,resume.none,info,/resume,Create a resume artifact,"A resume gives essay, activity, and application analysis more reliable context.",Create resume,in_app_readiness_surface|dashboard,redis_notification_feed|remote_push|email,profile-readiness:execution-create-resume-resume-none:387d5008ef0d61abbf0981c3,User has at least one resume artifact,,
user_prompt,ready_for_in_app_admin_delivery,6e88e7843d84c8e4ac30d418,execution-create-resume-resume-none,execution,create-resume,resume.none,info,/resume,Create a resume artifact,"A resume gives essay, activity, and application analysis more reliable context.",Create resume,in_app_readiness_surface|dashboard,redis_notification_feed|remote_push|email,profile-readiness:execution-create-resume-resume-none:6e88e7843d84c8e4ac30d418,User has at least one resume artifact,,
user_prompt,ready_for_in_app_admin_delivery,85fc8cd917b074b9f364b19f,execution-create-resume-resume-none,execution,create-resume,resume.none,info,/resume,Create a resume artifact,"A resume gives essay, activity, and application analysis more reliable context.",Create resume,in_app_readiness_surface|dashboard,redis_notification_feed|remote_push|email,profile-readiness:execution-create-resume-resume-none:85fc8cd917b074b9f364b19f,User has at least one resume artifact,,
user_prompt,ready_for_in_app_admin_delivery,393497c7e1766899efccdd67,execution-create-resume-resume-none,execution,create-resume,resume.none,info,/resume,Create a resume artifact,"A resume gives essay, activity, and application analysis more reliable context.",Create resume,in_app_readiness_surface|dashboard,redis_notification_feed|remote_push|email,profile-readiness:execution-create-resume-resume-none:393497c7e1766899efccdd67,User has at least one resume artifact,,
user_prompt,ready_for_in_app_admin_delivery,c11c121accb370e23f27204f,execution-create-resume-resume-none,execution,create-resume,resume.none,info,/resume,Create a resume artifact,"A resume gives essay, activity, and application analysis more reliable context.",Create resume,in_app_readiness_surface|dashboard,redis_notification_feed|remote_push|email,profile-readiness:execution-create-resume-resume-none:c11c121accb370e23f27204f,User has at least one resume artifact,,
user_prompt,ready_for_in_app_admin_delivery,ec8c5627fc8e7cd6f4f3ab56,execution-create-resume-resume-none,execution,create-resume,resume.none,info,/resume,Create a resume artifact,"A resume gives essay, activity, and application analysis more reliable context.",Create resume,in_app_readiness_surface|dashboard,redis_notification_feed|remote_push|email,profile-readiness:execution-create-resume-resume-none:ec8c5627fc8e7cd6f4f3ab56,User has at least one resume artifact,,
user_prompt,ready_for_in_app_admin_delivery,a73c0bac52799c6f0c20c326,execution-create-resume-resume-none,execution,create-resume,resume.none,info,/resume,Create a resume artifact,"A resume gives essay, activity, and application analysis more reliable context.",Create resume,in_app_readiness_surface|dashboard,redis_notification_feed|remote_push|email,profile-readiness:execution-create-resume-resume-none:a73c0bac52799c6f0c20c326,User has at least one resume artifact,,
user_prompt,ready_for_in_app_admin_delivery,1f1d01ebd6e4a634f6d00521,execution-create-resume-resume-none,execution,create-resume,resume.none,info,/resume,Create a resume artifact,"A resume gives essay, activity, and application analysis more reliable context.",Create resume,in_app_readiness_surface|dashboard,redis_notification_feed|remote_push|email,profile-readiness:execution-create-resume-resume-none:1f1d01ebd6e4a634f6d00521,User has at least one resume artifact,,
user_prompt,ready_for_in_app_admin_delivery,8111a447630837276fb2d02b,execution-create-resume-resume-none,execution,create-resume,resume.none,info,/resume,Create a resume artifact,"A resume gives essay, activity, and application analysis more reliable context.",Create resume,in_app_readiness_surface|dashboard,redis_notification_feed|remote_push|email,profile-readiness:execution-create-resume-resume-none:8111a447630837276fb2d02b,User has at least one resume artifact,,
user_prompt,ready_for_in_app_admin_delivery,454b3bdd97d513ee08d1fcb6,execution-create-resume-resume-none,execution,create-resume,resume.none,info,/resume,Create a resume artifact,"A resume gives essay, activity, and application analysis more reliable context.",Create resume,in_app_readiness_surface|dashboard,redis_notification_feed|remote_push|email,profile-readiness:execution-create-resume-resume-none:454b3bdd97d513ee08d1fcb6,User has at least one resume artifact,,
user_prompt,ready_for_in_app_admin_delivery,77e8a3e7b4bb269d25a88720,execution-create-resume-resume-none,execution,create-resume,resume.none,info,/resume,Create a resume artifact,"A resume gives essay, activity, and application analysis more reliable context.",Create resume,in_app_readiness_surface|dashboard,redis_notification_feed|remote_push|email,profile-readiness:execution-create-resume-resume-none:77e8a3e7b4bb269d25a88720,User has at least one resume artifact,,
user_prompt,ready_for_in_app_admin_delivery,1c49dedeea2144e69f2ddfab,execution-create-resume-resume-none,execution,create-resume,resume.none,info,/resume,Create a resume artifact,"A resume gives essay, activity, and application analysis more reliable context.",Create resume,in_app_readiness_surface|dashboard,redis_notification_feed|remote_push|email,profile-readiness:execution-create-resume-resume-none:1c49dedeea2144e69f2ddfab,User has at least one resume artifact,,
user_prompt,ready_for_in_app_admin_delivery,c6b85ceae0c6557b8e364c94,execution-create-resume-resume-none,execution,create-resume,resume.none,info,/resume,Create a resume artifact,"A resume gives essay, activity, and application analysis more reliable context.",Create resume,in_app_readiness_surface|dashboard,redis_notification_feed|remote_push|email,profile-readiness:execution-create-resume-resume-none:c6b85ceae0c6557b8e364c94,User has at least one resume artifact,,
user_prompt,ready_for_in_app_admin_delivery,7bc9b1e5926864015639324c,execution-create-resume-resume-none,execution,create-resume,resume.none,info,/resume,Create a resume artifact,"A resume gives essay, activity, and application analysis more reliable context.",Create resume,in_app_readiness_surface|dashboard,redis_notification_feed|remote_push|email,profile-readiness:execution-create-resume-resume-none:7bc9b1e5926864015639324c,User has at least one resume artifact,,
user_prompt,ready_for_in_app_admin_delivery,76d3e4bd31e04f8df55b5063,execution-create-resume-resume-none,execution,create-resume,resume.none,info,/resume,Create a resume artifact,"A resume gives essay, activity, and application analysis more reliable context.",Create resume,in_app_readiness_surface|dashboard,redis_notification_feed|remote_push|email,profile-readiness:execution-create-resume-resume-none:76d3e4bd31e04f8df55b5063,User has at least one resume artifact,,
user_prompt,ready_for_in_app_admin_delivery,123500041b4c756624fcfbc1,execution-create-resume-resume-none,execution,create-resume,resume.none,info,/resume,Create a resume artifact,"A resume gives essay, activity, and application analysis more reliable context.",Create resume,in_app_readiness_surface|dashboard,redis_notification_feed|remote_push|email,profile-readiness:execution-create-resume-resume-none:123500041b4c756624fcfbc1,User has at least one resume artifact,,
user_prompt,ready_for_in_app_admin_delivery,9e700876055ebe00ce432591,execution-create-resume-resume-none,execution,create-resume,resume.none,info,/resume,Create a resume artifact,"A resume gives essay, activity, and application analysis more reliable context.",Create resume,in_app_readiness_surface|dashboard,redis_notification_feed|remote_push|email,profile-readiness:execution-create-resume-resume-none:9e700876055ebe00ce432591,User has at least one resume artifact,,
user_prompt,ready_for_in_app_admin_delivery,b86b9ff73c5aa218b53fcc07,execution-create-resume-resume-none,execution,create-resume,resume.none,info,/resume,Create a resume artifact,"A resume gives essay, activity, and application analysis more reliable context.",Create resume,in_app_readiness_surface|dashboard,redis_notification_feed|remote_push|email,profile-readiness:execution-create-resume-resume-none:b86b9ff73c5aa218b53fcc07,User has at least one resume artifact,,
user_prompt,ready_for_in_app_admin_delivery,26a7b1448bcf5fd36c35a363,execution-create-resume-resume-none,execution,create-resume,resume.none,info,/resume,Create a resume artifact,"A resume gives essay, activity, and application analysis more reliable context.",Create resume,in_app_readiness_surface|dashboard,redis_notification_feed|remote_push|email,profile-readiness:execution-create-resume-resume-none:26a7b1448bcf5fd36c35a363,User has at least one resume artifact,,
user_prompt,ready_for_in_app_admin_delivery,2f357aae310ceb62c29b274c,execution-create-resume-resume-none,execution,create-resume,resume.none,info,/resume,Create a resume artifact,"A resume gives essay, activity, and application analysis more reliable context.",Create resume,in_app_readiness_surface|dashboard,redis_notification_feed|remote_push|email,profile-readiness:execution-create-resume-resume-none:2f357aae310ceb62c29b274c,User has at least one resume artifact,,
user_prompt,ready_for_in_app_admin_delivery,96d4cd2fcd14de7772f5fd50,execution-create-resume-resume-none,execution,create-resume,resume.none,info,/resume,Create a resume artifact,"A resume gives essay, activity, and application analysis more reliable context.",Create resume,in_app_readiness_surface|dashboard,redis_notification_feed|remote_push|email,profile-readiness:execution-create-resume-resume-none:96d4cd2fcd14de7772f5fd50,User has at least one resume artifact,,
user_prompt,ready_for_in_app_admin_delivery,d0a7465d43215d5f058e070e,execution-create-resume-resume-none,execution,create-resume,resume.none,info,/resume,Create a resume artifact,"A resume gives essay, activity, and application analysis more reliable context.",Create resume,in_app_readiness_surface|dashboard,redis_notification_feed|remote_push|email,profile-readiness:execution-create-resume-resume-none:d0a7465d43215d5f058e070e,User has at least one resume artifact,,
user_prompt,ready_for_in_app_admin_delivery,ca95dbae28c38d90f4bd075a,execution-create-resume-resume-none,execution,create-resume,resume.none,info,/resume,Create a resume artifact,"A resume gives essay, activity, and application analysis more reliable context.",Create resume,in_app_readiness_surface|dashboard,redis_notification_feed|remote_push|email,profile-readiness:execution-create-resume-resume-none:ca95dbae28c38d90f4bd075a,User has at least one resume artifact,,
user_prompt,ready_for_in_app_admin_delivery,be2cd5ddfe575143c741e775,execution-create-resume-resume-none,execution,create-resume,resume.none,info,/resume,Create a resume artifact,"A resume gives essay, activity, and application analysis more reliable context.",Create resume,in_app_readiness_surface|dashboard,redis_notification_feed|remote_push|email,profile-readiness:execution-create-resume-resume-none:be2cd5ddfe575143c741e775,User has at least one resume artifact,,
user_prompt,ready_for_in_app_admin_delivery,c22d82639c55efb340bc9a56,execution-create-resume-resume-none,execution,create-resume,resume.none,info,/resume,Create a resume artifact,"A resume gives essay, activity, and application analysis more reliable context.",Create resume,in_app_readiness_surface|dashboard,redis_notification_feed|remote_push|email,profile-readiness:execution-create-resume-resume-none:c22d82639c55efb340bc9a56,User has at least one resume artifact,,
user_prompt,ready_for_in_app_admin_delivery,8e287120445279d6e9b4ec2b,execution-create-resume-resume-none,execution,create-resume,resume.none,info,/resume,Create a resume artifact,"A resume gives essay, activity, and application analysis more reliable context.",Create resume,in_app_readiness_surface|dashboard,redis_notification_feed|remote_push|email,profile-readiness:execution-create-resume-resume-none:8e287120445279d6e9b4ec2b,User has at least one resume artifact,,
user_prompt,ready_for_in_app_admin_delivery,30430c0713c690c36433a6e5,execution-create-resume-resume-none,execution,create-resume,resume.none,info,/resume,Create a resume artifact,"A resume gives essay, activity, and application analysis more reliable context.",Create resume,in_app_readiness_surface|dashboard,redis_notification_feed|remote_push|email,profile-readiness:execution-create-resume-resume-none:30430c0713c690c36433a6e5,User has at least one resume artifact,,
user_prompt,ready_for_in_app_admin_delivery,9353bab0b66f9c8f5bbbb3e9,execution-create-resume-resume-none,execution,create-resume,resume.none,info,/resume,Create a resume artifact,"A resume gives essay, activity, and application analysis more reliable context.",Create resume,in_app_readiness_surface|dashboard,redis_notification_feed|remote_push|email,profile-readiness:execution-create-resume-resume-none:9353bab0b66f9c8f5bbbb3e9,User has at least one resume artifact,,
user_prompt,ready_for_in_app_admin_delivery,ea2aad244e6c5b7a6ddcdc6d,execution-create-resume-resume-none,execution,create-resume,resume.none,info,/resume,Create a resume artifact,"A resume gives essay, activity, and application analysis more reliable context.",Create resume,in_app_readiness_surface|dashboard,redis_notification_feed|remote_push|email,profile-readiness:execution-create-resume-resume-none:ea2aad244e6c5b7a6ddcdc6d,User has at least one resume artifact,,
user_prompt,ready_for_in_app_admin_delivery,ab23e0dca524148e33dc1dc3,execution-create-resume-resume-none,execution,create-resume,resume.none,info,/resume,Create a resume artifact,"A resume gives essay, activity, and application analysis more reliable context.",Create resume,in_app_readiness_surface|dashboard,redis_notification_feed|remote_push|email,profile-readiness:execution-create-resume-resume-none:ab23e0dca524148e33dc1dc3,User has at least one resume artifact,,
user_prompt,ready_for_in_app_admin_delivery,147f40a0a1b1d151c407167a,execution-create-resume-resume-none,execution,create-resume,resume.none,info,/resume,Create a resume artifact,"A resume gives essay, activity, and application analysis more reliable context.",Create resume,in_app_readiness_surface|dashboard,redis_notification_feed|remote_push|email,profile-readiness:execution-create-resume-resume-none:147f40a0a1b1d151c407167a,User has at least one resume artifact,,
user_prompt,ready_for_in_app_admin_delivery,302d0b094ff202e23f186d36,execution-create-resume-resume-none,execution,create-resume,resume.none,info,/resume,Create a resume artifact,"A resume gives essay, activity, and application analysis more reliable context.",Create resume,in_app_readiness_surface|dashboard,redis_notification_feed|remote_push|email,profile-readiness:execution-create-resume-resume-none:302d0b094ff202e23f186d36,User has at least one resume artifact,,
user_prompt,ready_for_in_app_admin_delivery,5fea30f24d9048bc811be8c1,execution-create-resume-resume-none,execution,create-resume,resume.none,info,/resume,Create a resume artifact,"A resume gives essay, activity, and application analysis more reliable context.",Create resume,in_app_readiness_surface|dashboard,redis_notification_feed|remote_push|email,profile-readiness:execution-create-resume-resume-none:5fea30f24d9048bc811be8c1,User has at least one resume artifact,,
user_prompt,ready_for_in_app_admin_delivery,a8b0b42078a4419cbc216238,execution-create-resume-resume-none,execution,create-resume,resume.none,info,/resume,Create a resume artifact,"A resume gives essay, activity, and application analysis more reliable context.",Create resume,in_app_readiness_surface|dashboard,redis_notification_feed|remote_push|email,profile-readiness:execution-create-resume-resume-none:a8b0b42078a4419cbc216238,User has at least one resume artifact,,
user_prompt,ready_for_in_app_admin_delivery,8a3d4c7790976e73724c9f5f,execution-create-resume-resume-none,execution,create-resume,resume.none,info,/resume,Create a resume artifact,"A resume gives essay, activity, and application analysis more reliable context.",Create resume,in_app_readiness_surface|dashboard,redis_notification_feed|remote_push|email,profile-readiness:execution-create-resume-resume-none:8a3d4c7790976e73724c9f5f,User has at least one resume artifact,,
user_prompt,ready_for_in_app_admin_delivery,eed7dc5c15f1752dc5039930,execution-create-resume-resume-none,execution,create-resume,resume.none,info,/resume,Create a resume artifact,"A resume gives essay, activity, and application analysis more reliable context.",Create resume,in_app_readiness_surface|dashboard,redis_notification_feed|remote_push|email,profile-readiness:execution-create-resume-resume-none:eed7dc5c15f1752dc5039930,User has at least one resume artifact,,
user_prompt,ready_for_in_app_admin_delivery,2bcb764b588cb54483f66c69,execution-create-resume-resume-none,execution,create-resume,resume.none,info,/resume,Create a resume artifact,"A resume gives essay, activity, and application analysis more reliable context.",Create resume,in_app_readiness_surface|dashboard,redis_notification_feed|remote_push|email,profile-readiness:execution-create-resume-resume-none:2bcb764b588cb54483f66c69,User has at least one resume artifact,,
user_prompt,ready_for_in_app_admin_delivery,44ea289861f8179dd3f4d87f,execution-create-resume-resume-none,execution,create-resume,resume.none,info,/resume,Create a resume artifact,"A resume gives essay, activity, and application analysis more reliable context.",Create resume,in_app_readiness_surface|dashboard,redis_notification_feed|remote_push|email,profile-readiness:execution-create-resume-resume-none:44ea289861f8179dd3f4d87f,User has at least one resume artifact,,
user_prompt,ready_for_in_app_admin_delivery,0acc818e9f51ef1b0b8ffb0e,execution-create-resume-resume-none,execution,create-resume,resume.none,info,/resume,Create a resume artifact,"A resume gives essay, activity, and application analysis more reliable context.",Create resume,in_app_readiness_surface|dashboard,redis_notification_feed|remote_push|email,profile-readiness:execution-create-resume-resume-none:0acc818e9f51ef1b0b8ffb0e,User has at least one resume artifact,,
user_prompt,ready_for_in_app_admin_delivery,637bad0b90f9f2c7074ca055,execution-create-resume-resume-none,execution,create-resume,resume.none,info,/resume,Create a resume artifact,"A resume gives essay, activity, and application analysis more reliable context.",Create resume,in_app_readiness_surface|dashboard,redis_notification_feed|remote_push|email,profile-readiness:execution-create-resume-resume-none:637bad0b90f9f2c7074ca055,User has at least one resume artifact,,
user_prompt,ready_for_in_app_admin_delivery,8da46db52724f8d1d3746feb,execution-create-resume-resume-none,execution,create-resume,resume.none,info,/resume,Create a resume artifact,"A resume gives essay, activity, and application analysis more reliable context.",Create resume,in_app_readiness_surface|dashboard,redis_notification_feed|remote_push|email,profile-readiness:execution-create-resume-resume-none:8da46db52724f8d1d3746feb,User has at least one resume artifact,,
user_prompt,ready_for_in_app_admin_delivery,d6cf7e3aed80d9218be2893c,execution-create-resume-resume-none,execution,create-resume,resume.none,info,/resume,Create a resume artifact,"A resume gives essay, activity, and application analysis more reliable context.",Create resume,in_app_readiness_surface|dashboard,redis_notification_feed|remote_push|email,profile-readiness:execution-create-resume-resume-none:d6cf7e3aed80d9218be2893c,User has at least one resume artifact,,
user_prompt,ready_for_in_app_admin_delivery,e18bea3d5f053111d4dcb5c1,execution-create-resume-resume-none,execution,create-resume,resume.none,info,/resume,Create a resume artifact,"A resume gives essay, activity, and application analysis more reliable context.",Create resume,in_app_readiness_surface|dashboard,redis_notification_feed|remote_push|email,profile-readiness:execution-create-resume-resume-none:e18bea3d5f053111d4dcb5c1,User has at least one resume artifact,,
user_prompt,ready_for_in_app_admin_delivery,6a3e9991e41506fb51596fc5,execution-create-resume-resume-none,execution,create-resume,resume.none,info,/resume,Create a resume artifact,"A resume gives essay, activity, and application analysis more reliable context.",Create resume,in_app_readiness_surface|dashboard,redis_notification_feed|remote_push|email,profile-readiness:execution-create-resume-resume-none:6a3e9991e41506fb51596fc5,User has at least one resume artifact,,
user_prompt,ready_for_in_app_admin_delivery,2864a3748d885dc103de4819,execution-create-resume-resume-none,execution,create-resume,resume.none,info,/resume,Create a resume artifact,"A resume gives essay, activity, and application analysis more reliable context.",Create resume,in_app_readiness_surface|dashboard,redis_notification_feed|remote_push|email,profile-readiness:execution-create-resume-resume-none:2864a3748d885dc103de4819,User has at least one resume artifact,,
user_prompt,ready_for_in_app_admin_delivery,3e9d46eb289214be984cfcb3,execution-create-resume-resume-none,execution,create-resume,resume.none,info,/resume,Create a resume artifact,"A resume gives essay, activity, and application analysis more reliable context.",Create resume,in_app_readiness_surface|dashboard,redis_notification_feed|remote_push|email,profile-readiness:execution-create-resume-resume-none:3e9d46eb289214be984cfcb3,User has at least one resume artifact,,
user_prompt,ready_for_in_app_admin_delivery,26ebb0fdca5f016b883f9463,execution-create-resume-resume-none,execution,create-resume,resume.none,info,/resume,Create a resume artifact,"A resume gives essay, activity, and application analysis more reliable context.",Create resume,in_app_readiness_surface|dashboard,redis_notification_feed|remote_push|email,profile-readiness:execution-create-resume-resume-none:26ebb0fdca5f016b883f9463,User has at least one resume artifact,,
user_prompt,ready_for_in_app_admin_delivery,e7981546f11cd0626b258b07,execution-create-resume-resume-none,execution,create-resume,resume.none,info,/resume,Create a resume artifact,"A resume gives essay, activity, and application analysis more reliable context.",Create resume,in_app_readiness_surface|dashboard,redis_notification_feed|remote_push|email,profile-readiness:execution-create-resume-resume-none:e7981546f11cd0626b258b07,User has at least one resume artifact,,
user_prompt,ready_for_in_app_admin_delivery,c7da09dc58ad5b3825561898,execution-create-resume-resume-none,execution,create-resume,resume.none,info,/resume,Create a resume artifact,"A resume gives essay, activity, and application analysis more reliable context.",Create resume,in_app_readiness_surface|dashboard,redis_notification_feed|remote_push|email,profile-readiness:execution-create-resume-resume-none:c7da09dc58ad5b3825561898,User has at least one resume artifact,,
user_prompt,ready_for_in_app_admin_delivery,bab02da3e5cb2ce7d88b0c37,execution-create-resume-resume-none,execution,create-resume,resume.none,info,/resume,Create a resume artifact,"A resume gives essay, activity, and application analysis more reliable context.",Create resume,in_app_readiness_surface|dashboard,redis_notification_feed|remote_push|email,profile-readiness:execution-create-resume-resume-none:bab02da3e5cb2ce7d88b0c37,User has at least one resume artifact,,
user_prompt,ready_for_in_app_admin_delivery,a965921febcf363e5ae0ac2c,execution-create-resume-resume-none,execution,create-resume,resume.none,info,/resume,Create a resume artifact,"A resume gives essay, activity, and application analysis more reliable context.",Create resume,in_app_readiness_surface|dashboard,redis_notification_feed|remote_push|email,profile-readiness:execution-create-resume-resume-none:a965921febcf363e5ae0ac2c,User has at least one resume artifact,,
user_prompt,ready_for_in_app_admin_delivery,a984290eabbd2c8f092907bd,execution-create-resume-resume-none,execution,create-resume,resume.none,info,/resume,Create a resume artifact,"A resume gives essay, activity, and application analysis more reliable context.",Create resume,in_app_readiness_surface|dashboard,redis_notification_feed|remote_push|email,profile-readiness:execution-create-resume-resume-none:a984290eabbd2c8f092907bd,User has at least one resume artifact,,
user_prompt,ready_for_in_app_admin_delivery,e57367b80b07216d4a3fff25,execution-create-resume-resume-none,execution,create-resume,resume.none,info,/resume,Create a resume artifact,"A resume gives essay, activity, and application analysis more reliable context.",Create resume,in_app_readiness_surface|dashboard,redis_notification_feed|remote_push|email,profile-readiness:execution-create-resume-resume-none:e57367b80b07216d4a3fff25,User has at least one resume artifact,,
user_prompt,ready_for_in_app_admin_delivery,96dca178277d81ffa84a5a32,execution-create-resume-resume-none,execution,create-resume,resume.none,info,/resume,Create a resume artifact,"A resume gives essay, activity, and application analysis more reliable context.",Create resume,in_app_readiness_surface|dashboard,redis_notification_feed|remote_push|email,profile-readiness:execution-create-resume-resume-none:96dca178277d81ffa84a5a32,User has at least one resume artifact,,
user_prompt,ready_for_in_app_admin_delivery,b0d6d8e94e3adb14f41f257f,execution-create-resume-resume-none,execution,create-resume,resume.none,info,/resume,Create a resume artifact,"A resume gives essay, activity, and application analysis more reliable context.",Create resume,in_app_readiness_surface|dashboard,redis_notification_feed|remote_push|email,profile-readiness:execution-create-resume-resume-none:b0d6d8e94e3adb14f41f257f,User has at least one resume artifact,,
user_prompt,ready_for_in_app_admin_delivery,12be8b4e94faa0c268dd0531,execution-create-resume-resume-none,execution,create-resume,resume.none,info,/resume,Create a resume artifact,"A resume gives essay, activity, and application analysis more reliable context.",Create resume,in_app_readiness_surface|dashboard,redis_notification_feed|remote_push|email,profile-readiness:execution-create-resume-resume-none:12be8b4e94faa0c268dd0531,User has at least one resume artifact,,
user_prompt,ready_for_in_app_admin_delivery,2ad8d10cb5029fa5c4e0488c,execution-create-resume-resume-none,execution,create-resume,resume.none,info,/resume,Create a resume artifact,"A resume gives essay, activity, and application analysis more reliable context.",Create resume,in_app_readiness_surface|dashboard,redis_notification_feed|remote_push|email,profile-readiness:execution-create-resume-resume-none:2ad8d10cb5029fa5c4e0488c,User has at least one resume artifact,,
user_prompt,ready_for_in_app_admin_delivery,b16d92abe720be4fd0dcf1ec,execution-create-resume-resume-none,execution,create-resume,resume.none,info,/resume,Create a resume artifact,"A resume gives essay, activity, and application analysis more reliable context.",Create resume,in_app_readiness_surface|dashboard,redis_notification_feed|remote_push|email,profile-readiness:execution-create-resume-resume-none:b16d92abe720be4fd0dcf1ec,User has at least one resume artifact,,
user_prompt,ready_for_in_app_admin_delivery,bde55378701e492b8f94820f,execution-create-resume-resume-none,execution,create-resume,resume.none,info,/resume,Create a resume artifact,"A resume gives essay, activity, and application analysis more reliable context.",Create resume,in_app_readiness_surface|dashboard,redis_notification_feed|remote_push|email,profile-readiness:execution-create-resume-resume-none:bde55378701e492b8f94820f,User has at least one resume artifact,,
user_prompt,ready_for_in_app_admin_delivery,153e9405da19c8f1d8e74047,execution-create-resume-resume-none,execution,create-resume,resume.none,info,/resume,Create a resume artifact,"A resume gives essay, activity, and application analysis more reliable context.",Create resume,in_app_readiness_surface|dashboard,redis_notification_feed|remote_push|email,profile-readiness:execution-create-resume-resume-none:153e9405da19c8f1d8e74047,User has at least one resume artifact,,
user_prompt,ready_for_in_app_admin_delivery,be7ec8fab6042ab022e3c7f2,execution-create-resume-resume-none,execution,create-resume,resume.none,info,/resume,Create a resume artifact,"A resume gives essay, activity, and application analysis more reliable context.",Create resume,in_app_readiness_surface|dashboard,redis_notification_feed|remote_push|email,profile-readiness:execution-create-resume-resume-none:be7ec8fab6042ab022e3c7f2,User has at least one resume artifact,,
user_prompt,ready_for_in_app_admin_delivery,b210a22f55a2b9a17042dce8,execution-create-resume-resume-none,execution,create-resume,resume.none,info,/resume,Create a resume artifact,"A resume gives essay, activity, and application analysis more reliable context.",Create resume,in_app_readiness_surface|dashboard,redis_notification_feed|remote_push|email,profile-readiness:execution-create-resume-resume-none:b210a22f55a2b9a17042dce8,User has at least one resume artifact,,
user_prompt,ready_for_in_app_admin_delivery,0e6ed74ef269ac93ac25401a,execution-create-resume-resume-none,execution,create-resume,resume.none,info,/resume,Create a resume artifact,"A resume gives essay, activity, and application analysis more reliable context.",Create resume,in_app_readiness_surface|dashboard,redis_notification_feed|remote_push|email,profile-readiness:execution-create-resume-resume-none:0e6ed74ef269ac93ac25401a,User has at least one resume artifact,,
user_prompt,ready_for_in_app_admin_delivery,a2c6af72b61dd025bcad59e6,execution-create-resume-resume-none,execution,create-resume,resume.none,info,/resume,Create a resume artifact,"A resume gives essay, activity, and application analysis more reliable context.",Create resume,in_app_readiness_surface|dashboard,redis_notification_feed|remote_push|email,profile-readiness:execution-create-resume-resume-none:a2c6af72b61dd025bcad59e6,User has at least one resume artifact,,
user_prompt,ready_for_in_app_admin_delivery,762ad54fcd7acd952288d3a3,execution-create-resume-resume-none,execution,create-resume,resume.none,info,/resume,Create a resume artifact,"A resume gives essay, activity, and application analysis more reliable context.",Create resume,in_app_readiness_surface|dashboard,redis_notification_feed|remote_push|email,profile-readiness:execution-create-resume-resume-none:762ad54fcd7acd952288d3a3,User has at least one resume artifact,,
user_prompt,ready_for_in_app_admin_delivery,e4738e9f6099dbe3d9496339,execution-create-resume-resume-none,execution,create-resume,resume.none,info,/resume,Create a resume artifact,"A resume gives essay, activity, and application analysis more reliable context.",Create resume,in_app_readiness_surface|dashboard,redis_notification_feed|remote_push|email,profile-readiness:execution-create-resume-resume-none:e4738e9f6099dbe3d9496339,User has at least one resume artifact,,
user_prompt,ready_for_in_app_admin_delivery,474d8949a3e5b09108ec3b81,execution-create-resume-resume-none,execution,create-resume,resume.none,info,/resume,Create a resume artifact,"A resume gives essay, activity, and application analysis more reliable context.",Create resume,in_app_readiness_surface|dashboard,redis_notification_feed|remote_push|email,profile-readiness:execution-create-resume-resume-none:474d8949a3e5b09108ec3b81,User has at least one resume artifact,,
user_prompt,ready_for_in_app_admin_delivery,cdb3da9ea543a5c753ccfa0c,execution-create-resume-resume-none,execution,create-resume,resume.none,info,/resume,Create a resume artifact,"A resume gives essay, activity, and application analysis more reliable context.",Create resume,in_app_readiness_surface|dashboard,redis_notification_feed|remote_push|email,profile-readiness:execution-create-resume-resume-none:cdb3da9ea543a5c753ccfa0c,User has at least one resume artifact,,
user_prompt,ready_for_in_app_admin_delivery,fc8f16b83985b967de426d3f,execution-create-resume-resume-none,execution,create-resume,resume.none,info,/resume,Create a resume artifact,"A resume gives essay, activity, and application analysis more reliable context.",Create resume,in_app_readiness_surface|dashboard,redis_notification_feed|remote_push|email,profile-readiness:execution-create-resume-resume-none:fc8f16b83985b967de426d3f,User has at least one resume artifact,,
user_prompt,ready_for_in_app_admin_delivery,b0c80988e12081c77a12a149,execution-create-resume-resume-none,execution,create-resume,resume.none,info,/resume,Create a resume artifact,"A resume gives essay, activity, and application analysis more reliable context.",Create resume,in_app_readiness_surface|dashboard,redis_notification_feed|remote_push|email,profile-readiness:execution-create-resume-resume-none:b0c80988e12081c77a12a149,User has at least one resume artifact,,
user_prompt,ready_for_in_app_admin_delivery,e8c4627e90dd0c86561a4211,execution-create-resume-resume-none,execution,create-resume,resume.none,info,/resume,Create a resume artifact,"A resume gives essay, activity, and application analysis more reliable context.",Create resume,in_app_readiness_surface|dashboard,redis_notification_feed|remote_push|email,profile-readiness:execution-create-resume-resume-none:e8c4627e90dd0c86561a4211,User has at least one resume artifact,,
user_prompt,ready_for_in_app_admin_delivery,3a8e2922b759ef135c3d9f7e,execution-create-resume-resume-none,execution,create-resume,resume.none,info,/resume,Create a resume artifact,"A resume gives essay, activity, and application analysis more reliable context.",Create resume,in_app_readiness_surface|dashboard,redis_notification_feed|remote_push|email,profile-readiness:execution-create-resume-resume-none:3a8e2922b759ef135c3d9f7e,User has at least one resume artifact,,
user_prompt,ready_for_in_app_admin_delivery,924f93d3f6ffe9ccc9df7305,execution-create-resume-resume-none,execution,create-resume,resume.none,info,/resume,Create a resume artifact,"A resume gives essay, activity, and application analysis more reliable context.",Create resume,in_app_readiness_surface|dashboard,redis_notification_feed|remote_push|email,profile-readiness:execution-create-resume-resume-none:924f93d3f6ffe9ccc9df7305,User has at least one resume artifact,,
user_prompt,ready_for_in_app_admin_delivery,87bedf823aa46069dcbcb0af,execution-create-resume-resume-none,execution,create-resume,resume.none,info,/resume,Create a resume artifact,"A resume gives essay, activity, and application analysis more reliable context.",Create resume,in_app_readiness_surface|dashboard,redis_notification_feed|remote_push|email,profile-readiness:execution-create-resume-resume-none:87bedf823aa46069dcbcb0af,User has at least one resume artifact,,
user_prompt,ready_for_in_app_admin_delivery,bf916380c8f762a7e70e53ff,execution-create-resume-resume-none,execution,create-resume,resume.none,info,/resume,Create a resume artifact,"A resume gives essay, activity, and application analysis more reliable context.",Create resume,in_app_readiness_surface|dashboard,redis_notification_feed|remote_push|email,profile-readiness:execution-create-resume-resume-none:bf916380c8f762a7e70e53ff,User has at least one resume artifact,,
user_prompt,ready_for_in_app_admin_delivery,31ae86e25c7cd2d9507ef83b,execution-create-resume-resume-none,execution,create-resume,resume.none,info,/resume,Create a resume artifact,"A resume gives essay, activity, and application analysis more reliable context.",Create resume,in_app_readiness_surface|dashboard,redis_notification_feed|remote_push|email,profile-readiness:execution-create-resume-resume-none:31ae86e25c7cd2d9507ef83b,User has at least one resume artifact,,
user_prompt,ready_for_in_app_admin_delivery,be55ccf9aec7954921b58ed6,execution-create-resume-resume-none,execution,create-resume,resume.none,info,/resume,Create a resume artifact,"A resume gives essay, activity, and application analysis more reliable context.",Create resume,in_app_readiness_surface|dashboard,redis_notification_feed|remote_push|email,profile-readiness:execution-create-resume-resume-none:be55ccf9aec7954921b58ed6,User has at least one resume artifact,,
user_prompt,ready_for_in_app_admin_delivery,1625eaac5e2f519a41d415dd,execution-create-resume-resume-none,execution,create-resume,resume.none,info,/resume,Create a resume artifact,"A resume gives essay, activity, and application analysis more reliable context.",Create resume,in_app_readiness_surface|dashboard,redis_notification_feed|remote_push|email,profile-readiness:execution-create-resume-resume-none:1625eaac5e2f519a41d415dd,User has at least one resume artifact,,
user_prompt,ready_for_in_app_admin_delivery,9f61348ce777b016003bfed2,execution-create-resume-resume-none,execution,create-resume,resume.none,info,/resume,Create a resume artifact,"A resume gives essay, activity, and application analysis more reliable context.",Create resume,in_app_readiness_surface|dashboard,redis_notification_feed|remote_push|email,profile-readiness:execution-create-resume-resume-none:9f61348ce777b016003bfed2,User has at least one resume artifact,,
user_prompt,ready_for_in_app_admin_delivery,c7acaf6bdb242425516cdea2,execution-create-resume-resume-none,execution,create-resume,resume.none,info,/resume,Create a resume artifact,"A resume gives essay, activity, and application analysis more reliable context.",Create resume,in_app_readiness_surface|dashboard,redis_notification_feed|remote_push|email,profile-readiness:execution-create-resume-resume-none:c7acaf6bdb242425516cdea2,User has at least one resume artifact,,
user_prompt,ready_for_in_app_admin_delivery,460a1b39d0a0bbf719ccd42e,execution-create-resume-resume-none,execution,create-resume,resume.none,info,/resume,Create a resume artifact,"A resume gives essay, activity, and application analysis more reliable context.",Create resume,in_app_readiness_surface|dashboard,redis_notification_feed|remote_push|email,profile-readiness:execution-create-resume-resume-none:460a1b39d0a0bbf719ccd42e,User has at least one resume artifact,,
user_prompt,ready_for_in_app_admin_delivery,2469297d61ae15809a5a0bad,execution-create-resume-resume-none,execution,create-resume,resume.none,info,/resume,Create a resume artifact,"A resume gives essay, activity, and application analysis more reliable context.",Create resume,in_app_readiness_surface|dashboard,redis_notification_feed|remote_push|email,profile-readiness:execution-create-resume-resume-none:2469297d61ae15809a5a0bad,User has at least one resume artifact,,
user_prompt,ready_for_in_app_admin_delivery,24b9b75b5aa5af21078930b1,execution-create-resume-resume-none,execution,create-resume,resume.none,info,/resume,Create a resume artifact,"A resume gives essay, activity, and application analysis more reliable context.",Create resume,in_app_readiness_surface|dashboard,redis_notification_feed|remote_push|email,profile-readiness:execution-create-resume-resume-none:24b9b75b5aa5af21078930b1,User has at least one resume artifact,,
user_prompt,ready_for_in_app_admin_delivery,96bb7725f80f2deb6d14aee8,execution-create-resume-resume-none,execution,create-resume,resume.none,info,/resume,Create a resume artifact,"A resume gives essay, activity, and application analysis more reliable context.",Create resume,in_app_readiness_surface|dashboard,redis_notification_feed|remote_push|email,profile-readiness:execution-create-resume-resume-none:96bb7725f80f2deb6d14aee8,User has at least one resume artifact,,
user_prompt,ready_for_in_app_admin_delivery,62518ba44202e419939d7380,execution-create-resume-resume-none,execution,create-resume,resume.none,info,/resume,Create a resume artifact,"A resume gives essay, activity, and application analysis more reliable context.",Create resume,in_app_readiness_surface|dashboard,redis_notification_feed|remote_push|email,profile-readiness:execution-create-resume-resume-none:62518ba44202e419939d7380,User has at least one resume artifact,,
user_prompt,ready_for_in_app_admin_delivery,12fab2f5592a0faa96fd9ea6,execution-create-resume-resume-none,execution,create-resume,resume.none,info,/resume,Create a resume artifact,"A resume gives essay, activity, and application analysis more reliable context.",Create resume,in_app_readiness_surface|dashboard,redis_notification_feed|remote_push|email,profile-readiness:execution-create-resume-resume-none:12fab2f5592a0faa96fd9ea6,User has at least one resume artifact,,
user_prompt,ready_for_in_app_admin_delivery,07336775ec557556d6ec62db,execution-create-resume-resume-none,execution,create-resume,resume.none,info,/resume,Create a resume artifact,"A resume gives essay, activity, and application analysis more reliable context.",Create resume,in_app_readiness_surface|dashboard,redis_notification_feed|remote_push|email,profile-readiness:execution-create-resume-resume-none:07336775ec557556d6ec62db,User has at least one resume artifact,,
user_prompt,ready_for_in_app_admin_delivery,dc870637f8d4f37ca4b13080,execution-create-resume-resume-none,execution,create-resume,resume.none,info,/resume,Create a resume artifact,"A resume gives essay, activity, and application analysis more reliable context.",Create resume,in_app_readiness_surface|dashboard,redis_notification_feed|remote_push|email,profile-readiness:execution-create-resume-resume-none:dc870637f8d4f37ca4b13080,User has at least one resume artifact,,
user_prompt,ready_for_in_app_admin_delivery,5b75b94cf2db494b630266ad,execution-create-resume-resume-none,execution,create-resume,resume.none,info,/resume,Create a resume artifact,"A resume gives essay, activity, and application analysis more reliable context.",Create resume,in_app_readiness_surface|dashboard,redis_notification_feed|remote_push|email,profile-readiness:execution-create-resume-resume-none:5b75b94cf2db494b630266ad,User has at least one resume artifact,,
user_prompt,ready_for_in_app_admin_delivery,bfcccb6a551e4a8d50b973de,execution-create-resume-resume-none,execution,create-resume,resume.none,info,/resume,Create a resume artifact,"A resume gives essay, activity, and application analysis more reliable context.",Create resume,in_app_readiness_surface|dashboard,redis_notification_feed|remote_push|email,profile-readiness:execution-create-resume-resume-none:bfcccb6a551e4a8d50b973de,User has at least one resume artifact,,
user_prompt,ready_for_in_app_admin_delivery,7db800770eb73da8832dd707,execution-create-resume-resume-none,execution,create-resume,resume.none,info,/resume,Create a resume artifact,"A resume gives essay, activity, and application analysis more reliable context.",Create resume,in_app_readiness_surface|dashboard,redis_notification_feed|remote_push|email,profile-readiness:execution-create-resume-resume-none:7db800770eb73da8832dd707,User has at least one resume artifact,,
user_prompt,ready_for_in_app_admin_delivery,026b9edd82f92dd6ee9d5fd7,execution-create-resume-resume-none,execution,create-resume,resume.none,info,/resume,Create a resume artifact,"A resume gives essay, activity, and application analysis more reliable context.",Create resume,in_app_readiness_surface|dashboard,redis_notification_feed|remote_push|email,profile-readiness:execution-create-resume-resume-none:026b9edd82f92dd6ee9d5fd7,User has at least one resume artifact,,
user_prompt,ready_for_in_app_admin_delivery,3654c572f6fbdd1467e6bb63,execution-create-resume-resume-none,execution,create-resume,resume.none,info,/resume,Create a resume artifact,"A resume gives essay, activity, and application analysis more reliable context.",Create resume,in_app_readiness_surface|dashboard,redis_notification_feed|remote_push|email,profile-readiness:execution-create-resume-resume-none:3654c572f6fbdd1467e6bb63,User has at least one resume artifact,,
user_prompt,ready_for_in_app_admin_delivery,224ffa3dca1db08281b46e31,execution-create-resume-resume-none,execution,create-resume,resume.none,info,/resume,Create a resume artifact,"A resume gives essay, activity, and application analysis more reliable context.",Create resume,in_app_readiness_surface|dashboard,redis_notification_feed|remote_push|email,profile-readiness:execution-create-resume-resume-none:224ffa3dca1db08281b46e31,User has at least one resume artifact,,
user_prompt,ready_for_in_app_admin_delivery,9062cc22dba829dc0b78d5c0,execution-create-resume-resume-none,execution,create-resume,resume.none,info,/resume,Create a resume artifact,"A resume gives essay, activity, and application analysis more reliable context.",Create resume,in_app_readiness_surface|dashboard,redis_notification_feed|remote_push|email,profile-readiness:execution-create-resume-resume-none:9062cc22dba829dc0b78d5c0,User has at least one resume artifact,,
user_prompt,ready_for_in_app_admin_delivery,d4cee5b87e1ae49c97098ec9,execution-create-resume-resume-none,execution,create-resume,resume.none,info,/resume,Create a resume artifact,"A resume gives essay, activity, and application analysis more reliable context.",Create resume,in_app_readiness_surface|dashboard,redis_notification_feed|remote_push|email,profile-readiness:execution-create-resume-resume-none:d4cee5b87e1ae49c97098ec9,User has at least one resume artifact,,
user_prompt,ready_for_in_app_admin_delivery,b06b8c942ca03b7f8343e1ab,execution-create-resume-resume-none,execution,create-resume,resume.none,info,/resume,Create a resume artifact,"A resume gives essay, activity, and application analysis more reliable context.",Create resume,in_app_readiness_surface|dashboard,redis_notification_feed|remote_push|email,profile-readiness:execution-create-resume-resume-none:b06b8c942ca03b7f8343e1ab,User has at least one resume artifact,,
user_prompt,ready_for_in_app_admin_delivery,c46005f46a86567329a9b506,execution-create-resume-resume-none,execution,create-resume,resume.none,info,/resume,Create a resume artifact,"A resume gives essay, activity, and application analysis more reliable context.",Create resume,in_app_readiness_surface|dashboard,redis_notification_feed|remote_push|email,profile-readiness:execution-create-resume-resume-none:c46005f46a86567329a9b506,User has at least one resume artifact,,
user_prompt,ready_for_in_app_admin_delivery,306394753611302d9dcc2614,execution-create-resume-resume-none,execution,create-resume,resume.none,info,/resume,Create a resume artifact,"A resume gives essay, activity, and application analysis more reliable context.",Create resume,in_app_readiness_surface|dashboard,redis_notification_feed|remote_push|email,profile-readiness:execution-create-resume-resume-none:306394753611302d9dcc2614,User has at least one resume artifact,,
user_prompt,ready_for_in_app_admin_delivery,95e594b7481e10e5bbeab2ed,execution-create-resume-resume-none,execution,create-resume,resume.none,info,/resume,Create a resume artifact,"A resume gives essay, activity, and application analysis more reliable context.",Create resume,in_app_readiness_surface|dashboard,redis_notification_feed|remote_push|email,profile-readiness:execution-create-resume-resume-none:95e594b7481e10e5bbeab2ed,User has at least one resume artifact,,
user_prompt,ready_for_in_app_admin_delivery,d19670c353690659b32ceffa,execution-create-resume-resume-none,execution,create-resume,resume.none,info,/resume,Create a resume artifact,"A resume gives essay, activity, and application analysis more reliable context.",Create resume,in_app_readiness_surface|dashboard,redis_notification_feed|remote_push|email,profile-readiness:execution-create-resume-resume-none:d19670c353690659b32ceffa,User has at least one resume artifact,,
user_prompt,ready_for_in_app_admin_delivery,b6c285440b15a597cd93436e,execution-create-resume-resume-none,execution,create-resume,resume.none,info,/resume,Create a resume artifact,"A resume gives essay, activity, and application analysis more reliable context.",Create resume,in_app_readiness_surface|dashboard,redis_notification_feed|remote_push|email,profile-readiness:execution-create-resume-resume-none:b6c285440b15a597cd93436e,User has at least one resume artifact,,
user_prompt,ready_for_in_app_admin_delivery,9e2e8a7efd09e33207efd57e,execution-create-resume-resume-none,execution,create-resume,resume.none,info,/resume,Create a resume artifact,"A resume gives essay, activity, and application analysis more reliable context.",Create resume,in_app_readiness_surface|dashboard,redis_notification_feed|remote_push|email,profile-readiness:execution-create-resume-resume-none:9e2e8a7efd09e33207efd57e,User has at least one resume artifact,,
operator_review,ready_for_operator_review,12d90bcc183001cc67077b5c,profile-match-activity-template-profile-activities-template-unmatched,profile,match-activity-template,profile.activities.template_unmatched,info,/profile?tab=activities,,,,admin_queue,redis_notification_feed|remote_push|email,,Activity rows are linked to reviewed activity templates,,
operator_review,ready_for_operator_review,bd21a66a08af7179cdf51827,profile-match-activity-template-profile-activities-template-unmatched,profile,match-activity-template,profile.activities.template_unmatched,info,/profile?tab=activities,,,,admin_queue,redis_notification_feed|remote_push|email,,Activity rows are linked to reviewed activity templates,,
operator_review,ready_for_operator_review,3440fa1395a6c4f2ebb71417,profile-match-activity-template-profile-activities-template-unmatched,profile,match-activity-template,profile.activities.template_unmatched,info,/profile?tab=activities,,,,admin_queue,redis_notification_feed|remote_push|email,,Activity rows are linked to reviewed activity templates,,
operator_review,ready_for_operator_review,6db2dfd1997c5a7abf5ead14,profile-match-activity-template-profile-activities-template-unmatched,profile,match-activity-template,profile.activities.template_unmatched,info,/profile?tab=activities,,,,admin_queue,redis_notification_feed|remote_push|email,,Activity rows are linked to reviewed activity templates,,
operator_review,ready_for_operator_review,97561a4e8ea441527f5b5cba,profile-match-activity-template-profile-activities-template-unmatched,profile,match-activity-template,profile.activities.template_unmatched,info,/profile?tab=activities,,,,admin_queue,redis_notification_feed|remote_push|email,,Activity rows are linked to reviewed activity templates,,
operator_review,ready_for_operator_review,1d4ae02072c05da1e61eef12,profile-match-activity-template-profile-activities-template-unmatched,profile,match-activity-template,profile.activities.template_unmatched,info,/profile?tab=activities,,,,admin_queue,redis_notification_feed|remote_push|email,,Activity rows are linked to reviewed activity templates,,
operator_review,ready_for_operator_review,d91461370b9bf48cd0077d58,profile-match-activity-template-profile-activities-template-unmatched,profile,match-activity-template,profile.activities.template_unmatched,info,/profile?tab=activities,,,,admin_queue,redis_notification_feed|remote_push|email,,Activity rows are linked to reviewed activity templates,,
operator_review,ready_for_operator_review,d0b7bcd4eb098c1de95c9244,profile-match-activity-template-profile-activities-template-unmatched,profile,match-activity-template,profile.activities.template_unmatched,info,/profile?tab=activities,,,,admin_queue,redis_notification_feed|remote_push|email,,Activity rows are linked to reviewed activity templates,,
operator_review,ready_for_operator_review,e7981546f11cd0626b258b07,profile-match-activity-template-profile-activities-template-unmatched,profile,match-activity-template,profile.activities.template_unmatched,info,/profile?tab=activities,,,,admin_queue,redis_notification_feed|remote_push|email,,Activity rows are linked to reviewed activity templates,,
operator_review,ready_for_operator_review,bab02da3e5cb2ce7d88b0c37,profile-match-activity-template-profile-activities-template-unmatched,profile,match-activity-template,profile.activities.template_unmatched,info,/profile?tab=activities,,,,admin_queue,redis_notification_feed|remote_push|email,,Activity rows are linked to reviewed activity templates,,
operator_review,ready_for_operator_review,a965921febcf363e5ae0ac2c,profile-match-activity-template-profile-activities-template-unmatched,profile,match-activity-template,profile.activities.template_unmatched,info,/profile?tab=activities,,,,admin_queue,redis_notification_feed|remote_push|email,,Activity rows are linked to reviewed activity templates,,
operator_review,ready_for_operator_review,12be8b4e94faa0c268dd0531,profile-match-activity-template-profile-activities-template-unmatched,profile,match-activity-template,profile.activities.template_unmatched,info,/profile?tab=activities,,,,admin_queue,redis_notification_feed|remote_push|email,,Activity rows are linked to reviewed activity templates,,
operator_review,ready_for_operator_review,153e9405da19c8f1d8e74047,profile-match-activity-template-profile-activities-template-unmatched,profile,match-activity-template,profile.activities.template_unmatched,info,/profile?tab=activities,,,,admin_queue,redis_notification_feed|remote_push|email,,Activity rows are linked to reviewed activity templates,,
operator_review,ready_for_operator_review,be7ec8fab6042ab022e3c7f2,profile-match-activity-template-profile-activities-template-unmatched,profile,match-activity-template,profile.activities.template_unmatched,info,/profile?tab=activities,,,,admin_queue,redis_notification_feed|remote_push|email,,Activity rows are linked to reviewed activity templates,,
operator_review,ready_for_operator_review,9e2e8a7efd09e33207efd57e,profile-match-activity-template-profile-activities-template-unmatched,profile,match-activity-template,profile.activities.template_unmatched,info,/profile?tab=activities,,,,admin_queue,redis_notification_feed|remote_push|email,,Activity rows are linked to reviewed activity templates,,
user_prompt,ready_for_in_app_admin_delivery,54deda6071b6929b8aaf9012,profile-prompt-user-profile-awards,profile,prompt-user,profile.awards,info,/profile?tab=awards,Add awards,Awards help the platform understand academic and extracurricular distinction.,Add awards,in_app_readiness_surface|dashboard,redis_notification_feed|remote_push|email,profile-readiness:profile-prompt-user-profile-awards:54deda6071b6929b8aaf9012,User has at least one award row,,
user_prompt,ready_for_in_app_admin_delivery,2b76b871ca465655cbbacaca,profile-prompt-user-profile-awards,profile,prompt-user,profile.awards,info,/profile?tab=awards,Add awards,Awards help the platform understand academic and extracurricular distinction.,Add awards,in_app_readiness_surface|dashboard,redis_notification_feed|remote_push|email,profile-readiness:profile-prompt-user-profile-awards:2b76b871ca465655cbbacaca,User has at least one award row,,
user_prompt,ready_for_in_app_admin_delivery,ee5859e5e75b862f47c24481,profile-prompt-user-profile-awards,profile,prompt-user,profile.awards,info,/profile?tab=awards,Add awards,Awards help the platform understand academic and extracurricular distinction.,Add awards,in_app_readiness_surface|dashboard,redis_notification_feed|remote_push|email,profile-readiness:profile-prompt-user-profile-awards:ee5859e5e75b862f47c24481,User has at least one award row,,
user_prompt,ready_for_in_app_admin_delivery,0decde83c8c3b1eba5c4bcbe,profile-prompt-user-profile-awards,profile,prompt-user,profile.awards,info,/profile?tab=awards,Add awards,Awards help the platform understand academic and extracurricular distinction.,Add awards,in_app_readiness_surface|dashboard,redis_notification_feed|remote_push|email,profile-readiness:profile-prompt-user-profile-awards:0decde83c8c3b1eba5c4bcbe,User has at least one award row,,
user_prompt,ready_for_in_app_admin_delivery,e143db79d9c485a460893ca5,profile-prompt-user-profile-awards,profile,prompt-user,profile.awards,info,/profile?tab=awards,Add awards,Awards help the platform understand academic and extracurricular distinction.,Add awards,in_app_readiness_surface|dashboard,redis_notification_feed|remote_push|email,profile-readiness:profile-prompt-user-profile-awards:e143db79d9c485a460893ca5,User has at least one award row,,
user_prompt,ready_for_in_app_admin_delivery,19f17ffd8ca6cda6fb981237,profile-prompt-user-profile-awards,profile,prompt-user,profile.awards,info,/profile?tab=awards,Add awards,Awards help the platform understand academic and extracurricular distinction.,Add awards,in_app_readiness_surface|dashboard,redis_notification_feed|remote_push|email,profile-readiness:profile-prompt-user-profile-awards:19f17ffd8ca6cda6fb981237,User has at least one award row,,
user_prompt,ready_for_in_app_admin_delivery,556e66a23d80e56fc6de4c70,profile-prompt-user-profile-awards,profile,prompt-user,profile.awards,info,/profile?tab=awards,Add awards,Awards help the platform understand academic and extracurricular distinction.,Add awards,in_app_readiness_surface|dashboard,redis_notification_feed|remote_push|email,profile-readiness:profile-prompt-user-profile-awards:556e66a23d80e56fc6de4c70,User has at least one award row,,
user_prompt,ready_for_in_app_admin_delivery,161ae07fa8fcfd5b9c149e3a,profile-prompt-user-profile-awards,profile,prompt-user,profile.awards,info,/profile?tab=awards,Add awards,Awards help the platform understand academic and extracurricular distinction.,Add awards,in_app_readiness_surface|dashboard,redis_notification_feed|remote_push|email,profile-readiness:profile-prompt-user-profile-awards:161ae07fa8fcfd5b9c149e3a,User has at least one award row,,
user_prompt,ready_for_in_app_admin_delivery,bbcc181196a5f49e7b7b5217,profile-prompt-user-profile-awards,profile,prompt-user,profile.awards,info,/profile?tab=awards,Add awards,Awards help the platform understand academic and extracurricular distinction.,Add awards,in_app_readiness_surface|dashboard,redis_notification_feed|remote_push|email,profile-readiness:profile-prompt-user-profile-awards:bbcc181196a5f49e7b7b5217,User has at least one award row,,
user_prompt,ready_for_in_app_admin_delivery,2ad6a5c85738075faca4e660,profile-prompt-user-profile-awards,profile,prompt-user,profile.awards,info,/profile?tab=awards,Add awards,Awards help the platform understand academic and extracurricular distinction.,Add awards,in_app_readiness_surface|dashboard,redis_notification_feed|remote_push|email,profile-readiness:profile-prompt-user-profile-awards:2ad6a5c85738075faca4e660,User has at least one award row,,
user_prompt,ready_for_in_app_admin_delivery,4f43b96ee5b22b7fd5680c21,profile-prompt-user-profile-awards,profile,prompt-user,profile.awards,info,/profile?tab=awards,Add awards,Awards help the platform understand academic and extracurricular distinction.,Add awards,in_app_readiness_surface|dashboard,redis_notification_feed|remote_push|email,profile-readiness:profile-prompt-user-profile-awards:4f43b96ee5b22b7fd5680c21,User has at least one award row,,
user_prompt,ready_for_in_app_admin_delivery,c271fde2cf1b87f889ec0c16,profile-prompt-user-profile-awards,profile,prompt-user,profile.awards,info,/profile?tab=awards,Add awards,Awards help the platform understand academic and extracurricular distinction.,Add awards,in_app_readiness_surface|dashboard,redis_notification_feed|remote_push|email,profile-readiness:profile-prompt-user-profile-awards:c271fde2cf1b87f889ec0c16,User has at least one award row,,
user_prompt,ready_for_in_app_admin_delivery,746bc9d4549c99352f08bdcf,profile-prompt-user-profile-awards,profile,prompt-user,profile.awards,info,/profile?tab=awards,Add awards,Awards help the platform understand academic and extracurricular distinction.,Add awards,in_app_readiness_surface|dashboard,redis_notification_feed|remote_push|email,profile-readiness:profile-prompt-user-profile-awards:746bc9d4549c99352f08bdcf,User has at least one award row,,
user_prompt,ready_for_in_app_admin_delivery,b4d7837782707744792d2395,profile-prompt-user-profile-awards,profile,prompt-user,profile.awards,info,/profile?tab=awards,Add awards,Awards help the platform understand academic and extracurricular distinction.,Add awards,in_app_readiness_surface|dashboard,redis_notification_feed|remote_push|email,profile-readiness:profile-prompt-user-profile-awards:b4d7837782707744792d2395,User has at least one award row,,
user_prompt,ready_for_in_app_admin_delivery,40e9414c98a1ebdf2dcad4cd,profile-prompt-user-profile-awards,profile,prompt-user,profile.awards,info,/profile?tab=awards,Add awards,Awards help the platform understand academic and extracurricular distinction.,Add awards,in_app_readiness_surface|dashboard,redis_notification_feed|remote_push|email,profile-readiness:profile-prompt-user-profile-awards:40e9414c98a1ebdf2dcad4cd,User has at least one award row,,
user_prompt,ready_for_in_app_admin_delivery,b1fa79bf9c552d0d23893f4d,profile-prompt-user-profile-awards,profile,prompt-user,profile.awards,info,/profile?tab=awards,Add awards,Awards help the platform understand academic and extracurricular distinction.,Add awards,in_app_readiness_surface|dashboard,redis_notification_feed|remote_push|email,profile-readiness:profile-prompt-user-profile-awards:b1fa79bf9c552d0d23893f4d,User has at least one award row,,
user_prompt,ready_for_in_app_admin_delivery,7eb6af9e5e76bffb19b076da,profile-prompt-user-profile-awards,profile,prompt-user,profile.awards,info,/profile?tab=awards,Add awards,Awards help the platform understand academic and extracurricular distinction.,Add awards,in_app_readiness_surface|dashboard,redis_notification_feed|remote_push|email,profile-readiness:profile-prompt-user-profile-awards:7eb6af9e5e76bffb19b076da,User has at least one award row,,
user_prompt,ready_for_in_app_admin_delivery,0d718acf5447f81ecb074643,profile-prompt-user-profile-awards,profile,prompt-user,profile.awards,info,/profile?tab=awards,Add awards,Awards help the platform understand academic and extracurricular distinction.,Add awards,in_app_readiness_surface|dashboard,redis_notification_feed|remote_push|email,profile-readiness:profile-prompt-user-profile-awards:0d718acf5447f81ecb074643,User has at least one award row,,
user_prompt,ready_for_in_app_admin_delivery,62054f9af3f742de36c2f85c,profile-prompt-user-profile-awards,profile,prompt-user,profile.awards,info,/profile?tab=awards,Add awards,Awards help the platform understand academic and extracurricular distinction.,Add awards,in_app_readiness_surface|dashboard,redis_notification_feed|remote_push|email,profile-readiness:profile-prompt-user-profile-awards:62054f9af3f742de36c2f85c,User has at least one award row,,
user_prompt,ready_for_in_app_admin_delivery,9364ef9c662f3a639f68f056,profile-prompt-user-profile-awards,profile,prompt-user,profile.awards,info,/profile?tab=awards,Add awards,Awards help the platform understand academic and extracurricular distinction.,Add awards,in_app_readiness_surface|dashboard,redis_notification_feed|remote_push|email,profile-readiness:profile-prompt-user-profile-awards:9364ef9c662f3a639f68f056,User has at least one award row,,
user_prompt,ready_for_in_app_admin_delivery,3a816c9b5433ae0aaf479ba7,profile-prompt-user-profile-awards,profile,prompt-user,profile.awards,info,/profile?tab=awards,Add awards,Awards help the platform understand academic and extracurricular distinction.,Add awards,in_app_readiness_surface|dashboard,redis_notification_feed|remote_push|email,profile-readiness:profile-prompt-user-profile-awards:3a816c9b5433ae0aaf479ba7,User has at least one award row,,
user_prompt,ready_for_in_app_admin_delivery,3ee3cf435e4f83fb80edeb51,profile-prompt-user-profile-awards,profile,prompt-user,profile.awards,info,/profile?tab=awards,Add awards,Awards help the platform understand academic and extracurricular distinction.,Add awards,in_app_readiness_surface|dashboard,redis_notification_feed|remote_push|email,profile-readiness:profile-prompt-user-profile-awards:3ee3cf435e4f83fb80edeb51,User has at least one award row,,
user_prompt,ready_for_in_app_admin_delivery,9c31e7076836e7c3e8c3b9e6,profile-prompt-user-profile-awards,profile,prompt-user,profile.awards,info,/profile?tab=awards,Add awards,Awards help the platform understand academic and extracurricular distinction.,Add awards,in_app_readiness_surface|dashboard,redis_notification_feed|remote_push|email,profile-readiness:profile-prompt-user-profile-awards:9c31e7076836e7c3e8c3b9e6,User has at least one award row,,
user_prompt,ready_for_in_app_admin_delivery,700a98cbdc40e3ae03f7db21,profile-prompt-user-profile-awards,profile,prompt-user,profile.awards,info,/profile?tab=awards,Add awards,Awards help the platform understand academic and extracurricular distinction.,Add awards,in_app_readiness_surface|dashboard,redis_notification_feed|remote_push|email,profile-readiness:profile-prompt-user-profile-awards:700a98cbdc40e3ae03f7db21,User has at least one award row,,
user_prompt,ready_for_in_app_admin_delivery,350e3e61308a4fecf31d5265,profile-prompt-user-profile-awards,profile,prompt-user,profile.awards,info,/profile?tab=awards,Add awards,Awards help the platform understand academic and extracurricular distinction.,Add awards,in_app_readiness_surface|dashboard,redis_notification_feed|remote_push|email,profile-readiness:profile-prompt-user-profile-awards:350e3e61308a4fecf31d5265,User has at least one award row,,
user_prompt,ready_for_in_app_admin_delivery,ee8d2acecabae8a094f78e72,profile-prompt-user-profile-awards,profile,prompt-user,profile.awards,info,/profile?tab=awards,Add awards,Awards help the platform understand academic and extracurricular distinction.,Add awards,in_app_readiness_surface|dashboard,redis_notification_feed|remote_push|email,profile-readiness:profile-prompt-user-profile-awards:ee8d2acecabae8a094f78e72,User has at least one award row,,
user_prompt,ready_for_in_app_admin_delivery,60ae21cdcc0779c5d57fa893,profile-prompt-user-profile-awards,profile,prompt-user,profile.awards,info,/profile?tab=awards,Add awards,Awards help the platform understand academic and extracurricular distinction.,Add awards,in_app_readiness_surface|dashboard,redis_notification_feed|remote_push|email,profile-readiness:profile-prompt-user-profile-awards:60ae21cdcc0779c5d57fa893,User has at least one award row,,
user_prompt,ready_for_in_app_admin_delivery,8af2599c6426aee17e392808,profile-prompt-user-profile-awards,profile,prompt-user,profile.awards,info,/profile?tab=awards,Add awards,Awards help the platform understand academic and extracurricular distinction.,Add awards,in_app_readiness_surface|dashboard,redis_notification_feed|remote_push|email,profile-readiness:profile-prompt-user-profile-awards:8af2599c6426aee17e392808,User has at least one award row,,
user_prompt,ready_for_in_app_admin_delivery,b16338de18bd3ea9490a922c,profile-prompt-user-profile-awards,profile,prompt-user,profile.awards,info,/profile?tab=awards,Add awards,Awards help the platform understand academic and extracurricular distinction.,Add awards,in_app_readiness_surface|dashboard,redis_notification_feed|remote_push|email,profile-readiness:profile-prompt-user-profile-awards:b16338de18bd3ea9490a922c,User has at least one award row,,
user_prompt,ready_for_in_app_admin_delivery,2c109a0b6856445f718b6cc4,profile-prompt-user-profile-awards,profile,prompt-user,profile.awards,info,/profile?tab=awards,Add awards,Awards help the platform understand academic and extracurricular distinction.,Add awards,in_app_readiness_surface|dashboard,redis_notification_feed|remote_push|email,profile-readiness:profile-prompt-user-profile-awards:2c109a0b6856445f718b6cc4,User has at least one award row,,
user_prompt,ready_for_in_app_admin_delivery,58f299953ccf1094f94211d2,profile-prompt-user-profile-awards,profile,prompt-user,profile.awards,info,/profile?tab=awards,Add awards,Awards help the platform understand academic and extracurricular distinction.,Add awards,in_app_readiness_surface|dashboard,redis_notification_feed|remote_push|email,profile-readiness:profile-prompt-user-profile-awards:58f299953ccf1094f94211d2,User has at least one award row,,
user_prompt,ready_for_in_app_admin_delivery,b08f78a2c250836222a2ed7e,profile-prompt-user-profile-awards,profile,prompt-user,profile.awards,info,/profile?tab=awards,Add awards,Awards help the platform understand academic and extracurricular distinction.,Add awards,in_app_readiness_surface|dashboard,redis_notification_feed|remote_push|email,profile-readiness:profile-prompt-user-profile-awards:b08f78a2c250836222a2ed7e,User has at least one award row,,
user_prompt,ready_for_in_app_admin_delivery,e35b0c6b5a8af24ddecf15b1,profile-prompt-user-profile-awards,profile,prompt-user,profile.awards,info,/profile?tab=awards,Add awards,Awards help the platform understand academic and extracurricular distinction.,Add awards,in_app_readiness_surface|dashboard,redis_notification_feed|remote_push|email,profile-readiness:profile-prompt-user-profile-awards:e35b0c6b5a8af24ddecf15b1,User has at least one award row,,
user_prompt,ready_for_in_app_admin_delivery,af8e626ff7ecc5fffec5a83b,profile-prompt-user-profile-awards,profile,prompt-user,profile.awards,info,/profile?tab=awards,Add awards,Awards help the platform understand academic and extracurricular distinction.,Add awards,in_app_readiness_surface|dashboard,redis_notification_feed|remote_push|email,profile-readiness:profile-prompt-user-profile-awards:af8e626ff7ecc5fffec5a83b,User has at least one award row,,
user_prompt,ready_for_in_app_admin_delivery,5635dbb88bfc845adb3c6c2d,profile-prompt-user-profile-awards,profile,prompt-user,profile.awards,info,/profile?tab=awards,Add awards,Awards help the platform understand academic and extracurricular distinction.,Add awards,in_app_readiness_surface|dashboard,redis_notification_feed|remote_push|email,profile-readiness:profile-prompt-user-profile-awards:5635dbb88bfc845adb3c6c2d,User has at least one award row,,
user_prompt,ready_for_in_app_admin_delivery,08a357ecc96894482491cba4,profile-prompt-user-profile-awards,profile,prompt-user,profile.awards,info,/profile?tab=awards,Add awards,Awards help the platform understand academic and extracurricular distinction.,Add awards,in_app_readiness_surface|dashboard,redis_notification_feed|remote_push|email,profile-readiness:profile-prompt-user-profile-awards:08a357ecc96894482491cba4,User has at least one award row,,
user_prompt,ready_for_in_app_admin_delivery,82be1f799b998791e0b4a42f,profile-prompt-user-profile-awards,profile,prompt-user,profile.awards,info,/profile?tab=awards,Add awards,Awards help the platform understand academic and extracurricular distinction.,Add awards,in_app_readiness_surface|dashboard,redis_notification_feed|remote_push|email,profile-readiness:profile-prompt-user-profile-awards:82be1f799b998791e0b4a42f,User has at least one award row,,
user_prompt,ready_for_in_app_admin_delivery,d44f4c033bff279e6a7ecb7f,profile-prompt-user-profile-awards,profile,prompt-user,profile.awards,info,/profile?tab=awards,Add awards,Awards help the platform understand academic and extracurricular distinction.,Add awards,in_app_readiness_surface|dashboard,redis_notification_feed|remote_push|email,profile-readiness:profile-prompt-user-profile-awards:d44f4c033bff279e6a7ecb7f,User has at least one award row,,
user_prompt,ready_for_in_app_admin_delivery,1721e7fd604c8c9cba7b29ee,profile-prompt-user-profile-awards,profile,prompt-user,profile.awards,info,/profile?tab=awards,Add awards,Awards help the platform understand academic and extracurricular distinction.,Add awards,in_app_readiness_surface|dashboard,redis_notification_feed|remote_push|email,profile-readiness:profile-prompt-user-profile-awards:1721e7fd604c8c9cba7b29ee,User has at least one award row,,
user_prompt,ready_for_in_app_admin_delivery,aa77cfaf01d5f471651c731f,profile-prompt-user-profile-awards,profile,prompt-user,profile.awards,info,/profile?tab=awards,Add awards,Awards help the platform understand academic and extracurricular distinction.,Add awards,in_app_readiness_surface|dashboard,redis_notification_feed|remote_push|email,profile-readiness:profile-prompt-user-profile-awards:aa77cfaf01d5f471651c731f,User has at least one award row,,
user_prompt,ready_for_in_app_admin_delivery,8182fd0a8ea90cbe07f9f5f3,profile-prompt-user-profile-awards,profile,prompt-user,profile.awards,info,/profile?tab=awards,Add awards,Awards help the platform understand academic and extracurricular distinction.,Add awards,in_app_readiness_surface|dashboard,redis_notification_feed|remote_push|email,profile-readiness:profile-prompt-user-profile-awards:8182fd0a8ea90cbe07f9f5f3,User has at least one award row,,
user_prompt,ready_for_in_app_admin_delivery,8f76e29a0754e9147868ff48,profile-prompt-user-profile-awards,profile,prompt-user,profile.awards,info,/profile?tab=awards,Add awards,Awards help the platform understand academic and extracurricular distinction.,Add awards,in_app_readiness_surface|dashboard,redis_notification_feed|remote_push|email,profile-readiness:profile-prompt-user-profile-awards:8f76e29a0754e9147868ff48,User has at least one award row,,
user_prompt,ready_for_in_app_admin_delivery,e49853bb7590d4fbc088e2ce,profile-prompt-user-profile-awards,profile,prompt-user,profile.awards,info,/profile?tab=awards,Add awards,Awards help the platform understand academic and extracurricular distinction.,Add awards,in_app_readiness_surface|dashboard,redis_notification_feed|remote_push|email,profile-readiness:profile-prompt-user-profile-awards:e49853bb7590d4fbc088e2ce,User has at least one award row,,
user_prompt,ready_for_in_app_admin_delivery,ba75887eed7d741502c53c31,profile-prompt-user-profile-awards,profile,prompt-user,profile.awards,info,/profile?tab=awards,Add awards,Awards help the platform understand academic and extracurricular distinction.,Add awards,in_app_readiness_surface|dashboard,redis_notification_feed|remote_push|email,profile-readiness:profile-prompt-user-profile-awards:ba75887eed7d741502c53c31,User has at least one award row,,
user_prompt,ready_for_in_app_admin_delivery,2f77ce3256c653a98a843922,profile-prompt-user-profile-awards,profile,prompt-user,profile.awards,info,/profile?tab=awards,Add awards,Awards help the platform understand academic and extracurricular distinction.,Add awards,in_app_readiness_surface|dashboard,redis_notification_feed|remote_push|email,profile-readiness:profile-prompt-user-profile-awards:2f77ce3256c653a98a843922,User has at least one award row,,
user_prompt,ready_for_in_app_admin_delivery,39d82fb302892df916184722,profile-prompt-user-profile-awards,profile,prompt-user,profile.awards,info,/profile?tab=awards,Add awards,Awards help the platform understand academic and extracurricular distinction.,Add awards,in_app_readiness_surface|dashboard,redis_notification_feed|remote_push|email,profile-readiness:profile-prompt-user-profile-awards:39d82fb302892df916184722,User has at least one award row,,
user_prompt,ready_for_in_app_admin_delivery,73a91be57fb9c7848ca2fc38,profile-prompt-user-profile-awards,profile,prompt-user,profile.awards,info,/profile?tab=awards,Add awards,Awards help the platform understand academic and extracurricular distinction.,Add awards,in_app_readiness_surface|dashboard,redis_notification_feed|remote_push|email,profile-readiness:profile-prompt-user-profile-awards:73a91be57fb9c7848ca2fc38,User has at least one award row,,
user_prompt,ready_for_in_app_admin_delivery,b7c52e38fa597c4401a45a0d,profile-prompt-user-profile-awards,profile,prompt-user,profile.awards,info,/profile?tab=awards,Add awards,Awards help the platform understand academic and extracurricular distinction.,Add awards,in_app_readiness_surface|dashboard,redis_notification_feed|remote_push|email,profile-readiness:profile-prompt-user-profile-awards:b7c52e38fa597c4401a45a0d,User has at least one award row,,
user_prompt,ready_for_in_app_admin_delivery,b6211d62f28ea1ac1fbf92f6,profile-prompt-user-profile-awards,profile,prompt-user,profile.awards,info,/profile?tab=awards,Add awards,Awards help the platform understand academic and extracurricular distinction.,Add awards,in_app_readiness_surface|dashboard,redis_notification_feed|remote_push|email,profile-readiness:profile-prompt-user-profile-awards:b6211d62f28ea1ac1fbf92f6,User has at least one award row,,
user_prompt,ready_for_in_app_admin_delivery,51123683ff47579b1326d7e0,profile-prompt-user-profile-awards,profile,prompt-user,profile.awards,info,/profile?tab=awards,Add awards,Awards help the platform understand academic and extracurricular distinction.,Add awards,in_app_readiness_surface|dashboard,redis_notification_feed|remote_push|email,profile-readiness:profile-prompt-user-profile-awards:51123683ff47579b1326d7e0,User has at least one award row,,
user_prompt,ready_for_in_app_admin_delivery,d623a290fc0c003872b7e51e,profile-prompt-user-profile-awards,profile,prompt-user,profile.awards,info,/profile?tab=awards,Add awards,Awards help the platform understand academic and extracurricular distinction.,Add awards,in_app_readiness_surface|dashboard,redis_notification_feed|remote_push|email,profile-readiness:profile-prompt-user-profile-awards:d623a290fc0c003872b7e51e,User has at least one award row,,
user_prompt,ready_for_in_app_admin_delivery,d235bd129f743fb22c4ed3fd,profile-prompt-user-profile-awards,profile,prompt-user,profile.awards,info,/profile?tab=awards,Add awards,Awards help the platform understand academic and extracurricular distinction.,Add awards,in_app_readiness_surface|dashboard,redis_notification_feed|remote_push|email,profile-readiness:profile-prompt-user-profile-awards:d235bd129f743fb22c4ed3fd,User has at least one award row,,
user_prompt,ready_for_in_app_admin_delivery,2532d98f34e1ac7c1659d8eb,profile-prompt-user-profile-awards,profile,prompt-user,profile.awards,info,/profile?tab=awards,Add awards,Awards help the platform understand academic and extracurricular distinction.,Add awards,in_app_readiness_surface|dashboard,redis_notification_feed|remote_push|email,profile-readiness:profile-prompt-user-profile-awards:2532d98f34e1ac7c1659d8eb,User has at least one award row,,
user_prompt,ready_for_in_app_admin_delivery,80198917031fa524bd986f16,profile-prompt-user-profile-awards,profile,prompt-user,profile.awards,info,/profile?tab=awards,Add awards,Awards help the platform understand academic and extracurricular distinction.,Add awards,in_app_readiness_surface|dashboard,redis_notification_feed|remote_push|email,profile-readiness:profile-prompt-user-profile-awards:80198917031fa524bd986f16,User has at least one award row,,
user_prompt,ready_for_in_app_admin_delivery,fb77434774ac9a3e30419226,profile-prompt-user-profile-awards,profile,prompt-user,profile.awards,info,/profile?tab=awards,Add awards,Awards help the platform understand academic and extracurricular distinction.,Add awards,in_app_readiness_surface|dashboard,redis_notification_feed|remote_push|email,profile-readiness:profile-prompt-user-profile-awards:fb77434774ac9a3e30419226,User has at least one award row,,
user_prompt,ready_for_in_app_admin_delivery,f9fd9b821f5302c444105093,profile-prompt-user-profile-awards,profile,prompt-user,profile.awards,info,/profile?tab=awards,Add awards,Awards help the platform understand academic and extracurricular distinction.,Add awards,in_app_readiness_surface|dashboard,redis_notification_feed|remote_push|email,profile-readiness:profile-prompt-user-profile-awards:f9fd9b821f5302c444105093,User has at least one award row,,
user_prompt,ready_for_in_app_admin_delivery,8ee4a43e09bd1fb564a3d07c,profile-prompt-user-profile-awards,profile,prompt-user,profile.awards,info,/profile?tab=awards,Add awards,Awards help the platform understand academic and extracurricular distinction.,Add awards,in_app_readiness_surface|dashboard,redis_notification_feed|remote_push|email,profile-readiness:profile-prompt-user-profile-awards:8ee4a43e09bd1fb564a3d07c,User has at least one award row,,
user_prompt,ready_for_in_app_admin_delivery,1205c6fffa0d08b1c24f8aba,profile-prompt-user-profile-awards,profile,prompt-user,profile.awards,info,/profile?tab=awards,Add awards,Awards help the platform understand academic and extracurricular distinction.,Add awards,in_app_readiness_surface|dashboard,redis_notification_feed|remote_push|email,profile-readiness:profile-prompt-user-profile-awards:1205c6fffa0d08b1c24f8aba,User has at least one award row,,
user_prompt,ready_for_in_app_admin_delivery,83e1e60cee3420e8a087ec65,profile-prompt-user-profile-awards,profile,prompt-user,profile.awards,info,/profile?tab=awards,Add awards,Awards help the platform understand academic and extracurricular distinction.,Add awards,in_app_readiness_surface|dashboard,redis_notification_feed|remote_push|email,profile-readiness:profile-prompt-user-profile-awards:83e1e60cee3420e8a087ec65,User has at least one award row,,
user_prompt,ready_for_in_app_admin_delivery,4128eb49c7d66593fc377cf2,profile-prompt-user-profile-awards,profile,prompt-user,profile.awards,info,/profile?tab=awards,Add awards,Awards help the platform understand academic and extracurricular distinction.,Add awards,in_app_readiness_surface|dashboard,redis_notification_feed|remote_push|email,profile-readiness:profile-prompt-user-profile-awards:4128eb49c7d66593fc377cf2,User has at least one award row,,
user_prompt,ready_for_in_app_admin_delivery,66bd62747c0c3780d93d5ac0,profile-prompt-user-profile-awards,profile,prompt-user,profile.awards,info,/profile?tab=awards,Add awards,Awards help the platform understand academic and extracurricular distinction.,Add awards,in_app_readiness_surface|dashboard,redis_notification_feed|remote_push|email,profile-readiness:profile-prompt-user-profile-awards:66bd62747c0c3780d93d5ac0,User has at least one award row,,
user_prompt,ready_for_in_app_admin_delivery,387d5008ef0d61abbf0981c3,profile-prompt-user-profile-awards,profile,prompt-user,profile.awards,info,/profile?tab=awards,Add awards,Awards help the platform understand academic and extracurricular distinction.,Add awards,in_app_readiness_surface|dashboard,redis_notification_feed|remote_push|email,profile-readiness:profile-prompt-user-profile-awards:387d5008ef0d61abbf0981c3,User has at least one award row,,
user_prompt,ready_for_in_app_admin_delivery,6e88e7843d84c8e4ac30d418,profile-prompt-user-profile-awards,profile,prompt-user,profile.awards,info,/profile?tab=awards,Add awards,Awards help the platform understand academic and extracurricular distinction.,Add awards,in_app_readiness_surface|dashboard,redis_notification_feed|remote_push|email,profile-readiness:profile-prompt-user-profile-awards:6e88e7843d84c8e4ac30d418,User has at least one award row,,
user_prompt,ready_for_in_app_admin_delivery,85fc8cd917b074b9f364b19f,profile-prompt-user-profile-awards,profile,prompt-user,profile.awards,info,/profile?tab=awards,Add awards,Awards help the platform understand academic and extracurricular distinction.,Add awards,in_app_readiness_surface|dashboard,redis_notification_feed|remote_push|email,profile-readiness:profile-prompt-user-profile-awards:85fc8cd917b074b9f364b19f,User has at least one award row,,
user_prompt,ready_for_in_app_admin_delivery,393497c7e1766899efccdd67,profile-prompt-user-profile-awards,profile,prompt-user,profile.awards,info,/profile?tab=awards,Add awards,Awards help the platform understand academic and extracurricular distinction.,Add awards,in_app_readiness_surface|dashboard,redis_notification_feed|remote_push|email,profile-readiness:profile-prompt-user-profile-awards:393497c7e1766899efccdd67,User has at least one award row,,
user_prompt,ready_for_in_app_admin_delivery,c11c121accb370e23f27204f,profile-prompt-user-profile-awards,profile,prompt-user,profile.awards,info,/profile?tab=awards,Add awards,Awards help the platform understand academic and extracurricular distinction.,Add awards,in_app_readiness_surface|dashboard,redis_notification_feed|remote_push|email,profile-readiness:profile-prompt-user-profile-awards:c11c121accb370e23f27204f,User has at least one award row,,
user_prompt,ready_for_in_app_admin_delivery,ec8c5627fc8e7cd6f4f3ab56,profile-prompt-user-profile-awards,profile,prompt-user,profile.awards,info,/profile?tab=awards,Add awards,Awards help the platform understand academic and extracurricular distinction.,Add awards,in_app_readiness_surface|dashboard,redis_notification_feed|remote_push|email,profile-readiness:profile-prompt-user-profile-awards:ec8c5627fc8e7cd6f4f3ab56,User has at least one award row,,
user_prompt,ready_for_in_app_admin_delivery,a73c0bac52799c6f0c20c326,profile-prompt-user-profile-awards,profile,prompt-user,profile.awards,info,/profile?tab=awards,Add awards,Awards help the platform understand academic and extracurricular distinction.,Add awards,in_app_readiness_surface|dashboard,redis_notification_feed|remote_push|email,profile-readiness:profile-prompt-user-profile-awards:a73c0bac52799c6f0c20c326,User has at least one award row,,
user_prompt,ready_for_in_app_admin_delivery,1f1d01ebd6e4a634f6d00521,profile-prompt-user-profile-awards,profile,prompt-user,profile.awards,info,/profile?tab=awards,Add awards,Awards help the platform understand academic and extracurricular distinction.,Add awards,in_app_readiness_surface|dashboard,redis_notification_feed|remote_push|email,profile-readiness:profile-prompt-user-profile-awards:1f1d01ebd6e4a634f6d00521,User has at least one award row,,
user_prompt,ready_for_in_app_admin_delivery,8111a447630837276fb2d02b,profile-prompt-user-profile-awards,profile,prompt-user,profile.awards,info,/profile?tab=awards,Add awards,Awards help the platform understand academic and extracurricular distinction.,Add awards,in_app_readiness_surface|dashboard,redis_notification_feed|remote_push|email,profile-readiness:profile-prompt-user-profile-awards:8111a447630837276fb2d02b,User has at least one award row,,
user_prompt,ready_for_in_app_admin_delivery,454b3bdd97d513ee08d1fcb6,profile-prompt-user-profile-awards,profile,prompt-user,profile.awards,info,/profile?tab=awards,Add awards,Awards help the platform understand academic and extracurricular distinction.,Add awards,in_app_readiness_surface|dashboard,redis_notification_feed|remote_push|email,profile-readiness:profile-prompt-user-profile-awards:454b3bdd97d513ee08d1fcb6,User has at least one award row,,
user_prompt,ready_for_in_app_admin_delivery,77e8a3e7b4bb269d25a88720,profile-prompt-user-profile-awards,profile,prompt-user,profile.awards,info,/profile?tab=awards,Add awards,Awards help the platform understand academic and extracurricular distinction.,Add awards,in_app_readiness_surface|dashboard,redis_notification_feed|remote_push|email,profile-readiness:profile-prompt-user-profile-awards:77e8a3e7b4bb269d25a88720,User has at least one award row,,
user_prompt,ready_for_in_app_admin_delivery,1c49dedeea2144e69f2ddfab,profile-prompt-user-profile-awards,profile,prompt-user,profile.awards,info,/profile?tab=awards,Add awards,Awards help the platform understand academic and extracurricular distinction.,Add awards,in_app_readiness_surface|dashboard,redis_notification_feed|remote_push|email,profile-readiness:profile-prompt-user-profile-awards:1c49dedeea2144e69f2ddfab,User has at least one award row,,
user_prompt,ready_for_in_app_admin_delivery,c6b85ceae0c6557b8e364c94,profile-prompt-user-profile-awards,profile,prompt-user,profile.awards,info,/profile?tab=awards,Add awards,Awards help the platform understand academic and extracurricular distinction.,Add awards,in_app_readiness_surface|dashboard,redis_notification_feed|remote_push|email,profile-readiness:profile-prompt-user-profile-awards:c6b85ceae0c6557b8e364c94,User has at least one award row,,
user_prompt,ready_for_in_app_admin_delivery,7bc9b1e5926864015639324c,profile-prompt-user-profile-awards,profile,prompt-user,profile.awards,info,/profile?tab=awards,Add awards,Awards help the platform understand academic and extracurricular distinction.,Add awards,in_app_readiness_surface|dashboard,redis_notification_feed|remote_push|email,profile-readiness:profile-prompt-user-profile-awards:7bc9b1e5926864015639324c,User has at least one award row,,
user_prompt,ready_for_in_app_admin_delivery,76d3e4bd31e04f8df55b5063,profile-prompt-user-profile-awards,profile,prompt-user,profile.awards,info,/profile?tab=awards,Add awards,Awards help the platform understand academic and extracurricular distinction.,Add awards,in_app_readiness_surface|dashboard,redis_notification_feed|remote_push|email,profile-readiness:profile-prompt-user-profile-awards:76d3e4bd31e04f8df55b5063,User has at least one award row,,
user_prompt,ready_for_in_app_admin_delivery,123500041b4c756624fcfbc1,profile-prompt-user-profile-awards,profile,prompt-user,profile.awards,info,/profile?tab=awards,Add awards,Awards help the platform understand academic and extracurricular distinction.,Add awards,in_app_readiness_surface|dashboard,redis_notification_feed|remote_push|email,profile-readiness:profile-prompt-user-profile-awards:123500041b4c756624fcfbc1,User has at least one award row,,
user_prompt,ready_for_in_app_admin_delivery,9e700876055ebe00ce432591,profile-prompt-user-profile-awards,profile,prompt-user,profile.awards,info,/profile?tab=awards,Add awards,Awards help the platform understand academic and extracurricular distinction.,Add awards,in_app_readiness_surface|dashboard,redis_notification_feed|remote_push|email,profile-readiness:profile-prompt-user-profile-awards:9e700876055ebe00ce432591,User has at least one award row,,
user_prompt,ready_for_in_app_admin_delivery,b86b9ff73c5aa218b53fcc07,profile-prompt-user-profile-awards,profile,prompt-user,profile.awards,info,/profile?tab=awards,Add awards,Awards help the platform understand academic and extracurricular distinction.,Add awards,in_app_readiness_surface|dashboard,redis_notification_feed|remote_push|email,profile-readiness:profile-prompt-user-profile-awards:b86b9ff73c5aa218b53fcc07,User has at least one award row,,
user_prompt,ready_for_in_app_admin_delivery,26a7b1448bcf5fd36c35a363,profile-prompt-user-profile-awards,profile,prompt-user,profile.awards,info,/profile?tab=awards,Add awards,Awards help the platform understand academic and extracurricular distinction.,Add awards,in_app_readiness_surface|dashboard,redis_notification_feed|remote_push|email,profile-readiness:profile-prompt-user-profile-awards:26a7b1448bcf5fd36c35a363,User has at least one award row,,
user_prompt,ready_for_in_app_admin_delivery,2f357aae310ceb62c29b274c,profile-prompt-user-profile-awards,profile,prompt-user,profile.awards,info,/profile?tab=awards,Add awards,Awards help the platform understand academic and extracurricular distinction.,Add awards,in_app_readiness_surface|dashboard,redis_notification_feed|remote_push|email,profile-readiness:profile-prompt-user-profile-awards:2f357aae310ceb62c29b274c,User has at least one award row,,
user_prompt,ready_for_in_app_admin_delivery,96d4cd2fcd14de7772f5fd50,profile-prompt-user-profile-awards,profile,prompt-user,profile.awards,info,/profile?tab=awards,Add awards,Awards help the platform understand academic and extracurricular distinction.,Add awards,in_app_readiness_surface|dashboard,redis_notification_feed|remote_push|email,profile-readiness:profile-prompt-user-profile-awards:96d4cd2fcd14de7772f5fd50,User has at least one award row,,
user_prompt,ready_for_in_app_admin_delivery,d0a7465d43215d5f058e070e,profile-prompt-user-profile-awards,profile,prompt-user,profile.awards,info,/profile?tab=awards,Add awards,Awards help the platform understand academic and extracurricular distinction.,Add awards,in_app_readiness_surface|dashboard,redis_notification_feed|remote_push|email,profile-readiness:profile-prompt-user-profile-awards:d0a7465d43215d5f058e070e,User has at least one award row,,
user_prompt,ready_for_in_app_admin_delivery,ca95dbae28c38d90f4bd075a,profile-prompt-user-profile-awards,profile,prompt-user,profile.awards,info,/profile?tab=awards,Add awards,Awards help the platform understand academic and extracurricular distinction.,Add awards,in_app_readiness_surface|dashboard,redis_notification_feed|remote_push|email,profile-readiness:profile-prompt-user-profile-awards:ca95dbae28c38d90f4bd075a,User has at least one award row,,
user_prompt,ready_for_in_app_admin_delivery,be2cd5ddfe575143c741e775,profile-prompt-user-profile-awards,profile,prompt-user,profile.awards,info,/profile?tab=awards,Add awards,Awards help the platform understand academic and extracurricular distinction.,Add awards,in_app_readiness_surface|dashboard,redis_notification_feed|remote_push|email,profile-readiness:profile-prompt-user-profile-awards:be2cd5ddfe575143c741e775,User has at least one award row,,
user_prompt,ready_for_in_app_admin_delivery,c22d82639c55efb340bc9a56,profile-prompt-user-profile-awards,profile,prompt-user,profile.awards,info,/profile?tab=awards,Add awards,Awards help the platform understand academic and extracurricular distinction.,Add awards,in_app_readiness_surface|dashboard,redis_notification_feed|remote_push|email,profile-readiness:profile-prompt-user-profile-awards:c22d82639c55efb340bc9a56,User has at least one award row,,
user_prompt,ready_for_in_app_admin_delivery,8e287120445279d6e9b4ec2b,profile-prompt-user-profile-awards,profile,prompt-user,profile.awards,info,/profile?tab=awards,Add awards,Awards help the platform understand academic and extracurricular distinction.,Add awards,in_app_readiness_surface|dashboard,redis_notification_feed|remote_push|email,profile-readiness:profile-prompt-user-profile-awards:8e287120445279d6e9b4ec2b,User has at least one award row,,
user_prompt,ready_for_in_app_admin_delivery,30430c0713c690c36433a6e5,profile-prompt-user-profile-awards,profile,prompt-user,profile.awards,info,/profile?tab=awards,Add awards,Awards help the platform understand academic and extracurricular distinction.,Add awards,in_app_readiness_surface|dashboard,redis_notification_feed|remote_push|email,profile-readiness:profile-prompt-user-profile-awards:30430c0713c690c36433a6e5,User has at least one award row,,
user_prompt,ready_for_in_app_admin_delivery,9353bab0b66f9c8f5bbbb3e9,profile-prompt-user-profile-awards,profile,prompt-user,profile.awards,info,/profile?tab=awards,Add awards,Awards help the platform understand academic and extracurricular distinction.,Add awards,in_app_readiness_surface|dashboard,redis_notification_feed|remote_push|email,profile-readiness:profile-prompt-user-profile-awards:9353bab0b66f9c8f5bbbb3e9,User has at least one award row,,
user_prompt,ready_for_in_app_admin_delivery,ea2aad244e6c5b7a6ddcdc6d,profile-prompt-user-profile-awards,profile,prompt-user,profile.awards,info,/profile?tab=awards,Add awards,Awards help the platform understand academic and extracurricular distinction.,Add awards,in_app_readiness_surface|dashboard,redis_notification_feed|remote_push|email,profile-readiness:profile-prompt-user-profile-awards:ea2aad244e6c5b7a6ddcdc6d,User has at least one award row,,
user_prompt,ready_for_in_app_admin_delivery,ab23e0dca524148e33dc1dc3,profile-prompt-user-profile-awards,profile,prompt-user,profile.awards,info,/profile?tab=awards,Add awards,Awards help the platform understand academic and extracurricular distinction.,Add awards,in_app_readiness_surface|dashboard,redis_notification_feed|remote_push|email,profile-readiness:profile-prompt-user-profile-awards:ab23e0dca524148e33dc1dc3,User has at least one award row,,
user_prompt,ready_for_in_app_admin_delivery,147f40a0a1b1d151c407167a,profile-prompt-user-profile-awards,profile,prompt-user,profile.awards,info,/profile?tab=awards,Add awards,Awards help the platform understand academic and extracurricular distinction.,Add awards,in_app_readiness_surface|dashboard,redis_notification_feed|remote_push|email,profile-readiness:profile-prompt-user-profile-awards:147f40a0a1b1d151c407167a,User has at least one award row,,
user_prompt,ready_for_in_app_admin_delivery,302d0b094ff202e23f186d36,profile-prompt-user-profile-awards,profile,prompt-user,profile.awards,info,/profile?tab=awards,Add awards,Awards help the platform understand academic and extracurricular distinction.,Add awards,in_app_readiness_surface|dashboard,redis_notification_feed|remote_push|email,profile-readiness:profile-prompt-user-profile-awards:302d0b094ff202e23f186d36,User has at least one award row,,
user_prompt,ready_for_in_app_admin_delivery,5fea30f24d9048bc811be8c1,profile-prompt-user-profile-awards,profile,prompt-user,profile.awards,info,/profile?tab=awards,Add awards,Awards help the platform understand academic and extracurricular distinction.,Add awards,in_app_readiness_surface|dashboard,redis_notification_feed|remote_push|email,profile-readiness:profile-prompt-user-profile-awards:5fea30f24d9048bc811be8c1,User has at least one award row,,
user_prompt,ready_for_in_app_admin_delivery,a8b0b42078a4419cbc216238,profile-prompt-user-profile-awards,profile,prompt-user,profile.awards,info,/profile?tab=awards,Add awards,Awards help the platform understand academic and extracurricular distinction.,Add awards,in_app_readiness_surface|dashboard,redis_notification_feed|remote_push|email,profile-readiness:profile-prompt-user-profile-awards:a8b0b42078a4419cbc216238,User has at least one award row,,
user_prompt,ready_for_in_app_admin_delivery,8a3d4c7790976e73724c9f5f,profile-prompt-user-profile-awards,profile,prompt-user,profile.awards,info,/profile?tab=awards,Add awards,Awards help the platform understand academic and extracurricular distinction.,Add awards,in_app_readiness_surface|dashboard,redis_notification_feed|remote_push|email,profile-readiness:profile-prompt-user-profile-awards:8a3d4c7790976e73724c9f5f,User has at least one award row,,
user_prompt,ready_for_in_app_admin_delivery,eed7dc5c15f1752dc5039930,profile-prompt-user-profile-awards,profile,prompt-user,profile.awards,info,/profile?tab=awards,Add awards,Awards help the platform understand academic and extracurricular distinction.,Add awards,in_app_readiness_surface|dashboard,redis_notification_feed|remote_push|email,profile-readiness:profile-prompt-user-profile-awards:eed7dc5c15f1752dc5039930,User has at least one award row,,
user_prompt,ready_for_in_app_admin_delivery,2bcb764b588cb54483f66c69,profile-prompt-user-profile-awards,profile,prompt-user,profile.awards,info,/profile?tab=awards,Add awards,Awards help the platform understand academic and extracurricular distinction.,Add awards,in_app_readiness_surface|dashboard,redis_notification_feed|remote_push|email,profile-readiness:profile-prompt-user-profile-awards:2bcb764b588cb54483f66c69,User has at least one award row,,
user_prompt,ready_for_in_app_admin_delivery,0acc818e9f51ef1b0b8ffb0e,profile-prompt-user-profile-awards,profile,prompt-user,profile.awards,info,/profile?tab=awards,Add awards,Awards help the platform understand academic and extracurricular distinction.,Add awards,in_app_readiness_surface|dashboard,redis_notification_feed|remote_push|email,profile-readiness:profile-prompt-user-profile-awards:0acc818e9f51ef1b0b8ffb0e,User has at least one award row,,
user_prompt,ready_for_in_app_admin_delivery,8da46db52724f8d1d3746feb,profile-prompt-user-profile-awards,profile,prompt-user,profile.awards,info,/profile?tab=awards,Add awards,Awards help the platform understand academic and extracurricular distinction.,Add awards,in_app_readiness_surface|dashboard,redis_notification_feed|remote_push|email,profile-readiness:profile-prompt-user-profile-awards:8da46db52724f8d1d3746feb,User has at least one award row,,
user_prompt,ready_for_in_app_admin_delivery,e18bea3d5f053111d4dcb5c1,profile-prompt-user-profile-awards,profile,prompt-user,profile.awards,info,/profile?tab=awards,Add awards,Awards help the platform understand academic and extracurricular distinction.,Add awards,in_app_readiness_surface|dashboard,redis_notification_feed|remote_push|email,profile-readiness:profile-prompt-user-profile-awards:e18bea3d5f053111d4dcb5c1,User has at least one award row,,
user_prompt,ready_for_in_app_admin_delivery,6a3e9991e41506fb51596fc5,profile-prompt-user-profile-awards,profile,prompt-user,profile.awards,info,/profile?tab=awards,Add awards,Awards help the platform understand academic and extracurricular distinction.,Add awards,in_app_readiness_surface|dashboard,redis_notification_feed|remote_push|email,profile-readiness:profile-prompt-user-profile-awards:6a3e9991e41506fb51596fc5,User has at least one award row,,
user_prompt,ready_for_in_app_admin_delivery,2864a3748d885dc103de4819,profile-prompt-user-profile-awards,profile,prompt-user,profile.awards,info,/profile?tab=awards,Add awards,Awards help the platform understand academic and extracurricular distinction.,Add awards,in_app_readiness_surface|dashboard,redis_notification_feed|remote_push|email,profile-readiness:profile-prompt-user-profile-awards:2864a3748d885dc103de4819,User has at least one award row,,
user_prompt,ready_for_in_app_admin_delivery,3e9d46eb289214be984cfcb3,profile-prompt-user-profile-awards,profile,prompt-user,profile.awards,info,/profile?tab=awards,Add awards,Awards help the platform understand academic and extracurricular distinction.,Add awards,in_app_readiness_surface|dashboard,redis_notification_feed|remote_push|email,profile-readiness:profile-prompt-user-profile-awards:3e9d46eb289214be984cfcb3,User has at least one award row,,
user_prompt,ready_for_in_app_admin_delivery,26ebb0fdca5f016b883f9463,profile-prompt-user-profile-awards,profile,prompt-user,profile.awards,info,/profile?tab=awards,Add awards,Awards help the platform understand academic and extracurricular distinction.,Add awards,in_app_readiness_surface|dashboard,redis_notification_feed|remote_push|email,profile-readiness:profile-prompt-user-profile-awards:26ebb0fdca5f016b883f9463,User has at least one award row,,
user_prompt,ready_for_in_app_admin_delivery,a984290eabbd2c8f092907bd,profile-prompt-user-profile-awards,profile,prompt-user,profile.awards,info,/profile?tab=awards,Add awards,Awards help the platform understand academic and extracurricular distinction.,Add awards,in_app_readiness_surface|dashboard,redis_notification_feed|remote_push|email,profile-readiness:profile-prompt-user-profile-awards:a984290eabbd2c8f092907bd,User has at least one award row,,
user_prompt,ready_for_in_app_admin_delivery,e57367b80b07216d4a3fff25,profile-prompt-user-profile-awards,profile,prompt-user,profile.awards,info,/profile?tab=awards,Add awards,Awards help the platform understand academic and extracurricular distinction.,Add awards,in_app_readiness_surface|dashboard,redis_notification_feed|remote_push|email,profile-readiness:profile-prompt-user-profile-awards:e57367b80b07216d4a3fff25,User has at least one award row,,
user_prompt,ready_for_in_app_admin_delivery,96dca178277d81ffa84a5a32,profile-prompt-user-profile-awards,profile,prompt-user,profile.awards,info,/profile?tab=awards,Add awards,Awards help the platform understand academic and extracurricular distinction.,Add awards,in_app_readiness_surface|dashboard,redis_notification_feed|remote_push|email,profile-readiness:profile-prompt-user-profile-awards:96dca178277d81ffa84a5a32,User has at least one award row,,
user_prompt,ready_for_in_app_admin_delivery,b0d6d8e94e3adb14f41f257f,profile-prompt-user-profile-awards,profile,prompt-user,profile.awards,info,/profile?tab=awards,Add awards,Awards help the platform understand academic and extracurricular distinction.,Add awards,in_app_readiness_surface|dashboard,redis_notification_feed|remote_push|email,profile-readiness:profile-prompt-user-profile-awards:b0d6d8e94e3adb14f41f257f,User has at least one award row,,
user_prompt,ready_for_in_app_admin_delivery,2ad8d10cb5029fa5c4e0488c,profile-prompt-user-profile-awards,profile,prompt-user,profile.awards,info,/profile?tab=awards,Add awards,Awards help the platform understand academic and extracurricular distinction.,Add awards,in_app_readiness_surface|dashboard,redis_notification_feed|remote_push|email,profile-readiness:profile-prompt-user-profile-awards:2ad8d10cb5029fa5c4e0488c,User has at least one award row,,
user_prompt,ready_for_in_app_admin_delivery,b16d92abe720be4fd0dcf1ec,profile-prompt-user-profile-awards,profile,prompt-user,profile.awards,info,/profile?tab=awards,Add awards,Awards help the platform understand academic and extracurricular distinction.,Add awards,in_app_readiness_surface|dashboard,redis_notification_feed|remote_push|email,profile-readiness:profile-prompt-user-profile-awards:b16d92abe720be4fd0dcf1ec,User has at least one award row,,
user_prompt,ready_for_in_app_admin_delivery,bde55378701e492b8f94820f,profile-prompt-user-profile-awards,profile,prompt-user,profile.awards,info,/profile?tab=awards,Add awards,Awards help the platform understand academic and extracurricular distinction.,Add awards,in_app_readiness_surface|dashboard,redis_notification_feed|remote_push|email,profile-readiness:profile-prompt-user-profile-awards:bde55378701e492b8f94820f,User has at least one award row,,
user_prompt,ready_for_in_app_admin_delivery,b210a22f55a2b9a17042dce8,profile-prompt-user-profile-awards,profile,prompt-user,profile.awards,info,/profile?tab=awards,Add awards,Awards help the platform understand academic and extracurricular distinction.,Add awards,in_app_readiness_surface|dashboard,redis_notification_feed|remote_push|email,profile-readiness:profile-prompt-user-profile-awards:b210a22f55a2b9a17042dce8,User has at least one award row,,
user_prompt,ready_for_in_app_admin_delivery,0e6ed74ef269ac93ac25401a,profile-prompt-user-profile-awards,profile,prompt-user,profile.awards,info,/profile?tab=awards,Add awards,Awards help the platform understand academic and extracurricular distinction.,Add awards,in_app_readiness_surface|dashboard,redis_notification_feed|remote_push|email,profile-readiness:profile-prompt-user-profile-awards:0e6ed74ef269ac93ac25401a,User has at least one award row,,
user_prompt,ready_for_in_app_admin_delivery,a2c6af72b61dd025bcad59e6,profile-prompt-user-profile-awards,profile,prompt-user,profile.awards,info,/profile?tab=awards,Add awards,Awards help the platform understand academic and extracurricular distinction.,Add awards,in_app_readiness_surface|dashboard,redis_notification_feed|remote_push|email,profile-readiness:profile-prompt-user-profile-awards:a2c6af72b61dd025bcad59e6,User has at least one award row,,
user_prompt,ready_for_in_app_admin_delivery,762ad54fcd7acd952288d3a3,profile-prompt-user-profile-awards,profile,prompt-user,profile.awards,info,/profile?tab=awards,Add awards,Awards help the platform understand academic and extracurricular distinction.,Add awards,in_app_readiness_surface|dashboard,redis_notification_feed|remote_push|email,profile-readiness:profile-prompt-user-profile-awards:762ad54fcd7acd952288d3a3,User has at least one award row,,
user_prompt,ready_for_in_app_admin_delivery,e4738e9f6099dbe3d9496339,profile-prompt-user-profile-awards,profile,prompt-user,profile.awards,info,/profile?tab=awards,Add awards,Awards help the platform understand academic and extracurricular distinction.,Add awards,in_app_readiness_surface|dashboard,redis_notification_feed|remote_push|email,profile-readiness:profile-prompt-user-profile-awards:e4738e9f6099dbe3d9496339,User has at least one award row,,
user_prompt,ready_for_in_app_admin_delivery,474d8949a3e5b09108ec3b81,profile-prompt-user-profile-awards,profile,prompt-user,profile.awards,info,/profile?tab=awards,Add awards,Awards help the platform understand academic and extracurricular distinction.,Add awards,in_app_readiness_surface|dashboard,redis_notification_feed|remote_push|email,profile-readiness:profile-prompt-user-profile-awards:474d8949a3e5b09108ec3b81,User has at least one award row,,
user_prompt,ready_for_in_app_admin_delivery,cdb3da9ea543a5c753ccfa0c,profile-prompt-user-profile-awards,profile,prompt-user,profile.awards,info,/profile?tab=awards,Add awards,Awards help the platform understand academic and extracurricular distinction.,Add awards,in_app_readiness_surface|dashboard,redis_notification_feed|remote_push|email,profile-readiness:profile-prompt-user-profile-awards:cdb3da9ea543a5c753ccfa0c,User has at least one award row,,
user_prompt,ready_for_in_app_admin_delivery,fc8f16b83985b967de426d3f,profile-prompt-user-profile-awards,profile,prompt-user,profile.awards,info,/profile?tab=awards,Add awards,Awards help the platform understand academic and extracurricular distinction.,Add awards,in_app_readiness_surface|dashboard,redis_notification_feed|remote_push|email,profile-readiness:profile-prompt-user-profile-awards:fc8f16b83985b967de426d3f,User has at least one award row,,
user_prompt,ready_for_in_app_admin_delivery,b0c80988e12081c77a12a149,profile-prompt-user-profile-awards,profile,prompt-user,profile.awards,info,/profile?tab=awards,Add awards,Awards help the platform understand academic and extracurricular distinction.,Add awards,in_app_readiness_surface|dashboard,redis_notification_feed|remote_push|email,profile-readiness:profile-prompt-user-profile-awards:b0c80988e12081c77a12a149,User has at least one award row,,
user_prompt,ready_for_in_app_admin_delivery,e8c4627e90dd0c86561a4211,profile-prompt-user-profile-awards,profile,prompt-user,profile.awards,info,/profile?tab=awards,Add awards,Awards help the platform understand academic and extracurricular distinction.,Add awards,in_app_readiness_surface|dashboard,redis_notification_feed|remote_push|email,profile-readiness:profile-prompt-user-profile-awards:e8c4627e90dd0c86561a4211,User has at least one award row,,
user_prompt,ready_for_in_app_admin_delivery,3a8e2922b759ef135c3d9f7e,profile-prompt-user-profile-awards,profile,prompt-user,profile.awards,info,/profile?tab=awards,Add awards,Awards help the platform understand academic and extracurricular distinction.,Add awards,in_app_readiness_surface|dashboard,redis_notification_feed|remote_push|email,profile-readiness:profile-prompt-user-profile-awards:3a8e2922b759ef135c3d9f7e,User has at least one award row,,
user_prompt,ready_for_in_app_admin_delivery,924f93d3f6ffe9ccc9df7305,profile-prompt-user-profile-awards,profile,prompt-user,profile.awards,info,/profile?tab=awards,Add awards,Awards help the platform understand academic and extracurricular distinction.,Add awards,in_app_readiness_surface|dashboard,redis_notification_feed|remote_push|email,profile-readiness:profile-prompt-user-profile-awards:924f93d3f6ffe9ccc9df7305,User has at least one award row,,
user_prompt,ready_for_in_app_admin_delivery,87bedf823aa46069dcbcb0af,profile-prompt-user-profile-awards,profile,prompt-user,profile.awards,info,/profile?tab=awards,Add awards,Awards help the platform understand academic and extracurricular distinction.,Add awards,in_app_readiness_surface|dashboard,redis_notification_feed|remote_push|email,profile-readiness:profile-prompt-user-profile-awards:87bedf823aa46069dcbcb0af,User has at least one award row,,
user_prompt,ready_for_in_app_admin_delivery,bf916380c8f762a7e70e53ff,profile-prompt-user-profile-awards,profile,prompt-user,profile.awards,info,/profile?tab=awards,Add awards,Awards help the platform understand academic and extracurricular distinction.,Add awards,in_app_readiness_surface|dashboard,redis_notification_feed|remote_push|email,profile-readiness:profile-prompt-user-profile-awards:bf916380c8f762a7e70e53ff,User has at least one award row,,
user_prompt,ready_for_in_app_admin_delivery,31ae86e25c7cd2d9507ef83b,profile-prompt-user-profile-awards,profile,prompt-user,profile.awards,info,/profile?tab=awards,Add awards,Awards help the platform understand academic and extracurricular distinction.,Add awards,in_app_readiness_surface|dashboard,redis_notification_feed|remote_push|email,profile-readiness:profile-prompt-user-profile-awards:31ae86e25c7cd2d9507ef83b,User has at least one award row,,
user_prompt,ready_for_in_app_admin_delivery,be55ccf9aec7954921b58ed6,profile-prompt-user-profile-awards,profile,prompt-user,profile.awards,info,/profile?tab=awards,Add awards,Awards help the platform understand academic and extracurricular distinction.,Add awards,in_app_readiness_surface|dashboard,redis_notification_feed|remote_push|email,profile-readiness:profile-prompt-user-profile-awards:be55ccf9aec7954921b58ed6,User has at least one award row,,
user_prompt,ready_for_in_app_admin_delivery,1625eaac5e2f519a41d415dd,profile-prompt-user-profile-awards,profile,prompt-user,profile.awards,info,/profile?tab=awards,Add awards,Awards help the platform understand academic and extracurricular distinction.,Add awards,in_app_readiness_surface|dashboard,redis_notification_feed|remote_push|email,profile-readiness:profile-prompt-user-profile-awards:1625eaac5e2f519a41d415dd,User has at least one award row,,
user_prompt,ready_for_in_app_admin_delivery,9f61348ce777b016003bfed2,profile-prompt-user-profile-awards,profile,prompt-user,profile.awards,info,/profile?tab=awards,Add awards,Awards help the platform understand academic and extracurricular distinction.,Add awards,in_app_readiness_surface|dashboard,redis_notification_feed|remote_push|email,profile-readiness:profile-prompt-user-profile-awards:9f61348ce777b016003bfed2,User has at least one award row,,
user_prompt,ready_for_in_app_admin_delivery,c7acaf6bdb242425516cdea2,profile-prompt-user-profile-awards,profile,prompt-user,profile.awards,info,/profile?tab=awards,Add awards,Awards help the platform understand academic and extracurricular distinction.,Add awards,in_app_readiness_surface|dashboard,redis_notification_feed|remote_push|email,profile-readiness:profile-prompt-user-profile-awards:c7acaf6bdb242425516cdea2,User has at least one award row,,
user_prompt,ready_for_in_app_admin_delivery,460a1b39d0a0bbf719ccd42e,profile-prompt-user-profile-awards,profile,prompt-user,profile.awards,info,/profile?tab=awards,Add awards,Awards help the platform understand academic and extracurricular distinction.,Add awards,in_app_readiness_surface|dashboard,redis_notification_feed|remote_push|email,profile-readiness:profile-prompt-user-profile-awards:460a1b39d0a0bbf719ccd42e,User has at least one award row,,
user_prompt,ready_for_in_app_admin_delivery,2469297d61ae15809a5a0bad,profile-prompt-user-profile-awards,profile,prompt-user,profile.awards,info,/profile?tab=awards,Add awards,Awards help the platform understand academic and extracurricular distinction.,Add awards,in_app_readiness_surface|dashboard,redis_notification_feed|remote_push|email,profile-readiness:profile-prompt-user-profile-awards:2469297d61ae15809a5a0bad,User has at least one award row,,
user_prompt,ready_for_in_app_admin_delivery,24b9b75b5aa5af21078930b1,profile-prompt-user-profile-awards,profile,prompt-user,profile.awards,info,/profile?tab=awards,Add awards,Awards help the platform understand academic and extracurricular distinction.,Add awards,in_app_readiness_surface|dashboard,redis_notification_feed|remote_push|email,profile-readiness:profile-prompt-user-profile-awards:24b9b75b5aa5af21078930b1,User has at least one award row,,
user_prompt,ready_for_in_app_admin_delivery,96bb7725f80f2deb6d14aee8,profile-prompt-user-profile-awards,profile,prompt-user,profile.awards,info,/profile?tab=awards,Add awards,Awards help the platform understand academic and extracurricular distinction.,Add awards,in_app_readiness_surface|dashboard,redis_notification_feed|remote_push|email,profile-readiness:profile-prompt-user-profile-awards:96bb7725f80f2deb6d14aee8,User has at least one award row,,
user_prompt,ready_for_in_app_admin_delivery,62518ba44202e419939d7380,profile-prompt-user-profile-awards,profile,prompt-user,profile.awards,info,/profile?tab=awards,Add awards,Awards help the platform understand academic and extracurricular distinction.,Add awards,in_app_readiness_surface|dashboard,redis_notification_feed|remote_push|email,profile-readiness:profile-prompt-user-profile-awards:62518ba44202e419939d7380,User has at least one award row,,
user_prompt,ready_for_in_app_admin_delivery,12fab2f5592a0faa96fd9ea6,profile-prompt-user-profile-awards,profile,prompt-user,profile.awards,info,/profile?tab=awards,Add awards,Awards help the platform understand academic and extracurricular distinction.,Add awards,in_app_readiness_surface|dashboard,redis_notification_feed|remote_push|email,profile-readiness:profile-prompt-user-profile-awards:12fab2f5592a0faa96fd9ea6,User has at least one award row,,
user_prompt,ready_for_in_app_admin_delivery,07336775ec557556d6ec62db,profile-prompt-user-profile-awards,profile,prompt-user,profile.awards,info,/profile?tab=awards,Add awards,Awards help the platform understand academic and extracurricular distinction.,Add awards,in_app_readiness_surface|dashboard,redis_notification_feed|remote_push|email,profile-readiness:profile-prompt-user-profile-awards:07336775ec557556d6ec62db,User has at least one award row,,
user_prompt,ready_for_in_app_admin_delivery,dc870637f8d4f37ca4b13080,profile-prompt-user-profile-awards,profile,prompt-user,profile.awards,info,/profile?tab=awards,Add awards,Awards help the platform understand academic and extracurricular distinction.,Add awards,in_app_readiness_surface|dashboard,redis_notification_feed|remote_push|email,profile-readiness:profile-prompt-user-profile-awards:dc870637f8d4f37ca4b13080,User has at least one award row,,
user_prompt,ready_for_in_app_admin_delivery,5b75b94cf2db494b630266ad,profile-prompt-user-profile-awards,profile,prompt-user,profile.awards,info,/profile?tab=awards,Add awards,Awards help the platform understand academic and extracurricular distinction.,Add awards,in_app_readiness_surface|dashboard,redis_notification_feed|remote_push|email,profile-readiness:profile-prompt-user-profile-awards:5b75b94cf2db494b630266ad,User has at least one award row,,
user_prompt,ready_for_in_app_admin_delivery,bfcccb6a551e4a8d50b973de,profile-prompt-user-profile-awards,profile,prompt-user,profile.awards,info,/profile?tab=awards,Add awards,Awards help the platform understand academic and extracurricular distinction.,Add awards,in_app_readiness_surface|dashboard,redis_notification_feed|remote_push|email,profile-readiness:profile-prompt-user-profile-awards:bfcccb6a551e4a8d50b973de,User has at least one award row,,
user_prompt,ready_for_in_app_admin_delivery,7db800770eb73da8832dd707,profile-prompt-user-profile-awards,profile,prompt-user,profile.awards,info,/profile?tab=awards,Add awards,Awards help the platform understand academic and extracurricular distinction.,Add awards,in_app_readiness_surface|dashboard,redis_notification_feed|remote_push|email,profile-readiness:profile-prompt-user-profile-awards:7db800770eb73da8832dd707,User has at least one award row,,
user_prompt,ready_for_in_app_admin_delivery,026b9edd82f92dd6ee9d5fd7,profile-prompt-user-profile-awards,profile,prompt-user,profile.awards,info,/profile?tab=awards,Add awards,Awards help the platform understand academic and extracurricular distinction.,Add awards,in_app_readiness_surface|dashboard,redis_notification_feed|remote_push|email,profile-readiness:profile-prompt-user-profile-awards:026b9edd82f92dd6ee9d5fd7,User has at least one award row,,
user_prompt,ready_for_in_app_admin_delivery,3654c572f6fbdd1467e6bb63,profile-prompt-user-profile-awards,profile,prompt-user,profile.awards,info,/profile?tab=awards,Add awards,Awards help the platform understand academic and extracurricular distinction.,Add awards,in_app_readiness_surface|dashboard,redis_notification_feed|remote_push|email,profile-readiness:profile-prompt-user-profile-awards:3654c572f6fbdd1467e6bb63,User has at least one award row,,
user_prompt,ready_for_in_app_admin_delivery,224ffa3dca1db08281b46e31,profile-prompt-user-profile-awards,profile,prompt-user,profile.awards,info,/profile?tab=awards,Add awards,Awards help the platform understand academic and extracurricular distinction.,Add awards,in_app_readiness_surface|dashboard,redis_notification_feed|remote_push|email,profile-readiness:profile-prompt-user-profile-awards:224ffa3dca1db08281b46e31,User has at least one award row,,
user_prompt,ready_for_in_app_admin_delivery,9062cc22dba829dc0b78d5c0,profile-prompt-user-profile-awards,profile,prompt-user,profile.awards,info,/profile?tab=awards,Add awards,Awards help the platform understand academic and extracurricular distinction.,Add awards,in_app_readiness_surface|dashboard,redis_notification_feed|remote_push|email,profile-readiness:profile-prompt-user-profile-awards:9062cc22dba829dc0b78d5c0,User has at least one award row,,
user_prompt,ready_for_in_app_admin_delivery,d4cee5b87e1ae49c97098ec9,profile-prompt-user-profile-awards,profile,prompt-user,profile.awards,info,/profile?tab=awards,Add awards,Awards help the platform understand academic and extracurricular distinction.,Add awards,in_app_readiness_surface|dashboard,redis_notification_feed|remote_push|email,profile-readiness:profile-prompt-user-profile-awards:d4cee5b87e1ae49c97098ec9,User has at least one award row,,
user_prompt,ready_for_in_app_admin_delivery,b06b8c942ca03b7f8343e1ab,profile-prompt-user-profile-awards,profile,prompt-user,profile.awards,info,/profile?tab=awards,Add awards,Awards help the platform understand academic and extracurricular distinction.,Add awards,in_app_readiness_surface|dashboard,redis_notification_feed|remote_push|email,profile-readiness:profile-prompt-user-profile-awards:b06b8c942ca03b7f8343e1ab,User has at least one award row,,
user_prompt,ready_for_in_app_admin_delivery,c46005f46a86567329a9b506,profile-prompt-user-profile-awards,profile,prompt-user,profile.awards,info,/profile?tab=awards,Add awards,Awards help the platform understand academic and extracurricular distinction.,Add awards,in_app_readiness_surface|dashboard,redis_notification_feed|remote_push|email,profile-readiness:profile-prompt-user-profile-awards:c46005f46a86567329a9b506,User has at least one award row,,
user_prompt,ready_for_in_app_admin_delivery,306394753611302d9dcc2614,profile-prompt-user-profile-awards,profile,prompt-user,profile.awards,info,/profile?tab=awards,Add awards,Awards help the platform understand academic and extracurricular distinction.,Add awards,in_app_readiness_surface|dashboard,redis_notification_feed|remote_push|email,profile-readiness:profile-prompt-user-profile-awards:306394753611302d9dcc2614,User has at least one award row,,
user_prompt,ready_for_in_app_admin_delivery,95e594b7481e10e5bbeab2ed,profile-prompt-user-profile-awards,profile,prompt-user,profile.awards,info,/profile?tab=awards,Add awards,Awards help the platform understand academic and extracurricular distinction.,Add awards,in_app_readiness_surface|dashboard,redis_notification_feed|remote_push|email,profile-readiness:profile-prompt-user-profile-awards:95e594b7481e10e5bbeab2ed,User has at least one award row,,
user_prompt,ready_for_in_app_admin_delivery,d19670c353690659b32ceffa,profile-prompt-user-profile-awards,profile,prompt-user,profile.awards,info,/profile?tab=awards,Add awards,Awards help the platform understand academic and extracurricular distinction.,Add awards,in_app_readiness_surface|dashboard,redis_notification_feed|remote_push|email,profile-readiness:profile-prompt-user-profile-awards:d19670c353690659b32ceffa,User has at least one award row,,
user_prompt,ready_for_in_app_admin_delivery,b6c285440b15a597cd93436e,profile-prompt-user-profile-awards,profile,prompt-user,profile.awards,info,/profile?tab=awards,Add awards,Awards help the platform understand academic and extracurricular distinction.,Add awards,in_app_readiness_surface|dashboard,redis_notification_feed|remote_push|email,profile-readiness:profile-prompt-user-profile-awards:b6c285440b15a597cd93436e,User has at least one award row,,
user_prompt,ready_for_in_app_admin_delivery,9e2e8a7efd09e33207efd57e,profile-prompt-user-profile-awards,profile,prompt-user,profile.awards,info,/profile?tab=awards,Add awards,Awards help the platform understand academic and extracurricular distinction.,Add awards,in_app_readiness_surface|dashboard,redis_notification_feed|remote_push|email,profile-readiness:profile-prompt-user-profile-awards:9e2e8a7efd09e33207efd57e,User has at least one award row,,
operator_review,ready_for_operator_review,bcbbfbdd0ed7212eac0f9acb,profile-match-award-competition-profile-awards-competition-unmatched,profile,match-award-competition,profile.awards.competition_unmatched,info,/profile?tab=awards,,,,admin_queue,redis_notification_feed|remote_push|email,,Award rows are linked to reviewed competition records,,
operator_review,ready_for_operator_review,12d90bcc183001cc67077b5c,profile-match-award-competition-profile-awards-competition-unmatched,profile,match-award-competition,profile.awards.competition_unmatched,info,/profile?tab=awards,,,,admin_queue,redis_notification_feed|remote_push|email,,Award rows are linked to reviewed competition records,,
operator_review,ready_for_operator_review,bd21a66a08af7179cdf51827,profile-match-award-competition-profile-awards-competition-unmatched,profile,match-award-competition,profile.awards.competition_unmatched,info,/profile?tab=awards,,,,admin_queue,redis_notification_feed|remote_push|email,,Award rows are linked to reviewed competition records,,
operator_review,ready_for_operator_review,3440fa1395a6c4f2ebb71417,profile-match-award-competition-profile-awards-competition-unmatched,profile,match-award-competition,profile.awards.competition_unmatched,info,/profile?tab=awards,,,,admin_queue,redis_notification_feed|remote_push|email,,Award rows are linked to reviewed competition records,,
operator_review,ready_for_operator_review,6db2dfd1997c5a7abf5ead14,profile-match-award-competition-profile-awards-competition-unmatched,profile,match-award-competition,profile.awards.competition_unmatched,info,/profile?tab=awards,,,,admin_queue,redis_notification_feed|remote_push|email,,Award rows are linked to reviewed competition records,,
operator_review,ready_for_operator_review,97561a4e8ea441527f5b5cba,profile-match-award-competition-profile-awards-competition-unmatched,profile,match-award-competition,profile.awards.competition_unmatched,info,/profile?tab=awards,,,,admin_queue,redis_notification_feed|remote_push|email,,Award rows are linked to reviewed competition records,,
operator_review,ready_for_operator_review,1d4ae02072c05da1e61eef12,profile-match-award-competition-profile-awards-competition-unmatched,profile,match-award-competition,profile.awards.competition_unmatched,info,/profile?tab=awards,,,,admin_queue,redis_notification_feed|remote_push|email,,Award rows are linked to reviewed competition records,,
operator_review,ready_for_operator_review,d91461370b9bf48cd0077d58,profile-match-award-competition-profile-awards-competition-unmatched,profile,match-award-competition,profile.awards.competition_unmatched,info,/profile?tab=awards,,,,admin_queue,redis_notification_feed|remote_push|email,,Award rows are linked to reviewed competition records,,
operator_review,ready_for_operator_review,d0b7bcd4eb098c1de95c9244,profile-match-award-competition-profile-awards-competition-unmatched,profile,match-award-competition,profile.awards.competition_unmatched,info,/profile?tab=awards,,,,admin_queue,redis_notification_feed|remote_push|email,,Award rows are linked to reviewed competition records,,
operator_review,ready_for_operator_review,153e9405da19c8f1d8e74047,profile-match-award-competition-profile-awards-competition-unmatched,profile,match-award-competition,profile.awards.competition_unmatched,info,/profile?tab=awards,,,,admin_queue,redis_notification_feed|remote_push|email,,Award rows are linked to reviewed competition records,,
operator_review,ready_for_operator_review,be7ec8fab6042ab022e3c7f2,profile-match-award-competition-profile-awards-competition-unmatched,profile,match-award-competition,profile.awards.competition_unmatched,info,/profile?tab=awards,,,,admin_queue,redis_notification_feed|remote_push|email,,Award rows are linked to reviewed competition records,,
user_prompt,ready_for_in_app_admin_delivery,54deda6071b6929b8aaf9012,profile-prompt-user-profile-education,profile,prompt-user,profile.education,info,/profile?tab=education,Add education history,"Education history helps interpret GPA, curriculum, and school context.",Add education,in_app_readiness_surface|dashboard,redis_notification_feed|remote_push|email,profile-readiness:profile-prompt-user-profile-education:54deda6071b6929b8aaf9012,User has education history rows,,
user_prompt,ready_for_in_app_admin_delivery,161ae07fa8fcfd5b9c149e3a,profile-prompt-user-profile-education,profile,prompt-user,profile.education,info,/profile?tab=education,Add education history,"Education history helps interpret GPA, curriculum, and school context.",Add education,in_app_readiness_surface|dashboard,redis_notification_feed|remote_push|email,profile-readiness:profile-prompt-user-profile-education:161ae07fa8fcfd5b9c149e3a,User has education history rows,,
user_prompt,ready_for_in_app_admin_delivery,bbcc181196a5f49e7b7b5217,profile-prompt-user-profile-education,profile,prompt-user,profile.education,info,/profile?tab=education,Add education history,"Education history helps interpret GPA, curriculum, and school context.",Add education,in_app_readiness_surface|dashboard,redis_notification_feed|remote_push|email,profile-readiness:profile-prompt-user-profile-education:bbcc181196a5f49e7b7b5217,User has education history rows,,
user_prompt,ready_for_in_app_admin_delivery,2ad6a5c85738075faca4e660,profile-prompt-user-profile-education,profile,prompt-user,profile.education,info,/profile?tab=education,Add education history,"Education history helps interpret GPA, curriculum, and school context.",Add education,in_app_readiness_surface|dashboard,redis_notification_feed|remote_push|email,profile-readiness:profile-prompt-user-profile-education:2ad6a5c85738075faca4e660,User has education history rows,,
user_prompt,ready_for_in_app_admin_delivery,4f43b96ee5b22b7fd5680c21,profile-prompt-user-profile-education,profile,prompt-user,profile.education,info,/profile?tab=education,Add education history,"Education history helps interpret GPA, curriculum, and school context.",Add education,in_app_readiness_surface|dashboard,redis_notification_feed|remote_push|email,profile-readiness:profile-prompt-user-profile-education:4f43b96ee5b22b7fd5680c21,User has education history rows,,
user_prompt,ready_for_in_app_admin_delivery,c271fde2cf1b87f889ec0c16,profile-prompt-user-profile-education,profile,prompt-user,profile.education,info,/profile?tab=education,Add education history,"Education history helps interpret GPA, curriculum, and school context.",Add education,in_app_readiness_surface|dashboard,redis_notification_feed|remote_push|email,profile-readiness:profile-prompt-user-profile-education:c271fde2cf1b87f889ec0c16,User has education history rows,,
user_prompt,ready_for_in_app_admin_delivery,746bc9d4549c99352f08bdcf,profile-prompt-user-profile-education,profile,prompt-user,profile.education,info,/profile?tab=education,Add education history,"Education history helps interpret GPA, curriculum, and school context.",Add education,in_app_readiness_surface|dashboard,redis_notification_feed|remote_push|email,profile-readiness:profile-prompt-user-profile-education:746bc9d4549c99352f08bdcf,User has education history rows,,
user_prompt,ready_for_in_app_admin_delivery,b4d7837782707744792d2395,profile-prompt-user-profile-education,profile,prompt-user,profile.education,info,/profile?tab=education,Add education history,"Education history helps interpret GPA, curriculum, and school context.",Add education,in_app_readiness_surface|dashboard,redis_notification_feed|remote_push|email,profile-readiness:profile-prompt-user-profile-education:b4d7837782707744792d2395,User has education history rows,,
user_prompt,ready_for_in_app_admin_delivery,40e9414c98a1ebdf2dcad4cd,profile-prompt-user-profile-education,profile,prompt-user,profile.education,info,/profile?tab=education,Add education history,"Education history helps interpret GPA, curriculum, and school context.",Add education,in_app_readiness_surface|dashboard,redis_notification_feed|remote_push|email,profile-readiness:profile-prompt-user-profile-education:40e9414c98a1ebdf2dcad4cd,User has education history rows,,
user_prompt,ready_for_in_app_admin_delivery,b1fa79bf9c552d0d23893f4d,profile-prompt-user-profile-education,profile,prompt-user,profile.education,info,/profile?tab=education,Add education history,"Education history helps interpret GPA, curriculum, and school context.",Add education,in_app_readiness_surface|dashboard,redis_notification_feed|remote_push|email,profile-readiness:profile-prompt-user-profile-education:b1fa79bf9c552d0d23893f4d,User has education history rows,,
user_prompt,ready_for_in_app_admin_delivery,7eb6af9e5e76bffb19b076da,profile-prompt-user-profile-education,profile,prompt-user,profile.education,info,/profile?tab=education,Add education history,"Education history helps interpret GPA, curriculum, and school context.",Add education,in_app_readiness_surface|dashboard,redis_notification_feed|remote_push|email,profile-readiness:profile-prompt-user-profile-education:7eb6af9e5e76bffb19b076da,User has education history rows,,
user_prompt,ready_for_in_app_admin_delivery,0d718acf5447f81ecb074643,profile-prompt-user-profile-education,profile,prompt-user,profile.education,info,/profile?tab=education,Add education history,"Education history helps interpret GPA, curriculum, and school context.",Add education,in_app_readiness_surface|dashboard,redis_notification_feed|remote_push|email,profile-readiness:profile-prompt-user-profile-education:0d718acf5447f81ecb074643,User has education history rows,,
user_prompt,ready_for_in_app_admin_delivery,62054f9af3f742de36c2f85c,profile-prompt-user-profile-education,profile,prompt-user,profile.education,info,/profile?tab=education,Add education history,"Education history helps interpret GPA, curriculum, and school context.",Add education,in_app_readiness_surface|dashboard,redis_notification_feed|remote_push|email,profile-readiness:profile-prompt-user-profile-education:62054f9af3f742de36c2f85c,User has education history rows,,
user_prompt,ready_for_in_app_admin_delivery,9364ef9c662f3a639f68f056,profile-prompt-user-profile-education,profile,prompt-user,profile.education,info,/profile?tab=education,Add education history,"Education history helps interpret GPA, curriculum, and school context.",Add education,in_app_readiness_surface|dashboard,redis_notification_feed|remote_push|email,profile-readiness:profile-prompt-user-profile-education:9364ef9c662f3a639f68f056,User has education history rows,,
user_prompt,ready_for_in_app_admin_delivery,3a816c9b5433ae0aaf479ba7,profile-prompt-user-profile-education,profile,prompt-user,profile.education,info,/profile?tab=education,Add education history,"Education history helps interpret GPA, curriculum, and school context.",Add education,in_app_readiness_surface|dashboard,redis_notification_feed|remote_push|email,profile-readiness:profile-prompt-user-profile-education:3a816c9b5433ae0aaf479ba7,User has education history rows,,
user_prompt,ready_for_in_app_admin_delivery,3ee3cf435e4f83fb80edeb51,profile-prompt-user-profile-education,profile,prompt-user,profile.education,info,/profile?tab=education,Add education history,"Education history helps interpret GPA, curriculum, and school context.",Add education,in_app_readiness_surface|dashboard,redis_notification_feed|remote_push|email,profile-readiness:profile-prompt-user-profile-education:3ee3cf435e4f83fb80edeb51,User has education history rows,,
user_prompt,ready_for_in_app_admin_delivery,9c31e7076836e7c3e8c3b9e6,profile-prompt-user-profile-education,profile,prompt-user,profile.education,info,/profile?tab=education,Add education history,"Education history helps interpret GPA, curriculum, and school context.",Add education,in_app_readiness_surface|dashboard,redis_notification_feed|remote_push|email,profile-readiness:profile-prompt-user-profile-education:9c31e7076836e7c3e8c3b9e6,User has education history rows,,
user_prompt,ready_for_in_app_admin_delivery,700a98cbdc40e3ae03f7db21,profile-prompt-user-profile-education,profile,prompt-user,profile.education,info,/profile?tab=education,Add education history,"Education history helps interpret GPA, curriculum, and school context.",Add education,in_app_readiness_surface|dashboard,redis_notification_feed|remote_push|email,profile-readiness:profile-prompt-user-profile-education:700a98cbdc40e3ae03f7db21,User has education history rows,,
user_prompt,ready_for_in_app_admin_delivery,350e3e61308a4fecf31d5265,profile-prompt-user-profile-education,profile,prompt-user,profile.education,info,/profile?tab=education,Add education history,"Education history helps interpret GPA, curriculum, and school context.",Add education,in_app_readiness_surface|dashboard,redis_notification_feed|remote_push|email,profile-readiness:profile-prompt-user-profile-education:350e3e61308a4fecf31d5265,User has education history rows,,
user_prompt,ready_for_in_app_admin_delivery,ee8d2acecabae8a094f78e72,profile-prompt-user-profile-education,profile,prompt-user,profile.education,info,/profile?tab=education,Add education history,"Education history helps interpret GPA, curriculum, and school context.",Add education,in_app_readiness_surface|dashboard,redis_notification_feed|remote_push|email,profile-readiness:profile-prompt-user-profile-education:ee8d2acecabae8a094f78e72,User has education history rows,,
user_prompt,ready_for_in_app_admin_delivery,60ae21cdcc0779c5d57fa893,profile-prompt-user-profile-education,profile,prompt-user,profile.education,info,/profile?tab=education,Add education history,"Education history helps interpret GPA, curriculum, and school context.",Add education,in_app_readiness_surface|dashboard,redis_notification_feed|remote_push|email,profile-readiness:profile-prompt-user-profile-education:60ae21cdcc0779c5d57fa893,User has education history rows,,
user_prompt,ready_for_in_app_admin_delivery,8af2599c6426aee17e392808,profile-prompt-user-profile-education,profile,prompt-user,profile.education,info,/profile?tab=education,Add education history,"Education history helps interpret GPA, curriculum, and school context.",Add education,in_app_readiness_surface|dashboard,redis_notification_feed|remote_push|email,profile-readiness:profile-prompt-user-profile-education:8af2599c6426aee17e392808,User has education history rows,,
user_prompt,ready_for_in_app_admin_delivery,b16338de18bd3ea9490a922c,profile-prompt-user-profile-education,profile,prompt-user,profile.education,info,/profile?tab=education,Add education history,"Education history helps interpret GPA, curriculum, and school context.",Add education,in_app_readiness_surface|dashboard,redis_notification_feed|remote_push|email,profile-readiness:profile-prompt-user-profile-education:b16338de18bd3ea9490a922c,User has education history rows,,
user_prompt,ready_for_in_app_admin_delivery,2c109a0b6856445f718b6cc4,profile-prompt-user-profile-education,profile,prompt-user,profile.education,info,/profile?tab=education,Add education history,"Education history helps interpret GPA, curriculum, and school context.",Add education,in_app_readiness_surface|dashboard,redis_notification_feed|remote_push|email,profile-readiness:profile-prompt-user-profile-education:2c109a0b6856445f718b6cc4,User has education history rows,,
user_prompt,ready_for_in_app_admin_delivery,58f299953ccf1094f94211d2,profile-prompt-user-profile-education,profile,prompt-user,profile.education,info,/profile?tab=education,Add education history,"Education history helps interpret GPA, curriculum, and school context.",Add education,in_app_readiness_surface|dashboard,redis_notification_feed|remote_push|email,profile-readiness:profile-prompt-user-profile-education:58f299953ccf1094f94211d2,User has education history rows,,
user_prompt,ready_for_in_app_admin_delivery,b08f78a2c250836222a2ed7e,profile-prompt-user-profile-education,profile,prompt-user,profile.education,info,/profile?tab=education,Add education history,"Education history helps interpret GPA, curriculum, and school context.",Add education,in_app_readiness_surface|dashboard,redis_notification_feed|remote_push|email,profile-readiness:profile-prompt-user-profile-education:b08f78a2c250836222a2ed7e,User has education history rows,,
user_prompt,ready_for_in_app_admin_delivery,e35b0c6b5a8af24ddecf15b1,profile-prompt-user-profile-education,profile,prompt-user,profile.education,info,/profile?tab=education,Add education history,"Education history helps interpret GPA, curriculum, and school context.",Add education,in_app_readiness_surface|dashboard,redis_notification_feed|remote_push|email,profile-readiness:profile-prompt-user-profile-education:e35b0c6b5a8af24ddecf15b1,User has education history rows,,
user_prompt,ready_for_in_app_admin_delivery,af8e626ff7ecc5fffec5a83b,profile-prompt-user-profile-education,profile,prompt-user,profile.education,info,/profile?tab=education,Add education history,"Education history helps interpret GPA, curriculum, and school context.",Add education,in_app_readiness_surface|dashboard,redis_notification_feed|remote_push|email,profile-readiness:profile-prompt-user-profile-education:af8e626ff7ecc5fffec5a83b,User has education history rows,,
user_prompt,ready_for_in_app_admin_delivery,5635dbb88bfc845adb3c6c2d,profile-prompt-user-profile-education,profile,prompt-user,profile.education,info,/profile?tab=education,Add education history,"Education history helps interpret GPA, curriculum, and school context.",Add education,in_app_readiness_surface|dashboard,redis_notification_feed|remote_push|email,profile-readiness:profile-prompt-user-profile-education:5635dbb88bfc845adb3c6c2d,User has education history rows,,
user_prompt,ready_for_in_app_admin_delivery,08a357ecc96894482491cba4,profile-prompt-user-profile-education,profile,prompt-user,profile.education,info,/profile?tab=education,Add education history,"Education history helps interpret GPA, curriculum, and school context.",Add education,in_app_readiness_surface|dashboard,redis_notification_feed|remote_push|email,profile-readiness:profile-prompt-user-profile-education:08a357ecc96894482491cba4,User has education history rows,,
user_prompt,ready_for_in_app_admin_delivery,82be1f799b998791e0b4a42f,profile-prompt-user-profile-education,profile,prompt-user,profile.education,info,/profile?tab=education,Add education history,"Education history helps interpret GPA, curriculum, and school context.",Add education,in_app_readiness_surface|dashboard,redis_notification_feed|remote_push|email,profile-readiness:profile-prompt-user-profile-education:82be1f799b998791e0b4a42f,User has education history rows,,
user_prompt,ready_for_in_app_admin_delivery,d44f4c033bff279e6a7ecb7f,profile-prompt-user-profile-education,profile,prompt-user,profile.education,info,/profile?tab=education,Add education history,"Education history helps interpret GPA, curriculum, and school context.",Add education,in_app_readiness_surface|dashboard,redis_notification_feed|remote_push|email,profile-readiness:profile-prompt-user-profile-education:d44f4c033bff279e6a7ecb7f,User has education history rows,,
user_prompt,ready_for_in_app_admin_delivery,1721e7fd604c8c9cba7b29ee,profile-prompt-user-profile-education,profile,prompt-user,profile.education,info,/profile?tab=education,Add education history,"Education history helps interpret GPA, curriculum, and school context.",Add education,in_app_readiness_surface|dashboard,redis_notification_feed|remote_push|email,profile-readiness:profile-prompt-user-profile-education:1721e7fd604c8c9cba7b29ee,User has education history rows,,
user_prompt,ready_for_in_app_admin_delivery,aa77cfaf01d5f471651c731f,profile-prompt-user-profile-education,profile,prompt-user,profile.education,info,/profile?tab=education,Add education history,"Education history helps interpret GPA, curriculum, and school context.",Add education,in_app_readiness_surface|dashboard,redis_notification_feed|remote_push|email,profile-readiness:profile-prompt-user-profile-education:aa77cfaf01d5f471651c731f,User has education history rows,,
user_prompt,ready_for_in_app_admin_delivery,8182fd0a8ea90cbe07f9f5f3,profile-prompt-user-profile-education,profile,prompt-user,profile.education,info,/profile?tab=education,Add education history,"Education history helps interpret GPA, curriculum, and school context.",Add education,in_app_readiness_surface|dashboard,redis_notification_feed|remote_push|email,profile-readiness:profile-prompt-user-profile-education:8182fd0a8ea90cbe07f9f5f3,User has education history rows,,
user_prompt,ready_for_in_app_admin_delivery,8f76e29a0754e9147868ff48,profile-prompt-user-profile-education,profile,prompt-user,profile.education,info,/profile?tab=education,Add education history,"Education history helps interpret GPA, curriculum, and school context.",Add education,in_app_readiness_surface|dashboard,redis_notification_feed|remote_push|email,profile-readiness:profile-prompt-user-profile-education:8f76e29a0754e9147868ff48,User has education history rows,,
user_prompt,ready_for_in_app_admin_delivery,e49853bb7590d4fbc088e2ce,profile-prompt-user-profile-education,profile,prompt-user,profile.education,info,/profile?tab=education,Add education history,"Education history helps interpret GPA, curriculum, and school context.",Add education,in_app_readiness_surface|dashboard,redis_notification_feed|remote_push|email,profile-readiness:profile-prompt-user-profile-education:e49853bb7590d4fbc088e2ce,User has education history rows,,
user_prompt,ready_for_in_app_admin_delivery,ba75887eed7d741502c53c31,profile-prompt-user-profile-education,profile,prompt-user,profile.education,info,/profile?tab=education,Add education history,"Education history helps interpret GPA, curriculum, and school context.",Add education,in_app_readiness_surface|dashboard,redis_notification_feed|remote_push|email,profile-readiness:profile-prompt-user-profile-education:ba75887eed7d741502c53c31,User has education history rows,,
user_prompt,ready_for_in_app_admin_delivery,2f77ce3256c653a98a843922,profile-prompt-user-profile-education,profile,prompt-user,profile.education,info,/profile?tab=education,Add education history,"Education history helps interpret GPA, curriculum, and school context.",Add education,in_app_readiness_surface|dashboard,redis_notification_feed|remote_push|email,profile-readiness:profile-prompt-user-profile-education:2f77ce3256c653a98a843922,User has education history rows,,
user_prompt,ready_for_in_app_admin_delivery,39d82fb302892df916184722,profile-prompt-user-profile-education,profile,prompt-user,profile.education,info,/profile?tab=education,Add education history,"Education history helps interpret GPA, curriculum, and school context.",Add education,in_app_readiness_surface|dashboard,redis_notification_feed|remote_push|email,profile-readiness:profile-prompt-user-profile-education:39d82fb302892df916184722,User has education history rows,,
user_prompt,ready_for_in_app_admin_delivery,73a91be57fb9c7848ca2fc38,profile-prompt-user-profile-education,profile,prompt-user,profile.education,info,/profile?tab=education,Add education history,"Education history helps interpret GPA, curriculum, and school context.",Add education,in_app_readiness_surface|dashboard,redis_notification_feed|remote_push|email,profile-readiness:profile-prompt-user-profile-education:73a91be57fb9c7848ca2fc38,User has education history rows,,
user_prompt,ready_for_in_app_admin_delivery,b7c52e38fa597c4401a45a0d,profile-prompt-user-profile-education,profile,prompt-user,profile.education,info,/profile?tab=education,Add education history,"Education history helps interpret GPA, curriculum, and school context.",Add education,in_app_readiness_surface|dashboard,redis_notification_feed|remote_push|email,profile-readiness:profile-prompt-user-profile-education:b7c52e38fa597c4401a45a0d,User has education history rows,,
user_prompt,ready_for_in_app_admin_delivery,b6211d62f28ea1ac1fbf92f6,profile-prompt-user-profile-education,profile,prompt-user,profile.education,info,/profile?tab=education,Add education history,"Education history helps interpret GPA, curriculum, and school context.",Add education,in_app_readiness_surface|dashboard,redis_notification_feed|remote_push|email,profile-readiness:profile-prompt-user-profile-education:b6211d62f28ea1ac1fbf92f6,User has education history rows,,
user_prompt,ready_for_in_app_admin_delivery,51123683ff47579b1326d7e0,profile-prompt-user-profile-education,profile,prompt-user,profile.education,info,/profile?tab=education,Add education history,"Education history helps interpret GPA, curriculum, and school context.",Add education,in_app_readiness_surface|dashboard,redis_notification_feed|remote_push|email,profile-readiness:profile-prompt-user-profile-education:51123683ff47579b1326d7e0,User has education history rows,,
user_prompt,ready_for_in_app_admin_delivery,d623a290fc0c003872b7e51e,profile-prompt-user-profile-education,profile,prompt-user,profile.education,info,/profile?tab=education,Add education history,"Education history helps interpret GPA, curriculum, and school context.",Add education,in_app_readiness_surface|dashboard,redis_notification_feed|remote_push|email,profile-readiness:profile-prompt-user-profile-education:d623a290fc0c003872b7e51e,User has education history rows,,
user_prompt,ready_for_in_app_admin_delivery,d235bd129f743fb22c4ed3fd,profile-prompt-user-profile-education,profile,prompt-user,profile.education,info,/profile?tab=education,Add education history,"Education history helps interpret GPA, curriculum, and school context.",Add education,in_app_readiness_surface|dashboard,redis_notification_feed|remote_push|email,profile-readiness:profile-prompt-user-profile-education:d235bd129f743fb22c4ed3fd,User has education history rows,,
user_prompt,ready_for_in_app_admin_delivery,2532d98f34e1ac7c1659d8eb,profile-prompt-user-profile-education,profile,prompt-user,profile.education,info,/profile?tab=education,Add education history,"Education history helps interpret GPA, curriculum, and school context.",Add education,in_app_readiness_surface|dashboard,redis_notification_feed|remote_push|email,profile-readiness:profile-prompt-user-profile-education:2532d98f34e1ac7c1659d8eb,User has education history rows,,
user_prompt,ready_for_in_app_admin_delivery,80198917031fa524bd986f16,profile-prompt-user-profile-education,profile,prompt-user,profile.education,info,/profile?tab=education,Add education history,"Education history helps interpret GPA, curriculum, and school context.",Add education,in_app_readiness_surface|dashboard,redis_notification_feed|remote_push|email,profile-readiness:profile-prompt-user-profile-education:80198917031fa524bd986f16,User has education history rows,,
user_prompt,ready_for_in_app_admin_delivery,fb77434774ac9a3e30419226,profile-prompt-user-profile-education,profile,prompt-user,profile.education,info,/profile?tab=education,Add education history,"Education history helps interpret GPA, curriculum, and school context.",Add education,in_app_readiness_surface|dashboard,redis_notification_feed|remote_push|email,profile-readiness:profile-prompt-user-profile-education:fb77434774ac9a3e30419226,User has education history rows,,
user_prompt,ready_for_in_app_admin_delivery,f9fd9b821f5302c444105093,profile-prompt-user-profile-education,profile,prompt-user,profile.education,info,/profile?tab=education,Add education history,"Education history helps interpret GPA, curriculum, and school context.",Add education,in_app_readiness_surface|dashboard,redis_notification_feed|remote_push|email,profile-readiness:profile-prompt-user-profile-education:f9fd9b821f5302c444105093,User has education history rows,,
user_prompt,ready_for_in_app_admin_delivery,8ee4a43e09bd1fb564a3d07c,profile-prompt-user-profile-education,profile,prompt-user,profile.education,info,/profile?tab=education,Add education history,"Education history helps interpret GPA, curriculum, and school context.",Add education,in_app_readiness_surface|dashboard,redis_notification_feed|remote_push|email,profile-readiness:profile-prompt-user-profile-education:8ee4a43e09bd1fb564a3d07c,User has education history rows,,
user_prompt,ready_for_in_app_admin_delivery,1205c6fffa0d08b1c24f8aba,profile-prompt-user-profile-education,profile,prompt-user,profile.education,info,/profile?tab=education,Add education history,"Education history helps interpret GPA, curriculum, and school context.",Add education,in_app_readiness_surface|dashboard,redis_notification_feed|remote_push|email,profile-readiness:profile-prompt-user-profile-education:1205c6fffa0d08b1c24f8aba,User has education history rows,,
user_prompt,ready_for_in_app_admin_delivery,83e1e60cee3420e8a087ec65,profile-prompt-user-profile-education,profile,prompt-user,profile.education,info,/profile?tab=education,Add education history,"Education history helps interpret GPA, curriculum, and school context.",Add education,in_app_readiness_surface|dashboard,redis_notification_feed|remote_push|email,profile-readiness:profile-prompt-user-profile-education:83e1e60cee3420e8a087ec65,User has education history rows,,
user_prompt,ready_for_in_app_admin_delivery,4128eb49c7d66593fc377cf2,profile-prompt-user-profile-education,profile,prompt-user,profile.education,info,/profile?tab=education,Add education history,"Education history helps interpret GPA, curriculum, and school context.",Add education,in_app_readiness_surface|dashboard,redis_notification_feed|remote_push|email,profile-readiness:profile-prompt-user-profile-education:4128eb49c7d66593fc377cf2,User has education history rows,,
user_prompt,ready_for_in_app_admin_delivery,66bd62747c0c3780d93d5ac0,profile-prompt-user-profile-education,profile,prompt-user,profile.education,info,/profile?tab=education,Add education history,"Education history helps interpret GPA, curriculum, and school context.",Add education,in_app_readiness_surface|dashboard,redis_notification_feed|remote_push|email,profile-readiness:profile-prompt-user-profile-education:66bd62747c0c3780d93d5ac0,User has education history rows,,
user_prompt,ready_for_in_app_admin_delivery,387d5008ef0d61abbf0981c3,profile-prompt-user-profile-education,profile,prompt-user,profile.education,info,/profile?tab=education,Add education history,"Education history helps interpret GPA, curriculum, and school context.",Add education,in_app_readiness_surface|dashboard,redis_notification_feed|remote_push|email,profile-readiness:profile-prompt-user-profile-education:387d5008ef0d61abbf0981c3,User has education history rows,,
user_prompt,ready_for_in_app_admin_delivery,6e88e7843d84c8e4ac30d418,profile-prompt-user-profile-education,profile,prompt-user,profile.education,info,/profile?tab=education,Add education history,"Education history helps interpret GPA, curriculum, and school context.",Add education,in_app_readiness_surface|dashboard,redis_notification_feed|remote_push|email,profile-readiness:profile-prompt-user-profile-education:6e88e7843d84c8e4ac30d418,User has education history rows,,
user_prompt,ready_for_in_app_admin_delivery,85fc8cd917b074b9f364b19f,profile-prompt-user-profile-education,profile,prompt-user,profile.education,info,/profile?tab=education,Add education history,"Education history helps interpret GPA, curriculum, and school context.",Add education,in_app_readiness_surface|dashboard,redis_notification_feed|remote_push|email,profile-readiness:profile-prompt-user-profile-education:85fc8cd917b074b9f364b19f,User has education history rows,,
user_prompt,ready_for_in_app_admin_delivery,393497c7e1766899efccdd67,profile-prompt-user-profile-education,profile,prompt-user,profile.education,info,/profile?tab=education,Add education history,"Education history helps interpret GPA, curriculum, and school context.",Add education,in_app_readiness_surface|dashboard,redis_notification_feed|remote_push|email,profile-readiness:profile-prompt-user-profile-education:393497c7e1766899efccdd67,User has education history rows,,
user_prompt,ready_for_in_app_admin_delivery,c11c121accb370e23f27204f,profile-prompt-user-profile-education,profile,prompt-user,profile.education,info,/profile?tab=education,Add education history,"Education history helps interpret GPA, curriculum, and school context.",Add education,in_app_readiness_surface|dashboard,redis_notification_feed|remote_push|email,profile-readiness:profile-prompt-user-profile-education:c11c121accb370e23f27204f,User has education history rows,,
user_prompt,ready_for_in_app_admin_delivery,ec8c5627fc8e7cd6f4f3ab56,profile-prompt-user-profile-education,profile,prompt-user,profile.education,info,/profile?tab=education,Add education history,"Education history helps interpret GPA, curriculum, and school context.",Add education,in_app_readiness_surface|dashboard,redis_notification_feed|remote_push|email,profile-readiness:profile-prompt-user-profile-education:ec8c5627fc8e7cd6f4f3ab56,User has education history rows,,
user_prompt,ready_for_in_app_admin_delivery,a73c0bac52799c6f0c20c326,profile-prompt-user-profile-education,profile,prompt-user,profile.education,info,/profile?tab=education,Add education history,"Education history helps interpret GPA, curriculum, and school context.",Add education,in_app_readiness_surface|dashboard,redis_notification_feed|remote_push|email,profile-readiness:profile-prompt-user-profile-education:a73c0bac52799c6f0c20c326,User has education history rows,,
user_prompt,ready_for_in_app_admin_delivery,1f1d01ebd6e4a634f6d00521,profile-prompt-user-profile-education,profile,prompt-user,profile.education,info,/profile?tab=education,Add education history,"Education history helps interpret GPA, curriculum, and school context.",Add education,in_app_readiness_surface|dashboard,redis_notification_feed|remote_push|email,profile-readiness:profile-prompt-user-profile-education:1f1d01ebd6e4a634f6d00521,User has education history rows,,
user_prompt,ready_for_in_app_admin_delivery,8111a447630837276fb2d02b,profile-prompt-user-profile-education,profile,prompt-user,profile.education,info,/profile?tab=education,Add education history,"Education history helps interpret GPA, curriculum, and school context.",Add education,in_app_readiness_surface|dashboard,redis_notification_feed|remote_push|email,profile-readiness:profile-prompt-user-profile-education:8111a447630837276fb2d02b,User has education history rows,,
user_prompt,ready_for_in_app_admin_delivery,454b3bdd97d513ee08d1fcb6,profile-prompt-user-profile-education,profile,prompt-user,profile.education,info,/profile?tab=education,Add education history,"Education history helps interpret GPA, curriculum, and school context.",Add education,in_app_readiness_surface|dashboard,redis_notification_feed|remote_push|email,profile-readiness:profile-prompt-user-profile-education:454b3bdd97d513ee08d1fcb6,User has education history rows,,
user_prompt,ready_for_in_app_admin_delivery,77e8a3e7b4bb269d25a88720,profile-prompt-user-profile-education,profile,prompt-user,profile.education,info,/profile?tab=education,Add education history,"Education history helps interpret GPA, curriculum, and school context.",Add education,in_app_readiness_surface|dashboard,redis_notification_feed|remote_push|email,profile-readiness:profile-prompt-user-profile-education:77e8a3e7b4bb269d25a88720,User has education history rows,,
user_prompt,ready_for_in_app_admin_delivery,1c49dedeea2144e69f2ddfab,profile-prompt-user-profile-education,profile,prompt-user,profile.education,info,/profile?tab=education,Add education history,"Education history helps interpret GPA, curriculum, and school context.",Add education,in_app_readiness_surface|dashboard,redis_notification_feed|remote_push|email,profile-readiness:profile-prompt-user-profile-education:1c49dedeea2144e69f2ddfab,User has education history rows,,
user_prompt,ready_for_in_app_admin_delivery,c6b85ceae0c6557b8e364c94,profile-prompt-user-profile-education,profile,prompt-user,profile.education,info,/profile?tab=education,Add education history,"Education history helps interpret GPA, curriculum, and school context.",Add education,in_app_readiness_surface|dashboard,redis_notification_feed|remote_push|email,profile-readiness:profile-prompt-user-profile-education:c6b85ceae0c6557b8e364c94,User has education history rows,,
user_prompt,ready_for_in_app_admin_delivery,7bc9b1e5926864015639324c,profile-prompt-user-profile-education,profile,prompt-user,profile.education,info,/profile?tab=education,Add education history,"Education history helps interpret GPA, curriculum, and school context.",Add education,in_app_readiness_surface|dashboard,redis_notification_feed|remote_push|email,profile-readiness:profile-prompt-user-profile-education:7bc9b1e5926864015639324c,User has education history rows,,
user_prompt,ready_for_in_app_admin_delivery,76d3e4bd31e04f8df55b5063,profile-prompt-user-profile-education,profile,prompt-user,profile.education,info,/profile?tab=education,Add education history,"Education history helps interpret GPA, curriculum, and school context.",Add education,in_app_readiness_surface|dashboard,redis_notification_feed|remote_push|email,profile-readiness:profile-prompt-user-profile-education:76d3e4bd31e04f8df55b5063,User has education history rows,,
user_prompt,ready_for_in_app_admin_delivery,123500041b4c756624fcfbc1,profile-prompt-user-profile-education,profile,prompt-user,profile.education,info,/profile?tab=education,Add education history,"Education history helps interpret GPA, curriculum, and school context.",Add education,in_app_readiness_surface|dashboard,redis_notification_feed|remote_push|email,profile-readiness:profile-prompt-user-profile-education:123500041b4c756624fcfbc1,User has education history rows,,
user_prompt,ready_for_in_app_admin_delivery,9e700876055ebe00ce432591,profile-prompt-user-profile-education,profile,prompt-user,profile.education,info,/profile?tab=education,Add education history,"Education history helps interpret GPA, curriculum, and school context.",Add education,in_app_readiness_surface|dashboard,redis_notification_feed|remote_push|email,profile-readiness:profile-prompt-user-profile-education:9e700876055ebe00ce432591,User has education history rows,,
user_prompt,ready_for_in_app_admin_delivery,b86b9ff73c5aa218b53fcc07,profile-prompt-user-profile-education,profile,prompt-user,profile.education,info,/profile?tab=education,Add education history,"Education history helps interpret GPA, curriculum, and school context.",Add education,in_app_readiness_surface|dashboard,redis_notification_feed|remote_push|email,profile-readiness:profile-prompt-user-profile-education:b86b9ff73c5aa218b53fcc07,User has education history rows,,
user_prompt,ready_for_in_app_admin_delivery,26a7b1448bcf5fd36c35a363,profile-prompt-user-profile-education,profile,prompt-user,profile.education,info,/profile?tab=education,Add education history,"Education history helps interpret GPA, curriculum, and school context.",Add education,in_app_readiness_surface|dashboard,redis_notification_feed|remote_push|email,profile-readiness:profile-prompt-user-profile-education:26a7b1448bcf5fd36c35a363,User has education history rows,,
user_prompt,ready_for_in_app_admin_delivery,2f357aae310ceb62c29b274c,profile-prompt-user-profile-education,profile,prompt-user,profile.education,info,/profile?tab=education,Add education history,"Education history helps interpret GPA, curriculum, and school context.",Add education,in_app_readiness_surface|dashboard,redis_notification_feed|remote_push|email,profile-readiness:profile-prompt-user-profile-education:2f357aae310ceb62c29b274c,User has education history rows,,
user_prompt,ready_for_in_app_admin_delivery,96d4cd2fcd14de7772f5fd50,profile-prompt-user-profile-education,profile,prompt-user,profile.education,info,/profile?tab=education,Add education history,"Education history helps interpret GPA, curriculum, and school context.",Add education,in_app_readiness_surface|dashboard,redis_notification_feed|remote_push|email,profile-readiness:profile-prompt-user-profile-education:96d4cd2fcd14de7772f5fd50,User has education history rows,,
user_prompt,ready_for_in_app_admin_delivery,d0a7465d43215d5f058e070e,profile-prompt-user-profile-education,profile,prompt-user,profile.education,info,/profile?tab=education,Add education history,"Education history helps interpret GPA, curriculum, and school context.",Add education,in_app_readiness_surface|dashboard,redis_notification_feed|remote_push|email,profile-readiness:profile-prompt-user-profile-education:d0a7465d43215d5f058e070e,User has education history rows,,
user_prompt,ready_for_in_app_admin_delivery,ca95dbae28c38d90f4bd075a,profile-prompt-user-profile-education,profile,prompt-user,profile.education,info,/profile?tab=education,Add education history,"Education history helps interpret GPA, curriculum, and school context.",Add education,in_app_readiness_surface|dashboard,redis_notification_feed|remote_push|email,profile-readiness:profile-prompt-user-profile-education:ca95dbae28c38d90f4bd075a,User has education history rows,,
user_prompt,ready_for_in_app_admin_delivery,be2cd5ddfe575143c741e775,profile-prompt-user-profile-education,profile,prompt-user,profile.education,info,/profile?tab=education,Add education history,"Education history helps interpret GPA, curriculum, and school context.",Add education,in_app_readiness_surface|dashboard,redis_notification_feed|remote_push|email,profile-readiness:profile-prompt-user-profile-education:be2cd5ddfe575143c741e775,User has education history rows,,
user_prompt,ready_for_in_app_admin_delivery,c22d82639c55efb340bc9a56,profile-prompt-user-profile-education,profile,prompt-user,profile.education,info,/profile?tab=education,Add education history,"Education history helps interpret GPA, curriculum, and school context.",Add education,in_app_readiness_surface|dashboard,redis_notification_feed|remote_push|email,profile-readiness:profile-prompt-user-profile-education:c22d82639c55efb340bc9a56,User has education history rows,,
user_prompt,ready_for_in_app_admin_delivery,8e287120445279d6e9b4ec2b,profile-prompt-user-profile-education,profile,prompt-user,profile.education,info,/profile?tab=education,Add education history,"Education history helps interpret GPA, curriculum, and school context.",Add education,in_app_readiness_surface|dashboard,redis_notification_feed|remote_push|email,profile-readiness:profile-prompt-user-profile-education:8e287120445279d6e9b4ec2b,User has education history rows,,
user_prompt,ready_for_in_app_admin_delivery,30430c0713c690c36433a6e5,profile-prompt-user-profile-education,profile,prompt-user,profile.education,info,/profile?tab=education,Add education history,"Education history helps interpret GPA, curriculum, and school context.",Add education,in_app_readiness_surface|dashboard,redis_notification_feed|remote_push|email,profile-readiness:profile-prompt-user-profile-education:30430c0713c690c36433a6e5,User has education history rows,,
user_prompt,ready_for_in_app_admin_delivery,9353bab0b66f9c8f5bbbb3e9,profile-prompt-user-profile-education,profile,prompt-user,profile.education,info,/profile?tab=education,Add education history,"Education history helps interpret GPA, curriculum, and school context.",Add education,in_app_readiness_surface|dashboard,redis_notification_feed|remote_push|email,profile-readiness:profile-prompt-user-profile-education:9353bab0b66f9c8f5bbbb3e9,User has education history rows,,
user_prompt,ready_for_in_app_admin_delivery,ea2aad244e6c5b7a6ddcdc6d,profile-prompt-user-profile-education,profile,prompt-user,profile.education,info,/profile?tab=education,Add education history,"Education history helps interpret GPA, curriculum, and school context.",Add education,in_app_readiness_surface|dashboard,redis_notification_feed|remote_push|email,profile-readiness:profile-prompt-user-profile-education:ea2aad244e6c5b7a6ddcdc6d,User has education history rows,,
user_prompt,ready_for_in_app_admin_delivery,ab23e0dca524148e33dc1dc3,profile-prompt-user-profile-education,profile,prompt-user,profile.education,info,/profile?tab=education,Add education history,"Education history helps interpret GPA, curriculum, and school context.",Add education,in_app_readiness_surface|dashboard,redis_notification_feed|remote_push|email,profile-readiness:profile-prompt-user-profile-education:ab23e0dca524148e33dc1dc3,User has education history rows,,
user_prompt,ready_for_in_app_admin_delivery,147f40a0a1b1d151c407167a,profile-prompt-user-profile-education,profile,prompt-user,profile.education,info,/profile?tab=education,Add education history,"Education history helps interpret GPA, curriculum, and school context.",Add education,in_app_readiness_surface|dashboard,redis_notification_feed|remote_push|email,profile-readiness:profile-prompt-user-profile-education:147f40a0a1b1d151c407167a,User has education history rows,,
user_prompt,ready_for_in_app_admin_delivery,302d0b094ff202e23f186d36,profile-prompt-user-profile-education,profile,prompt-user,profile.education,info,/profile?tab=education,Add education history,"Education history helps interpret GPA, curriculum, and school context.",Add education,in_app_readiness_surface|dashboard,redis_notification_feed|remote_push|email,profile-readiness:profile-prompt-user-profile-education:302d0b094ff202e23f186d36,User has education history rows,,
user_prompt,ready_for_in_app_admin_delivery,5fea30f24d9048bc811be8c1,profile-prompt-user-profile-education,profile,prompt-user,profile.education,info,/profile?tab=education,Add education history,"Education history helps interpret GPA, curriculum, and school context.",Add education,in_app_readiness_surface|dashboard,redis_notification_feed|remote_push|email,profile-readiness:profile-prompt-user-profile-education:5fea30f24d9048bc811be8c1,User has education history rows,,
user_prompt,ready_for_in_app_admin_delivery,a8b0b42078a4419cbc216238,profile-prompt-user-profile-education,profile,prompt-user,profile.education,info,/profile?tab=education,Add education history,"Education history helps interpret GPA, curriculum, and school context.",Add education,in_app_readiness_surface|dashboard,redis_notification_feed|remote_push|email,profile-readiness:profile-prompt-user-profile-education:a8b0b42078a4419cbc216238,User has education history rows,,
user_prompt,ready_for_in_app_admin_delivery,8a3d4c7790976e73724c9f5f,profile-prompt-user-profile-education,profile,prompt-user,profile.education,info,/profile?tab=education,Add education history,"Education history helps interpret GPA, curriculum, and school context.",Add education,in_app_readiness_surface|dashboard,redis_notification_feed|remote_push|email,profile-readiness:profile-prompt-user-profile-education:8a3d4c7790976e73724c9f5f,User has education history rows,,
user_prompt,ready_for_in_app_admin_delivery,eed7dc5c15f1752dc5039930,profile-prompt-user-profile-education,profile,prompt-user,profile.education,info,/profile?tab=education,Add education history,"Education history helps interpret GPA, curriculum, and school context.",Add education,in_app_readiness_surface|dashboard,redis_notification_feed|remote_push|email,profile-readiness:profile-prompt-user-profile-education:eed7dc5c15f1752dc5039930,User has education history rows,,
user_prompt,ready_for_in_app_admin_delivery,2bcb764b588cb54483f66c69,profile-prompt-user-profile-education,profile,prompt-user,profile.education,info,/profile?tab=education,Add education history,"Education history helps interpret GPA, curriculum, and school context.",Add education,in_app_readiness_surface|dashboard,redis_notification_feed|remote_push|email,profile-readiness:profile-prompt-user-profile-education:2bcb764b588cb54483f66c69,User has education history rows,,
user_prompt,ready_for_in_app_admin_delivery,0acc818e9f51ef1b0b8ffb0e,profile-prompt-user-profile-education,profile,prompt-user,profile.education,info,/profile?tab=education,Add education history,"Education history helps interpret GPA, curriculum, and school context.",Add education,in_app_readiness_surface|dashboard,redis_notification_feed|remote_push|email,profile-readiness:profile-prompt-user-profile-education:0acc818e9f51ef1b0b8ffb0e,User has education history rows,,
user_prompt,ready_for_in_app_admin_delivery,8da46db52724f8d1d3746feb,profile-prompt-user-profile-education,profile,prompt-user,profile.education,info,/profile?tab=education,Add education history,"Education history helps interpret GPA, curriculum, and school context.",Add education,in_app_readiness_surface|dashboard,redis_notification_feed|remote_push|email,profile-readiness:profile-prompt-user-profile-education:8da46db52724f8d1d3746feb,User has education history rows,,
user_prompt,ready_for_in_app_admin_delivery,e18bea3d5f053111d4dcb5c1,profile-prompt-user-profile-education,profile,prompt-user,profile.education,info,/profile?tab=education,Add education history,"Education history helps interpret GPA, curriculum, and school context.",Add education,in_app_readiness_surface|dashboard,redis_notification_feed|remote_push|email,profile-readiness:profile-prompt-user-profile-education:e18bea3d5f053111d4dcb5c1,User has education history rows,,
user_prompt,ready_for_in_app_admin_delivery,6a3e9991e41506fb51596fc5,profile-prompt-user-profile-education,profile,prompt-user,profile.education,info,/profile?tab=education,Add education history,"Education history helps interpret GPA, curriculum, and school context.",Add education,in_app_readiness_surface|dashboard,redis_notification_feed|remote_push|email,profile-readiness:profile-prompt-user-profile-education:6a3e9991e41506fb51596fc5,User has education history rows,,
user_prompt,ready_for_in_app_admin_delivery,2864a3748d885dc103de4819,profile-prompt-user-profile-education,profile,prompt-user,profile.education,info,/profile?tab=education,Add education history,"Education history helps interpret GPA, curriculum, and school context.",Add education,in_app_readiness_surface|dashboard,redis_notification_feed|remote_push|email,profile-readiness:profile-prompt-user-profile-education:2864a3748d885dc103de4819,User has education history rows,,
user_prompt,ready_for_in_app_admin_delivery,3e9d46eb289214be984cfcb3,profile-prompt-user-profile-education,profile,prompt-user,profile.education,info,/profile?tab=education,Add education history,"Education history helps interpret GPA, curriculum, and school context.",Add education,in_app_readiness_surface|dashboard,redis_notification_feed|remote_push|email,profile-readiness:profile-prompt-user-profile-education:3e9d46eb289214be984cfcb3,User has education history rows,,
user_prompt,ready_for_in_app_admin_delivery,26ebb0fdca5f016b883f9463,profile-prompt-user-profile-education,profile,prompt-user,profile.education,info,/profile?tab=education,Add education history,"Education history helps interpret GPA, curriculum, and school context.",Add education,in_app_readiness_surface|dashboard,redis_notification_feed|remote_push|email,profile-readiness:profile-prompt-user-profile-education:26ebb0fdca5f016b883f9463,User has education history rows,,
user_prompt,ready_for_in_app_admin_delivery,153e9405da19c8f1d8e74047,profile-prompt-user-profile-education,profile,prompt-user,profile.education,info,/profile?tab=education,Add education history,"Education history helps interpret GPA, curriculum, and school context.",Add education,in_app_readiness_surface|dashboard,redis_notification_feed|remote_push|email,profile-readiness:profile-prompt-user-profile-education:153e9405da19c8f1d8e74047,User has education history rows,,
user_prompt,ready_for_in_app_admin_delivery,be7ec8fab6042ab022e3c7f2,profile-prompt-user-profile-education,profile,prompt-user,profile.education,info,/profile?tab=education,Add education history,"Education history helps interpret GPA, curriculum, and school context.",Add education,in_app_readiness_surface|dashboard,redis_notification_feed|remote_push|email,profile-readiness:profile-prompt-user-profile-education:be7ec8fab6042ab022e3c7f2,User has education history rows,,
user_prompt,ready_for_in_app_admin_delivery,b210a22f55a2b9a17042dce8,profile-prompt-user-profile-education,profile,prompt-user,profile.education,info,/profile?tab=education,Add education history,"Education history helps interpret GPA, curriculum, and school context.",Add education,in_app_readiness_surface|dashboard,redis_notification_feed|remote_push|email,profile-readiness:profile-prompt-user-profile-education:b210a22f55a2b9a17042dce8,User has education history rows,,
user_prompt,ready_for_in_app_admin_delivery,0e6ed74ef269ac93ac25401a,profile-prompt-user-profile-education,profile,prompt-user,profile.education,info,/profile?tab=education,Add education history,"Education history helps interpret GPA, curriculum, and school context.",Add education,in_app_readiness_surface|dashboard,redis_notification_feed|remote_push|email,profile-readiness:profile-prompt-user-profile-education:0e6ed74ef269ac93ac25401a,User has education history rows,,
user_prompt,ready_for_in_app_admin_delivery,a2c6af72b61dd025bcad59e6,profile-prompt-user-profile-education,profile,prompt-user,profile.education,info,/profile?tab=education,Add education history,"Education history helps interpret GPA, curriculum, and school context.",Add education,in_app_readiness_surface|dashboard,redis_notification_feed|remote_push|email,profile-readiness:profile-prompt-user-profile-education:a2c6af72b61dd025bcad59e6,User has education history rows,,
user_prompt,ready_for_in_app_admin_delivery,762ad54fcd7acd952288d3a3,profile-prompt-user-profile-education,profile,prompt-user,profile.education,info,/profile?tab=education,Add education history,"Education history helps interpret GPA, curriculum, and school context.",Add education,in_app_readiness_surface|dashboard,redis_notification_feed|remote_push|email,profile-readiness:profile-prompt-user-profile-education:762ad54fcd7acd952288d3a3,User has education history rows,,
user_prompt,ready_for_in_app_admin_delivery,e4738e9f6099dbe3d9496339,profile-prompt-user-profile-education,profile,prompt-user,profile.education,info,/profile?tab=education,Add education history,"Education history helps interpret GPA, curriculum, and school context.",Add education,in_app_readiness_surface|dashboard,redis_notification_feed|remote_push|email,profile-readiness:profile-prompt-user-profile-education:e4738e9f6099dbe3d9496339,User has education history rows,,
user_prompt,ready_for_in_app_admin_delivery,474d8949a3e5b09108ec3b81,profile-prompt-user-profile-education,profile,prompt-user,profile.education,info,/profile?tab=education,Add education history,"Education history helps interpret GPA, curriculum, and school context.",Add education,in_app_readiness_surface|dashboard,redis_notification_feed|remote_push|email,profile-readiness:profile-prompt-user-profile-education:474d8949a3e5b09108ec3b81,User has education history rows,,
user_prompt,ready_for_in_app_admin_delivery,c46005f46a86567329a9b506,profile-prompt-user-profile-education,profile,prompt-user,profile.education,info,/profile?tab=education,Add education history,"Education history helps interpret GPA, curriculum, and school context.",Add education,in_app_readiness_surface|dashboard,redis_notification_feed|remote_push|email,profile-readiness:profile-prompt-user-profile-education:c46005f46a86567329a9b506,User has education history rows,,
user_prompt,ready_for_in_app_admin_delivery,306394753611302d9dcc2614,profile-prompt-user-profile-education,profile,prompt-user,profile.education,info,/profile?tab=education,Add education history,"Education history helps interpret GPA, curriculum, and school context.",Add education,in_app_readiness_surface|dashboard,redis_notification_feed|remote_push|email,profile-readiness:profile-prompt-user-profile-education:306394753611302d9dcc2614,User has education history rows,,
user_prompt,ready_for_in_app_admin_delivery,95e594b7481e10e5bbeab2ed,profile-prompt-user-profile-education,profile,prompt-user,profile.education,info,/profile?tab=education,Add education history,"Education history helps interpret GPA, curriculum, and school context.",Add education,in_app_readiness_surface|dashboard,redis_notification_feed|remote_push|email,profile-readiness:profile-prompt-user-profile-education:95e594b7481e10e5bbeab2ed,User has education history rows,,
user_prompt,ready_for_in_app_admin_delivery,d19670c353690659b32ceffa,profile-prompt-user-profile-education,profile,prompt-user,profile.education,info,/profile?tab=education,Add education history,"Education history helps interpret GPA, curriculum, and school context.",Add education,in_app_readiness_surface|dashboard,redis_notification_feed|remote_push|email,profile-readiness:profile-prompt-user-profile-education:d19670c353690659b32ceffa,User has education history rows,,
user_prompt,ready_for_in_app_admin_delivery,b6c285440b15a597cd93436e,profile-prompt-user-profile-education,profile,prompt-user,profile.education,info,/profile?tab=education,Add education history,"Education history helps interpret GPA, curriculum, and school context.",Add education,in_app_readiness_surface|dashboard,redis_notification_feed|remote_push|email,profile-readiness:profile-prompt-user-profile-education:b6c285440b15a597cd93436e,User has education history rows,,
user_prompt,ready_for_in_app_admin_delivery,12d90bcc183001cc67077b5c,timeline-prompt-user-timeline-overdue-tasks,timeline,prompt-user,timeline.overdue_tasks,info,/timeline,Review overdue timeline tasks,Overdue tasks can hide execution risk even when your school list is ready.,Open timeline,in_app_readiness_surface|dashboard,redis_notification_feed|remote_push|email,profile-readiness:timeline-prompt-user-timeline-overdue-tasks:12d90bcc183001cc67077b5c,No overdue application timeline tasks remain,,
user_prompt,ready_for_in_app_admin_delivery,bd21a66a08af7179cdf51827,timeline-prompt-user-timeline-overdue-tasks,timeline,prompt-user,timeline.overdue_tasks,info,/timeline,Review overdue timeline tasks,Overdue tasks can hide execution risk even when your school list is ready.,Open timeline,in_app_readiness_surface|dashboard,redis_notification_feed|remote_push|email,profile-readiness:timeline-prompt-user-timeline-overdue-tasks:bd21a66a08af7179cdf51827,No overdue application timeline tasks remain,,
user_prompt,ready_for_in_app_admin_delivery,3440fa1395a6c4f2ebb71417,timeline-prompt-user-timeline-overdue-tasks,timeline,prompt-user,timeline.overdue_tasks,info,/timeline,Review overdue timeline tasks,Overdue tasks can hide execution risk even when your school list is ready.,Open timeline,in_app_readiness_surface|dashboard,redis_notification_feed|remote_push|email,profile-readiness:timeline-prompt-user-timeline-overdue-tasks:3440fa1395a6c4f2ebb71417,No overdue application timeline tasks remain,,
