recipientKey,profileKey,domain,gap,action,severity,route,disposition,closureState,requiredActor,allowedWritePath,prohibitedWritePath,schoolId,schoolName
df5585906015fd0358d5de0d,dcf4f4031d77be3f6b4c28cb,profile,profile.gpa_anchor,prompt-user,critical,/profile?tab=gpa,user_prompt,actionable,user,user-owned profile/school-list/essay/resume/recommendation UI or approved import,"no inferred first-party facts, no raw-user-ID default exports, no live notification send",,
4a070e6ff84a1f2e291a113f,5e068c8dc7b4c890cd028525,profile,profile.gpa_anchor,prompt-user,critical,/profile?tab=gpa,user_prompt,actionable,user,user-owned profile/school-list/essay/resume/recommendation UI or approved import,"no inferred first-party facts, no raw-user-ID default exports, no live notification send",,
933c8fbcf844473497664ebc,a080791fc5afd2fd65717791,profile,profile.gpa_anchor,prompt-user,critical,/profile?tab=gpa,user_prompt,actionable,user,user-owned profile/school-list/essay/resume/recommendation UI or approved import,"no inferred first-party facts, no raw-user-ID default exports, no live notification send",,
b9080384f5e48931d9672942,dfbdb1bfb5ba2e55947ffacb,profile,profile.gpa_anchor,prompt-user,critical,/profile?tab=gpa,user_prompt,actionable,user,user-owned profile/school-list/essay/resume/recommendation UI or approved import,"no inferred first-party facts, no raw-user-ID default exports, no live notification send",,
2ba9ae2789a823fff9e99e40,fa17461feb2a296bf410fd51,profile,profile.gpa_anchor,prompt-user,critical,/profile?tab=gpa,user_prompt,actionable,user,user-owned profile/school-list/essay/resume/recommendation UI or approved import,"no inferred first-party facts, no raw-user-ID default exports, no live notification send",,
e523653fa42814ef3eadc5e2,3c9553d15ae84cd029f9a45e,profile,profile.gpa_anchor,prompt-user,critical,/profile?tab=gpa,user_prompt,actionable,user,user-owned profile/school-list/essay/resume/recommendation UI or approved import,"no inferred first-party facts, no raw-user-ID default exports, no live notification send",,
548e347fbdaf43be08e93286,d34e7c86d1fe4b4e4f3dd8b5,profile,profile.gpa_anchor,prompt-user,critical,/profile?tab=gpa,user_prompt,actionable,user,user-owned profile/school-list/essay/resume/recommendation UI or approved import,"no inferred first-party facts, no raw-user-ID default exports, no live notification send",,
4a9a5325fca32ac5aa4d26c1,41987896ad3e2c2b584d8822,profile,profile.gpa_anchor,prompt-user,critical,/profile?tab=gpa,user_prompt,actionable,user,user-owned profile/school-list/essay/resume/recommendation UI or approved import,"no inferred first-party facts, no raw-user-ID default exports, no live notification send",,
a17521d2860dea1a7b772a50,4d80d091ce6c3c3bbfb73020,profile,profile.gpa_anchor,prompt-user,critical,/profile?tab=gpa,user_prompt,actionable,user,user-owned profile/school-list/essay/resume/recommendation UI or approved import,"no inferred first-party facts, no raw-user-ID default exports, no live notification send",,
239876530e8400c075556f29,a371d99e7990b1712ac0d07f,profile,profile.gpa_anchor,prompt-user,critical,/profile?tab=gpa,user_prompt,actionable,user,user-owned profile/school-list/essay/resume/recommendation UI or approved import,"no inferred first-party facts, no raw-user-ID default exports, no live notification send",,
8fc27fe02716e3c77f4c9217,9111330cde59a737a7fbe9d2,profile,profile.gpa_anchor,prompt-user,critical,/profile?tab=gpa,user_prompt,actionable,user,user-owned profile/school-list/essay/resume/recommendation UI or approved import,"no inferred first-party facts, no raw-user-ID default exports, no live notification send",,
3315de3a8f38e51c6e718bd4,6596f538050d130001eb66fd,profile,profile.gpa_anchor,prompt-user,critical,/profile?tab=gpa,user_prompt,actionable,user,user-owned profile/school-list/essay/resume/recommendation UI or approved import,"no inferred first-party facts, no raw-user-ID default exports, no live notification send",,
81693f3a9d0880c99db5d8eb,f8576ed8705f4e1a21c111d4,profile,profile.gpa_anchor,prompt-user,critical,/profile?tab=gpa,user_prompt,actionable,user,user-owned profile/school-list/essay/resume/recommendation UI or approved import,"no inferred first-party facts, no raw-user-ID default exports, no live notification send",,
42911f743ee6aec754611f0a,8cbd0cb44e65485bb14e40b4,profile,profile.gpa_anchor,prompt-user,critical,/profile?tab=gpa,user_prompt,actionable,user,user-owned profile/school-list/essay/resume/recommendation UI or approved import,"no inferred first-party facts, no raw-user-ID default exports, no live notification send",,
a3528862a20f112072f07dec,16ce403f5cdd5ce323d7d56a,profile,profile.gpa_anchor,prompt-user,critical,/profile?tab=gpa,user_prompt,actionable,user,user-owned profile/school-list/essay/resume/recommendation UI or approved import,"no inferred first-party facts, no raw-user-ID default exports, no live notification send",,
e510af0c8def66fed7a41269,07b560c00ebbeae89757ba92,profile,profile.gpa_anchor,prompt-user,critical,/profile?tab=gpa,user_prompt,actionable,user,user-owned profile/school-list/essay/resume/recommendation UI or approved import,"no inferred first-party facts, no raw-user-ID default exports, no live notification send",,
8a25c91ceddfae6e4160c58e,23f48cbbd8bb302d47877816,profile,profile.gpa_anchor,prompt-user,critical,/profile?tab=gpa,user_prompt,actionable,user,user-owned profile/school-list/essay/resume/recommendation UI or approved import,"no inferred first-party facts, no raw-user-ID default exports, no live notification send",,
f0c8fe12bebd09636b7cd4a6,f3198e3d4b8dfbe1dc7ef401,profile,profile.gpa_anchor,prompt-user,critical,/profile?tab=gpa,user_prompt,actionable,user,user-owned profile/school-list/essay/resume/recommendation UI or approved import,"no inferred first-party facts, no raw-user-ID default exports, no live notification send",,
448f80c986e8da56dc55d7ce,d8b66d7a77fb0898c274f016,profile,profile.gpa_anchor,prompt-user,critical,/profile?tab=gpa,user_prompt,actionable,user,user-owned profile/school-list/essay/resume/recommendation UI or approved import,"no inferred first-party facts, no raw-user-ID default exports, no live notification send",,
3189c565a909046c4fd6a3e3,4d3c3bd653a94add62332ca7,profile,profile.gpa_anchor,prompt-user,critical,/profile?tab=gpa,user_prompt,actionable,user,user-owned profile/school-list/essay/resume/recommendation UI or approved import,"no inferred first-party facts, no raw-user-ID default exports, no live notification send",,
969f0a6da6dcccc818b2d053,349b11a3f796ddd02fac5df4,profile,profile.gpa_anchor,prompt-user,critical,/profile?tab=gpa,user_prompt,actionable,user,user-owned profile/school-list/essay/resume/recommendation UI or approved import,"no inferred first-party facts, no raw-user-ID default exports, no live notification send",,
886a1ffc2b7eafe348230a62,496c4289233f7686705eb9cc,profile,profile.gpa_anchor,prompt-user,critical,/profile?tab=gpa,user_prompt,actionable,user,user-owned profile/school-list/essay/resume/recommendation UI or approved import,"no inferred first-party facts, no raw-user-ID default exports, no live notification send",,
e806e3691e6e2df024691a2b,792185c76419227985fe39c6,profile,profile.gpa_anchor,prompt-user,critical,/profile?tab=gpa,user_prompt,actionable,user,user-owned profile/school-list/essay/resume/recommendation UI or approved import,"no inferred first-party facts, no raw-user-ID default exports, no live notification send",,
12e0eebeeec38d62e5a0d3d4,e68a34176110a03fb1b0e1a7,profile,profile.gpa_anchor,prompt-user,critical,/profile?tab=gpa,user_prompt,actionable,user,user-owned profile/school-list/essay/resume/recommendation UI or approved import,"no inferred first-party facts, no raw-user-ID default exports, no live notification send",,
91a70d5fa0ff8d12a86e2a5a,cc19790a20627dcf671b0696,profile,profile.gpa_anchor,prompt-user,critical,/profile?tab=gpa,user_prompt,actionable,user,user-owned profile/school-list/essay/resume/recommendation UI or approved import,"no inferred first-party facts, no raw-user-ID default exports, no live notification send",,
8fc1697c15092a2b07926f70,9268bb2df1ae7eb423b40e68,profile,profile.gpa_anchor,prompt-user,critical,/profile?tab=gpa,user_prompt,actionable,user,user-owned profile/school-list/essay/resume/recommendation UI or approved import,"no inferred first-party facts, no raw-user-ID default exports, no live notification send",,
0d909a631e8a38aba39711eb,a39a015fb33b59dab1e79583,profile,profile.gpa_anchor,prompt-user,critical,/profile?tab=gpa,user_prompt,actionable,user,user-owned profile/school-list/essay/resume/recommendation UI or approved import,"no inferred first-party facts, no raw-user-ID default exports, no live notification send",,
3312c3fbbc5f925503c23541,70a9eda088b1d81c8c2c6710,profile,profile.gpa_anchor,prompt-user,critical,/profile?tab=gpa,user_prompt,actionable,user,user-owned profile/school-list/essay/resume/recommendation UI or approved import,"no inferred first-party facts, no raw-user-ID default exports, no live notification send",,
951efa9a78747fd1f702a582,e7f17db1b3d37787f764e825,profile,profile.gpa_anchor,prompt-user,critical,/profile?tab=gpa,user_prompt,actionable,user,user-owned profile/school-list/essay/resume/recommendation UI or approved import,"no inferred first-party facts, no raw-user-ID default exports, no live notification send",,
9ce8b002b8c6978d1d50ca34,296c586ab4f761371e0cbf88,profile,profile.gpa_anchor,prompt-user,critical,/profile?tab=gpa,user_prompt,actionable,user,user-owned profile/school-list/essay/resume/recommendation UI or approved import,"no inferred first-party facts, no raw-user-ID default exports, no live notification send",,
a5ce79e3ee65a9b900b1d3ec,6ad354ae95ed116979f53605,profile,profile.gpa_anchor,prompt-user,critical,/profile?tab=gpa,user_prompt,actionable,user,user-owned profile/school-list/essay/resume/recommendation UI or approved import,"no inferred first-party facts, no raw-user-ID default exports, no live notification send",,
8acb1d168ae7de069f4d5d41,c2fb04257a3dbfd64ef42235,profile,profile.gpa_anchor,prompt-user,critical,/profile?tab=gpa,user_prompt,actionable,user,user-owned profile/school-list/essay/resume/recommendation UI or approved import,"no inferred first-party facts, no raw-user-ID default exports, no live notification send",,
79637912dce7f904c64328bb,063b024d5235f2864bf7976b,profile,profile.gpa_anchor,prompt-user,critical,/profile?tab=gpa,user_prompt,actionable,user,user-owned profile/school-list/essay/resume/recommendation UI or approved import,"no inferred first-party facts, no raw-user-ID default exports, no live notification send",,
1b509e80303bfb72347c7122,a69f207d386676eb5d4c6068,profile,profile.gpa_anchor,prompt-user,critical,/profile?tab=gpa,user_prompt,actionable,user,user-owned profile/school-list/essay/resume/recommendation UI or approved import,"no inferred first-party facts, no raw-user-ID default exports, no live notification send",,
ca2ccfb1838fd1cd9b1b428a,0dd5690ef245b29c752978ab,profile,profile.gpa_anchor,prompt-user,critical,/profile?tab=gpa,user_prompt,actionable,user,user-owned profile/school-list/essay/resume/recommendation UI or approved import,"no inferred first-party facts, no raw-user-ID default exports, no live notification send",,
d4f1ee39fe1a2af08fbd5161,6bd54dc4b93df493e735968f,profile,profile.gpa_anchor,prompt-user,critical,/profile?tab=gpa,user_prompt,actionable,user,user-owned profile/school-list/essay/resume/recommendation UI or approved import,"no inferred first-party facts, no raw-user-ID default exports, no live notification send",,
062118d350b761fdd04aa833,4447d4720fb09d0cf9f974b1,profile,profile.gpa_anchor,prompt-user,critical,/profile?tab=gpa,user_prompt,actionable,user,user-owned profile/school-list/essay/resume/recommendation UI or approved import,"no inferred first-party facts, no raw-user-ID default exports, no live notification send",,
e36192e1857a30c62f9c8a38,1e02ca5c816e125387e943ea,profile,profile.gpa_anchor,prompt-user,critical,/profile?tab=gpa,user_prompt,actionable,user,user-owned profile/school-list/essay/resume/recommendation UI or approved import,"no inferred first-party facts, no raw-user-ID default exports, no live notification send",,
4a216ad9b35ebe5103f8526b,c4f622849d37b4b65dec3cec,profile,profile.gpa_anchor,prompt-user,critical,/profile?tab=gpa,user_prompt,actionable,user,user-owned profile/school-list/essay/resume/recommendation UI or approved import,"no inferred first-party facts, no raw-user-ID default exports, no live notification send",,
69ece4fe3e5b32f6470b9361,73c05ab78066f89172cd4600,profile,profile.gpa_anchor,prompt-user,critical,/profile?tab=gpa,user_prompt,actionable,user,user-owned profile/school-list/essay/resume/recommendation UI or approved import,"no inferred first-party facts, no raw-user-ID default exports, no live notification send",,
c55a37df2b2958e3ddc0868f,fb3adf3bf3209373369bc84f,profile,profile.gpa_anchor,prompt-user,critical,/profile?tab=gpa,user_prompt,actionable,user,user-owned profile/school-list/essay/resume/recommendation UI or approved import,"no inferred first-party facts, no raw-user-ID default exports, no live notification send",,
5787255212e567a3fd4aef81,bc8c05acbe1509e433fc0da5,profile,profile.gpa_anchor,prompt-user,critical,/profile?tab=gpa,user_prompt,actionable,user,user-owned profile/school-list/essay/resume/recommendation UI or approved import,"no inferred first-party facts, no raw-user-ID default exports, no live notification send",,
d093f57d658870c61d5a8e9d,ce94abf53f14f5538a81eb16,profile,profile.gpa_anchor,prompt-user,critical,/profile?tab=gpa,user_prompt,actionable,user,user-owned profile/school-list/essay/resume/recommendation UI or approved import,"no inferred first-party facts, no raw-user-ID default exports, no live notification send",,
b87b213f6a58cc8a8a77c7ac,bfaf9aaee511da1bf287d36d,profile,profile.gpa_anchor,prompt-user,critical,/profile?tab=gpa,user_prompt,actionable,user,user-owned profile/school-list/essay/resume/recommendation UI or approved import,"no inferred first-party facts, no raw-user-ID default exports, no live notification send",,
d70ffb08141d2abc371fc479,c52984e73ed2bb9d78b61972,profile,profile.gpa_anchor,prompt-user,critical,/profile?tab=gpa,user_prompt,actionable,user,user-owned profile/school-list/essay/resume/recommendation UI or approved import,"no inferred first-party facts, no raw-user-ID default exports, no live notification send",,
9e902d09622c77bbe415a5f5,ebfe5890a319bc7c8c093b53,profile,profile.gpa_anchor,prompt-user,critical,/profile?tab=gpa,user_prompt,actionable,user,user-owned profile/school-list/essay/resume/recommendation UI or approved import,"no inferred first-party facts, no raw-user-ID default exports, no live notification send",,
dd209784cbd3a7c37798dc81,95d691e906c76381adfe1a28,profile,profile.gpa_anchor,prompt-user,critical,/profile?tab=gpa,user_prompt,actionable,user,user-owned profile/school-list/essay/resume/recommendation UI or approved import,"no inferred first-party facts, no raw-user-ID default exports, no live notification send",,
2058d7d3635541be9a81154d,58f91b77e67fbf46457a44bb,profile,profile.gpa_anchor,prompt-user,critical,/profile?tab=gpa,user_prompt,actionable,user,user-owned profile/school-list/essay/resume/recommendation UI or approved import,"no inferred first-party facts, no raw-user-ID default exports, no live notification send",,
9c6f0258b7fd5c44ef788167,9c2fbbe0254b2440de64a955,profile,profile.gpa_anchor,prompt-user,critical,/profile?tab=gpa,user_prompt,actionable,user,user-owned profile/school-list/essay/resume/recommendation UI or approved import,"no inferred first-party facts, no raw-user-ID default exports, no live notification send",,
e42b6750ab4ffde56312f465,c6d4f92a18ba12e55a77424f,profile,profile.gpa_anchor,prompt-user,critical,/profile?tab=gpa,user_prompt,actionable,user,user-owned profile/school-list/essay/resume/recommendation UI or approved import,"no inferred first-party facts, no raw-user-ID default exports, no live notification send",,
508a6407c4ffc3bc4552ed30,a03881962cac9def370b6ddf,profile,profile.gpa_anchor,prompt-user,critical,/profile?tab=gpa,user_prompt,actionable,user,user-owned profile/school-list/essay/resume/recommendation UI or approved import,"no inferred first-party facts, no raw-user-ID default exports, no live notification send",,
9fa02cb61bc3fad3b4609874,2521ef574f16719cfd342be4,profile,profile.gpa_anchor,prompt-user,critical,/profile?tab=gpa,user_prompt,actionable,user,user-owned profile/school-list/essay/resume/recommendation UI or approved import,"no inferred first-party facts, no raw-user-ID default exports, no live notification send",,
1567868f57d48287128edcf2,bd5e7f1d9b2843a6c0ee281a,profile,profile.gpa_anchor,prompt-user,critical,/profile?tab=gpa,user_prompt,actionable,user,user-owned profile/school-list/essay/resume/recommendation UI or approved import,"no inferred first-party facts, no raw-user-ID default exports, no live notification send",,
b5fa781fa1986e1165fdf9eb,d251e7b1a615c97aeb975753,profile,profile.gpa_anchor,prompt-user,critical,/profile?tab=gpa,user_prompt,actionable,user,user-owned profile/school-list/essay/resume/recommendation UI or approved import,"no inferred first-party facts, no raw-user-ID default exports, no live notification send",,
0e675c04d379ac1f90bbb169,fa20510c8b2ca4eb06c9a50c,profile,profile.gpa_anchor,prompt-user,critical,/profile?tab=gpa,user_prompt,actionable,user,user-owned profile/school-list/essay/resume/recommendation UI or approved import,"no inferred first-party facts, no raw-user-ID default exports, no live notification send",,
5d3f29c52332ccba6c3b64f6,38d8d2c6f2f414c01de125ae,profile,profile.gpa_anchor,prompt-user,critical,/profile?tab=gpa,user_prompt,actionable,user,user-owned profile/school-list/essay/resume/recommendation UI or approved import,"no inferred first-party facts, no raw-user-ID default exports, no live notification send",,
0c46702af3ee822c715f3e93,7965d9f2065d1560654b7cb0,profile,profile.gpa_anchor,prompt-user,critical,/profile?tab=gpa,user_prompt,actionable,user,user-owned profile/school-list/essay/resume/recommendation UI or approved import,"no inferred first-party facts, no raw-user-ID default exports, no live notification send",,
9db4da165fe7fcc3c4db12e8,e487699478e5852a01f5452f,profile,profile.gpa_anchor,prompt-user,critical,/profile?tab=gpa,user_prompt,actionable,user,user-owned profile/school-list/essay/resume/recommendation UI or approved import,"no inferred first-party facts, no raw-user-ID default exports, no live notification send",,
26c843e5a4d548cb297a9373,cf2f3ed14657bb4361b52fd6,profile,profile.gpa_anchor,prompt-user,critical,/profile?tab=gpa,user_prompt,actionable,user,user-owned profile/school-list/essay/resume/recommendation UI or approved import,"no inferred first-party facts, no raw-user-ID default exports, no live notification send",,
71644d88f2997836f3ee404b,85e17e886ea8574404bf06db,profile,profile.gpa_anchor,prompt-user,critical,/profile?tab=gpa,user_prompt,actionable,user,user-owned profile/school-list/essay/resume/recommendation UI or approved import,"no inferred first-party facts, no raw-user-ID default exports, no live notification send",,
d2fd6d977c19a8de68eb2558,fe94fbe339152aa569845a88,profile,profile.gpa_anchor,prompt-user,critical,/profile?tab=gpa,user_prompt,actionable,user,user-owned profile/school-list/essay/resume/recommendation UI or approved import,"no inferred first-party facts, no raw-user-ID default exports, no live notification send",,
5b0b5ce61f0ad24c1899feaf,b2a7f5b361f3945fd310ea56,profile,profile.gpa_anchor,prompt-user,critical,/profile?tab=gpa,user_prompt,actionable,user,user-owned profile/school-list/essay/resume/recommendation UI or approved import,"no inferred first-party facts, no raw-user-ID default exports, no live notification send",,
0a831f39a7dd6923b9265de2,d1874f5f3ea1962396aad74a,profile,profile.gpa_anchor,prompt-user,critical,/profile?tab=gpa,user_prompt,actionable,user,user-owned profile/school-list/essay/resume/recommendation UI or approved import,"no inferred first-party facts, no raw-user-ID default exports, no live notification send",,
c995ff23490bd159cd17004a,4aa923a4eb4b0a7a0517f4d7,profile,profile.gpa_anchor,prompt-user,critical,/profile?tab=gpa,user_prompt,actionable,user,user-owned profile/school-list/essay/resume/recommendation UI or approved import,"no inferred first-party facts, no raw-user-ID default exports, no live notification send",,
4a3449b94acfb2a0a4b5b09c,fc8de225b3758553b9a21a1c,profile,profile.gpa_anchor,prompt-user,critical,/profile?tab=gpa,user_prompt,actionable,user,user-owned profile/school-list/essay/resume/recommendation UI or approved import,"no inferred first-party facts, no raw-user-ID default exports, no live notification send",,
8b502d6fb2b2b71ef9d7c9cb,8cf79915c1b2f6db7f7f87c8,profile,profile.gpa_anchor,prompt-user,critical,/profile?tab=gpa,user_prompt,actionable,user,user-owned profile/school-list/essay/resume/recommendation UI or approved import,"no inferred first-party facts, no raw-user-ID default exports, no live notification send",,
8288dc7458f9bcfab0d8f5c1,4a7a185008b7cd5c390feab9,profile,profile.gpa_anchor,prompt-user,critical,/profile?tab=gpa,user_prompt,actionable,user,user-owned profile/school-list/essay/resume/recommendation UI or approved import,"no inferred first-party facts, no raw-user-ID default exports, no live notification send",,
1a6373e10bb3d32541b2b910,6410c2cd545b51f5356a95f4,profile,profile.gpa_anchor,prompt-user,critical,/profile?tab=gpa,user_prompt,actionable,user,user-owned profile/school-list/essay/resume/recommendation UI or approved import,"no inferred first-party facts, no raw-user-ID default exports, no live notification send",,
a42806d188acf56778ee03e4,1ebdd2eb05856ad6c7e49cb5,profile,profile.gpa_anchor,prompt-user,critical,/profile?tab=gpa,user_prompt,actionable,user,user-owned profile/school-list/essay/resume/recommendation UI or approved import,"no inferred first-party facts, no raw-user-ID default exports, no live notification send",,
0b720f6a71b460ee78e3f24c,7c50be8cd9b86f4161ce3b98,profile,profile.gpa_anchor,prompt-user,critical,/profile?tab=gpa,user_prompt,actionable,user,user-owned profile/school-list/essay/resume/recommendation UI or approved import,"no inferred first-party facts, no raw-user-ID default exports, no live notification send",,
98fd0a4139d0927132050b09,2e60959f4806bfb7683f3490,profile,profile.gpa_anchor,prompt-user,critical,/profile?tab=gpa,user_prompt,actionable,user,user-owned profile/school-list/essay/resume/recommendation UI or approved import,"no inferred first-party facts, no raw-user-ID default exports, no live notification send",,
c94c0e8e423736a432090851,5a6f2932013b43747ade5b1f,profile,profile.gpa_anchor,prompt-user,critical,/profile?tab=gpa,user_prompt,actionable,user,user-owned profile/school-list/essay/resume/recommendation UI or approved import,"no inferred first-party facts, no raw-user-ID default exports, no live notification send",,
f9677bfc218807bad05e7b70,11949a16f1db43597c6d0f92,profile,profile.gpa_anchor,prompt-user,critical,/profile?tab=gpa,user_prompt,actionable,user,user-owned profile/school-list/essay/resume/recommendation UI or approved import,"no inferred first-party facts, no raw-user-ID default exports, no live notification send",,
4181e0d8adaac85ff9b43e87,d59507e40ccb28f60173f9de,profile,profile.gpa_anchor,prompt-user,critical,/profile?tab=gpa,user_prompt,actionable,user,user-owned profile/school-list/essay/resume/recommendation UI or approved import,"no inferred first-party facts, no raw-user-ID default exports, no live notification send",,
e7a5fadf66d1c1078c000116,54e3559386c83d509f571358,profile,profile.gpa_anchor,prompt-user,critical,/profile?tab=gpa,user_prompt,actionable,user,user-owned profile/school-list/essay/resume/recommendation UI or approved import,"no inferred first-party facts, no raw-user-ID default exports, no live notification send",,
68e2cf7a8654b3cc3a57c387,543d710eca3428966f38d56a,profile,profile.gpa_anchor,prompt-user,critical,/profile?tab=gpa,user_prompt,actionable,user,user-owned profile/school-list/essay/resume/recommendation UI or approved import,"no inferred first-party facts, no raw-user-ID default exports, no live notification send",,
ca20d54d65873344887e703c,f8eb0f8d2a0b46422213d278,profile,profile.gpa_anchor,prompt-user,critical,/profile?tab=gpa,user_prompt,actionable,user,user-owned profile/school-list/essay/resume/recommendation UI or approved import,"no inferred first-party facts, no raw-user-ID default exports, no live notification send",,
d3a5b22f99ebc24899d1a815,45c22784b65a384c6a000180,profile,profile.gpa_anchor,prompt-user,critical,/profile?tab=gpa,user_prompt,actionable,user,user-owned profile/school-list/essay/resume/recommendation UI or approved import,"no inferred first-party facts, no raw-user-ID default exports, no live notification send",,
a59f8171573ae3240527a007,dfbe7fe65a6b231a96c2e35e,profile,profile.gpa_anchor,prompt-user,critical,/profile?tab=gpa,user_prompt,actionable,user,user-owned profile/school-list/essay/resume/recommendation UI or approved import,"no inferred first-party facts, no raw-user-ID default exports, no live notification send",,
639404cd050915f86004b521,0d38b90390f3df3aacefa896,profile,profile.gpa_anchor,prompt-user,critical,/profile?tab=gpa,user_prompt,actionable,user,user-owned profile/school-list/essay/resume/recommendation UI or approved import,"no inferred first-party facts, no raw-user-ID default exports, no live notification send",,
719ab878ec6ee832abf4c0d2,5226aad7a0fe017f473ec2cc,profile,profile.gpa_anchor,prompt-user,critical,/profile?tab=gpa,user_prompt,actionable,user,user-owned profile/school-list/essay/resume/recommendation UI or approved import,"no inferred first-party facts, no raw-user-ID default exports, no live notification send",,
5f17570d0e0e70c661401153,a01a78948445bee28c9a5972,profile,profile.gpa_anchor,prompt-user,critical,/profile?tab=gpa,user_prompt,actionable,user,user-owned profile/school-list/essay/resume/recommendation UI or approved import,"no inferred first-party facts, no raw-user-ID default exports, no live notification send",,
3cfe3d021c8f1b2f6025019b,5044e483734670dfe7970719,profile,profile.gpa_anchor,prompt-user,critical,/profile?tab=gpa,user_prompt,actionable,user,user-owned profile/school-list/essay/resume/recommendation UI or approved import,"no inferred first-party facts, no raw-user-ID default exports, no live notification send",,
c215bc6352a411c7c66d7202,cacd870eeb7d1b0e305eb290,profile,profile.gpa_anchor,prompt-user,critical,/profile?tab=gpa,user_prompt,actionable,user,user-owned profile/school-list/essay/resume/recommendation UI or approved import,"no inferred first-party facts, no raw-user-ID default exports, no live notification send",,
ce057dcdf01d9e6f54c1d459,1e829852654087633af81cc9,profile,profile.gpa_anchor,prompt-user,critical,/profile?tab=gpa,user_prompt,actionable,user,user-owned profile/school-list/essay/resume/recommendation UI or approved import,"no inferred first-party facts, no raw-user-ID default exports, no live notification send",,
6a8b5fb4bfeffd3f01249866,2cb24ed9eb1c4d63364c1062,profile,profile.gpa_anchor,prompt-user,critical,/profile?tab=gpa,user_prompt,actionable,user,user-owned profile/school-list/essay/resume/recommendation UI or approved import,"no inferred first-party facts, no raw-user-ID default exports, no live notification send",,
6bbf710638d3c79950ffc3fa,beffd80654a0a6e973061fe8,profile,profile.gpa_anchor,prompt-user,critical,/profile?tab=gpa,user_prompt,actionable,user,user-owned profile/school-list/essay/resume/recommendation UI or approved import,"no inferred first-party facts, no raw-user-ID default exports, no live notification send",,
2dd6b788641cdde2a081887b,1d6edb174c5c4a79c3c6f597,profile,profile.gpa_anchor,prompt-user,critical,/profile?tab=gpa,user_prompt,actionable,user,user-owned profile/school-list/essay/resume/recommendation UI or approved import,"no inferred first-party facts, no raw-user-ID default exports, no live notification send",,
71d0ab9def0bf16cf376727a,03099b7d7926de4915c2307b,profile,profile.gpa_anchor,prompt-user,critical,/profile?tab=gpa,user_prompt,actionable,user,user-owned profile/school-list/essay/resume/recommendation UI or approved import,"no inferred first-party facts, no raw-user-ID default exports, no live notification send",,
feaaf14c5a09b562f250b4ee,18bc0def86f96dc9d8032cf4,profile,profile.gpa_anchor,prompt-user,critical,/profile?tab=gpa,user_prompt,actionable,user,user-owned profile/school-list/essay/resume/recommendation UI or approved import,"no inferred first-party facts, no raw-user-ID default exports, no live notification send",,
6d13548d870a6d1cf3a8f337,d7aaa6f01de07ec58dbad0b1,profile,profile.gpa_anchor,prompt-user,critical,/profile?tab=gpa,user_prompt,actionable,user,user-owned profile/school-list/essay/resume/recommendation UI or approved import,"no inferred first-party facts, no raw-user-ID default exports, no live notification send",,
01815f316b763e58e48118bd,dbe46853dd76ef0b3871ec47,profile,profile.gpa_anchor,prompt-user,critical,/profile?tab=gpa,user_prompt,actionable,user,user-owned profile/school-list/essay/resume/recommendation UI or approved import,"no inferred first-party facts, no raw-user-ID default exports, no live notification send",,
e99a63d7bab49ff500686843,fc7b854dfad3986ab4c8774c,profile,profile.gpa_anchor,prompt-user,critical,/profile?tab=gpa,user_prompt,actionable,user,user-owned profile/school-list/essay/resume/recommendation UI or approved import,"no inferred first-party facts, no raw-user-ID default exports, no live notification send",,
986e56fec255334e54e3d342,3ed490d913f577e9c15901bf,profile,profile.gpa_anchor,prompt-user,critical,/profile?tab=gpa,user_prompt,actionable,user,user-owned profile/school-list/essay/resume/recommendation UI or approved import,"no inferred first-party facts, no raw-user-ID default exports, no live notification send",,
550d3608d821628afd081854,17b29a1e1cd753f82eaa0004,profile,profile.gpa_anchor,prompt-user,critical,/profile?tab=gpa,user_prompt,actionable,user,user-owned profile/school-list/essay/resume/recommendation UI or approved import,"no inferred first-party facts, no raw-user-ID default exports, no live notification send",,
686098ae45ed0cf2c7a6bb51,fd1d6497725c7aaad7a3c196,profile,profile.gpa_anchor,prompt-user,critical,/profile?tab=gpa,user_prompt,actionable,user,user-owned profile/school-list/essay/resume/recommendation UI or approved import,"no inferred first-party facts, no raw-user-ID default exports, no live notification send",,
2f3ed54bc4a4e4371b560799,e76b246b99503b0c07e399b2,profile,profile.gpa_anchor,prompt-user,critical,/profile?tab=gpa,user_prompt,actionable,user,user-owned profile/school-list/essay/resume/recommendation UI or approved import,"no inferred first-party facts, no raw-user-ID default exports, no live notification send",,
3b24a69992609593175c52e9,f3e701ab37560748c10a7253,profile,profile.gpa_anchor,prompt-user,critical,/profile?tab=gpa,user_prompt,actionable,user,user-owned profile/school-list/essay/resume/recommendation UI or approved import,"no inferred first-party facts, no raw-user-ID default exports, no live notification send",,
9ab04e7675e18d84ea1ea374,abd5622ea74cceed6dede107,profile,profile.gpa_anchor,prompt-user,critical,/profile?tab=gpa,user_prompt,actionable,user,user-owned profile/school-list/essay/resume/recommendation UI or approved import,"no inferred first-party facts, no raw-user-ID default exports, no live notification send",,
f818e439b555d3d2d844fe71,2602385b62043a9e3025b517,profile,profile.gpa_anchor,prompt-user,critical,/profile?tab=gpa,user_prompt,actionable,user,user-owned profile/school-list/essay/resume/recommendation UI or approved import,"no inferred first-party facts, no raw-user-ID default exports, no live notification send",,
d864a2017f74175e39130328,73e60992ad694dbf05d313f9,profile,profile.gpa_anchor,prompt-user,critical,/profile?tab=gpa,user_prompt,actionable,user,user-owned profile/school-list/essay/resume/recommendation UI or approved import,"no inferred first-party facts, no raw-user-ID default exports, no live notification send",,
b58814f9c5d40c2cca9cd0ba,b22551ed28a844c40361f4c6,profile,profile.gpa_anchor,prompt-user,critical,/profile?tab=gpa,user_prompt,actionable,user,user-owned profile/school-list/essay/resume/recommendation UI or approved import,"no inferred first-party facts, no raw-user-ID default exports, no live notification send",,
ea594aacc0071fab15e09640,8291c39c23e9854c77949587,profile,profile.gpa_anchor,prompt-user,critical,/profile?tab=gpa,user_prompt,actionable,user,user-owned profile/school-list/essay/resume/recommendation UI or approved import,"no inferred first-party facts, no raw-user-ID default exports, no live notification send",,
4767e40f0ac5b61bc56681e6,66e28a97f69ea9177ec6e239,profile,profile.gpa_anchor,prompt-user,critical,/profile?tab=gpa,user_prompt,actionable,user,user-owned profile/school-list/essay/resume/recommendation UI or approved import,"no inferred first-party facts, no raw-user-ID default exports, no live notification send",,
bb132178d629a66fc7aefd01,664f3a82867f761aa9082952,profile,profile.gpa_anchor,prompt-user,critical,/profile?tab=gpa,user_prompt,actionable,user,user-owned profile/school-list/essay/resume/recommendation UI or approved import,"no inferred first-party facts, no raw-user-ID default exports, no live notification send",,
932efce71e173e4704914319,5e5ecc8d86964733a3bd9bfd,profile,profile.gpa_anchor,prompt-user,critical,/profile?tab=gpa,user_prompt,actionable,user,user-owned profile/school-list/essay/resume/recommendation UI or approved import,"no inferred first-party facts, no raw-user-ID default exports, no live notification send",,
ec5bdd2b5351c8e584d3be8d,29ca348769849ba58b071162,profile,profile.gpa_anchor,prompt-user,critical,/profile?tab=gpa,user_prompt,actionable,user,user-owned profile/school-list/essay/resume/recommendation UI or approved import,"no inferred first-party facts, no raw-user-ID default exports, no live notification send",,
28dc96231ed06b299208eff5,1134a45529007d06fa5d1edb,profile,profile.gpa_anchor,prompt-user,critical,/profile?tab=gpa,user_prompt,actionable,user,user-owned profile/school-list/essay/resume/recommendation UI or approved import,"no inferred first-party facts, no raw-user-ID default exports, no live notification send",,
2c9771be6f35b5904dbbe14b,a254c6762b1623455829ff10,profile,profile.gpa_anchor,prompt-user,critical,/profile?tab=gpa,user_prompt,actionable,user,user-owned profile/school-list/essay/resume/recommendation UI or approved import,"no inferred first-party facts, no raw-user-ID default exports, no live notification send",,
be69b9e0cebe6aec14a2ebf4,4b018ff55c5cb933a8af6b2d,profile,profile.gpa_anchor,prompt-user,critical,/profile?tab=gpa,user_prompt,actionable,user,user-owned profile/school-list/essay/resume/recommendation UI or approved import,"no inferred first-party facts, no raw-user-ID default exports, no live notification send",,
3b8ce71113797c845bb872a3,e7aa36a405ca7979e329e87b,profile,profile.gpa_anchor,prompt-user,critical,/profile?tab=gpa,user_prompt,actionable,user,user-owned profile/school-list/essay/resume/recommendation UI or approved import,"no inferred first-party facts, no raw-user-ID default exports, no live notification send",,
13d29e45f6794b8697671204,ca6c76c02fcc72e715d068d8,profile,profile.gpa_anchor,prompt-user,critical,/profile?tab=gpa,user_prompt,actionable,user,user-owned profile/school-list/essay/resume/recommendation UI or approved import,"no inferred first-party facts, no raw-user-ID default exports, no live notification send",,
76ba6c9798c8630b641eee3f,a921641dc4b1526d1a01917b,profile,profile.gpa_anchor,prompt-user,critical,/profile?tab=gpa,user_prompt,actionable,user,user-owned profile/school-list/essay/resume/recommendation UI or approved import,"no inferred first-party facts, no raw-user-ID default exports, no live notification send",,
62d24e8597a55a5a0a4fd2d7,ebdd5efd8dc0fc61274cd467,profile,profile.gpa_anchor,prompt-user,critical,/profile?tab=gpa,user_prompt,actionable,user,user-owned profile/school-list/essay/resume/recommendation UI or approved import,"no inferred first-party facts, no raw-user-ID default exports, no live notification send",,
8ba8880892cf6b4d1a83a00f,8810301b97ae49e59d07d6de,profile,profile.gpa_anchor,prompt-user,critical,/profile?tab=gpa,user_prompt,actionable,user,user-owned profile/school-list/essay/resume/recommendation UI or approved import,"no inferred first-party facts, no raw-user-ID default exports, no live notification send",,
71f206d1ac1510c3461c3f62,11234b2e38f9b1bb49207612,profile,profile.gpa_anchor,prompt-user,critical,/profile?tab=gpa,user_prompt,actionable,user,user-owned profile/school-list/essay/resume/recommendation UI or approved import,"no inferred first-party facts, no raw-user-ID default exports, no live notification send",,
7683420873a4efd6953dc8b0,dfd2712d91a9b6b52cd7a939,profile,profile.gpa_anchor,prompt-user,critical,/profile?tab=gpa,user_prompt,actionable,user,user-owned profile/school-list/essay/resume/recommendation UI or approved import,"no inferred first-party facts, no raw-user-ID default exports, no live notification send",,
ca22acb9dcd7763d46df7db9,f13448c63795d2838ae3d3aa,profile,profile.gpa_anchor,prompt-user,critical,/profile?tab=gpa,user_prompt,actionable,user,user-owned profile/school-list/essay/resume/recommendation UI or approved import,"no inferred first-party facts, no raw-user-ID default exports, no live notification send",,
3775406187707a6591ba5ffd,47846ee95cac0b56ae45d5f1,profile,profile.gpa_anchor,prompt-user,critical,/profile?tab=gpa,user_prompt,actionable,user,user-owned profile/school-list/essay/resume/recommendation UI or approved import,"no inferred first-party facts, no raw-user-ID default exports, no live notification send",,
d0d761906a40b0af30dec88f,b1cf8f9202fac78805196f3b,profile,profile.gpa_anchor,prompt-user,critical,/profile?tab=gpa,user_prompt,actionable,user,user-owned profile/school-list/essay/resume/recommendation UI or approved import,"no inferred first-party facts, no raw-user-ID default exports, no live notification send",,
fb0a159aa3969317733f50df,5d3f54ea3a1fd9d4e94e719a,profile,profile.gpa_anchor,prompt-user,critical,/profile?tab=gpa,user_prompt,actionable,user,user-owned profile/school-list/essay/resume/recommendation UI or approved import,"no inferred first-party facts, no raw-user-ID default exports, no live notification send",,
c5afca47c781c4069ed80f5e,56d95fc96f640bc7aeee88cb,profile,profile.gpa_anchor,prompt-user,critical,/profile?tab=gpa,user_prompt,actionable,user,user-owned profile/school-list/essay/resume/recommendation UI or approved import,"no inferred first-party facts, no raw-user-ID default exports, no live notification send",,
0efe95a39b123e55e09226e0,f9bb2679f3487a696a06b36a,profile,profile.gpa_anchor,prompt-user,critical,/profile?tab=gpa,user_prompt,actionable,user,user-owned profile/school-list/essay/resume/recommendation UI or approved import,"no inferred first-party facts, no raw-user-ID default exports, no live notification send",,
ba758da9fffbee1f2fa7988b,f208d7e70269a7fceebf86e6,profile,profile.gpa_anchor,prompt-user,critical,/profile?tab=gpa,user_prompt,actionable,user,user-owned profile/school-list/essay/resume/recommendation UI or approved import,"no inferred first-party facts, no raw-user-ID default exports, no live notification send",,
594aeee3f872c97407a3fa6b,c086fb2c4e41afde6c957741,profile,profile.gpa_anchor,prompt-user,critical,/profile?tab=gpa,user_prompt,actionable,user,user-owned profile/school-list/essay/resume/recommendation UI or approved import,"no inferred first-party facts, no raw-user-ID default exports, no live notification send",,
b2f12af5f1e42440fc153d6e,a6269d71b6b9bc7677fdc2b8,profile,profile.gpa_anchor,prompt-user,critical,/profile?tab=gpa,user_prompt,actionable,user,user-owned profile/school-list/essay/resume/recommendation UI or approved import,"no inferred first-party facts, no raw-user-ID default exports, no live notification send",,
2b751a04c67db0dca7fa08a4,5a2eff24f6f702dba34dcfbd,profile,profile.gpa_anchor,prompt-user,critical,/profile?tab=gpa,user_prompt,actionable,user,user-owned profile/school-list/essay/resume/recommendation UI or approved import,"no inferred first-party facts, no raw-user-ID default exports, no live notification send",,
fded1e82fc08fe3dc6ae0cd1,d66f3580bc3de0ae18c4f7e5,profile,profile.gpa_anchor,prompt-user,critical,/profile?tab=gpa,user_prompt,actionable,user,user-owned profile/school-list/essay/resume/recommendation UI or approved import,"no inferred first-party facts, no raw-user-ID default exports, no live notification send",,
1dcbb6e310b3647283b3cccc,ae74077f992f8a770765c79d,profile,profile.major,prompt-user,critical,/profile?tab=basic,user_prompt,actionable,user,user-owned profile/school-list/essay/resume/recommendation UI or approved import,"no inferred first-party facts, no raw-user-ID default exports, no live notification send",,
df5585906015fd0358d5de0d,dcf4f4031d77be3f6b4c28cb,profile,profile.major,prompt-user,critical,/profile?tab=basic,user_prompt,actionable,user,user-owned profile/school-list/essay/resume/recommendation UI or approved import,"no inferred first-party facts, no raw-user-ID default exports, no live notification send",,
4a070e6ff84a1f2e291a113f,5e068c8dc7b4c890cd028525,profile,profile.major,prompt-user,critical,/profile?tab=basic,user_prompt,actionable,user,user-owned profile/school-list/essay/resume/recommendation UI or approved import,"no inferred first-party facts, no raw-user-ID default exports, no live notification send",,
933c8fbcf844473497664ebc,a080791fc5afd2fd65717791,profile,profile.major,prompt-user,critical,/profile?tab=basic,user_prompt,actionable,user,user-owned profile/school-list/essay/resume/recommendation UI or approved import,"no inferred first-party facts, no raw-user-ID default exports, no live notification send",,
b9080384f5e48931d9672942,dfbdb1bfb5ba2e55947ffacb,profile,profile.major,prompt-user,critical,/profile?tab=basic,user_prompt,actionable,user,user-owned profile/school-list/essay/resume/recommendation UI or approved import,"no inferred first-party facts, no raw-user-ID default exports, no live notification send",,
2ba9ae2789a823fff9e99e40,fa17461feb2a296bf410fd51,profile,profile.major,prompt-user,critical,/profile?tab=basic,user_prompt,actionable,user,user-owned profile/school-list/essay/resume/recommendation UI or approved import,"no inferred first-party facts, no raw-user-ID default exports, no live notification send",,
e523653fa42814ef3eadc5e2,3c9553d15ae84cd029f9a45e,profile,profile.major,prompt-user,critical,/profile?tab=basic,user_prompt,actionable,user,user-owned profile/school-list/essay/resume/recommendation UI or approved import,"no inferred first-party facts, no raw-user-ID default exports, no live notification send",,
548e347fbdaf43be08e93286,d34e7c86d1fe4b4e4f3dd8b5,profile,profile.major,prompt-user,critical,/profile?tab=basic,user_prompt,actionable,user,user-owned profile/school-list/essay/resume/recommendation UI or approved import,"no inferred first-party facts, no raw-user-ID default exports, no live notification send",,
4a9a5325fca32ac5aa4d26c1,41987896ad3e2c2b584d8822,profile,profile.major,prompt-user,critical,/profile?tab=basic,user_prompt,actionable,user,user-owned profile/school-list/essay/resume/recommendation UI or approved import,"no inferred first-party facts, no raw-user-ID default exports, no live notification send",,
a17521d2860dea1a7b772a50,4d80d091ce6c3c3bbfb73020,profile,profile.major,prompt-user,critical,/profile?tab=basic,user_prompt,actionable,user,user-owned profile/school-list/essay/resume/recommendation UI or approved import,"no inferred first-party facts, no raw-user-ID default exports, no live notification send",,
239876530e8400c075556f29,a371d99e7990b1712ac0d07f,profile,profile.major,prompt-user,critical,/profile?tab=basic,user_prompt,actionable,user,user-owned profile/school-list/essay/resume/recommendation UI or approved import,"no inferred first-party facts, no raw-user-ID default exports, no live notification send",,
8fc27fe02716e3c77f4c9217,9111330cde59a737a7fbe9d2,profile,profile.major,prompt-user,critical,/profile?tab=basic,user_prompt,actionable,user,user-owned profile/school-list/essay/resume/recommendation UI or approved import,"no inferred first-party facts, no raw-user-ID default exports, no live notification send",,
3315de3a8f38e51c6e718bd4,6596f538050d130001eb66fd,profile,profile.major,prompt-user,critical,/profile?tab=basic,user_prompt,actionable,user,user-owned profile/school-list/essay/resume/recommendation UI or approved import,"no inferred first-party facts, no raw-user-ID default exports, no live notification send",,
81693f3a9d0880c99db5d8eb,f8576ed8705f4e1a21c111d4,profile,profile.major,prompt-user,critical,/profile?tab=basic,user_prompt,actionable,user,user-owned profile/school-list/essay/resume/recommendation UI or approved import,"no inferred first-party facts, no raw-user-ID default exports, no live notification send",,
42911f743ee6aec754611f0a,8cbd0cb44e65485bb14e40b4,profile,profile.major,prompt-user,critical,/profile?tab=basic,user_prompt,actionable,user,user-owned profile/school-list/essay/resume/recommendation UI or approved import,"no inferred first-party facts, no raw-user-ID default exports, no live notification send",,
a3528862a20f112072f07dec,16ce403f5cdd5ce323d7d56a,profile,profile.major,prompt-user,critical,/profile?tab=basic,user_prompt,actionable,user,user-owned profile/school-list/essay/resume/recommendation UI or approved import,"no inferred first-party facts, no raw-user-ID default exports, no live notification send",,
e510af0c8def66fed7a41269,07b560c00ebbeae89757ba92,profile,profile.major,prompt-user,critical,/profile?tab=basic,user_prompt,actionable,user,user-owned profile/school-list/essay/resume/recommendation UI or approved import,"no inferred first-party facts, no raw-user-ID default exports, no live notification send",,
8a25c91ceddfae6e4160c58e,23f48cbbd8bb302d47877816,profile,profile.major,prompt-user,critical,/profile?tab=basic,user_prompt,actionable,user,user-owned profile/school-list/essay/resume/recommendation UI or approved import,"no inferred first-party facts, no raw-user-ID default exports, no live notification send",,
f0c8fe12bebd09636b7cd4a6,f3198e3d4b8dfbe1dc7ef401,profile,profile.major,prompt-user,critical,/profile?tab=basic,user_prompt,actionable,user,user-owned profile/school-list/essay/resume/recommendation UI or approved import,"no inferred first-party facts, no raw-user-ID default exports, no live notification send",,
448f80c986e8da56dc55d7ce,d8b66d7a77fb0898c274f016,profile,profile.major,prompt-user,critical,/profile?tab=basic,user_prompt,actionable,user,user-owned profile/school-list/essay/resume/recommendation UI or approved import,"no inferred first-party facts, no raw-user-ID default exports, no live notification send",,
3189c565a909046c4fd6a3e3,4d3c3bd653a94add62332ca7,profile,profile.major,prompt-user,critical,/profile?tab=basic,user_prompt,actionable,user,user-owned profile/school-list/essay/resume/recommendation UI or approved import,"no inferred first-party facts, no raw-user-ID default exports, no live notification send",,
969f0a6da6dcccc818b2d053,349b11a3f796ddd02fac5df4,profile,profile.major,prompt-user,critical,/profile?tab=basic,user_prompt,actionable,user,user-owned profile/school-list/essay/resume/recommendation UI or approved import,"no inferred first-party facts, no raw-user-ID default exports, no live notification send",,
886a1ffc2b7eafe348230a62,496c4289233f7686705eb9cc,profile,profile.major,prompt-user,critical,/profile?tab=basic,user_prompt,actionable,user,user-owned profile/school-list/essay/resume/recommendation UI or approved import,"no inferred first-party facts, no raw-user-ID default exports, no live notification send",,
e806e3691e6e2df024691a2b,792185c76419227985fe39c6,profile,profile.major,prompt-user,critical,/profile?tab=basic,user_prompt,actionable,user,user-owned profile/school-list/essay/resume/recommendation UI or approved import,"no inferred first-party facts, no raw-user-ID default exports, no live notification send",,
12e0eebeeec38d62e5a0d3d4,e68a34176110a03fb1b0e1a7,profile,profile.major,prompt-user,critical,/profile?tab=basic,user_prompt,actionable,user,user-owned profile/school-list/essay/resume/recommendation UI or approved import,"no inferred first-party facts, no raw-user-ID default exports, no live notification send",,
91a70d5fa0ff8d12a86e2a5a,cc19790a20627dcf671b0696,profile,profile.major,prompt-user,critical,/profile?tab=basic,user_prompt,actionable,user,user-owned profile/school-list/essay/resume/recommendation UI or approved import,"no inferred first-party facts, no raw-user-ID default exports, no live notification send",,
8fc1697c15092a2b07926f70,9268bb2df1ae7eb423b40e68,profile,profile.major,prompt-user,critical,/profile?tab=basic,user_prompt,actionable,user,user-owned profile/school-list/essay/resume/recommendation UI or approved import,"no inferred first-party facts, no raw-user-ID default exports, no live notification send",,
0d909a631e8a38aba39711eb,a39a015fb33b59dab1e79583,profile,profile.major,prompt-user,critical,/profile?tab=basic,user_prompt,actionable,user,user-owned profile/school-list/essay/resume/recommendation UI or approved import,"no inferred first-party facts, no raw-user-ID default exports, no live notification send",,
3312c3fbbc5f925503c23541,70a9eda088b1d81c8c2c6710,profile,profile.major,prompt-user,critical,/profile?tab=basic,user_prompt,actionable,user,user-owned profile/school-list/essay/resume/recommendation UI or approved import,"no inferred first-party facts, no raw-user-ID default exports, no live notification send",,
951efa9a78747fd1f702a582,e7f17db1b3d37787f764e825,profile,profile.major,prompt-user,critical,/profile?tab=basic,user_prompt,actionable,user,user-owned profile/school-list/essay/resume/recommendation UI or approved import,"no inferred first-party facts, no raw-user-ID default exports, no live notification send",,
9ce8b002b8c6978d1d50ca34,296c586ab4f761371e0cbf88,profile,profile.major,prompt-user,critical,/profile?tab=basic,user_prompt,actionable,user,user-owned profile/school-list/essay/resume/recommendation UI or approved import,"no inferred first-party facts, no raw-user-ID default exports, no live notification send",,
a5ce79e3ee65a9b900b1d3ec,6ad354ae95ed116979f53605,profile,profile.major,prompt-user,critical,/profile?tab=basic,user_prompt,actionable,user,user-owned profile/school-list/essay/resume/recommendation UI or approved import,"no inferred first-party facts, no raw-user-ID default exports, no live notification send",,
8acb1d168ae7de069f4d5d41,c2fb04257a3dbfd64ef42235,profile,profile.major,prompt-user,critical,/profile?tab=basic,user_prompt,actionable,user,user-owned profile/school-list/essay/resume/recommendation UI or approved import,"no inferred first-party facts, no raw-user-ID default exports, no live notification send",,
79637912dce7f904c64328bb,063b024d5235f2864bf7976b,profile,profile.major,prompt-user,critical,/profile?tab=basic,user_prompt,actionable,user,user-owned profile/school-list/essay/resume/recommendation UI or approved import,"no inferred first-party facts, no raw-user-ID default exports, no live notification send",,
1b509e80303bfb72347c7122,a69f207d386676eb5d4c6068,profile,profile.major,prompt-user,critical,/profile?tab=basic,user_prompt,actionable,user,user-owned profile/school-list/essay/resume/recommendation UI or approved import,"no inferred first-party facts, no raw-user-ID default exports, no live notification send",,
ca2ccfb1838fd1cd9b1b428a,0dd5690ef245b29c752978ab,profile,profile.major,prompt-user,critical,/profile?tab=basic,user_prompt,actionable,user,user-owned profile/school-list/essay/resume/recommendation UI or approved import,"no inferred first-party facts, no raw-user-ID default exports, no live notification send",,
d4f1ee39fe1a2af08fbd5161,6bd54dc4b93df493e735968f,profile,profile.major,prompt-user,critical,/profile?tab=basic,user_prompt,actionable,user,user-owned profile/school-list/essay/resume/recommendation UI or approved import,"no inferred first-party facts, no raw-user-ID default exports, no live notification send",,
062118d350b761fdd04aa833,4447d4720fb09d0cf9f974b1,profile,profile.major,prompt-user,critical,/profile?tab=basic,user_prompt,actionable,user,user-owned profile/school-list/essay/resume/recommendation UI or approved import,"no inferred first-party facts, no raw-user-ID default exports, no live notification send",,
e36192e1857a30c62f9c8a38,1e02ca5c816e125387e943ea,profile,profile.major,prompt-user,critical,/profile?tab=basic,user_prompt,actionable,user,user-owned profile/school-list/essay/resume/recommendation UI or approved import,"no inferred first-party facts, no raw-user-ID default exports, no live notification send",,
4a216ad9b35ebe5103f8526b,c4f622849d37b4b65dec3cec,profile,profile.major,prompt-user,critical,/profile?tab=basic,user_prompt,actionable,user,user-owned profile/school-list/essay/resume/recommendation UI or approved import,"no inferred first-party facts, no raw-user-ID default exports, no live notification send",,
69ece4fe3e5b32f6470b9361,73c05ab78066f89172cd4600,profile,profile.major,prompt-user,critical,/profile?tab=basic,user_prompt,actionable,user,user-owned profile/school-list/essay/resume/recommendation UI or approved import,"no inferred first-party facts, no raw-user-ID default exports, no live notification send",,
c55a37df2b2958e3ddc0868f,fb3adf3bf3209373369bc84f,profile,profile.major,prompt-user,critical,/profile?tab=basic,user_prompt,actionable,user,user-owned profile/school-list/essay/resume/recommendation UI or approved import,"no inferred first-party facts, no raw-user-ID default exports, no live notification send",,
5787255212e567a3fd4aef81,bc8c05acbe1509e433fc0da5,profile,profile.major,prompt-user,critical,/profile?tab=basic,user_prompt,actionable,user,user-owned profile/school-list/essay/resume/recommendation UI or approved import,"no inferred first-party facts, no raw-user-ID default exports, no live notification send",,
d093f57d658870c61d5a8e9d,ce94abf53f14f5538a81eb16,profile,profile.major,prompt-user,critical,/profile?tab=basic,user_prompt,actionable,user,user-owned profile/school-list/essay/resume/recommendation UI or approved import,"no inferred first-party facts, no raw-user-ID default exports, no live notification send",,
b87b213f6a58cc8a8a77c7ac,bfaf9aaee511da1bf287d36d,profile,profile.major,prompt-user,critical,/profile?tab=basic,user_prompt,actionable,user,user-owned profile/school-list/essay/resume/recommendation UI or approved import,"no inferred first-party facts, no raw-user-ID default exports, no live notification send",,
d70ffb08141d2abc371fc479,c52984e73ed2bb9d78b61972,profile,profile.major,prompt-user,critical,/profile?tab=basic,user_prompt,actionable,user,user-owned profile/school-list/essay/resume/recommendation UI or approved import,"no inferred first-party facts, no raw-user-ID default exports, no live notification send",,
9e902d09622c77bbe415a5f5,ebfe5890a319bc7c8c093b53,profile,profile.major,prompt-user,critical,/profile?tab=basic,user_prompt,actionable,user,user-owned profile/school-list/essay/resume/recommendation UI or approved import,"no inferred first-party facts, no raw-user-ID default exports, no live notification send",,
dd209784cbd3a7c37798dc81,95d691e906c76381adfe1a28,profile,profile.major,prompt-user,critical,/profile?tab=basic,user_prompt,actionable,user,user-owned profile/school-list/essay/resume/recommendation UI or approved import,"no inferred first-party facts, no raw-user-ID default exports, no live notification send",,
2058d7d3635541be9a81154d,58f91b77e67fbf46457a44bb,profile,profile.major,prompt-user,critical,/profile?tab=basic,user_prompt,actionable,user,user-owned profile/school-list/essay/resume/recommendation UI or approved import,"no inferred first-party facts, no raw-user-ID default exports, no live notification send",,
9c6f0258b7fd5c44ef788167,9c2fbbe0254b2440de64a955,profile,profile.major,prompt-user,critical,/profile?tab=basic,user_prompt,actionable,user,user-owned profile/school-list/essay/resume/recommendation UI or approved import,"no inferred first-party facts, no raw-user-ID default exports, no live notification send",,
e42b6750ab4ffde56312f465,c6d4f92a18ba12e55a77424f,profile,profile.major,prompt-user,critical,/profile?tab=basic,user_prompt,actionable,user,user-owned profile/school-list/essay/resume/recommendation UI or approved import,"no inferred first-party facts, no raw-user-ID default exports, no live notification send",,
508a6407c4ffc3bc4552ed30,a03881962cac9def370b6ddf,profile,profile.major,prompt-user,critical,/profile?tab=basic,user_prompt,actionable,user,user-owned profile/school-list/essay/resume/recommendation UI or approved import,"no inferred first-party facts, no raw-user-ID default exports, no live notification send",,
9fa02cb61bc3fad3b4609874,2521ef574f16719cfd342be4,profile,profile.major,prompt-user,critical,/profile?tab=basic,user_prompt,actionable,user,user-owned profile/school-list/essay/resume/recommendation UI or approved import,"no inferred first-party facts, no raw-user-ID default exports, no live notification send",,
1567868f57d48287128edcf2,bd5e7f1d9b2843a6c0ee281a,profile,profile.major,prompt-user,critical,/profile?tab=basic,user_prompt,actionable,user,user-owned profile/school-list/essay/resume/recommendation UI or approved import,"no inferred first-party facts, no raw-user-ID default exports, no live notification send",,
b5fa781fa1986e1165fdf9eb,d251e7b1a615c97aeb975753,profile,profile.major,prompt-user,critical,/profile?tab=basic,user_prompt,actionable,user,user-owned profile/school-list/essay/resume/recommendation UI or approved import,"no inferred first-party facts, no raw-user-ID default exports, no live notification send",,
0e675c04d379ac1f90bbb169,fa20510c8b2ca4eb06c9a50c,profile,profile.major,prompt-user,critical,/profile?tab=basic,user_prompt,actionable,user,user-owned profile/school-list/essay/resume/recommendation UI or approved import,"no inferred first-party facts, no raw-user-ID default exports, no live notification send",,
5d3f29c52332ccba6c3b64f6,38d8d2c6f2f414c01de125ae,profile,profile.major,prompt-user,critical,/profile?tab=basic,user_prompt,actionable,user,user-owned profile/school-list/essay/resume/recommendation UI or approved import,"no inferred first-party facts, no raw-user-ID default exports, no live notification send",,
0c46702af3ee822c715f3e93,7965d9f2065d1560654b7cb0,profile,profile.major,prompt-user,critical,/profile?tab=basic,user_prompt,actionable,user,user-owned profile/school-list/essay/resume/recommendation UI or approved import,"no inferred first-party facts, no raw-user-ID default exports, no live notification send",,
9db4da165fe7fcc3c4db12e8,e487699478e5852a01f5452f,profile,profile.major,prompt-user,critical,/profile?tab=basic,user_prompt,actionable,user,user-owned profile/school-list/essay/resume/recommendation UI or approved import,"no inferred first-party facts, no raw-user-ID default exports, no live notification send",,
26c843e5a4d548cb297a9373,cf2f3ed14657bb4361b52fd6,profile,profile.major,prompt-user,critical,/profile?tab=basic,user_prompt,actionable,user,user-owned profile/school-list/essay/resume/recommendation UI or approved import,"no inferred first-party facts, no raw-user-ID default exports, no live notification send",,
71644d88f2997836f3ee404b,85e17e886ea8574404bf06db,profile,profile.major,prompt-user,critical,/profile?tab=basic,user_prompt,actionable,user,user-owned profile/school-list/essay/resume/recommendation UI or approved import,"no inferred first-party facts, no raw-user-ID default exports, no live notification send",,
d2fd6d977c19a8de68eb2558,fe94fbe339152aa569845a88,profile,profile.major,prompt-user,critical,/profile?tab=basic,user_prompt,actionable,user,user-owned profile/school-list/essay/resume/recommendation UI or approved import,"no inferred first-party facts, no raw-user-ID default exports, no live notification send",,
5b0b5ce61f0ad24c1899feaf,b2a7f5b361f3945fd310ea56,profile,profile.major,prompt-user,critical,/profile?tab=basic,user_prompt,actionable,user,user-owned profile/school-list/essay/resume/recommendation UI or approved import,"no inferred first-party facts, no raw-user-ID default exports, no live notification send",,
0a831f39a7dd6923b9265de2,d1874f5f3ea1962396aad74a,profile,profile.major,prompt-user,critical,/profile?tab=basic,user_prompt,actionable,user,user-owned profile/school-list/essay/resume/recommendation UI or approved import,"no inferred first-party facts, no raw-user-ID default exports, no live notification send",,
c995ff23490bd159cd17004a,4aa923a4eb4b0a7a0517f4d7,profile,profile.major,prompt-user,critical,/profile?tab=basic,user_prompt,actionable,user,user-owned profile/school-list/essay/resume/recommendation UI or approved import,"no inferred first-party facts, no raw-user-ID default exports, no live notification send",,
4a3449b94acfb2a0a4b5b09c,fc8de225b3758553b9a21a1c,profile,profile.major,prompt-user,critical,/profile?tab=basic,user_prompt,actionable,user,user-owned profile/school-list/essay/resume/recommendation UI or approved import,"no inferred first-party facts, no raw-user-ID default exports, no live notification send",,
8b502d6fb2b2b71ef9d7c9cb,8cf79915c1b2f6db7f7f87c8,profile,profile.major,prompt-user,critical,/profile?tab=basic,user_prompt,actionable,user,user-owned profile/school-list/essay/resume/recommendation UI or approved import,"no inferred first-party facts, no raw-user-ID default exports, no live notification send",,
8288dc7458f9bcfab0d8f5c1,4a7a185008b7cd5c390feab9,profile,profile.major,prompt-user,critical,/profile?tab=basic,user_prompt,actionable,user,user-owned profile/school-list/essay/resume/recommendation UI or approved import,"no inferred first-party facts, no raw-user-ID default exports, no live notification send",,
1a6373e10bb3d32541b2b910,6410c2cd545b51f5356a95f4,profile,profile.major,prompt-user,critical,/profile?tab=basic,user_prompt,actionable,user,user-owned profile/school-list/essay/resume/recommendation UI or approved import,"no inferred first-party facts, no raw-user-ID default exports, no live notification send",,
a42806d188acf56778ee03e4,1ebdd2eb05856ad6c7e49cb5,profile,profile.major,prompt-user,critical,/profile?tab=basic,user_prompt,actionable,user,user-owned profile/school-list/essay/resume/recommendation UI or approved import,"no inferred first-party facts, no raw-user-ID default exports, no live notification send",,
0b720f6a71b460ee78e3f24c,7c50be8cd9b86f4161ce3b98,profile,profile.major,prompt-user,critical,/profile?tab=basic,user_prompt,actionable,user,user-owned profile/school-list/essay/resume/recommendation UI or approved import,"no inferred first-party facts, no raw-user-ID default exports, no live notification send",,
98fd0a4139d0927132050b09,2e60959f4806bfb7683f3490,profile,profile.major,prompt-user,critical,/profile?tab=basic,user_prompt,actionable,user,user-owned profile/school-list/essay/resume/recommendation UI or approved import,"no inferred first-party facts, no raw-user-ID default exports, no live notification send",,
c94c0e8e423736a432090851,5a6f2932013b43747ade5b1f,profile,profile.major,prompt-user,critical,/profile?tab=basic,user_prompt,actionable,user,user-owned profile/school-list/essay/resume/recommendation UI or approved import,"no inferred first-party facts, no raw-user-ID default exports, no live notification send",,
f9677bfc218807bad05e7b70,11949a16f1db43597c6d0f92,profile,profile.major,prompt-user,critical,/profile?tab=basic,user_prompt,actionable,user,user-owned profile/school-list/essay/resume/recommendation UI or approved import,"no inferred first-party facts, no raw-user-ID default exports, no live notification send",,
4181e0d8adaac85ff9b43e87,d59507e40ccb28f60173f9de,profile,profile.major,prompt-user,critical,/profile?tab=basic,user_prompt,actionable,user,user-owned profile/school-list/essay/resume/recommendation UI or approved import,"no inferred first-party facts, no raw-user-ID default exports, no live notification send",,
e7a5fadf66d1c1078c000116,54e3559386c83d509f571358,profile,profile.major,prompt-user,critical,/profile?tab=basic,user_prompt,actionable,user,user-owned profile/school-list/essay/resume/recommendation UI or approved import,"no inferred first-party facts, no raw-user-ID default exports, no live notification send",,
68e2cf7a8654b3cc3a57c387,543d710eca3428966f38d56a,profile,profile.major,prompt-user,critical,/profile?tab=basic,user_prompt,actionable,user,user-owned profile/school-list/essay/resume/recommendation UI or approved import,"no inferred first-party facts, no raw-user-ID default exports, no live notification send",,
ca20d54d65873344887e703c,f8eb0f8d2a0b46422213d278,profile,profile.major,prompt-user,critical,/profile?tab=basic,user_prompt,actionable,user,user-owned profile/school-list/essay/resume/recommendation UI or approved import,"no inferred first-party facts, no raw-user-ID default exports, no live notification send",,
d3a5b22f99ebc24899d1a815,45c22784b65a384c6a000180,profile,profile.major,prompt-user,critical,/profile?tab=basic,user_prompt,actionable,user,user-owned profile/school-list/essay/resume/recommendation UI or approved import,"no inferred first-party facts, no raw-user-ID default exports, no live notification send",,
a59f8171573ae3240527a007,dfbe7fe65a6b231a96c2e35e,profile,profile.major,prompt-user,critical,/profile?tab=basic,user_prompt,actionable,user,user-owned profile/school-list/essay/resume/recommendation UI or approved import,"no inferred first-party facts, no raw-user-ID default exports, no live notification send",,
639404cd050915f86004b521,0d38b90390f3df3aacefa896,profile,profile.major,prompt-user,critical,/profile?tab=basic,user_prompt,actionable,user,user-owned profile/school-list/essay/resume/recommendation UI or approved import,"no inferred first-party facts, no raw-user-ID default exports, no live notification send",,
719ab878ec6ee832abf4c0d2,5226aad7a0fe017f473ec2cc,profile,profile.major,prompt-user,critical,/profile?tab=basic,user_prompt,actionable,user,user-owned profile/school-list/essay/resume/recommendation UI or approved import,"no inferred first-party facts, no raw-user-ID default exports, no live notification send",,
5f17570d0e0e70c661401153,a01a78948445bee28c9a5972,profile,profile.major,prompt-user,critical,/profile?tab=basic,user_prompt,actionable,user,user-owned profile/school-list/essay/resume/recommendation UI or approved import,"no inferred first-party facts, no raw-user-ID default exports, no live notification send",,
3cfe3d021c8f1b2f6025019b,5044e483734670dfe7970719,profile,profile.major,prompt-user,critical,/profile?tab=basic,user_prompt,actionable,user,user-owned profile/school-list/essay/resume/recommendation UI or approved import,"no inferred first-party facts, no raw-user-ID default exports, no live notification send",,
c215bc6352a411c7c66d7202,cacd870eeb7d1b0e305eb290,profile,profile.major,prompt-user,critical,/profile?tab=basic,user_prompt,actionable,user,user-owned profile/school-list/essay/resume/recommendation UI or approved import,"no inferred first-party facts, no raw-user-ID default exports, no live notification send",,
ce057dcdf01d9e6f54c1d459,1e829852654087633af81cc9,profile,profile.major,prompt-user,critical,/profile?tab=basic,user_prompt,actionable,user,user-owned profile/school-list/essay/resume/recommendation UI or approved import,"no inferred first-party facts, no raw-user-ID default exports, no live notification send",,
6a8b5fb4bfeffd3f01249866,2cb24ed9eb1c4d63364c1062,profile,profile.major,prompt-user,critical,/profile?tab=basic,user_prompt,actionable,user,user-owned profile/school-list/essay/resume/recommendation UI or approved import,"no inferred first-party facts, no raw-user-ID default exports, no live notification send",,
6bbf710638d3c79950ffc3fa,beffd80654a0a6e973061fe8,profile,profile.major,prompt-user,critical,/profile?tab=basic,user_prompt,actionable,user,user-owned profile/school-list/essay/resume/recommendation UI or approved import,"no inferred first-party facts, no raw-user-ID default exports, no live notification send",,
2dd6b788641cdde2a081887b,1d6edb174c5c4a79c3c6f597,profile,profile.major,prompt-user,critical,/profile?tab=basic,user_prompt,actionable,user,user-owned profile/school-list/essay/resume/recommendation UI or approved import,"no inferred first-party facts, no raw-user-ID default exports, no live notification send",,
71d0ab9def0bf16cf376727a,03099b7d7926de4915c2307b,profile,profile.major,prompt-user,critical,/profile?tab=basic,user_prompt,actionable,user,user-owned profile/school-list/essay/resume/recommendation UI or approved import,"no inferred first-party facts, no raw-user-ID default exports, no live notification send",,
feaaf14c5a09b562f250b4ee,18bc0def86f96dc9d8032cf4,profile,profile.major,prompt-user,critical,/profile?tab=basic,user_prompt,actionable,user,user-owned profile/school-list/essay/resume/recommendation UI or approved import,"no inferred first-party facts, no raw-user-ID default exports, no live notification send",,
6d13548d870a6d1cf3a8f337,d7aaa6f01de07ec58dbad0b1,profile,profile.major,prompt-user,critical,/profile?tab=basic,user_prompt,actionable,user,user-owned profile/school-list/essay/resume/recommendation UI or approved import,"no inferred first-party facts, no raw-user-ID default exports, no live notification send",,
01815f316b763e58e48118bd,dbe46853dd76ef0b3871ec47,profile,profile.major,prompt-user,critical,/profile?tab=basic,user_prompt,actionable,user,user-owned profile/school-list/essay/resume/recommendation UI or approved import,"no inferred first-party facts, no raw-user-ID default exports, no live notification send",,
e99a63d7bab49ff500686843,fc7b854dfad3986ab4c8774c,profile,profile.major,prompt-user,critical,/profile?tab=basic,user_prompt,actionable,user,user-owned profile/school-list/essay/resume/recommendation UI or approved import,"no inferred first-party facts, no raw-user-ID default exports, no live notification send",,
986e56fec255334e54e3d342,3ed490d913f577e9c15901bf,profile,profile.major,prompt-user,critical,/profile?tab=basic,user_prompt,actionable,user,user-owned profile/school-list/essay/resume/recommendation UI or approved import,"no inferred first-party facts, no raw-user-ID default exports, no live notification send",,
550d3608d821628afd081854,17b29a1e1cd753f82eaa0004,profile,profile.major,prompt-user,critical,/profile?tab=basic,user_prompt,actionable,user,user-owned profile/school-list/essay/resume/recommendation UI or approved import,"no inferred first-party facts, no raw-user-ID default exports, no live notification send",,
686098ae45ed0cf2c7a6bb51,fd1d6497725c7aaad7a3c196,profile,profile.major,prompt-user,critical,/profile?tab=basic,user_prompt,actionable,user,user-owned profile/school-list/essay/resume/recommendation UI or approved import,"no inferred first-party facts, no raw-user-ID default exports, no live notification send",,
2f3ed54bc4a4e4371b560799,e76b246b99503b0c07e399b2,profile,profile.major,prompt-user,critical,/profile?tab=basic,user_prompt,actionable,user,user-owned profile/school-list/essay/resume/recommendation UI or approved import,"no inferred first-party facts, no raw-user-ID default exports, no live notification send",,
3b24a69992609593175c52e9,f3e701ab37560748c10a7253,profile,profile.major,prompt-user,critical,/profile?tab=basic,user_prompt,actionable,user,user-owned profile/school-list/essay/resume/recommendation UI or approved import,"no inferred first-party facts, no raw-user-ID default exports, no live notification send",,
41360de8052ab20ef755f974,,profile,profile.missing,prompt-user,critical,/profile,user_prompt,actionable,user,user-owned profile/school-list/essay/resume/recommendation UI or approved import,"no inferred first-party facts, no raw-user-ID default exports, no live notification send",,
d74d6712a403d06c64090a88,,profile,profile.missing,prompt-user,critical,/profile,user_prompt,actionable,user,user-owned profile/school-list/essay/resume/recommendation UI or approved import,"no inferred first-party facts, no raw-user-ID default exports, no live notification send",,
ed854b5f51f171e12a0bbfa3,,profile,profile.missing,prompt-user,critical,/profile,user_prompt,actionable,user,user-owned profile/school-list/essay/resume/recommendation UI or approved import,"no inferred first-party facts, no raw-user-ID default exports, no live notification send",,
1953ea060dfc0a0c423f6c18,,profile,profile.missing,prompt-user,critical,/profile,user_prompt,actionable,user,user-owned profile/school-list/essay/resume/recommendation UI or approved import,"no inferred first-party facts, no raw-user-ID default exports, no live notification send",,
2490a32a79e2f5d477910b91,a0e8278aa36c1b14956029fa,profile,profile.test_strategy,prompt-user,critical,/profile?tab=scores,user_prompt,actionable,user,user-owned profile/school-list/essay/resume/recommendation UI or approved import,"no inferred first-party facts, no raw-user-ID default exports, no live notification send",,
de8d658ab7cdae3ed3655250,0f66eb06f118aac87e34c39b,profile,profile.test_strategy,prompt-user,critical,/profile?tab=scores,user_prompt,actionable,user,user-owned profile/school-list/essay/resume/recommendation UI or approved import,"no inferred first-party facts, no raw-user-ID default exports, no live notification send",,
9850f766b798fb314028fe48,8a585ea0795c92a31a7b4137,profile,profile.test_strategy,prompt-user,critical,/profile?tab=scores,user_prompt,actionable,user,user-owned profile/school-list/essay/resume/recommendation UI or approved import,"no inferred first-party facts, no raw-user-ID default exports, no live notification send",,
5f50681fa629e6bd746621ec,75726397c344acd00970ed29,profile,profile.test_strategy,prompt-user,critical,/profile?tab=scores,user_prompt,actionable,user,user-owned profile/school-list/essay/resume/recommendation UI or approved import,"no inferred first-party facts, no raw-user-ID default exports, no live notification send",,
6e8558adc9bebd439177cf41,d0a25382830bf925ddb6a711,profile,profile.test_strategy,prompt-user,critical,/profile?tab=scores,user_prompt,actionable,user,user-owned profile/school-list/essay/resume/recommendation UI or approved import,"no inferred first-party facts, no raw-user-ID default exports, no live notification send",,
df464bfd30618095683eb575,97618134d6be63b45dc3116f,profile,profile.test_strategy,prompt-user,critical,/profile?tab=scores,user_prompt,actionable,user,user-owned profile/school-list/essay/resume/recommendation UI or approved import,"no inferred first-party facts, no raw-user-ID default exports, no live notification send",,
df5585906015fd0358d5de0d,dcf4f4031d77be3f6b4c28cb,profile,profile.test_strategy,prompt-user,critical,/profile?tab=scores,user_prompt,actionable,user,user-owned profile/school-list/essay/resume/recommendation UI or approved import,"no inferred first-party facts, no raw-user-ID default exports, no live notification send",,
4a070e6ff84a1f2e291a113f,5e068c8dc7b4c890cd028525,profile,profile.test_strategy,prompt-user,critical,/profile?tab=scores,user_prompt,actionable,user,user-owned profile/school-list/essay/resume/recommendation UI or approved import,"no inferred first-party facts, no raw-user-ID default exports, no live notification send",,
933c8fbcf844473497664ebc,a080791fc5afd2fd65717791,profile,profile.test_strategy,prompt-user,critical,/profile?tab=scores,user_prompt,actionable,user,user-owned profile/school-list/essay/resume/recommendation UI or approved import,"no inferred first-party facts, no raw-user-ID default exports, no live notification send",,
b9080384f5e48931d9672942,dfbdb1bfb5ba2e55947ffacb,profile,profile.test_strategy,prompt-user,critical,/profile?tab=scores,user_prompt,actionable,user,user-owned profile/school-list/essay/resume/recommendation UI or approved import,"no inferred first-party facts, no raw-user-ID default exports, no live notification send",,
2ba9ae2789a823fff9e99e40,fa17461feb2a296bf410fd51,profile,profile.test_strategy,prompt-user,critical,/profile?tab=scores,user_prompt,actionable,user,user-owned profile/school-list/essay/resume/recommendation UI or approved import,"no inferred first-party facts, no raw-user-ID default exports, no live notification send",,
e523653fa42814ef3eadc5e2,3c9553d15ae84cd029f9a45e,profile,profile.test_strategy,prompt-user,critical,/profile?tab=scores,user_prompt,actionable,user,user-owned profile/school-list/essay/resume/recommendation UI or approved import,"no inferred first-party facts, no raw-user-ID default exports, no live notification send",,
548e347fbdaf43be08e93286,d34e7c86d1fe4b4e4f3dd8b5,profile,profile.test_strategy,prompt-user,critical,/profile?tab=scores,user_prompt,actionable,user,user-owned profile/school-list/essay/resume/recommendation UI or approved import,"no inferred first-party facts, no raw-user-ID default exports, no live notification send",,
4a9a5325fca32ac5aa4d26c1,41987896ad3e2c2b584d8822,profile,profile.test_strategy,prompt-user,critical,/profile?tab=scores,user_prompt,actionable,user,user-owned profile/school-list/essay/resume/recommendation UI or approved import,"no inferred first-party facts, no raw-user-ID default exports, no live notification send",,
a17521d2860dea1a7b772a50,4d80d091ce6c3c3bbfb73020,profile,profile.test_strategy,prompt-user,critical,/profile?tab=scores,user_prompt,actionable,user,user-owned profile/school-list/essay/resume/recommendation UI or approved import,"no inferred first-party facts, no raw-user-ID default exports, no live notification send",,
239876530e8400c075556f29,a371d99e7990b1712ac0d07f,profile,profile.test_strategy,prompt-user,critical,/profile?tab=scores,user_prompt,actionable,user,user-owned profile/school-list/essay/resume/recommendation UI or approved import,"no inferred first-party facts, no raw-user-ID default exports, no live notification send",,
8fc27fe02716e3c77f4c9217,9111330cde59a737a7fbe9d2,profile,profile.test_strategy,prompt-user,critical,/profile?tab=scores,user_prompt,actionable,user,user-owned profile/school-list/essay/resume/recommendation UI or approved import,"no inferred first-party facts, no raw-user-ID default exports, no live notification send",,
3315de3a8f38e51c6e718bd4,6596f538050d130001eb66fd,profile,profile.test_strategy,prompt-user,critical,/profile?tab=scores,user_prompt,actionable,user,user-owned profile/school-list/essay/resume/recommendation UI or approved import,"no inferred first-party facts, no raw-user-ID default exports, no live notification send",,
81693f3a9d0880c99db5d8eb,f8576ed8705f4e1a21c111d4,profile,profile.test_strategy,prompt-user,critical,/profile?tab=scores,user_prompt,actionable,user,user-owned profile/school-list/essay/resume/recommendation UI or approved import,"no inferred first-party facts, no raw-user-ID default exports, no live notification send",,
42911f743ee6aec754611f0a,8cbd0cb44e65485bb14e40b4,profile,profile.test_strategy,prompt-user,critical,/profile?tab=scores,user_prompt,actionable,user,user-owned profile/school-list/essay/resume/recommendation UI or approved import,"no inferred first-party facts, no raw-user-ID default exports, no live notification send",,
a3528862a20f112072f07dec,16ce403f5cdd5ce323d7d56a,profile,profile.test_strategy,prompt-user,critical,/profile?tab=scores,user_prompt,actionable,user,user-owned profile/school-list/essay/resume/recommendation UI or approved import,"no inferred first-party facts, no raw-user-ID default exports, no live notification send",,
e510af0c8def66fed7a41269,07b560c00ebbeae89757ba92,profile,profile.test_strategy,prompt-user,critical,/profile?tab=scores,user_prompt,actionable,user,user-owned profile/school-list/essay/resume/recommendation UI or approved import,"no inferred first-party facts, no raw-user-ID default exports, no live notification send",,
8a25c91ceddfae6e4160c58e,23f48cbbd8bb302d47877816,profile,profile.test_strategy,prompt-user,critical,/profile?tab=scores,user_prompt,actionable,user,user-owned profile/school-list/essay/resume/recommendation UI or approved import,"no inferred first-party facts, no raw-user-ID default exports, no live notification send",,
f0c8fe12bebd09636b7cd4a6,f3198e3d4b8dfbe1dc7ef401,profile,profile.test_strategy,prompt-user,critical,/profile?tab=scores,user_prompt,actionable,user,user-owned profile/school-list/essay/resume/recommendation UI or approved import,"no inferred first-party facts, no raw-user-ID default exports, no live notification send",,
448f80c986e8da56dc55d7ce,d8b66d7a77fb0898c274f016,profile,profile.test_strategy,prompt-user,critical,/profile?tab=scores,user_prompt,actionable,user,user-owned profile/school-list/essay/resume/recommendation UI or approved import,"no inferred first-party facts, no raw-user-ID default exports, no live notification send",,
3189c565a909046c4fd6a3e3,4d3c3bd653a94add62332ca7,profile,profile.test_strategy,prompt-user,critical,/profile?tab=scores,user_prompt,actionable,user,user-owned profile/school-list/essay/resume/recommendation UI or approved import,"no inferred first-party facts, no raw-user-ID default exports, no live notification send",,
969f0a6da6dcccc818b2d053,349b11a3f796ddd02fac5df4,profile,profile.test_strategy,prompt-user,critical,/profile?tab=scores,user_prompt,actionable,user,user-owned profile/school-list/essay/resume/recommendation UI or approved import,"no inferred first-party facts, no raw-user-ID default exports, no live notification send",,
886a1ffc2b7eafe348230a62,496c4289233f7686705eb9cc,profile,profile.test_strategy,prompt-user,critical,/profile?tab=scores,user_prompt,actionable,user,user-owned profile/school-list/essay/resume/recommendation UI or approved import,"no inferred first-party facts, no raw-user-ID default exports, no live notification send",,
e806e3691e6e2df024691a2b,792185c76419227985fe39c6,profile,profile.test_strategy,prompt-user,critical,/profile?tab=scores,user_prompt,actionable,user,user-owned profile/school-list/essay/resume/recommendation UI or approved import,"no inferred first-party facts, no raw-user-ID default exports, no live notification send",,
12e0eebeeec38d62e5a0d3d4,e68a34176110a03fb1b0e1a7,profile,profile.test_strategy,prompt-user,critical,/profile?tab=scores,user_prompt,actionable,user,user-owned profile/school-list/essay/resume/recommendation UI or approved import,"no inferred first-party facts, no raw-user-ID default exports, no live notification send",,
91a70d5fa0ff8d12a86e2a5a,cc19790a20627dcf671b0696,profile,profile.test_strategy,prompt-user,critical,/profile?tab=scores,user_prompt,actionable,user,user-owned profile/school-list/essay/resume/recommendation UI or approved import,"no inferred first-party facts, no raw-user-ID default exports, no live notification send",,
8fc1697c15092a2b07926f70,9268bb2df1ae7eb423b40e68,profile,profile.test_strategy,prompt-user,critical,/profile?tab=scores,user_prompt,actionable,user,user-owned profile/school-list/essay/resume/recommendation UI or approved import,"no inferred first-party facts, no raw-user-ID default exports, no live notification send",,
0d909a631e8a38aba39711eb,a39a015fb33b59dab1e79583,profile,profile.test_strategy,prompt-user,critical,/profile?tab=scores,user_prompt,actionable,user,user-owned profile/school-list/essay/resume/recommendation UI or approved import,"no inferred first-party facts, no raw-user-ID default exports, no live notification send",,
3312c3fbbc5f925503c23541,70a9eda088b1d81c8c2c6710,profile,profile.test_strategy,prompt-user,critical,/profile?tab=scores,user_prompt,actionable,user,user-owned profile/school-list/essay/resume/recommendation UI or approved import,"no inferred first-party facts, no raw-user-ID default exports, no live notification send",,
951efa9a78747fd1f702a582,e7f17db1b3d37787f764e825,profile,profile.test_strategy,prompt-user,critical,/profile?tab=scores,user_prompt,actionable,user,user-owned profile/school-list/essay/resume/recommendation UI or approved import,"no inferred first-party facts, no raw-user-ID default exports, no live notification send",,
9ce8b002b8c6978d1d50ca34,296c586ab4f761371e0cbf88,profile,profile.test_strategy,prompt-user,critical,/profile?tab=scores,user_prompt,actionable,user,user-owned profile/school-list/essay/resume/recommendation UI or approved import,"no inferred first-party facts, no raw-user-ID default exports, no live notification send",,
a5ce79e3ee65a9b900b1d3ec,6ad354ae95ed116979f53605,profile,profile.test_strategy,prompt-user,critical,/profile?tab=scores,user_prompt,actionable,user,user-owned profile/school-list/essay/resume/recommendation UI or approved import,"no inferred first-party facts, no raw-user-ID default exports, no live notification send",,
8acb1d168ae7de069f4d5d41,c2fb04257a3dbfd64ef42235,profile,profile.test_strategy,prompt-user,critical,/profile?tab=scores,user_prompt,actionable,user,user-owned profile/school-list/essay/resume/recommendation UI or approved import,"no inferred first-party facts, no raw-user-ID default exports, no live notification send",,
79637912dce7f904c64328bb,063b024d5235f2864bf7976b,profile,profile.test_strategy,prompt-user,critical,/profile?tab=scores,user_prompt,actionable,user,user-owned profile/school-list/essay/resume/recommendation UI or approved import,"no inferred first-party facts, no raw-user-ID default exports, no live notification send",,
1b509e80303bfb72347c7122,a69f207d386676eb5d4c6068,profile,profile.test_strategy,prompt-user,critical,/profile?tab=scores,user_prompt,actionable,user,user-owned profile/school-list/essay/resume/recommendation UI or approved import,"no inferred first-party facts, no raw-user-ID default exports, no live notification send",,
ca2ccfb1838fd1cd9b1b428a,0dd5690ef245b29c752978ab,profile,profile.test_strategy,prompt-user,critical,/profile?tab=scores,user_prompt,actionable,user,user-owned profile/school-list/essay/resume/recommendation UI or approved import,"no inferred first-party facts, no raw-user-ID default exports, no live notification send",,
d4f1ee39fe1a2af08fbd5161,6bd54dc4b93df493e735968f,profile,profile.test_strategy,prompt-user,critical,/profile?tab=scores,user_prompt,actionable,user,user-owned profile/school-list/essay/resume/recommendation UI or approved import,"no inferred first-party facts, no raw-user-ID default exports, no live notification send",,
062118d350b761fdd04aa833,4447d4720fb09d0cf9f974b1,profile,profile.test_strategy,prompt-user,critical,/profile?tab=scores,user_prompt,actionable,user,user-owned profile/school-list/essay/resume/recommendation UI or approved import,"no inferred first-party facts, no raw-user-ID default exports, no live notification send",,
e36192e1857a30c62f9c8a38,1e02ca5c816e125387e943ea,profile,profile.test_strategy,prompt-user,critical,/profile?tab=scores,user_prompt,actionable,user,user-owned profile/school-list/essay/resume/recommendation UI or approved import,"no inferred first-party facts, no raw-user-ID default exports, no live notification send",,
4a216ad9b35ebe5103f8526b,c4f622849d37b4b65dec3cec,profile,profile.test_strategy,prompt-user,critical,/profile?tab=scores,user_prompt,actionable,user,user-owned profile/school-list/essay/resume/recommendation UI or approved import,"no inferred first-party facts, no raw-user-ID default exports, no live notification send",,
69ece4fe3e5b32f6470b9361,73c05ab78066f89172cd4600,profile,profile.test_strategy,prompt-user,critical,/profile?tab=scores,user_prompt,actionable,user,user-owned profile/school-list/essay/resume/recommendation UI or approved import,"no inferred first-party facts, no raw-user-ID default exports, no live notification send",,
c55a37df2b2958e3ddc0868f,fb3adf3bf3209373369bc84f,profile,profile.test_strategy,prompt-user,critical,/profile?tab=scores,user_prompt,actionable,user,user-owned profile/school-list/essay/resume/recommendation UI or approved import,"no inferred first-party facts, no raw-user-ID default exports, no live notification send",,
5787255212e567a3fd4aef81,bc8c05acbe1509e433fc0da5,profile,profile.test_strategy,prompt-user,critical,/profile?tab=scores,user_prompt,actionable,user,user-owned profile/school-list/essay/resume/recommendation UI or approved import,"no inferred first-party facts, no raw-user-ID default exports, no live notification send",,
d093f57d658870c61d5a8e9d,ce94abf53f14f5538a81eb16,profile,profile.test_strategy,prompt-user,critical,/profile?tab=scores,user_prompt,actionable,user,user-owned profile/school-list/essay/resume/recommendation UI or approved import,"no inferred first-party facts, no raw-user-ID default exports, no live notification send",,
b87b213f6a58cc8a8a77c7ac,bfaf9aaee511da1bf287d36d,profile,profile.test_strategy,prompt-user,critical,/profile?tab=scores,user_prompt,actionable,user,user-owned profile/school-list/essay/resume/recommendation UI or approved import,"no inferred first-party facts, no raw-user-ID default exports, no live notification send",,
d70ffb08141d2abc371fc479,c52984e73ed2bb9d78b61972,profile,profile.test_strategy,prompt-user,critical,/profile?tab=scores,user_prompt,actionable,user,user-owned profile/school-list/essay/resume/recommendation UI or approved import,"no inferred first-party facts, no raw-user-ID default exports, no live notification send",,
9e902d09622c77bbe415a5f5,ebfe5890a319bc7c8c093b53,profile,profile.test_strategy,prompt-user,critical,/profile?tab=scores,user_prompt,actionable,user,user-owned profile/school-list/essay/resume/recommendation UI or approved import,"no inferred first-party facts, no raw-user-ID default exports, no live notification send",,
dd209784cbd3a7c37798dc81,95d691e906c76381adfe1a28,profile,profile.test_strategy,prompt-user,critical,/profile?tab=scores,user_prompt,actionable,user,user-owned profile/school-list/essay/resume/recommendation UI or approved import,"no inferred first-party facts, no raw-user-ID default exports, no live notification send",,
2058d7d3635541be9a81154d,58f91b77e67fbf46457a44bb,profile,profile.test_strategy,prompt-user,critical,/profile?tab=scores,user_prompt,actionable,user,user-owned profile/school-list/essay/resume/recommendation UI or approved import,"no inferred first-party facts, no raw-user-ID default exports, no live notification send",,
9c6f0258b7fd5c44ef788167,9c2fbbe0254b2440de64a955,profile,profile.test_strategy,prompt-user,critical,/profile?tab=scores,user_prompt,actionable,user,user-owned profile/school-list/essay/resume/recommendation UI or approved import,"no inferred first-party facts, no raw-user-ID default exports, no live notification send",,
e42b6750ab4ffde56312f465,c6d4f92a18ba12e55a77424f,profile,profile.test_strategy,prompt-user,critical,/profile?tab=scores,user_prompt,actionable,user,user-owned profile/school-list/essay/resume/recommendation UI or approved import,"no inferred first-party facts, no raw-user-ID default exports, no live notification send",,
508a6407c4ffc3bc4552ed30,a03881962cac9def370b6ddf,profile,profile.test_strategy,prompt-user,critical,/profile?tab=scores,user_prompt,actionable,user,user-owned profile/school-list/essay/resume/recommendation UI or approved import,"no inferred first-party facts, no raw-user-ID default exports, no live notification send",,
9fa02cb61bc3fad3b4609874,2521ef574f16719cfd342be4,profile,profile.test_strategy,prompt-user,critical,/profile?tab=scores,user_prompt,actionable,user,user-owned profile/school-list/essay/resume/recommendation UI or approved import,"no inferred first-party facts, no raw-user-ID default exports, no live notification send",,
1567868f57d48287128edcf2,bd5e7f1d9b2843a6c0ee281a,profile,profile.test_strategy,prompt-user,critical,/profile?tab=scores,user_prompt,actionable,user,user-owned profile/school-list/essay/resume/recommendation UI or approved import,"no inferred first-party facts, no raw-user-ID default exports, no live notification send",,
b5fa781fa1986e1165fdf9eb,d251e7b1a615c97aeb975753,profile,profile.test_strategy,prompt-user,critical,/profile?tab=scores,user_prompt,actionable,user,user-owned profile/school-list/essay/resume/recommendation UI or approved import,"no inferred first-party facts, no raw-user-ID default exports, no live notification send",,
0e675c04d379ac1f90bbb169,fa20510c8b2ca4eb06c9a50c,profile,profile.test_strategy,prompt-user,critical,/profile?tab=scores,user_prompt,actionable,user,user-owned profile/school-list/essay/resume/recommendation UI or approved import,"no inferred first-party facts, no raw-user-ID default exports, no live notification send",,
5d3f29c52332ccba6c3b64f6,38d8d2c6f2f414c01de125ae,profile,profile.test_strategy,prompt-user,critical,/profile?tab=scores,user_prompt,actionable,user,user-owned profile/school-list/essay/resume/recommendation UI or approved import,"no inferred first-party facts, no raw-user-ID default exports, no live notification send",,
0c46702af3ee822c715f3e93,7965d9f2065d1560654b7cb0,profile,profile.test_strategy,prompt-user,critical,/profile?tab=scores,user_prompt,actionable,user,user-owned profile/school-list/essay/resume/recommendation UI or approved import,"no inferred first-party facts, no raw-user-ID default exports, no live notification send",,
9db4da165fe7fcc3c4db12e8,e487699478e5852a01f5452f,profile,profile.test_strategy,prompt-user,critical,/profile?tab=scores,user_prompt,actionable,user,user-owned profile/school-list/essay/resume/recommendation UI or approved import,"no inferred first-party facts, no raw-user-ID default exports, no live notification send",,
9ab04e7675e18d84ea1ea374,abd5622ea74cceed6dede107,profile,profile.test_strategy,prompt-user,critical,/profile?tab=scores,user_prompt,actionable,user,user-owned profile/school-list/essay/resume/recommendation UI or approved import,"no inferred first-party facts, no raw-user-ID default exports, no live notification send",,
f818e439b555d3d2d844fe71,2602385b62043a9e3025b517,profile,profile.test_strategy,prompt-user,critical,/profile?tab=scores,user_prompt,actionable,user,user-owned profile/school-list/essay/resume/recommendation UI or approved import,"no inferred first-party facts, no raw-user-ID default exports, no live notification send",,
d864a2017f74175e39130328,73e60992ad694dbf05d313f9,profile,profile.test_strategy,prompt-user,critical,/profile?tab=scores,user_prompt,actionable,user,user-owned profile/school-list/essay/resume/recommendation UI or approved import,"no inferred first-party facts, no raw-user-ID default exports, no live notification send",,
b58814f9c5d40c2cca9cd0ba,b22551ed28a844c40361f4c6,profile,profile.test_strategy,prompt-user,critical,/profile?tab=scores,user_prompt,actionable,user,user-owned profile/school-list/essay/resume/recommendation UI or approved import,"no inferred first-party facts, no raw-user-ID default exports, no live notification send",,
ea594aacc0071fab15e09640,8291c39c23e9854c77949587,profile,profile.test_strategy,prompt-user,critical,/profile?tab=scores,user_prompt,actionable,user,user-owned profile/school-list/essay/resume/recommendation UI or approved import,"no inferred first-party facts, no raw-user-ID default exports, no live notification send",,
4767e40f0ac5b61bc56681e6,66e28a97f69ea9177ec6e239,profile,profile.test_strategy,prompt-user,critical,/profile?tab=scores,user_prompt,actionable,user,user-owned profile/school-list/essay/resume/recommendation UI or approved import,"no inferred first-party facts, no raw-user-ID default exports, no live notification send",,
bb132178d629a66fc7aefd01,664f3a82867f761aa9082952,profile,profile.test_strategy,prompt-user,critical,/profile?tab=scores,user_prompt,actionable,user,user-owned profile/school-list/essay/resume/recommendation UI or approved import,"no inferred first-party facts, no raw-user-ID default exports, no live notification send",,
932efce71e173e4704914319,5e5ecc8d86964733a3bd9bfd,profile,profile.test_strategy,prompt-user,critical,/profile?tab=scores,user_prompt,actionable,user,user-owned profile/school-list/essay/resume/recommendation UI or approved import,"no inferred first-party facts, no raw-user-ID default exports, no live notification send",,
ec5bdd2b5351c8e584d3be8d,29ca348769849ba58b071162,profile,profile.test_strategy,prompt-user,critical,/profile?tab=scores,user_prompt,actionable,user,user-owned profile/school-list/essay/resume/recommendation UI or approved import,"no inferred first-party facts, no raw-user-ID default exports, no live notification send",,
28dc96231ed06b299208eff5,1134a45529007d06fa5d1edb,profile,profile.test_strategy,prompt-user,critical,/profile?tab=scores,user_prompt,actionable,user,user-owned profile/school-list/essay/resume/recommendation UI or approved import,"no inferred first-party facts, no raw-user-ID default exports, no live notification send",,
2c9771be6f35b5904dbbe14b,a254c6762b1623455829ff10,profile,profile.test_strategy,prompt-user,critical,/profile?tab=scores,user_prompt,actionable,user,user-owned profile/school-list/essay/resume/recommendation UI or approved import,"no inferred first-party facts, no raw-user-ID default exports, no live notification send",,
be69b9e0cebe6aec14a2ebf4,4b018ff55c5cb933a8af6b2d,profile,profile.test_strategy,prompt-user,critical,/profile?tab=scores,user_prompt,actionable,user,user-owned profile/school-list/essay/resume/recommendation UI or approved import,"no inferred first-party facts, no raw-user-ID default exports, no live notification send",,
3b8ce71113797c845bb872a3,e7aa36a405ca7979e329e87b,profile,profile.test_strategy,prompt-user,critical,/profile?tab=scores,user_prompt,actionable,user,user-owned profile/school-list/essay/resume/recommendation UI or approved import,"no inferred first-party facts, no raw-user-ID default exports, no live notification send",,
13d29e45f6794b8697671204,ca6c76c02fcc72e715d068d8,profile,profile.test_strategy,prompt-user,critical,/profile?tab=scores,user_prompt,actionable,user,user-owned profile/school-list/essay/resume/recommendation UI or approved import,"no inferred first-party facts, no raw-user-ID default exports, no live notification send",,
76ba6c9798c8630b641eee3f,a921641dc4b1526d1a01917b,profile,profile.test_strategy,prompt-user,critical,/profile?tab=scores,user_prompt,actionable,user,user-owned profile/school-list/essay/resume/recommendation UI or approved import,"no inferred first-party facts, no raw-user-ID default exports, no live notification send",,
62d24e8597a55a5a0a4fd2d7,ebdd5efd8dc0fc61274cd467,profile,profile.test_strategy,prompt-user,critical,/profile?tab=scores,user_prompt,actionable,user,user-owned profile/school-list/essay/resume/recommendation UI or approved import,"no inferred first-party facts, no raw-user-ID default exports, no live notification send",,
8ba8880892cf6b4d1a83a00f,8810301b97ae49e59d07d6de,profile,profile.test_strategy,prompt-user,critical,/profile?tab=scores,user_prompt,actionable,user,user-owned profile/school-list/essay/resume/recommendation UI or approved import,"no inferred first-party facts, no raw-user-ID default exports, no live notification send",,
71f206d1ac1510c3461c3f62,11234b2e38f9b1bb49207612,profile,profile.test_strategy,prompt-user,critical,/profile?tab=scores,user_prompt,actionable,user,user-owned profile/school-list/essay/resume/recommendation UI or approved import,"no inferred first-party facts, no raw-user-ID default exports, no live notification send",,
7683420873a4efd6953dc8b0,dfd2712d91a9b6b52cd7a939,profile,profile.test_strategy,prompt-user,critical,/profile?tab=scores,user_prompt,actionable,user,user-owned profile/school-list/essay/resume/recommendation UI or approved import,"no inferred first-party facts, no raw-user-ID default exports, no live notification send",,
ca22acb9dcd7763d46df7db9,f13448c63795d2838ae3d3aa,profile,profile.test_strategy,prompt-user,critical,/profile?tab=scores,user_prompt,actionable,user,user-owned profile/school-list/essay/resume/recommendation UI or approved import,"no inferred first-party facts, no raw-user-ID default exports, no live notification send",,
3775406187707a6591ba5ffd,47846ee95cac0b56ae45d5f1,profile,profile.test_strategy,prompt-user,critical,/profile?tab=scores,user_prompt,actionable,user,user-owned profile/school-list/essay/resume/recommendation UI or approved import,"no inferred first-party facts, no raw-user-ID default exports, no live notification send",,
d0d761906a40b0af30dec88f,b1cf8f9202fac78805196f3b,profile,profile.test_strategy,prompt-user,critical,/profile?tab=scores,user_prompt,actionable,user,user-owned profile/school-list/essay/resume/recommendation UI or approved import,"no inferred first-party facts, no raw-user-ID default exports, no live notification send",,
fb0a159aa3969317733f50df,5d3f54ea3a1fd9d4e94e719a,profile,profile.test_strategy,prompt-user,critical,/profile?tab=scores,user_prompt,actionable,user,user-owned profile/school-list/essay/resume/recommendation UI or approved import,"no inferred first-party facts, no raw-user-ID default exports, no live notification send",,
c5afca47c781c4069ed80f5e,56d95fc96f640bc7aeee88cb,profile,profile.test_strategy,prompt-user,critical,/profile?tab=scores,user_prompt,actionable,user,user-owned profile/school-list/essay/resume/recommendation UI or approved import,"no inferred first-party facts, no raw-user-ID default exports, no live notification send",,
0efe95a39b123e55e09226e0,f9bb2679f3487a696a06b36a,profile,profile.test_strategy,prompt-user,critical,/profile?tab=scores,user_prompt,actionable,user,user-owned profile/school-list/essay/resume/recommendation UI or approved import,"no inferred first-party facts, no raw-user-ID default exports, no live notification send",,
ba758da9fffbee1f2fa7988b,f208d7e70269a7fceebf86e6,profile,profile.test_strategy,prompt-user,critical,/profile?tab=scores,user_prompt,actionable,user,user-owned profile/school-list/essay/resume/recommendation UI or approved import,"no inferred first-party facts, no raw-user-ID default exports, no live notification send",,
594aeee3f872c97407a3fa6b,c086fb2c4e41afde6c957741,profile,profile.test_strategy,prompt-user,critical,/profile?tab=scores,user_prompt,actionable,user,user-owned profile/school-list/essay/resume/recommendation UI or approved import,"no inferred first-party facts, no raw-user-ID default exports, no live notification send",,
b2f12af5f1e42440fc153d6e,a6269d71b6b9bc7677fdc2b8,profile,profile.test_strategy,prompt-user,critical,/profile?tab=scores,user_prompt,actionable,user,user-owned profile/school-list/essay/resume/recommendation UI or approved import,"no inferred first-party facts, no raw-user-ID default exports, no live notification send",,
2b751a04c67db0dca7fa08a4,5a2eff24f6f702dba34dcfbd,profile,profile.test_strategy,prompt-user,critical,/profile?tab=scores,user_prompt,actionable,user,user-owned profile/school-list/essay/resume/recommendation UI or approved import,"no inferred first-party facts, no raw-user-ID default exports, no live notification send",,
fded1e82fc08fe3dc6ae0cd1,d66f3580bc3de0ae18c4f7e5,profile,profile.test_strategy,prompt-user,critical,/profile?tab=scores,user_prompt,actionable,user,user-owned profile/school-list/essay/resume/recommendation UI or approved import,"no inferred first-party facts, no raw-user-ID default exports, no live notification send",,
2490a32a79e2f5d477910b91,a0e8278aa36c1b14956029fa,school_list,school_list.add_first,prompt-user,critical,/schools,user_prompt,actionable,user,user-owned profile/school-list/essay/resume/recommendation UI or approved import,"no inferred first-party facts, no raw-user-ID default exports, no live notification send",,
de8d658ab7cdae3ed3655250,0f66eb06f118aac87e34c39b,school_list,school_list.add_first,prompt-user,critical,/schools,user_prompt,actionable,user,user-owned profile/school-list/essay/resume/recommendation UI or approved import,"no inferred first-party facts, no raw-user-ID default exports, no live notification send",,
9850f766b798fb314028fe48,8a585ea0795c92a31a7b4137,school_list,school_list.add_first,prompt-user,critical,/schools,user_prompt,actionable,user,user-owned profile/school-list/essay/resume/recommendation UI or approved import,"no inferred first-party facts, no raw-user-ID default exports, no live notification send",,
5f50681fa629e6bd746621ec,75726397c344acd00970ed29,school_list,school_list.add_first,prompt-user,critical,/schools,user_prompt,actionable,user,user-owned profile/school-list/essay/resume/recommendation UI or approved import,"no inferred first-party facts, no raw-user-ID default exports, no live notification send",,
851af7ce145d7cd3d61bc5e2,4b3718bb0c2ec144e8e60681,school_list,school_list.add_first,prompt-user,critical,/schools,user_prompt,actionable,user,user-owned profile/school-list/essay/resume/recommendation UI or approved import,"no inferred first-party facts, no raw-user-ID default exports, no live notification send",,
6e8558adc9bebd439177cf41,d0a25382830bf925ddb6a711,school_list,school_list.add_first,prompt-user,critical,/schools,user_prompt,actionable,user,user-owned profile/school-list/essay/resume/recommendation UI or approved import,"no inferred first-party facts, no raw-user-ID default exports, no live notification send",,
df464bfd30618095683eb575,97618134d6be63b45dc3116f,school_list,school_list.add_first,prompt-user,critical,/schools,user_prompt,actionable,user,user-owned profile/school-list/essay/resume/recommendation UI or approved import,"no inferred first-party facts, no raw-user-ID default exports, no live notification send",,
df5585906015fd0358d5de0d,dcf4f4031d77be3f6b4c28cb,school_list,school_list.add_first,prompt-user,critical,/schools,user_prompt,actionable,user,user-owned profile/school-list/essay/resume/recommendation UI or approved import,"no inferred first-party facts, no raw-user-ID default exports, no live notification send",,
4a070e6ff84a1f2e291a113f,5e068c8dc7b4c890cd028525,school_list,school_list.add_first,prompt-user,critical,/schools,user_prompt,actionable,user,user-owned profile/school-list/essay/resume/recommendation UI or approved import,"no inferred first-party facts, no raw-user-ID default exports, no live notification send",,
933c8fbcf844473497664ebc,a080791fc5afd2fd65717791,school_list,school_list.add_first,prompt-user,critical,/schools,user_prompt,actionable,user,user-owned profile/school-list/essay/resume/recommendation UI or approved import,"no inferred first-party facts, no raw-user-ID default exports, no live notification send",,
b9080384f5e48931d9672942,dfbdb1bfb5ba2e55947ffacb,school_list,school_list.add_first,prompt-user,critical,/schools,user_prompt,actionable,user,user-owned profile/school-list/essay/resume/recommendation UI or approved import,"no inferred first-party facts, no raw-user-ID default exports, no live notification send",,
2ba9ae2789a823fff9e99e40,fa17461feb2a296bf410fd51,school_list,school_list.add_first,prompt-user,critical,/schools,user_prompt,actionable,user,user-owned profile/school-list/essay/resume/recommendation UI or approved import,"no inferred first-party facts, no raw-user-ID default exports, no live notification send",,
e523653fa42814ef3eadc5e2,3c9553d15ae84cd029f9a45e,school_list,school_list.add_first,prompt-user,critical,/schools,user_prompt,actionable,user,user-owned profile/school-list/essay/resume/recommendation UI or approved import,"no inferred first-party facts, no raw-user-ID default exports, no live notification send",,
548e347fbdaf43be08e93286,d34e7c86d1fe4b4e4f3dd8b5,school_list,school_list.add_first,prompt-user,critical,/schools,user_prompt,actionable,user,user-owned profile/school-list/essay/resume/recommendation UI or approved import,"no inferred first-party facts, no raw-user-ID default exports, no live notification send",,
4a9a5325fca32ac5aa4d26c1,41987896ad3e2c2b584d8822,school_list,school_list.add_first,prompt-user,critical,/schools,user_prompt,actionable,user,user-owned profile/school-list/essay/resume/recommendation UI or approved import,"no inferred first-party facts, no raw-user-ID default exports, no live notification send",,
a17521d2860dea1a7b772a50,4d80d091ce6c3c3bbfb73020,school_list,school_list.add_first,prompt-user,critical,/schools,user_prompt,actionable,user,user-owned profile/school-list/essay/resume/recommendation UI or approved import,"no inferred first-party facts, no raw-user-ID default exports, no live notification send",,
239876530e8400c075556f29,a371d99e7990b1712ac0d07f,school_list,school_list.add_first,prompt-user,critical,/schools,user_prompt,actionable,user,user-owned profile/school-list/essay/resume/recommendation UI or approved import,"no inferred first-party facts, no raw-user-ID default exports, no live notification send",,
8fc27fe02716e3c77f4c9217,9111330cde59a737a7fbe9d2,school_list,school_list.add_first,prompt-user,critical,/schools,user_prompt,actionable,user,user-owned profile/school-list/essay/resume/recommendation UI or approved import,"no inferred first-party facts, no raw-user-ID default exports, no live notification send",,
3315de3a8f38e51c6e718bd4,6596f538050d130001eb66fd,school_list,school_list.add_first,prompt-user,critical,/schools,user_prompt,actionable,user,user-owned profile/school-list/essay/resume/recommendation UI or approved import,"no inferred first-party facts, no raw-user-ID default exports, no live notification send",,
81693f3a9d0880c99db5d8eb,f8576ed8705f4e1a21c111d4,school_list,school_list.add_first,prompt-user,critical,/schools,user_prompt,actionable,user,user-owned profile/school-list/essay/resume/recommendation UI or approved import,"no inferred first-party facts, no raw-user-ID default exports, no live notification send",,
42911f743ee6aec754611f0a,8cbd0cb44e65485bb14e40b4,school_list,school_list.add_first,prompt-user,critical,/schools,user_prompt,actionable,user,user-owned profile/school-list/essay/resume/recommendation UI or approved import,"no inferred first-party facts, no raw-user-ID default exports, no live notification send",,
a3528862a20f112072f07dec,16ce403f5cdd5ce323d7d56a,school_list,school_list.add_first,prompt-user,critical,/schools,user_prompt,actionable,user,user-owned profile/school-list/essay/resume/recommendation UI or approved import,"no inferred first-party facts, no raw-user-ID default exports, no live notification send",,
e510af0c8def66fed7a41269,07b560c00ebbeae89757ba92,school_list,school_list.add_first,prompt-user,critical,/schools,user_prompt,actionable,user,user-owned profile/school-list/essay/resume/recommendation UI or approved import,"no inferred first-party facts, no raw-user-ID default exports, no live notification send",,
8a25c91ceddfae6e4160c58e,23f48cbbd8bb302d47877816,school_list,school_list.add_first,prompt-user,critical,/schools,user_prompt,actionable,user,user-owned profile/school-list/essay/resume/recommendation UI or approved import,"no inferred first-party facts, no raw-user-ID default exports, no live notification send",,
f0c8fe12bebd09636b7cd4a6,f3198e3d4b8dfbe1dc7ef401,school_list,school_list.add_first,prompt-user,critical,/schools,user_prompt,actionable,user,user-owned profile/school-list/essay/resume/recommendation UI or approved import,"no inferred first-party facts, no raw-user-ID default exports, no live notification send",,
448f80c986e8da56dc55d7ce,d8b66d7a77fb0898c274f016,school_list,school_list.add_first,prompt-user,critical,/schools,user_prompt,actionable,user,user-owned profile/school-list/essay/resume/recommendation UI or approved import,"no inferred first-party facts, no raw-user-ID default exports, no live notification send",,
3189c565a909046c4fd6a3e3,4d3c3bd653a94add62332ca7,school_list,school_list.add_first,prompt-user,critical,/schools,user_prompt,actionable,user,user-owned profile/school-list/essay/resume/recommendation UI or approved import,"no inferred first-party facts, no raw-user-ID default exports, no live notification send",,
5b52e284c2ace420f6ed814e,ced9165c2e98fcdec2379ee0,school_list,school_list.add_first,prompt-user,critical,/schools,user_prompt,actionable,user,user-owned profile/school-list/essay/resume/recommendation UI or approved import,"no inferred first-party facts, no raw-user-ID default exports, no live notification send",,
10099eba9d109a63a19020a6,6034f3cefdfecfde684cecd2,school_list,school_list.add_first,prompt-user,critical,/schools,user_prompt,actionable,user,user-owned profile/school-list/essay/resume/recommendation UI or approved import,"no inferred first-party facts, no raw-user-ID default exports, no live notification send",,
10fb2dfb844981c02811a133,d371c1928c3551c373ce2ce9,school_list,school_list.add_first,prompt-user,critical,/schools,user_prompt,actionable,user,user-owned profile/school-list/essay/resume/recommendation UI or approved import,"no inferred first-party facts, no raw-user-ID default exports, no live notification send",,
5d019fa7673644c8239f80dc,e556b9d3eadfdc181ad72b25,school_list,school_list.add_first,prompt-user,critical,/schools,user_prompt,actionable,user,user-owned profile/school-list/essay/resume/recommendation UI or approved import,"no inferred first-party facts, no raw-user-ID default exports, no live notification send",,
969f0a6da6dcccc818b2d053,349b11a3f796ddd02fac5df4,school_list,school_list.add_first,prompt-user,critical,/schools,user_prompt,actionable,user,user-owned profile/school-list/essay/resume/recommendation UI or approved import,"no inferred first-party facts, no raw-user-ID default exports, no live notification send",,
886a1ffc2b7eafe348230a62,496c4289233f7686705eb9cc,school_list,school_list.add_first,prompt-user,critical,/schools,user_prompt,actionable,user,user-owned profile/school-list/essay/resume/recommendation UI or approved import,"no inferred first-party facts, no raw-user-ID default exports, no live notification send",,
e806e3691e6e2df024691a2b,792185c76419227985fe39c6,school_list,school_list.add_first,prompt-user,critical,/schools,user_prompt,actionable,user,user-owned profile/school-list/essay/resume/recommendation UI or approved import,"no inferred first-party facts, no raw-user-ID default exports, no live notification send",,
12e0eebeeec38d62e5a0d3d4,e68a34176110a03fb1b0e1a7,school_list,school_list.add_first,prompt-user,critical,/schools,user_prompt,actionable,user,user-owned profile/school-list/essay/resume/recommendation UI or approved import,"no inferred first-party facts, no raw-user-ID default exports, no live notification send",,
91a70d5fa0ff8d12a86e2a5a,cc19790a20627dcf671b0696,school_list,school_list.add_first,prompt-user,critical,/schools,user_prompt,actionable,user,user-owned profile/school-list/essay/resume/recommendation UI or approved import,"no inferred first-party facts, no raw-user-ID default exports, no live notification send",,
8fc1697c15092a2b07926f70,9268bb2df1ae7eb423b40e68,school_list,school_list.add_first,prompt-user,critical,/schools,user_prompt,actionable,user,user-owned profile/school-list/essay/resume/recommendation UI or approved import,"no inferred first-party facts, no raw-user-ID default exports, no live notification send",,
0d909a631e8a38aba39711eb,a39a015fb33b59dab1e79583,school_list,school_list.add_first,prompt-user,critical,/schools,user_prompt,actionable,user,user-owned profile/school-list/essay/resume/recommendation UI or approved import,"no inferred first-party facts, no raw-user-ID default exports, no live notification send",,
3312c3fbbc5f925503c23541,70a9eda088b1d81c8c2c6710,school_list,school_list.add_first,prompt-user,critical,/schools,user_prompt,actionable,user,user-owned profile/school-list/essay/resume/recommendation UI or approved import,"no inferred first-party facts, no raw-user-ID default exports, no live notification send",,
951efa9a78747fd1f702a582,e7f17db1b3d37787f764e825,school_list,school_list.add_first,prompt-user,critical,/schools,user_prompt,actionable,user,user-owned profile/school-list/essay/resume/recommendation UI or approved import,"no inferred first-party facts, no raw-user-ID default exports, no live notification send",,
9ce8b002b8c6978d1d50ca34,296c586ab4f761371e0cbf88,school_list,school_list.add_first,prompt-user,critical,/schools,user_prompt,actionable,user,user-owned profile/school-list/essay/resume/recommendation UI or approved import,"no inferred first-party facts, no raw-user-ID default exports, no live notification send",,
a5ce79e3ee65a9b900b1d3ec,6ad354ae95ed116979f53605,school_list,school_list.add_first,prompt-user,critical,/schools,user_prompt,actionable,user,user-owned profile/school-list/essay/resume/recommendation UI or approved import,"no inferred first-party facts, no raw-user-ID default exports, no live notification send",,
8acb1d168ae7de069f4d5d41,c2fb04257a3dbfd64ef42235,school_list,school_list.add_first,prompt-user,critical,/schools,user_prompt,actionable,user,user-owned profile/school-list/essay/resume/recommendation UI or approved import,"no inferred first-party facts, no raw-user-ID default exports, no live notification send",,
79637912dce7f904c64328bb,063b024d5235f2864bf7976b,school_list,school_list.add_first,prompt-user,critical,/schools,user_prompt,actionable,user,user-owned profile/school-list/essay/resume/recommendation UI or approved import,"no inferred first-party facts, no raw-user-ID default exports, no live notification send",,
1b509e80303bfb72347c7122,a69f207d386676eb5d4c6068,school_list,school_list.add_first,prompt-user,critical,/schools,user_prompt,actionable,user,user-owned profile/school-list/essay/resume/recommendation UI or approved import,"no inferred first-party facts, no raw-user-ID default exports, no live notification send",,
ca2ccfb1838fd1cd9b1b428a,0dd5690ef245b29c752978ab,school_list,school_list.add_first,prompt-user,critical,/schools,user_prompt,actionable,user,user-owned profile/school-list/essay/resume/recommendation UI or approved import,"no inferred first-party facts, no raw-user-ID default exports, no live notification send",,
d4f1ee39fe1a2af08fbd5161,6bd54dc4b93df493e735968f,school_list,school_list.add_first,prompt-user,critical,/schools,user_prompt,actionable,user,user-owned profile/school-list/essay/resume/recommendation UI or approved import,"no inferred first-party facts, no raw-user-ID default exports, no live notification send",,
062118d350b761fdd04aa833,4447d4720fb09d0cf9f974b1,school_list,school_list.add_first,prompt-user,critical,/schools,user_prompt,actionable,user,user-owned profile/school-list/essay/resume/recommendation UI or approved import,"no inferred first-party facts, no raw-user-ID default exports, no live notification send",,
e36192e1857a30c62f9c8a38,1e02ca5c816e125387e943ea,school_list,school_list.add_first,prompt-user,critical,/schools,user_prompt,actionable,user,user-owned profile/school-list/essay/resume/recommendation UI or approved import,"no inferred first-party facts, no raw-user-ID default exports, no live notification send",,
4a216ad9b35ebe5103f8526b,c4f622849d37b4b65dec3cec,school_list,school_list.add_first,prompt-user,critical,/schools,user_prompt,actionable,user,user-owned profile/school-list/essay/resume/recommendation UI or approved import,"no inferred first-party facts, no raw-user-ID default exports, no live notification send",,
69ece4fe3e5b32f6470b9361,73c05ab78066f89172cd4600,school_list,school_list.add_first,prompt-user,critical,/schools,user_prompt,actionable,user,user-owned profile/school-list/essay/resume/recommendation UI or approved import,"no inferred first-party facts, no raw-user-ID default exports, no live notification send",,
c55a37df2b2958e3ddc0868f,fb3adf3bf3209373369bc84f,school_list,school_list.add_first,prompt-user,critical,/schools,user_prompt,actionable,user,user-owned profile/school-list/essay/resume/recommendation UI or approved import,"no inferred first-party facts, no raw-user-ID default exports, no live notification send",,
5787255212e567a3fd4aef81,bc8c05acbe1509e433fc0da5,school_list,school_list.add_first,prompt-user,critical,/schools,user_prompt,actionable,user,user-owned profile/school-list/essay/resume/recommendation UI or approved import,"no inferred first-party facts, no raw-user-ID default exports, no live notification send",,
d093f57d658870c61d5a8e9d,ce94abf53f14f5538a81eb16,school_list,school_list.add_first,prompt-user,critical,/schools,user_prompt,actionable,user,user-owned profile/school-list/essay/resume/recommendation UI or approved import,"no inferred first-party facts, no raw-user-ID default exports, no live notification send",,
b87b213f6a58cc8a8a77c7ac,bfaf9aaee511da1bf287d36d,school_list,school_list.add_first,prompt-user,critical,/schools,user_prompt,actionable,user,user-owned profile/school-list/essay/resume/recommendation UI or approved import,"no inferred first-party facts, no raw-user-ID default exports, no live notification send",,
d70ffb08141d2abc371fc479,c52984e73ed2bb9d78b61972,school_list,school_list.add_first,prompt-user,critical,/schools,user_prompt,actionable,user,user-owned profile/school-list/essay/resume/recommendation UI or approved import,"no inferred first-party facts, no raw-user-ID default exports, no live notification send",,
9e902d09622c77bbe415a5f5,ebfe5890a319bc7c8c093b53,school_list,school_list.add_first,prompt-user,critical,/schools,user_prompt,actionable,user,user-owned profile/school-list/essay/resume/recommendation UI or approved import,"no inferred first-party facts, no raw-user-ID default exports, no live notification send",,
dd209784cbd3a7c37798dc81,95d691e906c76381adfe1a28,school_list,school_list.add_first,prompt-user,critical,/schools,user_prompt,actionable,user,user-owned profile/school-list/essay/resume/recommendation UI or approved import,"no inferred first-party facts, no raw-user-ID default exports, no live notification send",,
2058d7d3635541be9a81154d,58f91b77e67fbf46457a44bb,school_list,school_list.add_first,prompt-user,critical,/schools,user_prompt,actionable,user,user-owned profile/school-list/essay/resume/recommendation UI or approved import,"no inferred first-party facts, no raw-user-ID default exports, no live notification send",,
9c6f0258b7fd5c44ef788167,9c2fbbe0254b2440de64a955,school_list,school_list.add_first,prompt-user,critical,/schools,user_prompt,actionable,user,user-owned profile/school-list/essay/resume/recommendation UI or approved import,"no inferred first-party facts, no raw-user-ID default exports, no live notification send",,
e42b6750ab4ffde56312f465,c6d4f92a18ba12e55a77424f,school_list,school_list.add_first,prompt-user,critical,/schools,user_prompt,actionable,user,user-owned profile/school-list/essay/resume/recommendation UI or approved import,"no inferred first-party facts, no raw-user-ID default exports, no live notification send",,
508a6407c4ffc3bc4552ed30,a03881962cac9def370b6ddf,school_list,school_list.add_first,prompt-user,critical,/schools,user_prompt,actionable,user,user-owned profile/school-list/essay/resume/recommendation UI or approved import,"no inferred first-party facts, no raw-user-ID default exports, no live notification send",,
9fa02cb61bc3fad3b4609874,2521ef574f16719cfd342be4,school_list,school_list.add_first,prompt-user,critical,/schools,user_prompt,actionable,user,user-owned profile/school-list/essay/resume/recommendation UI or approved import,"no inferred first-party facts, no raw-user-ID default exports, no live notification send",,
1567868f57d48287128edcf2,bd5e7f1d9b2843a6c0ee281a,school_list,school_list.add_first,prompt-user,critical,/schools,user_prompt,actionable,user,user-owned profile/school-list/essay/resume/recommendation UI or approved import,"no inferred first-party facts, no raw-user-ID default exports, no live notification send",,
b5fa781fa1986e1165fdf9eb,d251e7b1a615c97aeb975753,school_list,school_list.add_first,prompt-user,critical,/schools,user_prompt,actionable,user,user-owned profile/school-list/essay/resume/recommendation UI or approved import,"no inferred first-party facts, no raw-user-ID default exports, no live notification send",,
0e675c04d379ac1f90bbb169,fa20510c8b2ca4eb06c9a50c,school_list,school_list.add_first,prompt-user,critical,/schools,user_prompt,actionable,user,user-owned profile/school-list/essay/resume/recommendation UI or approved import,"no inferred first-party facts, no raw-user-ID default exports, no live notification send",,
5d3f29c52332ccba6c3b64f6,38d8d2c6f2f414c01de125ae,school_list,school_list.add_first,prompt-user,critical,/schools,user_prompt,actionable,user,user-owned profile/school-list/essay/resume/recommendation UI or approved import,"no inferred first-party facts, no raw-user-ID default exports, no live notification send",,
0c46702af3ee822c715f3e93,7965d9f2065d1560654b7cb0,school_list,school_list.add_first,prompt-user,critical,/schools,user_prompt,actionable,user,user-owned profile/school-list/essay/resume/recommendation UI or approved import,"no inferred first-party facts, no raw-user-ID default exports, no live notification send",,
9db4da165fe7fcc3c4db12e8,e487699478e5852a01f5452f,school_list,school_list.add_first,prompt-user,critical,/schools,user_prompt,actionable,user,user-owned profile/school-list/essay/resume/recommendation UI or approved import,"no inferred first-party facts, no raw-user-ID default exports, no live notification send",,
26c843e5a4d548cb297a9373,cf2f3ed14657bb4361b52fd6,school_list,school_list.add_first,prompt-user,critical,/schools,user_prompt,actionable,user,user-owned profile/school-list/essay/resume/recommendation UI or approved import,"no inferred first-party facts, no raw-user-ID default exports, no live notification send",,
71644d88f2997836f3ee404b,85e17e886ea8574404bf06db,school_list,school_list.add_first,prompt-user,critical,/schools,user_prompt,actionable,user,user-owned profile/school-list/essay/resume/recommendation UI or approved import,"no inferred first-party facts, no raw-user-ID default exports, no live notification send",,
d2fd6d977c19a8de68eb2558,fe94fbe339152aa569845a88,school_list,school_list.add_first,prompt-user,critical,/schools,user_prompt,actionable,user,user-owned profile/school-list/essay/resume/recommendation UI or approved import,"no inferred first-party facts, no raw-user-ID default exports, no live notification send",,
5b0b5ce61f0ad24c1899feaf,b2a7f5b361f3945fd310ea56,school_list,school_list.add_first,prompt-user,critical,/schools,user_prompt,actionable,user,user-owned profile/school-list/essay/resume/recommendation UI or approved import,"no inferred first-party facts, no raw-user-ID default exports, no live notification send",,
0a831f39a7dd6923b9265de2,d1874f5f3ea1962396aad74a,school_list,school_list.add_first,prompt-user,critical,/schools,user_prompt,actionable,user,user-owned profile/school-list/essay/resume/recommendation UI or approved import,"no inferred first-party facts, no raw-user-ID default exports, no live notification send",,
c995ff23490bd159cd17004a,4aa923a4eb4b0a7a0517f4d7,school_list,school_list.add_first,prompt-user,critical,/schools,user_prompt,actionable,user,user-owned profile/school-list/essay/resume/recommendation UI or approved import,"no inferred first-party facts, no raw-user-ID default exports, no live notification send",,
4a3449b94acfb2a0a4b5b09c,fc8de225b3758553b9a21a1c,school_list,school_list.add_first,prompt-user,critical,/schools,user_prompt,actionable,user,user-owned profile/school-list/essay/resume/recommendation UI or approved import,"no inferred first-party facts, no raw-user-ID default exports, no live notification send",,
8b502d6fb2b2b71ef9d7c9cb,8cf79915c1b2f6db7f7f87c8,school_list,school_list.add_first,prompt-user,critical,/schools,user_prompt,actionable,user,user-owned profile/school-list/essay/resume/recommendation UI or approved import,"no inferred first-party facts, no raw-user-ID default exports, no live notification send",,
8288dc7458f9bcfab0d8f5c1,4a7a185008b7cd5c390feab9,school_list,school_list.add_first,prompt-user,critical,/schools,user_prompt,actionable,user,user-owned profile/school-list/essay/resume/recommendation UI or approved import,"no inferred first-party facts, no raw-user-ID default exports, no live notification send",,
1a6373e10bb3d32541b2b910,6410c2cd545b51f5356a95f4,school_list,school_list.add_first,prompt-user,critical,/schools,user_prompt,actionable,user,user-owned profile/school-list/essay/resume/recommendation UI or approved import,"no inferred first-party facts, no raw-user-ID default exports, no live notification send",,
a42806d188acf56778ee03e4,1ebdd2eb05856ad6c7e49cb5,school_list,school_list.add_first,prompt-user,critical,/schools,user_prompt,actionable,user,user-owned profile/school-list/essay/resume/recommendation UI or approved import,"no inferred first-party facts, no raw-user-ID default exports, no live notification send",,
0b720f6a71b460ee78e3f24c,7c50be8cd9b86f4161ce3b98,school_list,school_list.add_first,prompt-user,critical,/schools,user_prompt,actionable,user,user-owned profile/school-list/essay/resume/recommendation UI or approved import,"no inferred first-party facts, no raw-user-ID default exports, no live notification send",,
98fd0a4139d0927132050b09,2e60959f4806bfb7683f3490,school_list,school_list.add_first,prompt-user,critical,/schools,user_prompt,actionable,user,user-owned profile/school-list/essay/resume/recommendation UI or approved import,"no inferred first-party facts, no raw-user-ID default exports, no live notification send",,
c94c0e8e423736a432090851,5a6f2932013b43747ade5b1f,school_list,school_list.add_first,prompt-user,critical,/schools,user_prompt,actionable,user,user-owned profile/school-list/essay/resume/recommendation UI or approved import,"no inferred first-party facts, no raw-user-ID default exports, no live notification send",,
f9677bfc218807bad05e7b70,11949a16f1db43597c6d0f92,school_list,school_list.add_first,prompt-user,critical,/schools,user_prompt,actionable,user,user-owned profile/school-list/essay/resume/recommendation UI or approved import,"no inferred first-party facts, no raw-user-ID default exports, no live notification send",,
4181e0d8adaac85ff9b43e87,d59507e40ccb28f60173f9de,school_list,school_list.add_first,prompt-user,critical,/schools,user_prompt,actionable,user,user-owned profile/school-list/essay/resume/recommendation UI or approved import,"no inferred first-party facts, no raw-user-ID default exports, no live notification send",,
e7a5fadf66d1c1078c000116,54e3559386c83d509f571358,school_list,school_list.add_first,prompt-user,critical,/schools,user_prompt,actionable,user,user-owned profile/school-list/essay/resume/recommendation UI or approved import,"no inferred first-party facts, no raw-user-ID default exports, no live notification send",,
68e2cf7a8654b3cc3a57c387,543d710eca3428966f38d56a,school_list,school_list.add_first,prompt-user,critical,/schools,user_prompt,actionable,user,user-owned profile/school-list/essay/resume/recommendation UI or approved import,"no inferred first-party facts, no raw-user-ID default exports, no live notification send",,
ca20d54d65873344887e703c,f8eb0f8d2a0b46422213d278,school_list,school_list.add_first,prompt-user,critical,/schools,user_prompt,actionable,user,user-owned profile/school-list/essay/resume/recommendation UI or approved import,"no inferred first-party facts, no raw-user-ID default exports, no live notification send",,
d3a5b22f99ebc24899d1a815,45c22784b65a384c6a000180,school_list,school_list.add_first,prompt-user,critical,/schools,user_prompt,actionable,user,user-owned profile/school-list/essay/resume/recommendation UI or approved import,"no inferred first-party facts, no raw-user-ID default exports, no live notification send",,
a59f8171573ae3240527a007,dfbe7fe65a6b231a96c2e35e,school_list,school_list.add_first,prompt-user,critical,/schools,user_prompt,actionable,user,user-owned profile/school-list/essay/resume/recommendation UI or approved import,"no inferred first-party facts, no raw-user-ID default exports, no live notification send",,
639404cd050915f86004b521,0d38b90390f3df3aacefa896,school_list,school_list.add_first,prompt-user,critical,/schools,user_prompt,actionable,user,user-owned profile/school-list/essay/resume/recommendation UI or approved import,"no inferred first-party facts, no raw-user-ID default exports, no live notification send",,
719ab878ec6ee832abf4c0d2,5226aad7a0fe017f473ec2cc,school_list,school_list.add_first,prompt-user,critical,/schools,user_prompt,actionable,user,user-owned profile/school-list/essay/resume/recommendation UI or approved import,"no inferred first-party facts, no raw-user-ID default exports, no live notification send",,
5f17570d0e0e70c661401153,a01a78948445bee28c9a5972,school_list,school_list.add_first,prompt-user,critical,/schools,user_prompt,actionable,user,user-owned profile/school-list/essay/resume/recommendation UI or approved import,"no inferred first-party facts, no raw-user-ID default exports, no live notification send",,
3cfe3d021c8f1b2f6025019b,5044e483734670dfe7970719,school_list,school_list.add_first,prompt-user,critical,/schools,user_prompt,actionable,user,user-owned profile/school-list/essay/resume/recommendation UI or approved import,"no inferred first-party facts, no raw-user-ID default exports, no live notification send",,
c215bc6352a411c7c66d7202,cacd870eeb7d1b0e305eb290,school_list,school_list.add_first,prompt-user,critical,/schools,user_prompt,actionable,user,user-owned profile/school-list/essay/resume/recommendation UI or approved import,"no inferred first-party facts, no raw-user-ID default exports, no live notification send",,
ce057dcdf01d9e6f54c1d459,1e829852654087633af81cc9,school_list,school_list.add_first,prompt-user,critical,/schools,user_prompt,actionable,user,user-owned profile/school-list/essay/resume/recommendation UI or approved import,"no inferred first-party facts, no raw-user-ID default exports, no live notification send",,
6a8b5fb4bfeffd3f01249866,2cb24ed9eb1c4d63364c1062,school_list,school_list.add_first,prompt-user,critical,/schools,user_prompt,actionable,user,user-owned profile/school-list/essay/resume/recommendation UI or approved import,"no inferred first-party facts, no raw-user-ID default exports, no live notification send",,
6bbf710638d3c79950ffc3fa,beffd80654a0a6e973061fe8,school_list,school_list.add_first,prompt-user,critical,/schools,user_prompt,actionable,user,user-owned profile/school-list/essay/resume/recommendation UI or approved import,"no inferred first-party facts, no raw-user-ID default exports, no live notification send",,
2dd6b788641cdde2a081887b,1d6edb174c5c4a79c3c6f597,school_list,school_list.add_first,prompt-user,critical,/schools,user_prompt,actionable,user,user-owned profile/school-list/essay/resume/recommendation UI or approved import,"no inferred first-party facts, no raw-user-ID default exports, no live notification send",,
71d0ab9def0bf16cf376727a,03099b7d7926de4915c2307b,school_list,school_list.add_first,prompt-user,critical,/schools,user_prompt,actionable,user,user-owned profile/school-list/essay/resume/recommendation UI or approved import,"no inferred first-party facts, no raw-user-ID default exports, no live notification send",,
feaaf14c5a09b562f250b4ee,18bc0def86f96dc9d8032cf4,school_list,school_list.add_first,prompt-user,critical,/schools,user_prompt,actionable,user,user-owned profile/school-list/essay/resume/recommendation UI or approved import,"no inferred first-party facts, no raw-user-ID default exports, no live notification send",,
6d13548d870a6d1cf3a8f337,d7aaa6f01de07ec58dbad0b1,school_list,school_list.add_first,prompt-user,critical,/schools,user_prompt,actionable,user,user-owned profile/school-list/essay/resume/recommendation UI or approved import,"no inferred first-party facts, no raw-user-ID default exports, no live notification send",,
41360de8052ab20ef755f974,,school_list,school_list.add_first,prompt-user,critical,/schools,user_prompt,actionable,user,user-owned profile/school-list/essay/resume/recommendation UI or approved import,"no inferred first-party facts, no raw-user-ID default exports, no live notification send",,
01815f316b763e58e48118bd,dbe46853dd76ef0b3871ec47,school_list,school_list.add_first,prompt-user,critical,/schools,user_prompt,actionable,user,user-owned profile/school-list/essay/resume/recommendation UI or approved import,"no inferred first-party facts, no raw-user-ID default exports, no live notification send",,
d74d6712a403d06c64090a88,,school_list,school_list.add_first,prompt-user,critical,/schools,user_prompt,actionable,user,user-owned profile/school-list/essay/resume/recommendation UI or approved import,"no inferred first-party facts, no raw-user-ID default exports, no live notification send",,
e99a63d7bab49ff500686843,fc7b854dfad3986ab4c8774c,school_list,school_list.add_first,prompt-user,critical,/schools,user_prompt,actionable,user,user-owned profile/school-list/essay/resume/recommendation UI or approved import,"no inferred first-party facts, no raw-user-ID default exports, no live notification send",,
ed854b5f51f171e12a0bbfa3,,school_list,school_list.add_first,prompt-user,critical,/schools,user_prompt,actionable,user,user-owned profile/school-list/essay/resume/recommendation UI or approved import,"no inferred first-party facts, no raw-user-ID default exports, no live notification send",,
986e56fec255334e54e3d342,3ed490d913f577e9c15901bf,school_list,school_list.add_first,prompt-user,critical,/schools,user_prompt,actionable,user,user-owned profile/school-list/essay/resume/recommendation UI or approved import,"no inferred first-party facts, no raw-user-ID default exports, no live notification send",,
550d3608d821628afd081854,17b29a1e1cd753f82eaa0004,school_list,school_list.add_first,prompt-user,critical,/schools,user_prompt,actionable,user,user-owned profile/school-list/essay/resume/recommendation UI or approved import,"no inferred first-party facts, no raw-user-ID default exports, no live notification send",,
686098ae45ed0cf2c7a6bb51,fd1d6497725c7aaad7a3c196,school_list,school_list.add_first,prompt-user,critical,/schools,user_prompt,actionable,user,user-owned profile/school-list/essay/resume/recommendation UI or approved import,"no inferred first-party facts, no raw-user-ID default exports, no live notification send",,
2f3ed54bc4a4e4371b560799,e76b246b99503b0c07e399b2,school_list,school_list.add_first,prompt-user,critical,/schools,user_prompt,actionable,user,user-owned profile/school-list/essay/resume/recommendation UI or approved import,"no inferred first-party facts, no raw-user-ID default exports, no live notification send",,
3b24a69992609593175c52e9,f3e701ab37560748c10a7253,school_list,school_list.add_first,prompt-user,critical,/schools,user_prompt,actionable,user,user-owned profile/school-list/essay/resume/recommendation UI or approved import,"no inferred first-party facts, no raw-user-ID default exports, no live notification send",,
25b70574d5d19f55f18b9af0,de80ccc3056a33c25b5e1458,school_list,school_list.add_first,prompt-user,critical,/schools,user_prompt,actionable,user,user-owned profile/school-list/essay/resume/recommendation UI or approved import,"no inferred first-party facts, no raw-user-ID default exports, no live notification send",,
1953ea060dfc0a0c423f6c18,,school_list,school_list.add_first,prompt-user,critical,/schools,user_prompt,actionable,user,user-owned profile/school-list/essay/resume/recommendation UI or approved import,"no inferred first-party facts, no raw-user-ID default exports, no live notification send",,
9c2324b1105ec62ddc3e4c09,34d97678b50b2bdfce257578,school_list,school_list.add_first,prompt-user,critical,/schools,user_prompt,actionable,user,user-owned profile/school-list/essay/resume/recommendation UI or approved import,"no inferred first-party facts, no raw-user-ID default exports, no live notification send",,
6585419ab37bc1d1c2825ea9,5602123b748fdb29970e4ac5,school_list,school_list.add_first,prompt-user,critical,/schools,user_prompt,actionable,user,user-owned profile/school-list/essay/resume/recommendation UI or approved import,"no inferred first-party facts, no raw-user-ID default exports, no live notification send",,
a5d28b6cd7c354a9134bac42,3b79fbe93e8d8a1ed167dc0a,school_list,school_list.add_first,prompt-user,critical,/schools,user_prompt,actionable,user,user-owned profile/school-list/essay/resume/recommendation UI or approved import,"no inferred first-party facts, no raw-user-ID default exports, no live notification send",,
d0b75f8fdb757d149ba23e47,2e09ae64ee08e9ba2ce897b9,school_list,school_list.add_first,prompt-user,critical,/schools,user_prompt,actionable,user,user-owned profile/school-list/essay/resume/recommendation UI or approved import,"no inferred first-party facts, no raw-user-ID default exports, no live notification send",,
cf359908d3f2d4850b8c638e,742f4af8d99ae2b8547ee0f7,school_list,school_list.add_first,prompt-user,critical,/schools,user_prompt,actionable,user,user-owned profile/school-list/essay/resume/recommendation UI or approved import,"no inferred first-party facts, no raw-user-ID default exports, no live notification send",,
693ddd0ca8621ee6302ce3e4,d9b3fb9bd8dce18ecc3b5ca2,school_list,school_list.add_first,prompt-user,critical,/schools,user_prompt,actionable,user,user-owned profile/school-list/essay/resume/recommendation UI or approved import,"no inferred first-party facts, no raw-user-ID default exports, no live notification send",,
12d307e8e32c43d434b62e96,ebecc87f165ed5580a33c97b,school_list,school_list.add_first,prompt-user,critical,/schools,user_prompt,actionable,user,user-owned profile/school-list/essay/resume/recommendation UI or approved import,"no inferred first-party facts, no raw-user-ID default exports, no live notification send",,
537cd111095b2566f6ab727a,b7ff97a8390ad37c9766fde0,school_list,school_list.add_first,prompt-user,critical,/schools,user_prompt,actionable,user,user-owned profile/school-list/essay/resume/recommendation UI or approved import,"no inferred first-party facts, no raw-user-ID default exports, no live notification send",,
bbfcea10f79ca0413ac466db,07f3a6136cdbf56a4c381635,school_list,school_list.add_first,prompt-user,critical,/schools,user_prompt,actionable,user,user-owned profile/school-list/essay/resume/recommendation UI or approved import,"no inferred first-party facts, no raw-user-ID default exports, no live notification send",,
8920341f0eab10006614449e,fce4d766a1a7cf9683c269a7,school_list,school_list.add_first,prompt-user,critical,/schools,user_prompt,actionable,user,user-owned profile/school-list/essay/resume/recommendation UI or approved import,"no inferred first-party facts, no raw-user-ID default exports, no live notification send",,
2148efd0597e0e9ad6a2f00c,43272c2ba686df45954e071c,school_list,school_list.add_first,prompt-user,critical,/schools,user_prompt,actionable,user,user-owned profile/school-list/essay/resume/recommendation UI or approved import,"no inferred first-party facts, no raw-user-ID default exports, no live notification send",,
a1011c5137576f4bfcfebd38,058cf56df913b18b72c6ac06,school_list,school_list.add_first,prompt-user,critical,/schools,user_prompt,actionable,user,user-owned profile/school-list/essay/resume/recommendation UI or approved import,"no inferred first-party facts, no raw-user-ID default exports, no live notification send",,
c720349e2ce59d2437c3f21c,9aedc2f9488c04a6732f7256,school_list,school_list.add_first,prompt-user,critical,/schools,user_prompt,actionable,user,user-owned profile/school-list/essay/resume/recommendation UI or approved import,"no inferred first-party facts, no raw-user-ID default exports, no live notification send",,
537d7051a678e03b36c9b740,d4ca47731eb2f84b483ba976,school_list,school_list.add_first,prompt-user,critical,/schools,user_prompt,actionable,user,user-owned profile/school-list/essay/resume/recommendation UI or approved import,"no inferred first-party facts, no raw-user-ID default exports, no live notification send",,
ec07387bc845f209f12b56e1,b0b8366e5f846ce7de0391dc,school_list,school_list.add_first,prompt-user,critical,/schools,user_prompt,actionable,user,user-owned profile/school-list/essay/resume/recommendation UI or approved import,"no inferred first-party facts, no raw-user-ID default exports, no live notification send",,
fc95b7caba28567228c5453d,81d71d4eec8e8368e557e6ae,school_list,school_list.add_first,prompt-user,critical,/schools,user_prompt,actionable,user,user-owned profile/school-list/essay/resume/recommendation UI or approved import,"no inferred first-party facts, no raw-user-ID default exports, no live notification send",,
221a7eaaab2a62407db2b23a,b4b464f7720df53f14b4aeab,school_list,school_list.add_first,prompt-user,critical,/schools,user_prompt,actionable,user,user-owned profile/school-list/essay/resume/recommendation UI or approved import,"no inferred first-party facts, no raw-user-ID default exports, no live notification send",,
8756d49a67423d831126f9c7,5ef26fd15a7d94de95db760d,school_list,school_list.add_first,prompt-user,critical,/schools,user_prompt,actionable,user,user-owned profile/school-list/essay/resume/recommendation UI or approved import,"no inferred first-party facts, no raw-user-ID default exports, no live notification send",,
9ab04e7675e18d84ea1ea374,abd5622ea74cceed6dede107,school_list,school_list.add_first,prompt-user,critical,/schools,user_prompt,actionable,user,user-owned profile/school-list/essay/resume/recommendation UI or approved import,"no inferred first-party facts, no raw-user-ID default exports, no live notification send",,
f818e439b555d3d2d844fe71,2602385b62043a9e3025b517,school_list,school_list.add_first,prompt-user,critical,/schools,user_prompt,actionable,user,user-owned profile/school-list/essay/resume/recommendation UI or approved import,"no inferred first-party facts, no raw-user-ID default exports, no live notification send",,
d864a2017f74175e39130328,73e60992ad694dbf05d313f9,school_list,school_list.add_first,prompt-user,critical,/schools,user_prompt,actionable,user,user-owned profile/school-list/essay/resume/recommendation UI or approved import,"no inferred first-party facts, no raw-user-ID default exports, no live notification send",,
b58814f9c5d40c2cca9cd0ba,b22551ed28a844c40361f4c6,school_list,school_list.add_first,prompt-user,critical,/schools,user_prompt,actionable,user,user-owned profile/school-list/essay/resume/recommendation UI or approved import,"no inferred first-party facts, no raw-user-ID default exports, no live notification send",,
ea594aacc0071fab15e09640,8291c39c23e9854c77949587,school_list,school_list.add_first,prompt-user,critical,/schools,user_prompt,actionable,user,user-owned profile/school-list/essay/resume/recommendation UI or approved import,"no inferred first-party facts, no raw-user-ID default exports, no live notification send",,
4767e40f0ac5b61bc56681e6,66e28a97f69ea9177ec6e239,school_list,school_list.add_first,prompt-user,critical,/schools,user_prompt,actionable,user,user-owned profile/school-list/essay/resume/recommendation UI or approved import,"no inferred first-party facts, no raw-user-ID default exports, no live notification send",,
bb132178d629a66fc7aefd01,664f3a82867f761aa9082952,school_list,school_list.add_first,prompt-user,critical,/schools,user_prompt,actionable,user,user-owned profile/school-list/essay/resume/recommendation UI or approved import,"no inferred first-party facts, no raw-user-ID default exports, no live notification send",,
932efce71e173e4704914319,5e5ecc8d86964733a3bd9bfd,school_list,school_list.add_first,prompt-user,critical,/schools,user_prompt,actionable,user,user-owned profile/school-list/essay/resume/recommendation UI or approved import,"no inferred first-party facts, no raw-user-ID default exports, no live notification send",,
ec5bdd2b5351c8e584d3be8d,29ca348769849ba58b071162,school_list,school_list.add_first,prompt-user,critical,/schools,user_prompt,actionable,user,user-owned profile/school-list/essay/resume/recommendation UI or approved import,"no inferred first-party facts, no raw-user-ID default exports, no live notification send",,
28dc96231ed06b299208eff5,1134a45529007d06fa5d1edb,school_list,school_list.add_first,prompt-user,critical,/schools,user_prompt,actionable,user,user-owned profile/school-list/essay/resume/recommendation UI or approved import,"no inferred first-party facts, no raw-user-ID default exports, no live notification send",,
2c9771be6f35b5904dbbe14b,a254c6762b1623455829ff10,school_list,school_list.add_first,prompt-user,critical,/schools,user_prompt,actionable,user,user-owned profile/school-list/essay/resume/recommendation UI or approved import,"no inferred first-party facts, no raw-user-ID default exports, no live notification send",,
be69b9e0cebe6aec14a2ebf4,4b018ff55c5cb933a8af6b2d,school_list,school_list.add_first,prompt-user,critical,/schools,user_prompt,actionable,user,user-owned profile/school-list/essay/resume/recommendation UI or approved import,"no inferred first-party facts, no raw-user-ID default exports, no live notification send",,
3b8ce71113797c845bb872a3,e7aa36a405ca7979e329e87b,school_list,school_list.add_first,prompt-user,critical,/schools,user_prompt,actionable,user,user-owned profile/school-list/essay/resume/recommendation UI or approved import,"no inferred first-party facts, no raw-user-ID default exports, no live notification send",,
13d29e45f6794b8697671204,ca6c76c02fcc72e715d068d8,school_list,school_list.add_first,prompt-user,critical,/schools,user_prompt,actionable,user,user-owned profile/school-list/essay/resume/recommendation UI or approved import,"no inferred first-party facts, no raw-user-ID default exports, no live notification send",,
76ba6c9798c8630b641eee3f,a921641dc4b1526d1a01917b,school_list,school_list.add_first,prompt-user,critical,/schools,user_prompt,actionable,user,user-owned profile/school-list/essay/resume/recommendation UI or approved import,"no inferred first-party facts, no raw-user-ID default exports, no live notification send",,
62d24e8597a55a5a0a4fd2d7,ebdd5efd8dc0fc61274cd467,school_list,school_list.add_first,prompt-user,critical,/schools,user_prompt,actionable,user,user-owned profile/school-list/essay/resume/recommendation UI or approved import,"no inferred first-party facts, no raw-user-ID default exports, no live notification send",,
8ba8880892cf6b4d1a83a00f,8810301b97ae49e59d07d6de,school_list,school_list.add_first,prompt-user,critical,/schools,user_prompt,actionable,user,user-owned profile/school-list/essay/resume/recommendation UI or approved import,"no inferred first-party facts, no raw-user-ID default exports, no live notification send",,
71f206d1ac1510c3461c3f62,11234b2e38f9b1bb49207612,school_list,school_list.add_first,prompt-user,critical,/schools,user_prompt,actionable,user,user-owned profile/school-list/essay/resume/recommendation UI or approved import,"no inferred first-party facts, no raw-user-ID default exports, no live notification send",,
7683420873a4efd6953dc8b0,dfd2712d91a9b6b52cd7a939,school_list,school_list.add_first,prompt-user,critical,/schools,user_prompt,actionable,user,user-owned profile/school-list/essay/resume/recommendation UI or approved import,"no inferred first-party facts, no raw-user-ID default exports, no live notification send",,
ca22acb9dcd7763d46df7db9,f13448c63795d2838ae3d3aa,school_list,school_list.add_first,prompt-user,critical,/schools,user_prompt,actionable,user,user-owned profile/school-list/essay/resume/recommendation UI or approved import,"no inferred first-party facts, no raw-user-ID default exports, no live notification send",,
3775406187707a6591ba5ffd,47846ee95cac0b56ae45d5f1,school_list,school_list.add_first,prompt-user,critical,/schools,user_prompt,actionable,user,user-owned profile/school-list/essay/resume/recommendation UI or approved import,"no inferred first-party facts, no raw-user-ID default exports, no live notification send",,
d0d761906a40b0af30dec88f,b1cf8f9202fac78805196f3b,school_list,school_list.add_first,prompt-user,critical,/schools,user_prompt,actionable,user,user-owned profile/school-list/essay/resume/recommendation UI or approved import,"no inferred first-party facts, no raw-user-ID default exports, no live notification send",,
fb0a159aa3969317733f50df,5d3f54ea3a1fd9d4e94e719a,school_list,school_list.add_first,prompt-user,critical,/schools,user_prompt,actionable,user,user-owned profile/school-list/essay/resume/recommendation UI or approved import,"no inferred first-party facts, no raw-user-ID default exports, no live notification send",,
c5afca47c781c4069ed80f5e,56d95fc96f640bc7aeee88cb,school_list,school_list.add_first,prompt-user,critical,/schools,user_prompt,actionable,user,user-owned profile/school-list/essay/resume/recommendation UI or approved import,"no inferred first-party facts, no raw-user-ID default exports, no live notification send",,
0efe95a39b123e55e09226e0,f9bb2679f3487a696a06b36a,school_list,school_list.add_first,prompt-user,critical,/schools,user_prompt,actionable,user,user-owned profile/school-list/essay/resume/recommendation UI or approved import,"no inferred first-party facts, no raw-user-ID default exports, no live notification send",,
ba758da9fffbee1f2fa7988b,f208d7e70269a7fceebf86e6,school_list,school_list.add_first,prompt-user,critical,/schools,user_prompt,actionable,user,user-owned profile/school-list/essay/resume/recommendation UI or approved import,"no inferred first-party facts, no raw-user-ID default exports, no live notification send",,
594aeee3f872c97407a3fa6b,c086fb2c4e41afde6c957741,school_list,school_list.add_first,prompt-user,critical,/schools,user_prompt,actionable,user,user-owned profile/school-list/essay/resume/recommendation UI or approved import,"no inferred first-party facts, no raw-user-ID default exports, no live notification send",,
b2f12af5f1e42440fc153d6e,a6269d71b6b9bc7677fdc2b8,school_list,school_list.add_first,prompt-user,critical,/schools,user_prompt,actionable,user,user-owned profile/school-list/essay/resume/recommendation UI or approved import,"no inferred first-party facts, no raw-user-ID default exports, no live notification send",,
2b751a04c67db0dca7fa08a4,5a2eff24f6f702dba34dcfbd,school_list,school_list.add_first,prompt-user,critical,/schools,user_prompt,actionable,user,user-owned profile/school-list/essay/resume/recommendation UI or approved import,"no inferred first-party facts, no raw-user-ID default exports, no live notification send",,
fded1e82fc08fe3dc6ae0cd1,d66f3580bc3de0ae18c4f7e5,school_list,school_list.add_first,prompt-user,critical,/schools,user_prompt,actionable,user,user-owned profile/school-list/essay/resume/recommendation UI or approved import,"no inferred first-party facts, no raw-user-ID default exports, no live notification send",,
250fca2cca79498b8adb85d5,c61f474baaa4287019176258,school_list,school_list.add_first,prompt-user,critical,/schools,user_prompt,actionable,user,user-owned profile/school-list/essay/resume/recommendation UI or approved import,"no inferred first-party facts, no raw-user-ID default exports, no live notification send",,
884f830c5b488579180240c5,09c971b1ecd35e79c613eb01,school_list,school_list.add_first,prompt-user,critical,/schools,user_prompt,actionable,user,user-owned profile/school-list/essay/resume/recommendation UI or approved import,"no inferred first-party facts, no raw-user-ID default exports, no live notification send",,
275fa235308941e5b34bf533,725fbe1f451b243357adf7f7,school_list,school_list.add_first,prompt-user,critical,/schools,user_prompt,actionable,user,user-owned profile/school-list/essay/resume/recommendation UI or approved import,"no inferred first-party facts, no raw-user-ID default exports, no live notification send",,
5ee97a356715221e98f9c639,58e2caf341a159648f757afd,school_list,school_list.add_first,prompt-user,critical,/schools,user_prompt,actionable,user,user-owned profile/school-list/essay/resume/recommendation UI or approved import,"no inferred first-party facts, no raw-user-ID default exports, no live notification send",,
cb9b132eeddc10f94b979c2e,af92366e7a726386d26d71f6,school_list,school_list.add_first,prompt-user,critical,/schools,user_prompt,actionable,user,user-owned profile/school-list/essay/resume/recommendation UI or approved import,"no inferred first-party facts, no raw-user-ID default exports, no live notification send",,
2608ddcf431f38826e25187a,3b51f469eb8b9e1ec640b363,application_analysis,application_analysis.predictions_required,run-prediction,warning,/prediction,system_generation,actionable,system,"dry-run generation from trusted upstream data, followed by normal service write path","no inferred first-party facts, no raw-user-ID default exports, no live notification send",,
512c48945909b3dbdcdb13e0,ece29a121b7c586fd55c0a35,deadline,deadline.round_missing,review-deadline-source,warning,/timeline,operator_review,review,operator,admin review queue or curated taxonomy/source review workflow,"no inferred first-party facts, no raw-user-ID default exports, no live notification send",cmn1htkpe0010vqf2xzzjz779,University of Illinois Urbana-Champaign
24c560feccafbe9e5437a7d0,b232d4e859eba8b5885ca2ea,deadline,deadline.round_missing,review-deadline-source,warning,/timeline,operator_review,review,operator,admin review queue or curated taxonomy/source review workflow,"no inferred first-party facts, no raw-user-ID default exports, no live notification send",cmn1htknv000evqf29yjvrstt,"University of California, Berkeley"
2608ddcf431f38826e25187a,3b51f469eb8b9e1ec640b363,prediction,prediction.missing,run-prediction,warning,/prediction,system_generation,actionable,system,"dry-run generation from trusted upstream data, followed by normal service write path","no inferred first-party facts, no raw-user-ID default exports, no live notification send",cmn1htknv000evqf29yjvrstt,"University of California, Berkeley"
2608ddcf431f38826e25187a,3b51f469eb8b9e1ec640b363,prediction,prediction.missing,run-prediction,warning,/prediction,system_generation,actionable,system,"dry-run generation from trusted upstream data, followed by normal service write path","no inferred first-party facts, no raw-user-ID default exports, no live notification send",cmn1htkny000fvqf2jlmz8ej1,"University of California, Los Angeles"
2608ddcf431f38826e25187a,3b51f469eb8b9e1ec640b363,prediction,prediction.missing,run-prediction,warning,/prediction,system_generation,actionable,system,"dry-run generation from trusted upstream data, followed by normal service write path","no inferred first-party facts, no raw-user-ID default exports, no live notification send",cmn1htkou000svqf2356l4yfj,"University of California, San Diego"
2608ddcf431f38826e25187a,3b51f469eb8b9e1ec640b363,prediction,prediction.missing,run-prediction,warning,/prediction,system_generation,actionable,system,"dry-run generation from trusted upstream data, followed by normal service write path","no inferred first-party facts, no raw-user-ID default exports, no live notification send",cmn1htkor000rvqf282ibd6kz,"University of California, Davis"
2608ddcf431f38826e25187a,3b51f469eb8b9e1ec640b363,prediction,prediction.missing,run-prediction,warning,/prediction,system_generation,actionable,system,"dry-run generation from trusted upstream data, followed by normal service write path","no inferred first-party facts, no raw-user-ID default exports, no live notification send",cmn1htkpb000zvqf2645ltfg6,"University of California, Santa Barbara"
2490a32a79e2f5d477910b91,a0e8278aa36c1b14956029fa,profile,profile.activities,prompt-user,warning,/profile?tab=activities,user_prompt,actionable,user,user-owned profile/school-list/essay/resume/recommendation UI or approved import,"no inferred first-party facts, no raw-user-ID default exports, no live notification send",,
1dcbb6e310b3647283b3cccc,ae74077f992f8a770765c79d,profile,profile.activities,prompt-user,warning,/profile?tab=activities,user_prompt,actionable,user,user-owned profile/school-list/essay/resume/recommendation UI or approved import,"no inferred first-party facts, no raw-user-ID default exports, no live notification send",,
de8d658ab7cdae3ed3655250,0f66eb06f118aac87e34c39b,profile,profile.activities,prompt-user,warning,/profile?tab=activities,user_prompt,actionable,user,user-owned profile/school-list/essay/resume/recommendation UI or approved import,"no inferred first-party facts, no raw-user-ID default exports, no live notification send",,
9850f766b798fb314028fe48,8a585ea0795c92a31a7b4137,profile,profile.activities,prompt-user,warning,/profile?tab=activities,user_prompt,actionable,user,user-owned profile/school-list/essay/resume/recommendation UI or approved import,"no inferred first-party facts, no raw-user-ID default exports, no live notification send",,
5f50681fa629e6bd746621ec,75726397c344acd00970ed29,profile,profile.activities,prompt-user,warning,/profile?tab=activities,user_prompt,actionable,user,user-owned profile/school-list/essay/resume/recommendation UI or approved import,"no inferred first-party facts, no raw-user-ID default exports, no live notification send",,
851af7ce145d7cd3d61bc5e2,4b3718bb0c2ec144e8e60681,profile,profile.activities,prompt-user,warning,/profile?tab=activities,user_prompt,actionable,user,user-owned profile/school-list/essay/resume/recommendation UI or approved import,"no inferred first-party facts, no raw-user-ID default exports, no live notification send",,
6e8558adc9bebd439177cf41,d0a25382830bf925ddb6a711,profile,profile.activities,prompt-user,warning,/profile?tab=activities,user_prompt,actionable,user,user-owned profile/school-list/essay/resume/recommendation UI or approved import,"no inferred first-party facts, no raw-user-ID default exports, no live notification send",,
df464bfd30618095683eb575,97618134d6be63b45dc3116f,profile,profile.activities,prompt-user,warning,/profile?tab=activities,user_prompt,actionable,user,user-owned profile/school-list/essay/resume/recommendation UI or approved import,"no inferred first-party facts, no raw-user-ID default exports, no live notification send",,
df5585906015fd0358d5de0d,dcf4f4031d77be3f6b4c28cb,profile,profile.activities,prompt-user,warning,/profile?tab=activities,user_prompt,actionable,user,user-owned profile/school-list/essay/resume/recommendation UI or approved import,"no inferred first-party facts, no raw-user-ID default exports, no live notification send",,
4a070e6ff84a1f2e291a113f,5e068c8dc7b4c890cd028525,profile,profile.activities,prompt-user,warning,/profile?tab=activities,user_prompt,actionable,user,user-owned profile/school-list/essay/resume/recommendation UI or approved import,"no inferred first-party facts, no raw-user-ID default exports, no live notification send",,
933c8fbcf844473497664ebc,a080791fc5afd2fd65717791,profile,profile.activities,prompt-user,warning,/profile?tab=activities,user_prompt,actionable,user,user-owned profile/school-list/essay/resume/recommendation UI or approved import,"no inferred first-party facts, no raw-user-ID default exports, no live notification send",,
b9080384f5e48931d9672942,dfbdb1bfb5ba2e55947ffacb,profile,profile.activities,prompt-user,warning,/profile?tab=activities,user_prompt,actionable,user,user-owned profile/school-list/essay/resume/recommendation UI or approved import,"no inferred first-party facts, no raw-user-ID default exports, no live notification send",,
2ba9ae2789a823fff9e99e40,fa17461feb2a296bf410fd51,profile,profile.activities,prompt-user,warning,/profile?tab=activities,user_prompt,actionable,user,user-owned profile/school-list/essay/resume/recommendation UI or approved import,"no inferred first-party facts, no raw-user-ID default exports, no live notification send",,
e523653fa42814ef3eadc5e2,3c9553d15ae84cd029f9a45e,profile,profile.activities,prompt-user,warning,/profile?tab=activities,user_prompt,actionable,user,user-owned profile/school-list/essay/resume/recommendation UI or approved import,"no inferred first-party facts, no raw-user-ID default exports, no live notification send",,
548e347fbdaf43be08e93286,d34e7c86d1fe4b4e4f3dd8b5,profile,profile.activities,prompt-user,warning,/profile?tab=activities,user_prompt,actionable,user,user-owned profile/school-list/essay/resume/recommendation UI or approved import,"no inferred first-party facts, no raw-user-ID default exports, no live notification send",,
4a9a5325fca32ac5aa4d26c1,41987896ad3e2c2b584d8822,profile,profile.activities,prompt-user,warning,/profile?tab=activities,user_prompt,actionable,user,user-owned profile/school-list/essay/resume/recommendation UI or approved import,"no inferred first-party facts, no raw-user-ID default exports, no live notification send",,
a17521d2860dea1a7b772a50,4d80d091ce6c3c3bbfb73020,profile,profile.activities,prompt-user,warning,/profile?tab=activities,user_prompt,actionable,user,user-owned profile/school-list/essay/resume/recommendation UI or approved import,"no inferred first-party facts, no raw-user-ID default exports, no live notification send",,
239876530e8400c075556f29,a371d99e7990b1712ac0d07f,profile,profile.activities,prompt-user,warning,/profile?tab=activities,user_prompt,actionable,user,user-owned profile/school-list/essay/resume/recommendation UI or approved import,"no inferred first-party facts, no raw-user-ID default exports, no live notification send",,
8fc27fe02716e3c77f4c9217,9111330cde59a737a7fbe9d2,profile,profile.activities,prompt-user,warning,/profile?tab=activities,user_prompt,actionable,user,user-owned profile/school-list/essay/resume/recommendation UI or approved import,"no inferred first-party facts, no raw-user-ID default exports, no live notification send",,
3315de3a8f38e51c6e718bd4,6596f538050d130001eb66fd,profile,profile.activities,prompt-user,warning,/profile?tab=activities,user_prompt,actionable,user,user-owned profile/school-list/essay/resume/recommendation UI or approved import,"no inferred first-party facts, no raw-user-ID default exports, no live notification send",,
81693f3a9d0880c99db5d8eb,f8576ed8705f4e1a21c111d4,profile,profile.activities,prompt-user,warning,/profile?tab=activities,user_prompt,actionable,user,user-owned profile/school-list/essay/resume/recommendation UI or approved import,"no inferred first-party facts, no raw-user-ID default exports, no live notification send",,
42911f743ee6aec754611f0a,8cbd0cb44e65485bb14e40b4,profile,profile.activities,prompt-user,warning,/profile?tab=activities,user_prompt,actionable,user,user-owned profile/school-list/essay/resume/recommendation UI or approved import,"no inferred first-party facts, no raw-user-ID default exports, no live notification send",,
a3528862a20f112072f07dec,16ce403f5cdd5ce323d7d56a,profile,profile.activities,prompt-user,warning,/profile?tab=activities,user_prompt,actionable,user,user-owned profile/school-list/essay/resume/recommendation UI or approved import,"no inferred first-party facts, no raw-user-ID default exports, no live notification send",,
e510af0c8def66fed7a41269,07b560c00ebbeae89757ba92,profile,profile.activities,prompt-user,warning,/profile?tab=activities,user_prompt,actionable,user,user-owned profile/school-list/essay/resume/recommendation UI or approved import,"no inferred first-party facts, no raw-user-ID default exports, no live notification send",,
8a25c91ceddfae6e4160c58e,23f48cbbd8bb302d47877816,profile,profile.activities,prompt-user,warning,/profile?tab=activities,user_prompt,actionable,user,user-owned profile/school-list/essay/resume/recommendation UI or approved import,"no inferred first-party facts, no raw-user-ID default exports, no live notification send",,
f0c8fe12bebd09636b7cd4a6,f3198e3d4b8dfbe1dc7ef401,profile,profile.activities,prompt-user,warning,/profile?tab=activities,user_prompt,actionable,user,user-owned profile/school-list/essay/resume/recommendation UI or approved import,"no inferred first-party facts, no raw-user-ID default exports, no live notification send",,
448f80c986e8da56dc55d7ce,d8b66d7a77fb0898c274f016,profile,profile.activities,prompt-user,warning,/profile?tab=activities,user_prompt,actionable,user,user-owned profile/school-list/essay/resume/recommendation UI or approved import,"no inferred first-party facts, no raw-user-ID default exports, no live notification send",,
3189c565a909046c4fd6a3e3,4d3c3bd653a94add62332ca7,profile,profile.activities,prompt-user,warning,/profile?tab=activities,user_prompt,actionable,user,user-owned profile/school-list/essay/resume/recommendation UI or approved import,"no inferred first-party facts, no raw-user-ID default exports, no live notification send",,
969f0a6da6dcccc818b2d053,349b11a3f796ddd02fac5df4,profile,profile.activities,prompt-user,warning,/profile?tab=activities,user_prompt,actionable,user,user-owned profile/school-list/essay/resume/recommendation UI or approved import,"no inferred first-party facts, no raw-user-ID default exports, no live notification send",,
886a1ffc2b7eafe348230a62,496c4289233f7686705eb9cc,profile,profile.activities,prompt-user,warning,/profile?tab=activities,user_prompt,actionable,user,user-owned profile/school-list/essay/resume/recommendation UI or approved import,"no inferred first-party facts, no raw-user-ID default exports, no live notification send",,
e806e3691e6e2df024691a2b,792185c76419227985fe39c6,profile,profile.activities,prompt-user,warning,/profile?tab=activities,user_prompt,actionable,user,user-owned profile/school-list/essay/resume/recommendation UI or approved import,"no inferred first-party facts, no raw-user-ID default exports, no live notification send",,
12e0eebeeec38d62e5a0d3d4,e68a34176110a03fb1b0e1a7,profile,profile.activities,prompt-user,warning,/profile?tab=activities,user_prompt,actionable,user,user-owned profile/school-list/essay/resume/recommendation UI or approved import,"no inferred first-party facts, no raw-user-ID default exports, no live notification send",,
91a70d5fa0ff8d12a86e2a5a,cc19790a20627dcf671b0696,profile,profile.activities,prompt-user,warning,/profile?tab=activities,user_prompt,actionable,user,user-owned profile/school-list/essay/resume/recommendation UI or approved import,"no inferred first-party facts, no raw-user-ID default exports, no live notification send",,
8fc1697c15092a2b07926f70,9268bb2df1ae7eb423b40e68,profile,profile.activities,prompt-user,warning,/profile?tab=activities,user_prompt,actionable,user,user-owned profile/school-list/essay/resume/recommendation UI or approved import,"no inferred first-party facts, no raw-user-ID default exports, no live notification send",,
0d909a631e8a38aba39711eb,a39a015fb33b59dab1e79583,profile,profile.activities,prompt-user,warning,/profile?tab=activities,user_prompt,actionable,user,user-owned profile/school-list/essay/resume/recommendation UI or approved import,"no inferred first-party facts, no raw-user-ID default exports, no live notification send",,
3312c3fbbc5f925503c23541,70a9eda088b1d81c8c2c6710,profile,profile.activities,prompt-user,warning,/profile?tab=activities,user_prompt,actionable,user,user-owned profile/school-list/essay/resume/recommendation UI or approved import,"no inferred first-party facts, no raw-user-ID default exports, no live notification send",,
951efa9a78747fd1f702a582,e7f17db1b3d37787f764e825,profile,profile.activities,prompt-user,warning,/profile?tab=activities,user_prompt,actionable,user,user-owned profile/school-list/essay/resume/recommendation UI or approved import,"no inferred first-party facts, no raw-user-ID default exports, no live notification send",,
9ce8b002b8c6978d1d50ca34,296c586ab4f761371e0cbf88,profile,profile.activities,prompt-user,warning,/profile?tab=activities,user_prompt,actionable,user,user-owned profile/school-list/essay/resume/recommendation UI or approved import,"no inferred first-party facts, no raw-user-ID default exports, no live notification send",,
a5ce79e3ee65a9b900b1d3ec,6ad354ae95ed116979f53605,profile,profile.activities,prompt-user,warning,/profile?tab=activities,user_prompt,actionable,user,user-owned profile/school-list/essay/resume/recommendation UI or approved import,"no inferred first-party facts, no raw-user-ID default exports, no live notification send",,
8acb1d168ae7de069f4d5d41,c2fb04257a3dbfd64ef42235,profile,profile.activities,prompt-user,warning,/profile?tab=activities,user_prompt,actionable,user,user-owned profile/school-list/essay/resume/recommendation UI or approved import,"no inferred first-party facts, no raw-user-ID default exports, no live notification send",,
79637912dce7f904c64328bb,063b024d5235f2864bf7976b,profile,profile.activities,prompt-user,warning,/profile?tab=activities,user_prompt,actionable,user,user-owned profile/school-list/essay/resume/recommendation UI or approved import,"no inferred first-party facts, no raw-user-ID default exports, no live notification send",,
1b509e80303bfb72347c7122,a69f207d386676eb5d4c6068,profile,profile.activities,prompt-user,warning,/profile?tab=activities,user_prompt,actionable,user,user-owned profile/school-list/essay/resume/recommendation UI or approved import,"no inferred first-party facts, no raw-user-ID default exports, no live notification send",,
ca2ccfb1838fd1cd9b1b428a,0dd5690ef245b29c752978ab,profile,profile.activities,prompt-user,warning,/profile?tab=activities,user_prompt,actionable,user,user-owned profile/school-list/essay/resume/recommendation UI or approved import,"no inferred first-party facts, no raw-user-ID default exports, no live notification send",,
d4f1ee39fe1a2af08fbd5161,6bd54dc4b93df493e735968f,profile,profile.activities,prompt-user,warning,/profile?tab=activities,user_prompt,actionable,user,user-owned profile/school-list/essay/resume/recommendation UI or approved import,"no inferred first-party facts, no raw-user-ID default exports, no live notification send",,
062118d350b761fdd04aa833,4447d4720fb09d0cf9f974b1,profile,profile.activities,prompt-user,warning,/profile?tab=activities,user_prompt,actionable,user,user-owned profile/school-list/essay/resume/recommendation UI or approved import,"no inferred first-party facts, no raw-user-ID default exports, no live notification send",,
e36192e1857a30c62f9c8a38,1e02ca5c816e125387e943ea,profile,profile.activities,prompt-user,warning,/profile?tab=activities,user_prompt,actionable,user,user-owned profile/school-list/essay/resume/recommendation UI or approved import,"no inferred first-party facts, no raw-user-ID default exports, no live notification send",,
4a216ad9b35ebe5103f8526b,c4f622849d37b4b65dec3cec,profile,profile.activities,prompt-user,warning,/profile?tab=activities,user_prompt,actionable,user,user-owned profile/school-list/essay/resume/recommendation UI or approved import,"no inferred first-party facts, no raw-user-ID default exports, no live notification send",,
69ece4fe3e5b32f6470b9361,73c05ab78066f89172cd4600,profile,profile.activities,prompt-user,warning,/profile?tab=activities,user_prompt,actionable,user,user-owned profile/school-list/essay/resume/recommendation UI or approved import,"no inferred first-party facts, no raw-user-ID default exports, no live notification send",,
c55a37df2b2958e3ddc0868f,fb3adf3bf3209373369bc84f,profile,profile.activities,prompt-user,warning,/profile?tab=activities,user_prompt,actionable,user,user-owned profile/school-list/essay/resume/recommendation UI or approved import,"no inferred first-party facts, no raw-user-ID default exports, no live notification send",,
5787255212e567a3fd4aef81,bc8c05acbe1509e433fc0da5,profile,profile.activities,prompt-user,warning,/profile?tab=activities,user_prompt,actionable,user,user-owned profile/school-list/essay/resume/recommendation UI or approved import,"no inferred first-party facts, no raw-user-ID default exports, no live notification send",,
d093f57d658870c61d5a8e9d,ce94abf53f14f5538a81eb16,profile,profile.activities,prompt-user,warning,/profile?tab=activities,user_prompt,actionable,user,user-owned profile/school-list/essay/resume/recommendation UI or approved import,"no inferred first-party facts, no raw-user-ID default exports, no live notification send",,
b87b213f6a58cc8a8a77c7ac,bfaf9aaee511da1bf287d36d,profile,profile.activities,prompt-user,warning,/profile?tab=activities,user_prompt,actionable,user,user-owned profile/school-list/essay/resume/recommendation UI or approved import,"no inferred first-party facts, no raw-user-ID default exports, no live notification send",,
d70ffb08141d2abc371fc479,c52984e73ed2bb9d78b61972,profile,profile.activities,prompt-user,warning,/profile?tab=activities,user_prompt,actionable,user,user-owned profile/school-list/essay/resume/recommendation UI or approved import,"no inferred first-party facts, no raw-user-ID default exports, no live notification send",,
9e902d09622c77bbe415a5f5,ebfe5890a319bc7c8c093b53,profile,profile.activities,prompt-user,warning,/profile?tab=activities,user_prompt,actionable,user,user-owned profile/school-list/essay/resume/recommendation UI or approved import,"no inferred first-party facts, no raw-user-ID default exports, no live notification send",,
dd209784cbd3a7c37798dc81,95d691e906c76381adfe1a28,profile,profile.activities,prompt-user,warning,/profile?tab=activities,user_prompt,actionable,user,user-owned profile/school-list/essay/resume/recommendation UI or approved import,"no inferred first-party facts, no raw-user-ID default exports, no live notification send",,
2058d7d3635541be9a81154d,58f91b77e67fbf46457a44bb,profile,profile.activities,prompt-user,warning,/profile?tab=activities,user_prompt,actionable,user,user-owned profile/school-list/essay/resume/recommendation UI or approved import,"no inferred first-party facts, no raw-user-ID default exports, no live notification send",,
9c6f0258b7fd5c44ef788167,9c2fbbe0254b2440de64a955,profile,profile.activities,prompt-user,warning,/profile?tab=activities,user_prompt,actionable,user,user-owned profile/school-list/essay/resume/recommendation UI or approved import,"no inferred first-party facts, no raw-user-ID default exports, no live notification send",,
e42b6750ab4ffde56312f465,c6d4f92a18ba12e55a77424f,profile,profile.activities,prompt-user,warning,/profile?tab=activities,user_prompt,actionable,user,user-owned profile/school-list/essay/resume/recommendation UI or approved import,"no inferred first-party facts, no raw-user-ID default exports, no live notification send",,
508a6407c4ffc3bc4552ed30,a03881962cac9def370b6ddf,profile,profile.activities,prompt-user,warning,/profile?tab=activities,user_prompt,actionable,user,user-owned profile/school-list/essay/resume/recommendation UI or approved import,"no inferred first-party facts, no raw-user-ID default exports, no live notification send",,
9fa02cb61bc3fad3b4609874,2521ef574f16719cfd342be4,profile,profile.activities,prompt-user,warning,/profile?tab=activities,user_prompt,actionable,user,user-owned profile/school-list/essay/resume/recommendation UI or approved import,"no inferred first-party facts, no raw-user-ID default exports, no live notification send",,
1567868f57d48287128edcf2,bd5e7f1d9b2843a6c0ee281a,profile,profile.activities,prompt-user,warning,/profile?tab=activities,user_prompt,actionable,user,user-owned profile/school-list/essay/resume/recommendation UI or approved import,"no inferred first-party facts, no raw-user-ID default exports, no live notification send",,
b5fa781fa1986e1165fdf9eb,d251e7b1a615c97aeb975753,profile,profile.activities,prompt-user,warning,/profile?tab=activities,user_prompt,actionable,user,user-owned profile/school-list/essay/resume/recommendation UI or approved import,"no inferred first-party facts, no raw-user-ID default exports, no live notification send",,
0e675c04d379ac1f90bbb169,fa20510c8b2ca4eb06c9a50c,profile,profile.activities,prompt-user,warning,/profile?tab=activities,user_prompt,actionable,user,user-owned profile/school-list/essay/resume/recommendation UI or approved import,"no inferred first-party facts, no raw-user-ID default exports, no live notification send",,
5d3f29c52332ccba6c3b64f6,38d8d2c6f2f414c01de125ae,profile,profile.activities,prompt-user,warning,/profile?tab=activities,user_prompt,actionable,user,user-owned profile/school-list/essay/resume/recommendation UI or approved import,"no inferred first-party facts, no raw-user-ID default exports, no live notification send",,
0c46702af3ee822c715f3e93,7965d9f2065d1560654b7cb0,profile,profile.activities,prompt-user,warning,/profile?tab=activities,user_prompt,actionable,user,user-owned profile/school-list/essay/resume/recommendation UI or approved import,"no inferred first-party facts, no raw-user-ID default exports, no live notification send",,
9db4da165fe7fcc3c4db12e8,e487699478e5852a01f5452f,profile,profile.activities,prompt-user,warning,/profile?tab=activities,user_prompt,actionable,user,user-owned profile/school-list/essay/resume/recommendation UI or approved import,"no inferred first-party facts, no raw-user-ID default exports, no live notification send",,
26c843e5a4d548cb297a9373,cf2f3ed14657bb4361b52fd6,profile,profile.activities,prompt-user,warning,/profile?tab=activities,user_prompt,actionable,user,user-owned profile/school-list/essay/resume/recommendation UI or approved import,"no inferred first-party facts, no raw-user-ID default exports, no live notification send",,
71644d88f2997836f3ee404b,85e17e886ea8574404bf06db,profile,profile.activities,prompt-user,warning,/profile?tab=activities,user_prompt,actionable,user,user-owned profile/school-list/essay/resume/recommendation UI or approved import,"no inferred first-party facts, no raw-user-ID default exports, no live notification send",,
d2fd6d977c19a8de68eb2558,fe94fbe339152aa569845a88,profile,profile.activities,prompt-user,warning,/profile?tab=activities,user_prompt,actionable,user,user-owned profile/school-list/essay/resume/recommendation UI or approved import,"no inferred first-party facts, no raw-user-ID default exports, no live notification send",,
5b0b5ce61f0ad24c1899feaf,b2a7f5b361f3945fd310ea56,profile,profile.activities,prompt-user,warning,/profile?tab=activities,user_prompt,actionable,user,user-owned profile/school-list/essay/resume/recommendation UI or approved import,"no inferred first-party facts, no raw-user-ID default exports, no live notification send",,
0a831f39a7dd6923b9265de2,d1874f5f3ea1962396aad74a,profile,profile.activities,prompt-user,warning,/profile?tab=activities,user_prompt,actionable,user,user-owned profile/school-list/essay/resume/recommendation UI or approved import,"no inferred first-party facts, no raw-user-ID default exports, no live notification send",,
c995ff23490bd159cd17004a,4aa923a4eb4b0a7a0517f4d7,profile,profile.activities,prompt-user,warning,/profile?tab=activities,user_prompt,actionable,user,user-owned profile/school-list/essay/resume/recommendation UI or approved import,"no inferred first-party facts, no raw-user-ID default exports, no live notification send",,
4a3449b94acfb2a0a4b5b09c,fc8de225b3758553b9a21a1c,profile,profile.activities,prompt-user,warning,/profile?tab=activities,user_prompt,actionable,user,user-owned profile/school-list/essay/resume/recommendation UI or approved import,"no inferred first-party facts, no raw-user-ID default exports, no live notification send",,
8b502d6fb2b2b71ef9d7c9cb,8cf79915c1b2f6db7f7f87c8,profile,profile.activities,prompt-user,warning,/profile?tab=activities,user_prompt,actionable,user,user-owned profile/school-list/essay/resume/recommendation UI or approved import,"no inferred first-party facts, no raw-user-ID default exports, no live notification send",,
8288dc7458f9bcfab0d8f5c1,4a7a185008b7cd5c390feab9,profile,profile.activities,prompt-user,warning,/profile?tab=activities,user_prompt,actionable,user,user-owned profile/school-list/essay/resume/recommendation UI or approved import,"no inferred first-party facts, no raw-user-ID default exports, no live notification send",,
1a6373e10bb3d32541b2b910,6410c2cd545b51f5356a95f4,profile,profile.activities,prompt-user,warning,/profile?tab=activities,user_prompt,actionable,user,user-owned profile/school-list/essay/resume/recommendation UI or approved import,"no inferred first-party facts, no raw-user-ID default exports, no live notification send",,
a42806d188acf56778ee03e4,1ebdd2eb05856ad6c7e49cb5,profile,profile.activities,prompt-user,warning,/profile?tab=activities,user_prompt,actionable,user,user-owned profile/school-list/essay/resume/recommendation UI or approved import,"no inferred first-party facts, no raw-user-ID default exports, no live notification send",,
0b720f6a71b460ee78e3f24c,7c50be8cd9b86f4161ce3b98,profile,profile.activities,prompt-user,warning,/profile?tab=activities,user_prompt,actionable,user,user-owned profile/school-list/essay/resume/recommendation UI or approved import,"no inferred first-party facts, no raw-user-ID default exports, no live notification send",,
98fd0a4139d0927132050b09,2e60959f4806bfb7683f3490,profile,profile.activities,prompt-user,warning,/profile?tab=activities,user_prompt,actionable,user,user-owned profile/school-list/essay/resume/recommendation UI or approved import,"no inferred first-party facts, no raw-user-ID default exports, no live notification send",,
c94c0e8e423736a432090851,5a6f2932013b43747ade5b1f,profile,profile.activities,prompt-user,warning,/profile?tab=activities,user_prompt,actionable,user,user-owned profile/school-list/essay/resume/recommendation UI or approved import,"no inferred first-party facts, no raw-user-ID default exports, no live notification send",,
f9677bfc218807bad05e7b70,11949a16f1db43597c6d0f92,profile,profile.activities,prompt-user,warning,/profile?tab=activities,user_prompt,actionable,user,user-owned profile/school-list/essay/resume/recommendation UI or approved import,"no inferred first-party facts, no raw-user-ID default exports, no live notification send",,
4181e0d8adaac85ff9b43e87,d59507e40ccb28f60173f9de,profile,profile.activities,prompt-user,warning,/profile?tab=activities,user_prompt,actionable,user,user-owned profile/school-list/essay/resume/recommendation UI or approved import,"no inferred first-party facts, no raw-user-ID default exports, no live notification send",,
e7a5fadf66d1c1078c000116,54e3559386c83d509f571358,profile,profile.activities,prompt-user,warning,/profile?tab=activities,user_prompt,actionable,user,user-owned profile/school-list/essay/resume/recommendation UI or approved import,"no inferred first-party facts, no raw-user-ID default exports, no live notification send",,
68e2cf7a8654b3cc3a57c387,543d710eca3428966f38d56a,profile,profile.activities,prompt-user,warning,/profile?tab=activities,user_prompt,actionable,user,user-owned profile/school-list/essay/resume/recommendation UI or approved import,"no inferred first-party facts, no raw-user-ID default exports, no live notification send",,
ca20d54d65873344887e703c,f8eb0f8d2a0b46422213d278,profile,profile.activities,prompt-user,warning,/profile?tab=activities,user_prompt,actionable,user,user-owned profile/school-list/essay/resume/recommendation UI or approved import,"no inferred first-party facts, no raw-user-ID default exports, no live notification send",,
d3a5b22f99ebc24899d1a815,45c22784b65a384c6a000180,profile,profile.activities,prompt-user,warning,/profile?tab=activities,user_prompt,actionable,user,user-owned profile/school-list/essay/resume/recommendation UI or approved import,"no inferred first-party facts, no raw-user-ID default exports, no live notification send",,
a59f8171573ae3240527a007,dfbe7fe65a6b231a96c2e35e,profile,profile.activities,prompt-user,warning,/profile?tab=activities,user_prompt,actionable,user,user-owned profile/school-list/essay/resume/recommendation UI or approved import,"no inferred first-party facts, no raw-user-ID default exports, no live notification send",,
639404cd050915f86004b521,0d38b90390f3df3aacefa896,profile,profile.activities,prompt-user,warning,/profile?tab=activities,user_prompt,actionable,user,user-owned profile/school-list/essay/resume/recommendation UI or approved import,"no inferred first-party facts, no raw-user-ID default exports, no live notification send",,
719ab878ec6ee832abf4c0d2,5226aad7a0fe017f473ec2cc,profile,profile.activities,prompt-user,warning,/profile?tab=activities,user_prompt,actionable,user,user-owned profile/school-list/essay/resume/recommendation UI or approved import,"no inferred first-party facts, no raw-user-ID default exports, no live notification send",,
5f17570d0e0e70c661401153,a01a78948445bee28c9a5972,profile,profile.activities,prompt-user,warning,/profile?tab=activities,user_prompt,actionable,user,user-owned profile/school-list/essay/resume/recommendation UI or approved import,"no inferred first-party facts, no raw-user-ID default exports, no live notification send",,
3cfe3d021c8f1b2f6025019b,5044e483734670dfe7970719,profile,profile.activities,prompt-user,warning,/profile?tab=activities,user_prompt,actionable,user,user-owned profile/school-list/essay/resume/recommendation UI or approved import,"no inferred first-party facts, no raw-user-ID default exports, no live notification send",,
c215bc6352a411c7c66d7202,cacd870eeb7d1b0e305eb290,profile,profile.activities,prompt-user,warning,/profile?tab=activities,user_prompt,actionable,user,user-owned profile/school-list/essay/resume/recommendation UI or approved import,"no inferred first-party facts, no raw-user-ID default exports, no live notification send",,
ce057dcdf01d9e6f54c1d459,1e829852654087633af81cc9,profile,profile.activities,prompt-user,warning,/profile?tab=activities,user_prompt,actionable,user,user-owned profile/school-list/essay/resume/recommendation UI or approved import,"no inferred first-party facts, no raw-user-ID default exports, no live notification send",,
6a8b5fb4bfeffd3f01249866,2cb24ed9eb1c4d63364c1062,profile,profile.activities,prompt-user,warning,/profile?tab=activities,user_prompt,actionable,user,user-owned profile/school-list/essay/resume/recommendation UI or approved import,"no inferred first-party facts, no raw-user-ID default exports, no live notification send",,
6bbf710638d3c79950ffc3fa,beffd80654a0a6e973061fe8,profile,profile.activities,prompt-user,warning,/profile?tab=activities,user_prompt,actionable,user,user-owned profile/school-list/essay/resume/recommendation UI or approved import,"no inferred first-party facts, no raw-user-ID default exports, no live notification send",,
2dd6b788641cdde2a081887b,1d6edb174c5c4a79c3c6f597,profile,profile.activities,prompt-user,warning,/profile?tab=activities,user_prompt,actionable,user,user-owned profile/school-list/essay/resume/recommendation UI or approved import,"no inferred first-party facts, no raw-user-ID default exports, no live notification send",,
71d0ab9def0bf16cf376727a,03099b7d7926de4915c2307b,profile,profile.activities,prompt-user,warning,/profile?tab=activities,user_prompt,actionable,user,user-owned profile/school-list/essay/resume/recommendation UI or approved import,"no inferred first-party facts, no raw-user-ID default exports, no live notification send",,
feaaf14c5a09b562f250b4ee,18bc0def86f96dc9d8032cf4,profile,profile.activities,prompt-user,warning,/profile?tab=activities,user_prompt,actionable,user,user-owned profile/school-list/essay/resume/recommendation UI or approved import,"no inferred first-party facts, no raw-user-ID default exports, no live notification send",,
6d13548d870a6d1cf3a8f337,d7aaa6f01de07ec58dbad0b1,profile,profile.activities,prompt-user,warning,/profile?tab=activities,user_prompt,actionable,user,user-owned profile/school-list/essay/resume/recommendation UI or approved import,"no inferred first-party facts, no raw-user-ID default exports, no live notification send",,
01815f316b763e58e48118bd,dbe46853dd76ef0b3871ec47,profile,profile.activities,prompt-user,warning,/profile?tab=activities,user_prompt,actionable,user,user-owned profile/school-list/essay/resume/recommendation UI or approved import,"no inferred first-party facts, no raw-user-ID default exports, no live notification send",,
e99a63d7bab49ff500686843,fc7b854dfad3986ab4c8774c,profile,profile.activities,prompt-user,warning,/profile?tab=activities,user_prompt,actionable,user,user-owned profile/school-list/essay/resume/recommendation UI or approved import,"no inferred first-party facts, no raw-user-ID default exports, no live notification send",,
986e56fec255334e54e3d342,3ed490d913f577e9c15901bf,profile,profile.activities,prompt-user,warning,/profile?tab=activities,user_prompt,actionable,user,user-owned profile/school-list/essay/resume/recommendation UI or approved import,"no inferred first-party facts, no raw-user-ID default exports, no live notification send",,
550d3608d821628afd081854,17b29a1e1cd753f82eaa0004,profile,profile.activities,prompt-user,warning,/profile?tab=activities,user_prompt,actionable,user,user-owned profile/school-list/essay/resume/recommendation UI or approved import,"no inferred first-party facts, no raw-user-ID default exports, no live notification send",,
686098ae45ed0cf2c7a6bb51,fd1d6497725c7aaad7a3c196,profile,profile.activities,prompt-user,warning,/profile?tab=activities,user_prompt,actionable,user,user-owned profile/school-list/essay/resume/recommendation UI or approved import,"no inferred first-party facts, no raw-user-ID default exports, no live notification send",,
2f3ed54bc4a4e4371b560799,e76b246b99503b0c07e399b2,profile,profile.activities,prompt-user,warning,/profile?tab=activities,user_prompt,actionable,user,user-owned profile/school-list/essay/resume/recommendation UI or approved import,"no inferred first-party facts, no raw-user-ID default exports, no live notification send",,
3b24a69992609593175c52e9,f3e701ab37560748c10a7253,profile,profile.activities,prompt-user,warning,/profile?tab=activities,user_prompt,actionable,user,user-owned profile/school-list/essay/resume/recommendation UI or approved import,"no inferred first-party facts, no raw-user-ID default exports, no live notification send",,
a5d28b6cd7c354a9134bac42,3b79fbe93e8d8a1ed167dc0a,profile,profile.activities,prompt-user,warning,/profile?tab=activities,user_prompt,actionable,user,user-owned profile/school-list/essay/resume/recommendation UI or approved import,"no inferred first-party facts, no raw-user-ID default exports, no live notification send",,
d0b75f8fdb757d149ba23e47,2e09ae64ee08e9ba2ce897b9,profile,profile.activities,prompt-user,warning,/profile?tab=activities,user_prompt,actionable,user,user-owned profile/school-list/essay/resume/recommendation UI or approved import,"no inferred first-party facts, no raw-user-ID default exports, no live notification send",,
cf359908d3f2d4850b8c638e,742f4af8d99ae2b8547ee0f7,profile,profile.activities,prompt-user,warning,/profile?tab=activities,user_prompt,actionable,user,user-owned profile/school-list/essay/resume/recommendation UI or approved import,"no inferred first-party facts, no raw-user-ID default exports, no live notification send",,
693ddd0ca8621ee6302ce3e4,d9b3fb9bd8dce18ecc3b5ca2,profile,profile.activities,prompt-user,warning,/profile?tab=activities,user_prompt,actionable,user,user-owned profile/school-list/essay/resume/recommendation UI or approved import,"no inferred first-party facts, no raw-user-ID default exports, no live notification send",,
537cd111095b2566f6ab727a,b7ff97a8390ad37c9766fde0,profile,profile.activities,prompt-user,warning,/profile?tab=activities,user_prompt,actionable,user,user-owned profile/school-list/essay/resume/recommendation UI or approved import,"no inferred first-party facts, no raw-user-ID default exports, no live notification send",,
bbfcea10f79ca0413ac466db,07f3a6136cdbf56a4c381635,profile,profile.activities,prompt-user,warning,/profile?tab=activities,user_prompt,actionable,user,user-owned profile/school-list/essay/resume/recommendation UI or approved import,"no inferred first-party facts, no raw-user-ID default exports, no live notification send",,
8920341f0eab10006614449e,fce4d766a1a7cf9683c269a7,profile,profile.activities,prompt-user,warning,/profile?tab=activities,user_prompt,actionable,user,user-owned profile/school-list/essay/resume/recommendation UI or approved import,"no inferred first-party facts, no raw-user-ID default exports, no live notification send",,
c720349e2ce59d2437c3f21c,9aedc2f9488c04a6732f7256,profile,profile.activities,prompt-user,warning,/profile?tab=activities,user_prompt,actionable,user,user-owned profile/school-list/essay/resume/recommendation UI or approved import,"no inferred first-party facts, no raw-user-ID default exports, no live notification send",,
537d7051a678e03b36c9b740,d4ca47731eb2f84b483ba976,profile,profile.activities,prompt-user,warning,/profile?tab=activities,user_prompt,actionable,user,user-owned profile/school-list/essay/resume/recommendation UI or approved import,"no inferred first-party facts, no raw-user-ID default exports, no live notification send",,
ec07387bc845f209f12b56e1,b0b8366e5f846ce7de0391dc,profile,profile.activities,prompt-user,warning,/profile?tab=activities,user_prompt,actionable,user,user-owned profile/school-list/essay/resume/recommendation UI or approved import,"no inferred first-party facts, no raw-user-ID default exports, no live notification send",,
fc95b7caba28567228c5453d,81d71d4eec8e8368e557e6ae,profile,profile.activities,prompt-user,warning,/profile?tab=activities,user_prompt,actionable,user,user-owned profile/school-list/essay/resume/recommendation UI or approved import,"no inferred first-party facts, no raw-user-ID default exports, no live notification send",,
221a7eaaab2a62407db2b23a,b4b464f7720df53f14b4aeab,profile,profile.activities,prompt-user,warning,/profile?tab=activities,user_prompt,actionable,user,user-owned profile/school-list/essay/resume/recommendation UI or approved import,"no inferred first-party facts, no raw-user-ID default exports, no live notification send",,
8756d49a67423d831126f9c7,5ef26fd15a7d94de95db760d,profile,profile.activities,prompt-user,warning,/profile?tab=activities,user_prompt,actionable,user,user-owned profile/school-list/essay/resume/recommendation UI or approved import,"no inferred first-party facts, no raw-user-ID default exports, no live notification send",,
9ab04e7675e18d84ea1ea374,abd5622ea74cceed6dede107,profile,profile.activities,prompt-user,warning,/profile?tab=activities,user_prompt,actionable,user,user-owned profile/school-list/essay/resume/recommendation UI or approved import,"no inferred first-party facts, no raw-user-ID default exports, no live notification send",,
f818e439b555d3d2d844fe71,2602385b62043a9e3025b517,profile,profile.activities,prompt-user,warning,/profile?tab=activities,user_prompt,actionable,user,user-owned profile/school-list/essay/resume/recommendation UI or approved import,"no inferred first-party facts, no raw-user-ID default exports, no live notification send",,
d864a2017f74175e39130328,73e60992ad694dbf05d313f9,profile,profile.activities,prompt-user,warning,/profile?tab=activities,user_prompt,actionable,user,user-owned profile/school-list/essay/resume/recommendation UI or approved import,"no inferred first-party facts, no raw-user-ID default exports, no live notification send",,
b58814f9c5d40c2cca9cd0ba,b22551ed28a844c40361f4c6,profile,profile.activities,prompt-user,warning,/profile?tab=activities,user_prompt,actionable,user,user-owned profile/school-list/essay/resume/recommendation UI or approved import,"no inferred first-party facts, no raw-user-ID default exports, no live notification send",,
ea594aacc0071fab15e09640,8291c39c23e9854c77949587,profile,profile.activities,prompt-user,warning,/profile?tab=activities,user_prompt,actionable,user,user-owned profile/school-list/essay/resume/recommendation UI or approved import,"no inferred first-party facts, no raw-user-ID default exports, no live notification send",,
4767e40f0ac5b61bc56681e6,66e28a97f69ea9177ec6e239,profile,profile.activities,prompt-user,warning,/profile?tab=activities,user_prompt,actionable,user,user-owned profile/school-list/essay/resume/recommendation UI or approved import,"no inferred first-party facts, no raw-user-ID default exports, no live notification send",,
bb132178d629a66fc7aefd01,664f3a82867f761aa9082952,profile,profile.activities,prompt-user,warning,/profile?tab=activities,user_prompt,actionable,user,user-owned profile/school-list/essay/resume/recommendation UI or approved import,"no inferred first-party facts, no raw-user-ID default exports, no live notification send",,
932efce71e173e4704914319,5e5ecc8d86964733a3bd9bfd,profile,profile.activities,prompt-user,warning,/profile?tab=activities,user_prompt,actionable,user,user-owned profile/school-list/essay/resume/recommendation UI or approved import,"no inferred first-party facts, no raw-user-ID default exports, no live notification send",,
ec5bdd2b5351c8e584d3be8d,29ca348769849ba58b071162,profile,profile.activities,prompt-user,warning,/profile?tab=activities,user_prompt,actionable,user,user-owned profile/school-list/essay/resume/recommendation UI or approved import,"no inferred first-party facts, no raw-user-ID default exports, no live notification send",,
28dc96231ed06b299208eff5,1134a45529007d06fa5d1edb,profile,profile.activities,prompt-user,warning,/profile?tab=activities,user_prompt,actionable,user,user-owned profile/school-list/essay/resume/recommendation UI or approved import,"no inferred first-party facts, no raw-user-ID default exports, no live notification send",,
2c9771be6f35b5904dbbe14b,a254c6762b1623455829ff10,profile,profile.activities,prompt-user,warning,/profile?tab=activities,user_prompt,actionable,user,user-owned profile/school-list/essay/resume/recommendation UI or approved import,"no inferred first-party facts, no raw-user-ID default exports, no live notification send",,
be69b9e0cebe6aec14a2ebf4,4b018ff55c5cb933a8af6b2d,profile,profile.activities,prompt-user,warning,/profile?tab=activities,user_prompt,actionable,user,user-owned profile/school-list/essay/resume/recommendation UI or approved import,"no inferred first-party facts, no raw-user-ID default exports, no live notification send",,
3b8ce71113797c845bb872a3,e7aa36a405ca7979e329e87b,profile,profile.activities,prompt-user,warning,/profile?tab=activities,user_prompt,actionable,user,user-owned profile/school-list/essay/resume/recommendation UI or approved import,"no inferred first-party facts, no raw-user-ID default exports, no live notification send",,
13d29e45f6794b8697671204,ca6c76c02fcc72e715d068d8,profile,profile.activities,prompt-user,warning,/profile?tab=activities,user_prompt,actionable,user,user-owned profile/school-list/essay/resume/recommendation UI or approved import,"no inferred first-party facts, no raw-user-ID default exports, no live notification send",,
76ba6c9798c8630b641eee3f,a921641dc4b1526d1a01917b,profile,profile.activities,prompt-user,warning,/profile?tab=activities,user_prompt,actionable,user,user-owned profile/school-list/essay/resume/recommendation UI or approved import,"no inferred first-party facts, no raw-user-ID default exports, no live notification send",,
62d24e8597a55a5a0a4fd2d7,ebdd5efd8dc0fc61274cd467,profile,profile.activities,prompt-user,warning,/profile?tab=activities,user_prompt,actionable,user,user-owned profile/school-list/essay/resume/recommendation UI or approved import,"no inferred first-party facts, no raw-user-ID default exports, no live notification send",,
8ba8880892cf6b4d1a83a00f,8810301b97ae49e59d07d6de,profile,profile.activities,prompt-user,warning,/profile?tab=activities,user_prompt,actionable,user,user-owned profile/school-list/essay/resume/recommendation UI or approved import,"no inferred first-party facts, no raw-user-ID default exports, no live notification send",,
71f206d1ac1510c3461c3f62,11234b2e38f9b1bb49207612,profile,profile.activities,prompt-user,warning,/profile?tab=activities,user_prompt,actionable,user,user-owned profile/school-list/essay/resume/recommendation UI or approved import,"no inferred first-party facts, no raw-user-ID default exports, no live notification send",,
7683420873a4efd6953dc8b0,dfd2712d91a9b6b52cd7a939,profile,profile.activities,prompt-user,warning,/profile?tab=activities,user_prompt,actionable,user,user-owned profile/school-list/essay/resume/recommendation UI or approved import,"no inferred first-party facts, no raw-user-ID default exports, no live notification send",,
ca22acb9dcd7763d46df7db9,f13448c63795d2838ae3d3aa,profile,profile.activities,prompt-user,warning,/profile?tab=activities,user_prompt,actionable,user,user-owned profile/school-list/essay/resume/recommendation UI or approved import,"no inferred first-party facts, no raw-user-ID default exports, no live notification send",,
3775406187707a6591ba5ffd,47846ee95cac0b56ae45d5f1,profile,profile.activities,prompt-user,warning,/profile?tab=activities,user_prompt,actionable,user,user-owned profile/school-list/essay/resume/recommendation UI or approved import,"no inferred first-party facts, no raw-user-ID default exports, no live notification send",,
d0d761906a40b0af30dec88f,b1cf8f9202fac78805196f3b,profile,profile.activities,prompt-user,warning,/profile?tab=activities,user_prompt,actionable,user,user-owned profile/school-list/essay/resume/recommendation UI or approved import,"no inferred first-party facts, no raw-user-ID default exports, no live notification send",,
fb0a159aa3969317733f50df,5d3f54ea3a1fd9d4e94e719a,profile,profile.activities,prompt-user,warning,/profile?tab=activities,user_prompt,actionable,user,user-owned profile/school-list/essay/resume/recommendation UI or approved import,"no inferred first-party facts, no raw-user-ID default exports, no live notification send",,
c5afca47c781c4069ed80f5e,56d95fc96f640bc7aeee88cb,profile,profile.activities,prompt-user,warning,/profile?tab=activities,user_prompt,actionable,user,user-owned profile/school-list/essay/resume/recommendation UI or approved import,"no inferred first-party facts, no raw-user-ID default exports, no live notification send",,
0efe95a39b123e55e09226e0,f9bb2679f3487a696a06b36a,profile,profile.activities,prompt-user,warning,/profile?tab=activities,user_prompt,actionable,user,user-owned profile/school-list/essay/resume/recommendation UI or approved import,"no inferred first-party facts, no raw-user-ID default exports, no live notification send",,
ba758da9fffbee1f2fa7988b,f208d7e70269a7fceebf86e6,profile,profile.activities,prompt-user,warning,/profile?tab=activities,user_prompt,actionable,user,user-owned profile/school-list/essay/resume/recommendation UI or approved import,"no inferred first-party facts, no raw-user-ID default exports, no live notification send",,
594aeee3f872c97407a3fa6b,c086fb2c4e41afde6c957741,profile,profile.activities,prompt-user,warning,/profile?tab=activities,user_prompt,actionable,user,user-owned profile/school-list/essay/resume/recommendation UI or approved import,"no inferred first-party facts, no raw-user-ID default exports, no live notification send",,
b2f12af5f1e42440fc153d6e,a6269d71b6b9bc7677fdc2b8,profile,profile.activities,prompt-user,warning,/profile?tab=activities,user_prompt,actionable,user,user-owned profile/school-list/essay/resume/recommendation UI or approved import,"no inferred first-party facts, no raw-user-ID default exports, no live notification send",,
2b751a04c67db0dca7fa08a4,5a2eff24f6f702dba34dcfbd,profile,profile.activities,prompt-user,warning,/profile?tab=activities,user_prompt,actionable,user,user-owned profile/school-list/essay/resume/recommendation UI or approved import,"no inferred first-party facts, no raw-user-ID default exports, no live notification send",,
fded1e82fc08fe3dc6ae0cd1,d66f3580bc3de0ae18c4f7e5,profile,profile.activities,prompt-user,warning,/profile?tab=activities,user_prompt,actionable,user,user-owned profile/school-list/essay/resume/recommendation UI or approved import,"no inferred first-party facts, no raw-user-ID default exports, no live notification send",,
250fca2cca79498b8adb85d5,c61f474baaa4287019176258,profile,profile.activities,prompt-user,warning,/profile?tab=activities,user_prompt,actionable,user,user-owned profile/school-list/essay/resume/recommendation UI or approved import,"no inferred first-party facts, no raw-user-ID default exports, no live notification send",,
884f830c5b488579180240c5,09c971b1ecd35e79c613eb01,profile,profile.activities,prompt-user,warning,/profile?tab=activities,user_prompt,actionable,user,user-owned profile/school-list/essay/resume/recommendation UI or approved import,"no inferred first-party facts, no raw-user-ID default exports, no live notification send",,
275fa235308941e5b34bf533,725fbe1f451b243357adf7f7,profile,profile.activities,prompt-user,warning,/profile?tab=activities,user_prompt,actionable,user,user-owned profile/school-list/essay/resume/recommendation UI or approved import,"no inferred first-party facts, no raw-user-ID default exports, no live notification send",,
5ee97a356715221e98f9c639,58e2caf341a159648f757afd,profile,profile.activities,prompt-user,warning,/profile?tab=activities,user_prompt,actionable,user,user-owned profile/school-list/essay/resume/recommendation UI or approved import,"no inferred first-party facts, no raw-user-ID default exports, no live notification send",,
cb9b132eeddc10f94b979c2e,af92366e7a726386d26d71f6,profile,profile.activities,prompt-user,warning,/profile?tab=activities,user_prompt,actionable,user,user-owned profile/school-list/essay/resume/recommendation UI or approved import,"no inferred first-party facts, no raw-user-ID default exports, no live notification send",,
2490a32a79e2f5d477910b91,a0e8278aa36c1b14956029fa,profile,profile.basic_context,prompt-user,warning,/profile?tab=basic,user_prompt,actionable,user,user-owned profile/school-list/essay/resume/recommendation UI or approved import,"no inferred first-party facts, no raw-user-ID default exports, no live notification send",,
df5585906015fd0358d5de0d,dcf4f4031d77be3f6b4c28cb,profile,profile.basic_context,prompt-user,warning,/profile?tab=basic,user_prompt,actionable,user,user-owned profile/school-list/essay/resume/recommendation UI or approved import,"no inferred first-party facts, no raw-user-ID default exports, no live notification send",,
4a070e6ff84a1f2e291a113f,5e068c8dc7b4c890cd028525,profile,profile.basic_context,prompt-user,warning,/profile?tab=basic,user_prompt,actionable,user,user-owned profile/school-list/essay/resume/recommendation UI or approved import,"no inferred first-party facts, no raw-user-ID default exports, no live notification send",,
933c8fbcf844473497664ebc,a080791fc5afd2fd65717791,profile,profile.basic_context,prompt-user,warning,/profile?tab=basic,user_prompt,actionable,user,user-owned profile/school-list/essay/resume/recommendation UI or approved import,"no inferred first-party facts, no raw-user-ID default exports, no live notification send",,
b9080384f5e48931d9672942,dfbdb1bfb5ba2e55947ffacb,profile,profile.basic_context,prompt-user,warning,/profile?tab=basic,user_prompt,actionable,user,user-owned profile/school-list/essay/resume/recommendation UI or approved import,"no inferred first-party facts, no raw-user-ID default exports, no live notification send",,
2ba9ae2789a823fff9e99e40,fa17461feb2a296bf410fd51,profile,profile.basic_context,prompt-user,warning,/profile?tab=basic,user_prompt,actionable,user,user-owned profile/school-list/essay/resume/recommendation UI or approved import,"no inferred first-party facts, no raw-user-ID default exports, no live notification send",,
e523653fa42814ef3eadc5e2,3c9553d15ae84cd029f9a45e,profile,profile.basic_context,prompt-user,warning,/profile?tab=basic,user_prompt,actionable,user,user-owned profile/school-list/essay/resume/recommendation UI or approved import,"no inferred first-party facts, no raw-user-ID default exports, no live notification send",,
548e347fbdaf43be08e93286,d34e7c86d1fe4b4e4f3dd8b5,profile,profile.basic_context,prompt-user,warning,/profile?tab=basic,user_prompt,actionable,user,user-owned profile/school-list/essay/resume/recommendation UI or approved import,"no inferred first-party facts, no raw-user-ID default exports, no live notification send",,
4a9a5325fca32ac5aa4d26c1,41987896ad3e2c2b584d8822,profile,profile.basic_context,prompt-user,warning,/profile?tab=basic,user_prompt,actionable,user,user-owned profile/school-list/essay/resume/recommendation UI or approved import,"no inferred first-party facts, no raw-user-ID default exports, no live notification send",,
a17521d2860dea1a7b772a50,4d80d091ce6c3c3bbfb73020,profile,profile.basic_context,prompt-user,warning,/profile?tab=basic,user_prompt,actionable,user,user-owned profile/school-list/essay/resume/recommendation UI or approved import,"no inferred first-party facts, no raw-user-ID default exports, no live notification send",,
239876530e8400c075556f29,a371d99e7990b1712ac0d07f,profile,profile.basic_context,prompt-user,warning,/profile?tab=basic,user_prompt,actionable,user,user-owned profile/school-list/essay/resume/recommendation UI or approved import,"no inferred first-party facts, no raw-user-ID default exports, no live notification send",,
8fc27fe02716e3c77f4c9217,9111330cde59a737a7fbe9d2,profile,profile.basic_context,prompt-user,warning,/profile?tab=basic,user_prompt,actionable,user,user-owned profile/school-list/essay/resume/recommendation UI or approved import,"no inferred first-party facts, no raw-user-ID default exports, no live notification send",,
3315de3a8f38e51c6e718bd4,6596f538050d130001eb66fd,profile,profile.basic_context,prompt-user,warning,/profile?tab=basic,user_prompt,actionable,user,user-owned profile/school-list/essay/resume/recommendation UI or approved import,"no inferred first-party facts, no raw-user-ID default exports, no live notification send",,
81693f3a9d0880c99db5d8eb,f8576ed8705f4e1a21c111d4,profile,profile.basic_context,prompt-user,warning,/profile?tab=basic,user_prompt,actionable,user,user-owned profile/school-list/essay/resume/recommendation UI or approved import,"no inferred first-party facts, no raw-user-ID default exports, no live notification send",,
42911f743ee6aec754611f0a,8cbd0cb44e65485bb14e40b4,profile,profile.basic_context,prompt-user,warning,/profile?tab=basic,user_prompt,actionable,user,user-owned profile/school-list/essay/resume/recommendation UI or approved import,"no inferred first-party facts, no raw-user-ID default exports, no live notification send",,
a3528862a20f112072f07dec,16ce403f5cdd5ce323d7d56a,profile,profile.basic_context,prompt-user,warning,/profile?tab=basic,user_prompt,actionable,user,user-owned profile/school-list/essay/resume/recommendation UI or approved import,"no inferred first-party facts, no raw-user-ID default exports, no live notification send",,
e510af0c8def66fed7a41269,07b560c00ebbeae89757ba92,profile,profile.basic_context,prompt-user,warning,/profile?tab=basic,user_prompt,actionable,user,user-owned profile/school-list/essay/resume/recommendation UI or approved import,"no inferred first-party facts, no raw-user-ID default exports, no live notification send",,
8a25c91ceddfae6e4160c58e,23f48cbbd8bb302d47877816,profile,profile.basic_context,prompt-user,warning,/profile?tab=basic,user_prompt,actionable,user,user-owned profile/school-list/essay/resume/recommendation UI or approved import,"no inferred first-party facts, no raw-user-ID default exports, no live notification send",,
f0c8fe12bebd09636b7cd4a6,f3198e3d4b8dfbe1dc7ef401,profile,profile.basic_context,prompt-user,warning,/profile?tab=basic,user_prompt,actionable,user,user-owned profile/school-list/essay/resume/recommendation UI or approved import,"no inferred first-party facts, no raw-user-ID default exports, no live notification send",,
448f80c986e8da56dc55d7ce,d8b66d7a77fb0898c274f016,profile,profile.basic_context,prompt-user,warning,/profile?tab=basic,user_prompt,actionable,user,user-owned profile/school-list/essay/resume/recommendation UI or approved import,"no inferred first-party facts, no raw-user-ID default exports, no live notification send",,
3189c565a909046c4fd6a3e3,4d3c3bd653a94add62332ca7,profile,profile.basic_context,prompt-user,warning,/profile?tab=basic,user_prompt,actionable,user,user-owned profile/school-list/essay/resume/recommendation UI or approved import,"no inferred first-party facts, no raw-user-ID default exports, no live notification send",,
969f0a6da6dcccc818b2d053,349b11a3f796ddd02fac5df4,profile,profile.basic_context,prompt-user,warning,/profile?tab=basic,user_prompt,actionable,user,user-owned profile/school-list/essay/resume/recommendation UI or approved import,"no inferred first-party facts, no raw-user-ID default exports, no live notification send",,
886a1ffc2b7eafe348230a62,496c4289233f7686705eb9cc,profile,profile.basic_context,prompt-user,warning,/profile?tab=basic,user_prompt,actionable,user,user-owned profile/school-list/essay/resume/recommendation UI or approved import,"no inferred first-party facts, no raw-user-ID default exports, no live notification send",,
e806e3691e6e2df024691a2b,792185c76419227985fe39c6,profile,profile.basic_context,prompt-user,warning,/profile?tab=basic,user_prompt,actionable,user,user-owned profile/school-list/essay/resume/recommendation UI or approved import,"no inferred first-party facts, no raw-user-ID default exports, no live notification send",,
12e0eebeeec38d62e5a0d3d4,e68a34176110a03fb1b0e1a7,profile,profile.basic_context,prompt-user,warning,/profile?tab=basic,user_prompt,actionable,user,user-owned profile/school-list/essay/resume/recommendation UI or approved import,"no inferred first-party facts, no raw-user-ID default exports, no live notification send",,
91a70d5fa0ff8d12a86e2a5a,cc19790a20627dcf671b0696,profile,profile.basic_context,prompt-user,warning,/profile?tab=basic,user_prompt,actionable,user,user-owned profile/school-list/essay/resume/recommendation UI or approved import,"no inferred first-party facts, no raw-user-ID default exports, no live notification send",,
8fc1697c15092a2b07926f70,9268bb2df1ae7eb423b40e68,profile,profile.basic_context,prompt-user,warning,/profile?tab=basic,user_prompt,actionable,user,user-owned profile/school-list/essay/resume/recommendation UI or approved import,"no inferred first-party facts, no raw-user-ID default exports, no live notification send",,
0d909a631e8a38aba39711eb,a39a015fb33b59dab1e79583,profile,profile.basic_context,prompt-user,warning,/profile?tab=basic,user_prompt,actionable,user,user-owned profile/school-list/essay/resume/recommendation UI or approved import,"no inferred first-party facts, no raw-user-ID default exports, no live notification send",,
3312c3fbbc5f925503c23541,70a9eda088b1d81c8c2c6710,profile,profile.basic_context,prompt-user,warning,/profile?tab=basic,user_prompt,actionable,user,user-owned profile/school-list/essay/resume/recommendation UI or approved import,"no inferred first-party facts, no raw-user-ID default exports, no live notification send",,
951efa9a78747fd1f702a582,e7f17db1b3d37787f764e825,profile,profile.basic_context,prompt-user,warning,/profile?tab=basic,user_prompt,actionable,user,user-owned profile/school-list/essay/resume/recommendation UI or approved import,"no inferred first-party facts, no raw-user-ID default exports, no live notification send",,
9ce8b002b8c6978d1d50ca34,296c586ab4f761371e0cbf88,profile,profile.basic_context,prompt-user,warning,/profile?tab=basic,user_prompt,actionable,user,user-owned profile/school-list/essay/resume/recommendation UI or approved import,"no inferred first-party facts, no raw-user-ID default exports, no live notification send",,
a5ce79e3ee65a9b900b1d3ec,6ad354ae95ed116979f53605,profile,profile.basic_context,prompt-user,warning,/profile?tab=basic,user_prompt,actionable,user,user-owned profile/school-list/essay/resume/recommendation UI or approved import,"no inferred first-party facts, no raw-user-ID default exports, no live notification send",,
8acb1d168ae7de069f4d5d41,c2fb04257a3dbfd64ef42235,profile,profile.basic_context,prompt-user,warning,/profile?tab=basic,user_prompt,actionable,user,user-owned profile/school-list/essay/resume/recommendation UI or approved import,"no inferred first-party facts, no raw-user-ID default exports, no live notification send",,
79637912dce7f904c64328bb,063b024d5235f2864bf7976b,profile,profile.basic_context,prompt-user,warning,/profile?tab=basic,user_prompt,actionable,user,user-owned profile/school-list/essay/resume/recommendation UI or approved import,"no inferred first-party facts, no raw-user-ID default exports, no live notification send",,
1b509e80303bfb72347c7122,a69f207d386676eb5d4c6068,profile,profile.basic_context,prompt-user,warning,/profile?tab=basic,user_prompt,actionable,user,user-owned profile/school-list/essay/resume/recommendation UI or approved import,"no inferred first-party facts, no raw-user-ID default exports, no live notification send",,
ca2ccfb1838fd1cd9b1b428a,0dd5690ef245b29c752978ab,profile,profile.basic_context,prompt-user,warning,/profile?tab=basic,user_prompt,actionable,user,user-owned profile/school-list/essay/resume/recommendation UI or approved import,"no inferred first-party facts, no raw-user-ID default exports, no live notification send",,
d4f1ee39fe1a2af08fbd5161,6bd54dc4b93df493e735968f,profile,profile.basic_context,prompt-user,warning,/profile?tab=basic,user_prompt,actionable,user,user-owned profile/school-list/essay/resume/recommendation UI or approved import,"no inferred first-party facts, no raw-user-ID default exports, no live notification send",,
062118d350b761fdd04aa833,4447d4720fb09d0cf9f974b1,profile,profile.basic_context,prompt-user,warning,/profile?tab=basic,user_prompt,actionable,user,user-owned profile/school-list/essay/resume/recommendation UI or approved import,"no inferred first-party facts, no raw-user-ID default exports, no live notification send",,
e36192e1857a30c62f9c8a38,1e02ca5c816e125387e943ea,profile,profile.basic_context,prompt-user,warning,/profile?tab=basic,user_prompt,actionable,user,user-owned profile/school-list/essay/resume/recommendation UI or approved import,"no inferred first-party facts, no raw-user-ID default exports, no live notification send",,
4a216ad9b35ebe5103f8526b,c4f622849d37b4b65dec3cec,profile,profile.basic_context,prompt-user,warning,/profile?tab=basic,user_prompt,actionable,user,user-owned profile/school-list/essay/resume/recommendation UI or approved import,"no inferred first-party facts, no raw-user-ID default exports, no live notification send",,
69ece4fe3e5b32f6470b9361,73c05ab78066f89172cd4600,profile,profile.basic_context,prompt-user,warning,/profile?tab=basic,user_prompt,actionable,user,user-owned profile/school-list/essay/resume/recommendation UI or approved import,"no inferred first-party facts, no raw-user-ID default exports, no live notification send",,
c55a37df2b2958e3ddc0868f,fb3adf3bf3209373369bc84f,profile,profile.basic_context,prompt-user,warning,/profile?tab=basic,user_prompt,actionable,user,user-owned profile/school-list/essay/resume/recommendation UI or approved import,"no inferred first-party facts, no raw-user-ID default exports, no live notification send",,
5787255212e567a3fd4aef81,bc8c05acbe1509e433fc0da5,profile,profile.basic_context,prompt-user,warning,/profile?tab=basic,user_prompt,actionable,user,user-owned profile/school-list/essay/resume/recommendation UI or approved import,"no inferred first-party facts, no raw-user-ID default exports, no live notification send",,
d093f57d658870c61d5a8e9d,ce94abf53f14f5538a81eb16,profile,profile.basic_context,prompt-user,warning,/profile?tab=basic,user_prompt,actionable,user,user-owned profile/school-list/essay/resume/recommendation UI or approved import,"no inferred first-party facts, no raw-user-ID default exports, no live notification send",,
b87b213f6a58cc8a8a77c7ac,bfaf9aaee511da1bf287d36d,profile,profile.basic_context,prompt-user,warning,/profile?tab=basic,user_prompt,actionable,user,user-owned profile/school-list/essay/resume/recommendation UI or approved import,"no inferred first-party facts, no raw-user-ID default exports, no live notification send",,
d70ffb08141d2abc371fc479,c52984e73ed2bb9d78b61972,profile,profile.basic_context,prompt-user,warning,/profile?tab=basic,user_prompt,actionable,user,user-owned profile/school-list/essay/resume/recommendation UI or approved import,"no inferred first-party facts, no raw-user-ID default exports, no live notification send",,
9e902d09622c77bbe415a5f5,ebfe5890a319bc7c8c093b53,profile,profile.basic_context,prompt-user,warning,/profile?tab=basic,user_prompt,actionable,user,user-owned profile/school-list/essay/resume/recommendation UI or approved import,"no inferred first-party facts, no raw-user-ID default exports, no live notification send",,
dd209784cbd3a7c37798dc81,95d691e906c76381adfe1a28,profile,profile.basic_context,prompt-user,warning,/profile?tab=basic,user_prompt,actionable,user,user-owned profile/school-list/essay/resume/recommendation UI or approved import,"no inferred first-party facts, no raw-user-ID default exports, no live notification send",,
2058d7d3635541be9a81154d,58f91b77e67fbf46457a44bb,profile,profile.basic_context,prompt-user,warning,/profile?tab=basic,user_prompt,actionable,user,user-owned profile/school-list/essay/resume/recommendation UI or approved import,"no inferred first-party facts, no raw-user-ID default exports, no live notification send",,
9c6f0258b7fd5c44ef788167,9c2fbbe0254b2440de64a955,profile,profile.basic_context,prompt-user,warning,/profile?tab=basic,user_prompt,actionable,user,user-owned profile/school-list/essay/resume/recommendation UI or approved import,"no inferred first-party facts, no raw-user-ID default exports, no live notification send",,
e42b6750ab4ffde56312f465,c6d4f92a18ba12e55a77424f,profile,profile.basic_context,prompt-user,warning,/profile?tab=basic,user_prompt,actionable,user,user-owned profile/school-list/essay/resume/recommendation UI or approved import,"no inferred first-party facts, no raw-user-ID default exports, no live notification send",,
508a6407c4ffc3bc4552ed30,a03881962cac9def370b6ddf,profile,profile.basic_context,prompt-user,warning,/profile?tab=basic,user_prompt,actionable,user,user-owned profile/school-list/essay/resume/recommendation UI or approved import,"no inferred first-party facts, no raw-user-ID default exports, no live notification send",,
9fa02cb61bc3fad3b4609874,2521ef574f16719cfd342be4,profile,profile.basic_context,prompt-user,warning,/profile?tab=basic,user_prompt,actionable,user,user-owned profile/school-list/essay/resume/recommendation UI or approved import,"no inferred first-party facts, no raw-user-ID default exports, no live notification send",,
1567868f57d48287128edcf2,bd5e7f1d9b2843a6c0ee281a,profile,profile.basic_context,prompt-user,warning,/profile?tab=basic,user_prompt,actionable,user,user-owned profile/school-list/essay/resume/recommendation UI or approved import,"no inferred first-party facts, no raw-user-ID default exports, no live notification send",,
b5fa781fa1986e1165fdf9eb,d251e7b1a615c97aeb975753,profile,profile.basic_context,prompt-user,warning,/profile?tab=basic,user_prompt,actionable,user,user-owned profile/school-list/essay/resume/recommendation UI or approved import,"no inferred first-party facts, no raw-user-ID default exports, no live notification send",,
0e675c04d379ac1f90bbb169,fa20510c8b2ca4eb06c9a50c,profile,profile.basic_context,prompt-user,warning,/profile?tab=basic,user_prompt,actionable,user,user-owned profile/school-list/essay/resume/recommendation UI or approved import,"no inferred first-party facts, no raw-user-ID default exports, no live notification send",,
5d3f29c52332ccba6c3b64f6,38d8d2c6f2f414c01de125ae,profile,profile.basic_context,prompt-user,warning,/profile?tab=basic,user_prompt,actionable,user,user-owned profile/school-list/essay/resume/recommendation UI or approved import,"no inferred first-party facts, no raw-user-ID default exports, no live notification send",,
0c46702af3ee822c715f3e93,7965d9f2065d1560654b7cb0,profile,profile.basic_context,prompt-user,warning,/profile?tab=basic,user_prompt,actionable,user,user-owned profile/school-list/essay/resume/recommendation UI or approved import,"no inferred first-party facts, no raw-user-ID default exports, no live notification send",,
9db4da165fe7fcc3c4db12e8,e487699478e5852a01f5452f,profile,profile.basic_context,prompt-user,warning,/profile?tab=basic,user_prompt,actionable,user,user-owned profile/school-list/essay/resume/recommendation UI or approved import,"no inferred first-party facts, no raw-user-ID default exports, no live notification send",,
26c843e5a4d548cb297a9373,cf2f3ed14657bb4361b52fd6,profile,profile.basic_context,prompt-user,warning,/profile?tab=basic,user_prompt,actionable,user,user-owned profile/school-list/essay/resume/recommendation UI or approved import,"no inferred first-party facts, no raw-user-ID default exports, no live notification send",,
71644d88f2997836f3ee404b,85e17e886ea8574404bf06db,profile,profile.basic_context,prompt-user,warning,/profile?tab=basic,user_prompt,actionable,user,user-owned profile/school-list/essay/resume/recommendation UI or approved import,"no inferred first-party facts, no raw-user-ID default exports, no live notification send",,
d2fd6d977c19a8de68eb2558,fe94fbe339152aa569845a88,profile,profile.basic_context,prompt-user,warning,/profile?tab=basic,user_prompt,actionable,user,user-owned profile/school-list/essay/resume/recommendation UI or approved import,"no inferred first-party facts, no raw-user-ID default exports, no live notification send",,
5b0b5ce61f0ad24c1899feaf,b2a7f5b361f3945fd310ea56,profile,profile.basic_context,prompt-user,warning,/profile?tab=basic,user_prompt,actionable,user,user-owned profile/school-list/essay/resume/recommendation UI or approved import,"no inferred first-party facts, no raw-user-ID default exports, no live notification send",,
0a831f39a7dd6923b9265de2,d1874f5f3ea1962396aad74a,profile,profile.basic_context,prompt-user,warning,/profile?tab=basic,user_prompt,actionable,user,user-owned profile/school-list/essay/resume/recommendation UI or approved import,"no inferred first-party facts, no raw-user-ID default exports, no live notification send",,
c995ff23490bd159cd17004a,4aa923a4eb4b0a7a0517f4d7,profile,profile.basic_context,prompt-user,warning,/profile?tab=basic,user_prompt,actionable,user,user-owned profile/school-list/essay/resume/recommendation UI or approved import,"no inferred first-party facts, no raw-user-ID default exports, no live notification send",,
4a3449b94acfb2a0a4b5b09c,fc8de225b3758553b9a21a1c,profile,profile.basic_context,prompt-user,warning,/profile?tab=basic,user_prompt,actionable,user,user-owned profile/school-list/essay/resume/recommendation UI or approved import,"no inferred first-party facts, no raw-user-ID default exports, no live notification send",,
8b502d6fb2b2b71ef9d7c9cb,8cf79915c1b2f6db7f7f87c8,profile,profile.basic_context,prompt-user,warning,/profile?tab=basic,user_prompt,actionable,user,user-owned profile/school-list/essay/resume/recommendation UI or approved import,"no inferred first-party facts, no raw-user-ID default exports, no live notification send",,
8288dc7458f9bcfab0d8f5c1,4a7a185008b7cd5c390feab9,profile,profile.basic_context,prompt-user,warning,/profile?tab=basic,user_prompt,actionable,user,user-owned profile/school-list/essay/resume/recommendation UI or approved import,"no inferred first-party facts, no raw-user-ID default exports, no live notification send",,
1a6373e10bb3d32541b2b910,6410c2cd545b51f5356a95f4,profile,profile.basic_context,prompt-user,warning,/profile?tab=basic,user_prompt,actionable,user,user-owned profile/school-list/essay/resume/recommendation UI or approved import,"no inferred first-party facts, no raw-user-ID default exports, no live notification send",,
a42806d188acf56778ee03e4,1ebdd2eb05856ad6c7e49cb5,profile,profile.basic_context,prompt-user,warning,/profile?tab=basic,user_prompt,actionable,user,user-owned profile/school-list/essay/resume/recommendation UI or approved import,"no inferred first-party facts, no raw-user-ID default exports, no live notification send",,
0b720f6a71b460ee78e3f24c,7c50be8cd9b86f4161ce3b98,profile,profile.basic_context,prompt-user,warning,/profile?tab=basic,user_prompt,actionable,user,user-owned profile/school-list/essay/resume/recommendation UI or approved import,"no inferred first-party facts, no raw-user-ID default exports, no live notification send",,
98fd0a4139d0927132050b09,2e60959f4806bfb7683f3490,profile,profile.basic_context,prompt-user,warning,/profile?tab=basic,user_prompt,actionable,user,user-owned profile/school-list/essay/resume/recommendation UI or approved import,"no inferred first-party facts, no raw-user-ID default exports, no live notification send",,
c94c0e8e423736a432090851,5a6f2932013b43747ade5b1f,profile,profile.basic_context,prompt-user,warning,/profile?tab=basic,user_prompt,actionable,user,user-owned profile/school-list/essay/resume/recommendation UI or approved import,"no inferred first-party facts, no raw-user-ID default exports, no live notification send",,
f9677bfc218807bad05e7b70,11949a16f1db43597c6d0f92,profile,profile.basic_context,prompt-user,warning,/profile?tab=basic,user_prompt,actionable,user,user-owned profile/school-list/essay/resume/recommendation UI or approved import,"no inferred first-party facts, no raw-user-ID default exports, no live notification send",,
4181e0d8adaac85ff9b43e87,d59507e40ccb28f60173f9de,profile,profile.basic_context,prompt-user,warning,/profile?tab=basic,user_prompt,actionable,user,user-owned profile/school-list/essay/resume/recommendation UI or approved import,"no inferred first-party facts, no raw-user-ID default exports, no live notification send",,
e7a5fadf66d1c1078c000116,54e3559386c83d509f571358,profile,profile.basic_context,prompt-user,warning,/profile?tab=basic,user_prompt,actionable,user,user-owned profile/school-list/essay/resume/recommendation UI or approved import,"no inferred first-party facts, no raw-user-ID default exports, no live notification send",,
68e2cf7a8654b3cc3a57c387,543d710eca3428966f38d56a,profile,profile.basic_context,prompt-user,warning,/profile?tab=basic,user_prompt,actionable,user,user-owned profile/school-list/essay/resume/recommendation UI or approved import,"no inferred first-party facts, no raw-user-ID default exports, no live notification send",,
ca20d54d65873344887e703c,f8eb0f8d2a0b46422213d278,profile,profile.basic_context,prompt-user,warning,/profile?tab=basic,user_prompt,actionable,user,user-owned profile/school-list/essay/resume/recommendation UI or approved import,"no inferred first-party facts, no raw-user-ID default exports, no live notification send",,
d3a5b22f99ebc24899d1a815,45c22784b65a384c6a000180,profile,profile.basic_context,prompt-user,warning,/profile?tab=basic,user_prompt,actionable,user,user-owned profile/school-list/essay/resume/recommendation UI or approved import,"no inferred first-party facts, no raw-user-ID default exports, no live notification send",,
a59f8171573ae3240527a007,dfbe7fe65a6b231a96c2e35e,profile,profile.basic_context,prompt-user,warning,/profile?tab=basic,user_prompt,actionable,user,user-owned profile/school-list/essay/resume/recommendation UI or approved import,"no inferred first-party facts, no raw-user-ID default exports, no live notification send",,
639404cd050915f86004b521,0d38b90390f3df3aacefa896,profile,profile.basic_context,prompt-user,warning,/profile?tab=basic,user_prompt,actionable,user,user-owned profile/school-list/essay/resume/recommendation UI or approved import,"no inferred first-party facts, no raw-user-ID default exports, no live notification send",,
719ab878ec6ee832abf4c0d2,5226aad7a0fe017f473ec2cc,profile,profile.basic_context,prompt-user,warning,/profile?tab=basic,user_prompt,actionable,user,user-owned profile/school-list/essay/resume/recommendation UI or approved import,"no inferred first-party facts, no raw-user-ID default exports, no live notification send",,
5f17570d0e0e70c661401153,a01a78948445bee28c9a5972,profile,profile.basic_context,prompt-user,warning,/profile?tab=basic,user_prompt,actionable,user,user-owned profile/school-list/essay/resume/recommendation UI or approved import,"no inferred first-party facts, no raw-user-ID default exports, no live notification send",,
3cfe3d021c8f1b2f6025019b,5044e483734670dfe7970719,profile,profile.basic_context,prompt-user,warning,/profile?tab=basic,user_prompt,actionable,user,user-owned profile/school-list/essay/resume/recommendation UI or approved import,"no inferred first-party facts, no raw-user-ID default exports, no live notification send",,
c215bc6352a411c7c66d7202,cacd870eeb7d1b0e305eb290,profile,profile.basic_context,prompt-user,warning,/profile?tab=basic,user_prompt,actionable,user,user-owned profile/school-list/essay/resume/recommendation UI or approved import,"no inferred first-party facts, no raw-user-ID default exports, no live notification send",,
ce057dcdf01d9e6f54c1d459,1e829852654087633af81cc9,profile,profile.basic_context,prompt-user,warning,/profile?tab=basic,user_prompt,actionable,user,user-owned profile/school-list/essay/resume/recommendation UI or approved import,"no inferred first-party facts, no raw-user-ID default exports, no live notification send",,
6a8b5fb4bfeffd3f01249866,2cb24ed9eb1c4d63364c1062,profile,profile.basic_context,prompt-user,warning,/profile?tab=basic,user_prompt,actionable,user,user-owned profile/school-list/essay/resume/recommendation UI or approved import,"no inferred first-party facts, no raw-user-ID default exports, no live notification send",,
6bbf710638d3c79950ffc3fa,beffd80654a0a6e973061fe8,profile,profile.basic_context,prompt-user,warning,/profile?tab=basic,user_prompt,actionable,user,user-owned profile/school-list/essay/resume/recommendation UI or approved import,"no inferred first-party facts, no raw-user-ID default exports, no live notification send",,
2dd6b788641cdde2a081887b,1d6edb174c5c4a79c3c6f597,profile,profile.basic_context,prompt-user,warning,/profile?tab=basic,user_prompt,actionable,user,user-owned profile/school-list/essay/resume/recommendation UI or approved import,"no inferred first-party facts, no raw-user-ID default exports, no live notification send",,
71d0ab9def0bf16cf376727a,03099b7d7926de4915c2307b,profile,profile.basic_context,prompt-user,warning,/profile?tab=basic,user_prompt,actionable,user,user-owned profile/school-list/essay/resume/recommendation UI or approved import,"no inferred first-party facts, no raw-user-ID default exports, no live notification send",,
feaaf14c5a09b562f250b4ee,18bc0def86f96dc9d8032cf4,profile,profile.basic_context,prompt-user,warning,/profile?tab=basic,user_prompt,actionable,user,user-owned profile/school-list/essay/resume/recommendation UI or approved import,"no inferred first-party facts, no raw-user-ID default exports, no live notification send",,
6d13548d870a6d1cf3a8f337,d7aaa6f01de07ec58dbad0b1,profile,profile.basic_context,prompt-user,warning,/profile?tab=basic,user_prompt,actionable,user,user-owned profile/school-list/essay/resume/recommendation UI or approved import,"no inferred first-party facts, no raw-user-ID default exports, no live notification send",,
01815f316b763e58e48118bd,dbe46853dd76ef0b3871ec47,profile,profile.basic_context,prompt-user,warning,/profile?tab=basic,user_prompt,actionable,user,user-owned profile/school-list/essay/resume/recommendation UI or approved import,"no inferred first-party facts, no raw-user-ID default exports, no live notification send",,
e99a63d7bab49ff500686843,fc7b854dfad3986ab4c8774c,profile,profile.basic_context,prompt-user,warning,/profile?tab=basic,user_prompt,actionable,user,user-owned profile/school-list/essay/resume/recommendation UI or approved import,"no inferred first-party facts, no raw-user-ID default exports, no live notification send",,
986e56fec255334e54e3d342,3ed490d913f577e9c15901bf,profile,profile.basic_context,prompt-user,warning,/profile?tab=basic,user_prompt,actionable,user,user-owned profile/school-list/essay/resume/recommendation UI or approved import,"no inferred first-party facts, no raw-user-ID default exports, no live notification send",,
550d3608d821628afd081854,17b29a1e1cd753f82eaa0004,profile,profile.basic_context,prompt-user,warning,/profile?tab=basic,user_prompt,actionable,user,user-owned profile/school-list/essay/resume/recommendation UI or approved import,"no inferred first-party facts, no raw-user-ID default exports, no live notification send",,
686098ae45ed0cf2c7a6bb51,fd1d6497725c7aaad7a3c196,profile,profile.basic_context,prompt-user,warning,/profile?tab=basic,user_prompt,actionable,user,user-owned profile/school-list/essay/resume/recommendation UI or approved import,"no inferred first-party facts, no raw-user-ID default exports, no live notification send",,
2f3ed54bc4a4e4371b560799,e76b246b99503b0c07e399b2,profile,profile.basic_context,prompt-user,warning,/profile?tab=basic,user_prompt,actionable,user,user-owned profile/school-list/essay/resume/recommendation UI or approved import,"no inferred first-party facts, no raw-user-ID default exports, no live notification send",,
3b24a69992609593175c52e9,f3e701ab37560748c10a7253,profile,profile.basic_context,prompt-user,warning,/profile?tab=basic,user_prompt,actionable,user,user-owned profile/school-list/essay/resume/recommendation UI or approved import,"no inferred first-party facts, no raw-user-ID default exports, no live notification send",,
2148efd0597e0e9ad6a2f00c,43272c2ba686df45954e071c,profile,profile.basic_context,prompt-user,warning,/profile?tab=basic,user_prompt,actionable,user,user-owned profile/school-list/essay/resume/recommendation UI or approved import,"no inferred first-party facts, no raw-user-ID default exports, no live notification send",,
a1011c5137576f4bfcfebd38,058cf56df913b18b72c6ac06,profile,profile.basic_context,prompt-user,warning,/profile?tab=basic,user_prompt,actionable,user,user-owned profile/school-list/essay/resume/recommendation UI or approved import,"no inferred first-party facts, no raw-user-ID default exports, no live notification send",,
c720349e2ce59d2437c3f21c,9aedc2f9488c04a6732f7256,profile,profile.basic_context,prompt-user,warning,/profile?tab=basic,user_prompt,actionable,user,user-owned profile/school-list/essay/resume/recommendation UI or approved import,"no inferred first-party facts, no raw-user-ID default exports, no live notification send",,
537d7051a678e03b36c9b740,d4ca47731eb2f84b483ba976,profile,profile.basic_context,prompt-user,warning,/profile?tab=basic,user_prompt,actionable,user,user-owned profile/school-list/essay/resume/recommendation UI or approved import,"no inferred first-party facts, no raw-user-ID default exports, no live notification send",,
ec07387bc845f209f12b56e1,b0b8366e5f846ce7de0391dc,profile,profile.basic_context,prompt-user,warning,/profile?tab=basic,user_prompt,actionable,user,user-owned profile/school-list/essay/resume/recommendation UI or approved import,"no inferred first-party facts, no raw-user-ID default exports, no live notification send",,
fc95b7caba28567228c5453d,81d71d4eec8e8368e557e6ae,profile,profile.basic_context,prompt-user,warning,/profile?tab=basic,user_prompt,actionable,user,user-owned profile/school-list/essay/resume/recommendation UI or approved import,"no inferred first-party facts, no raw-user-ID default exports, no live notification send",,
221a7eaaab2a62407db2b23a,b4b464f7720df53f14b4aeab,profile,profile.basic_context,prompt-user,warning,/profile?tab=basic,user_prompt,actionable,user,user-owned profile/school-list/essay/resume/recommendation UI or approved import,"no inferred first-party facts, no raw-user-ID default exports, no live notification send",,
8756d49a67423d831126f9c7,5ef26fd15a7d94de95db760d,profile,profile.basic_context,prompt-user,warning,/profile?tab=basic,user_prompt,actionable,user,user-owned profile/school-list/essay/resume/recommendation UI or approved import,"no inferred first-party facts, no raw-user-ID default exports, no live notification send",,
250fca2cca79498b8adb85d5,c61f474baaa4287019176258,profile,profile.basic_context,prompt-user,warning,/profile?tab=basic,user_prompt,actionable,user,user-owned profile/school-list/essay/resume/recommendation UI or approved import,"no inferred first-party facts, no raw-user-ID default exports, no live notification send",,
884f830c5b488579180240c5,09c971b1ecd35e79c613eb01,profile,profile.basic_context,prompt-user,warning,/profile?tab=basic,user_prompt,actionable,user,user-owned profile/school-list/essay/resume/recommendation UI or approved import,"no inferred first-party facts, no raw-user-ID default exports, no live notification send",,
275fa235308941e5b34bf533,725fbe1f451b243357adf7f7,profile,profile.basic_context,prompt-user,warning,/profile?tab=basic,user_prompt,actionable,user,user-owned profile/school-list/essay/resume/recommendation UI or approved import,"no inferred first-party facts, no raw-user-ID default exports, no live notification send",,
5ee97a356715221e98f9c639,58e2caf341a159648f757afd,profile,profile.basic_context,prompt-user,warning,/profile?tab=basic,user_prompt,actionable,user,user-owned profile/school-list/essay/resume/recommendation UI or approved import,"no inferred first-party facts, no raw-user-ID default exports, no live notification send",,
cb9b132eeddc10f94b979c2e,af92366e7a726386d26d71f6,profile,profile.basic_context,prompt-user,warning,/profile?tab=basic,user_prompt,actionable,user,user-owned profile/school-list/essay/resume/recommendation UI or approved import,"no inferred first-party facts, no raw-user-ID default exports, no live notification send",,
2490a32a79e2f5d477910b91,a0e8278aa36c1b14956029fa,profile,profile.demographics,prompt-user,warning,/profile?tab=demographics,user_prompt,actionable,user,user-owned profile/school-list/essay/resume/recommendation UI or approved import,"no inferred first-party facts, no raw-user-ID default exports, no live notification send",,
de8d658ab7cdae3ed3655250,0f66eb06f118aac87e34c39b,profile,profile.demographics,prompt-user,warning,/profile?tab=demographics,user_prompt,actionable,user,user-owned profile/school-list/essay/resume/recommendation UI or approved import,"no inferred first-party facts, no raw-user-ID default exports, no live notification send",,
9850f766b798fb314028fe48,8a585ea0795c92a31a7b4137,profile,profile.demographics,prompt-user,warning,/profile?tab=demographics,user_prompt,actionable,user,user-owned profile/school-list/essay/resume/recommendation UI or approved import,"no inferred first-party facts, no raw-user-ID default exports, no live notification send",,
5f50681fa629e6bd746621ec,75726397c344acd00970ed29,profile,profile.demographics,prompt-user,warning,/profile?tab=demographics,user_prompt,actionable,user,user-owned profile/school-list/essay/resume/recommendation UI or approved import,"no inferred first-party facts, no raw-user-ID default exports, no live notification send",,
851af7ce145d7cd3d61bc5e2,4b3718bb0c2ec144e8e60681,profile,profile.demographics,prompt-user,warning,/profile?tab=demographics,user_prompt,actionable,user,user-owned profile/school-list/essay/resume/recommendation UI or approved import,"no inferred first-party facts, no raw-user-ID default exports, no live notification send",,
6e8558adc9bebd439177cf41,d0a25382830bf925ddb6a711,profile,profile.demographics,prompt-user,warning,/profile?tab=demographics,user_prompt,actionable,user,user-owned profile/school-list/essay/resume/recommendation UI or approved import,"no inferred first-party facts, no raw-user-ID default exports, no live notification send",,
df464bfd30618095683eb575,97618134d6be63b45dc3116f,profile,profile.demographics,prompt-user,warning,/profile?tab=demographics,user_prompt,actionable,user,user-owned profile/school-list/essay/resume/recommendation UI or approved import,"no inferred first-party facts, no raw-user-ID default exports, no live notification send",,
df5585906015fd0358d5de0d,dcf4f4031d77be3f6b4c28cb,profile,profile.demographics,prompt-user,warning,/profile?tab=demographics,user_prompt,actionable,user,user-owned profile/school-list/essay/resume/recommendation UI or approved import,"no inferred first-party facts, no raw-user-ID default exports, no live notification send",,
4a070e6ff84a1f2e291a113f,5e068c8dc7b4c890cd028525,profile,profile.demographics,prompt-user,warning,/profile?tab=demographics,user_prompt,actionable,user,user-owned profile/school-list/essay/resume/recommendation UI or approved import,"no inferred first-party facts, no raw-user-ID default exports, no live notification send",,
933c8fbcf844473497664ebc,a080791fc5afd2fd65717791,profile,profile.demographics,prompt-user,warning,/profile?tab=demographics,user_prompt,actionable,user,user-owned profile/school-list/essay/resume/recommendation UI or approved import,"no inferred first-party facts, no raw-user-ID default exports, no live notification send",,
b9080384f5e48931d9672942,dfbdb1bfb5ba2e55947ffacb,profile,profile.demographics,prompt-user,warning,/profile?tab=demographics,user_prompt,actionable,user,user-owned profile/school-list/essay/resume/recommendation UI or approved import,"no inferred first-party facts, no raw-user-ID default exports, no live notification send",,
2ba9ae2789a823fff9e99e40,fa17461feb2a296bf410fd51,profile,profile.demographics,prompt-user,warning,/profile?tab=demographics,user_prompt,actionable,user,user-owned profile/school-list/essay/resume/recommendation UI or approved import,"no inferred first-party facts, no raw-user-ID default exports, no live notification send",,
e523653fa42814ef3eadc5e2,3c9553d15ae84cd029f9a45e,profile,profile.demographics,prompt-user,warning,/profile?tab=demographics,user_prompt,actionable,user,user-owned profile/school-list/essay/resume/recommendation UI or approved import,"no inferred first-party facts, no raw-user-ID default exports, no live notification send",,
548e347fbdaf43be08e93286,d34e7c86d1fe4b4e4f3dd8b5,profile,profile.demographics,prompt-user,warning,/profile?tab=demographics,user_prompt,actionable,user,user-owned profile/school-list/essay/resume/recommendation UI or approved import,"no inferred first-party facts, no raw-user-ID default exports, no live notification send",,
4a9a5325fca32ac5aa4d26c1,41987896ad3e2c2b584d8822,profile,profile.demographics,prompt-user,warning,/profile?tab=demographics,user_prompt,actionable,user,user-owned profile/school-list/essay/resume/recommendation UI or approved import,"no inferred first-party facts, no raw-user-ID default exports, no live notification send",,
a17521d2860dea1a7b772a50,4d80d091ce6c3c3bbfb73020,profile,profile.demographics,prompt-user,warning,/profile?tab=demographics,user_prompt,actionable,user,user-owned profile/school-list/essay/resume/recommendation UI or approved import,"no inferred first-party facts, no raw-user-ID default exports, no live notification send",,
239876530e8400c075556f29,a371d99e7990b1712ac0d07f,profile,profile.demographics,prompt-user,warning,/profile?tab=demographics,user_prompt,actionable,user,user-owned profile/school-list/essay/resume/recommendation UI or approved import,"no inferred first-party facts, no raw-user-ID default exports, no live notification send",,
8fc27fe02716e3c77f4c9217,9111330cde59a737a7fbe9d2,profile,profile.demographics,prompt-user,warning,/profile?tab=demographics,user_prompt,actionable,user,user-owned profile/school-list/essay/resume/recommendation UI or approved import,"no inferred first-party facts, no raw-user-ID default exports, no live notification send",,
3315de3a8f38e51c6e718bd4,6596f538050d130001eb66fd,profile,profile.demographics,prompt-user,warning,/profile?tab=demographics,user_prompt,actionable,user,user-owned profile/school-list/essay/resume/recommendation UI or approved import,"no inferred first-party facts, no raw-user-ID default exports, no live notification send",,
81693f3a9d0880c99db5d8eb,f8576ed8705f4e1a21c111d4,profile,profile.demographics,prompt-user,warning,/profile?tab=demographics,user_prompt,actionable,user,user-owned profile/school-list/essay/resume/recommendation UI or approved import,"no inferred first-party facts, no raw-user-ID default exports, no live notification send",,
42911f743ee6aec754611f0a,8cbd0cb44e65485bb14e40b4,profile,profile.demographics,prompt-user,warning,/profile?tab=demographics,user_prompt,actionable,user,user-owned profile/school-list/essay/resume/recommendation UI or approved import,"no inferred first-party facts, no raw-user-ID default exports, no live notification send",,
a3528862a20f112072f07dec,16ce403f5cdd5ce323d7d56a,profile,profile.demographics,prompt-user,warning,/profile?tab=demographics,user_prompt,actionable,user,user-owned profile/school-list/essay/resume/recommendation UI or approved import,"no inferred first-party facts, no raw-user-ID default exports, no live notification send",,
e510af0c8def66fed7a41269,07b560c00ebbeae89757ba92,profile,profile.demographics,prompt-user,warning,/profile?tab=demographics,user_prompt,actionable,user,user-owned profile/school-list/essay/resume/recommendation UI or approved import,"no inferred first-party facts, no raw-user-ID default exports, no live notification send",,
8a25c91ceddfae6e4160c58e,23f48cbbd8bb302d47877816,profile,profile.demographics,prompt-user,warning,/profile?tab=demographics,user_prompt,actionable,user,user-owned profile/school-list/essay/resume/recommendation UI or approved import,"no inferred first-party facts, no raw-user-ID default exports, no live notification send",,
f0c8fe12bebd09636b7cd4a6,f3198e3d4b8dfbe1dc7ef401,profile,profile.demographics,prompt-user,warning,/profile?tab=demographics,user_prompt,actionable,user,user-owned profile/school-list/essay/resume/recommendation UI or approved import,"no inferred first-party facts, no raw-user-ID default exports, no live notification send",,
448f80c986e8da56dc55d7ce,d8b66d7a77fb0898c274f016,profile,profile.demographics,prompt-user,warning,/profile?tab=demographics,user_prompt,actionable,user,user-owned profile/school-list/essay/resume/recommendation UI or approved import,"no inferred first-party facts, no raw-user-ID default exports, no live notification send",,
3189c565a909046c4fd6a3e3,4d3c3bd653a94add62332ca7,profile,profile.demographics,prompt-user,warning,/profile?tab=demographics,user_prompt,actionable,user,user-owned profile/school-list/essay/resume/recommendation UI or approved import,"no inferred first-party facts, no raw-user-ID default exports, no live notification send",,
2549a054d26c072e1f24875d,c0fe75cbaace613d95671805,profile,profile.demographics,prompt-user,warning,/profile?tab=demographics,user_prompt,actionable,user,user-owned profile/school-list/essay/resume/recommendation UI or approved import,"no inferred first-party facts, no raw-user-ID default exports, no live notification send",,
e900590c8a7e36fed4f64a6a,a2355ecc8a5e0539796846c5,profile,profile.demographics,prompt-user,warning,/profile?tab=demographics,user_prompt,actionable,user,user-owned profile/school-list/essay/resume/recommendation UI or approved import,"no inferred first-party facts, no raw-user-ID default exports, no live notification send",,
10099eba9d109a63a19020a6,6034f3cefdfecfde684cecd2,profile,profile.demographics,prompt-user,warning,/profile?tab=demographics,user_prompt,actionable,user,user-owned profile/school-list/essay/resume/recommendation UI or approved import,"no inferred first-party facts, no raw-user-ID default exports, no live notification send",,
10fb2dfb844981c02811a133,d371c1928c3551c373ce2ce9,profile,profile.demographics,prompt-user,warning,/profile?tab=demographics,user_prompt,actionable,user,user-owned profile/school-list/essay/resume/recommendation UI or approved import,"no inferred first-party facts, no raw-user-ID default exports, no live notification send",,
2608ddcf431f38826e25187a,3b51f469eb8b9e1ec640b363,profile,profile.demographics,prompt-user,warning,/profile?tab=demographics,user_prompt,actionable,user,user-owned profile/school-list/essay/resume/recommendation UI or approved import,"no inferred first-party facts, no raw-user-ID default exports, no live notification send",,
5d019fa7673644c8239f80dc,e556b9d3eadfdc181ad72b25,profile,profile.demographics,prompt-user,warning,/profile?tab=demographics,user_prompt,actionable,user,user-owned profile/school-list/essay/resume/recommendation UI or approved import,"no inferred first-party facts, no raw-user-ID default exports, no live notification send",,
969f0a6da6dcccc818b2d053,349b11a3f796ddd02fac5df4,profile,profile.demographics,prompt-user,warning,/profile?tab=demographics,user_prompt,actionable,user,user-owned profile/school-list/essay/resume/recommendation UI or approved import,"no inferred first-party facts, no raw-user-ID default exports, no live notification send",,
886a1ffc2b7eafe348230a62,496c4289233f7686705eb9cc,profile,profile.demographics,prompt-user,warning,/profile?tab=demographics,user_prompt,actionable,user,user-owned profile/school-list/essay/resume/recommendation UI or approved import,"no inferred first-party facts, no raw-user-ID default exports, no live notification send",,
e806e3691e6e2df024691a2b,792185c76419227985fe39c6,profile,profile.demographics,prompt-user,warning,/profile?tab=demographics,user_prompt,actionable,user,user-owned profile/school-list/essay/resume/recommendation UI or approved import,"no inferred first-party facts, no raw-user-ID default exports, no live notification send",,
12e0eebeeec38d62e5a0d3d4,e68a34176110a03fb1b0e1a7,profile,profile.demographics,prompt-user,warning,/profile?tab=demographics,user_prompt,actionable,user,user-owned profile/school-list/essay/resume/recommendation UI or approved import,"no inferred first-party facts, no raw-user-ID default exports, no live notification send",,
91a70d5fa0ff8d12a86e2a5a,cc19790a20627dcf671b0696,profile,profile.demographics,prompt-user,warning,/profile?tab=demographics,user_prompt,actionable,user,user-owned profile/school-list/essay/resume/recommendation UI or approved import,"no inferred first-party facts, no raw-user-ID default exports, no live notification send",,
8fc1697c15092a2b07926f70,9268bb2df1ae7eb423b40e68,profile,profile.demographics,prompt-user,warning,/profile?tab=demographics,user_prompt,actionable,user,user-owned profile/school-list/essay/resume/recommendation UI or approved import,"no inferred first-party facts, no raw-user-ID default exports, no live notification send",,
0d909a631e8a38aba39711eb,a39a015fb33b59dab1e79583,profile,profile.demographics,prompt-user,warning,/profile?tab=demographics,user_prompt,actionable,user,user-owned profile/school-list/essay/resume/recommendation UI or approved import,"no inferred first-party facts, no raw-user-ID default exports, no live notification send",,
3312c3fbbc5f925503c23541,70a9eda088b1d81c8c2c6710,profile,profile.demographics,prompt-user,warning,/profile?tab=demographics,user_prompt,actionable,user,user-owned profile/school-list/essay/resume/recommendation UI or approved import,"no inferred first-party facts, no raw-user-ID default exports, no live notification send",,
951efa9a78747fd1f702a582,e7f17db1b3d37787f764e825,profile,profile.demographics,prompt-user,warning,/profile?tab=demographics,user_prompt,actionable,user,user-owned profile/school-list/essay/resume/recommendation UI or approved import,"no inferred first-party facts, no raw-user-ID default exports, no live notification send",,
9ce8b002b8c6978d1d50ca34,296c586ab4f761371e0cbf88,profile,profile.demographics,prompt-user,warning,/profile?tab=demographics,user_prompt,actionable,user,user-owned profile/school-list/essay/resume/recommendation UI or approved import,"no inferred first-party facts, no raw-user-ID default exports, no live notification send",,
a5ce79e3ee65a9b900b1d3ec,6ad354ae95ed116979f53605,profile,profile.demographics,prompt-user,warning,/profile?tab=demographics,user_prompt,actionable,user,user-owned profile/school-list/essay/resume/recommendation UI or approved import,"no inferred first-party facts, no raw-user-ID default exports, no live notification send",,
8acb1d168ae7de069f4d5d41,c2fb04257a3dbfd64ef42235,profile,profile.demographics,prompt-user,warning,/profile?tab=demographics,user_prompt,actionable,user,user-owned profile/school-list/essay/resume/recommendation UI or approved import,"no inferred first-party facts, no raw-user-ID default exports, no live notification send",,
79637912dce7f904c64328bb,063b024d5235f2864bf7976b,profile,profile.demographics,prompt-user,warning,/profile?tab=demographics,user_prompt,actionable,user,user-owned profile/school-list/essay/resume/recommendation UI or approved import,"no inferred first-party facts, no raw-user-ID default exports, no live notification send",,
1b509e80303bfb72347c7122,a69f207d386676eb5d4c6068,profile,profile.demographics,prompt-user,warning,/profile?tab=demographics,user_prompt,actionable,user,user-owned profile/school-list/essay/resume/recommendation UI or approved import,"no inferred first-party facts, no raw-user-ID default exports, no live notification send",,
ca2ccfb1838fd1cd9b1b428a,0dd5690ef245b29c752978ab,profile,profile.demographics,prompt-user,warning,/profile?tab=demographics,user_prompt,actionable,user,user-owned profile/school-list/essay/resume/recommendation UI or approved import,"no inferred first-party facts, no raw-user-ID default exports, no live notification send",,
d4f1ee39fe1a2af08fbd5161,6bd54dc4b93df493e735968f,profile,profile.demographics,prompt-user,warning,/profile?tab=demographics,user_prompt,actionable,user,user-owned profile/school-list/essay/resume/recommendation UI or approved import,"no inferred first-party facts, no raw-user-ID default exports, no live notification send",,
062118d350b761fdd04aa833,4447d4720fb09d0cf9f974b1,profile,profile.demographics,prompt-user,warning,/profile?tab=demographics,user_prompt,actionable,user,user-owned profile/school-list/essay/resume/recommendation UI or approved import,"no inferred first-party facts, no raw-user-ID default exports, no live notification send",,
e36192e1857a30c62f9c8a38,1e02ca5c816e125387e943ea,profile,profile.demographics,prompt-user,warning,/profile?tab=demographics,user_prompt,actionable,user,user-owned profile/school-list/essay/resume/recommendation UI or approved import,"no inferred first-party facts, no raw-user-ID default exports, no live notification send",,
4a216ad9b35ebe5103f8526b,c4f622849d37b4b65dec3cec,profile,profile.demographics,prompt-user,warning,/profile?tab=demographics,user_prompt,actionable,user,user-owned profile/school-list/essay/resume/recommendation UI or approved import,"no inferred first-party facts, no raw-user-ID default exports, no live notification send",,
69ece4fe3e5b32f6470b9361,73c05ab78066f89172cd4600,profile,profile.demographics,prompt-user,warning,/profile?tab=demographics,user_prompt,actionable,user,user-owned profile/school-list/essay/resume/recommendation UI or approved import,"no inferred first-party facts, no raw-user-ID default exports, no live notification send",,
c55a37df2b2958e3ddc0868f,fb3adf3bf3209373369bc84f,profile,profile.demographics,prompt-user,warning,/profile?tab=demographics,user_prompt,actionable,user,user-owned profile/school-list/essay/resume/recommendation UI or approved import,"no inferred first-party facts, no raw-user-ID default exports, no live notification send",,
5787255212e567a3fd4aef81,bc8c05acbe1509e433fc0da5,profile,profile.demographics,prompt-user,warning,/profile?tab=demographics,user_prompt,actionable,user,user-owned profile/school-list/essay/resume/recommendation UI or approved import,"no inferred first-party facts, no raw-user-ID default exports, no live notification send",,
d093f57d658870c61d5a8e9d,ce94abf53f14f5538a81eb16,profile,profile.demographics,prompt-user,warning,/profile?tab=demographics,user_prompt,actionable,user,user-owned profile/school-list/essay/resume/recommendation UI or approved import,"no inferred first-party facts, no raw-user-ID default exports, no live notification send",,
b87b213f6a58cc8a8a77c7ac,bfaf9aaee511da1bf287d36d,profile,profile.demographics,prompt-user,warning,/profile?tab=demographics,user_prompt,actionable,user,user-owned profile/school-list/essay/resume/recommendation UI or approved import,"no inferred first-party facts, no raw-user-ID default exports, no live notification send",,
d70ffb08141d2abc371fc479,c52984e73ed2bb9d78b61972,profile,profile.demographics,prompt-user,warning,/profile?tab=demographics,user_prompt,actionable,user,user-owned profile/school-list/essay/resume/recommendation UI or approved import,"no inferred first-party facts, no raw-user-ID default exports, no live notification send",,
9e902d09622c77bbe415a5f5,ebfe5890a319bc7c8c093b53,profile,profile.demographics,prompt-user,warning,/profile?tab=demographics,user_prompt,actionable,user,user-owned profile/school-list/essay/resume/recommendation UI or approved import,"no inferred first-party facts, no raw-user-ID default exports, no live notification send",,
dd209784cbd3a7c37798dc81,95d691e906c76381adfe1a28,profile,profile.demographics,prompt-user,warning,/profile?tab=demographics,user_prompt,actionable,user,user-owned profile/school-list/essay/resume/recommendation UI or approved import,"no inferred first-party facts, no raw-user-ID default exports, no live notification send",,
2058d7d3635541be9a81154d,58f91b77e67fbf46457a44bb,profile,profile.demographics,prompt-user,warning,/profile?tab=demographics,user_prompt,actionable,user,user-owned profile/school-list/essay/resume/recommendation UI or approved import,"no inferred first-party facts, no raw-user-ID default exports, no live notification send",,
9c6f0258b7fd5c44ef788167,9c2fbbe0254b2440de64a955,profile,profile.demographics,prompt-user,warning,/profile?tab=demographics,user_prompt,actionable,user,user-owned profile/school-list/essay/resume/recommendation UI or approved import,"no inferred first-party facts, no raw-user-ID default exports, no live notification send",,
e42b6750ab4ffde56312f465,c6d4f92a18ba12e55a77424f,profile,profile.demographics,prompt-user,warning,/profile?tab=demographics,user_prompt,actionable,user,user-owned profile/school-list/essay/resume/recommendation UI or approved import,"no inferred first-party facts, no raw-user-ID default exports, no live notification send",,
508a6407c4ffc3bc4552ed30,a03881962cac9def370b6ddf,profile,profile.demographics,prompt-user,warning,/profile?tab=demographics,user_prompt,actionable,user,user-owned profile/school-list/essay/resume/recommendation UI or approved import,"no inferred first-party facts, no raw-user-ID default exports, no live notification send",,
9fa02cb61bc3fad3b4609874,2521ef574f16719cfd342be4,profile,profile.demographics,prompt-user,warning,/profile?tab=demographics,user_prompt,actionable,user,user-owned profile/school-list/essay/resume/recommendation UI or approved import,"no inferred first-party facts, no raw-user-ID default exports, no live notification send",,
1567868f57d48287128edcf2,bd5e7f1d9b2843a6c0ee281a,profile,profile.demographics,prompt-user,warning,/profile?tab=demographics,user_prompt,actionable,user,user-owned profile/school-list/essay/resume/recommendation UI or approved import,"no inferred first-party facts, no raw-user-ID default exports, no live notification send",,
b5fa781fa1986e1165fdf9eb,d251e7b1a615c97aeb975753,profile,profile.demographics,prompt-user,warning,/profile?tab=demographics,user_prompt,actionable,user,user-owned profile/school-list/essay/resume/recommendation UI or approved import,"no inferred first-party facts, no raw-user-ID default exports, no live notification send",,
0e675c04d379ac1f90bbb169,fa20510c8b2ca4eb06c9a50c,profile,profile.demographics,prompt-user,warning,/profile?tab=demographics,user_prompt,actionable,user,user-owned profile/school-list/essay/resume/recommendation UI or approved import,"no inferred first-party facts, no raw-user-ID default exports, no live notification send",,
5d3f29c52332ccba6c3b64f6,38d8d2c6f2f414c01de125ae,profile,profile.demographics,prompt-user,warning,/profile?tab=demographics,user_prompt,actionable,user,user-owned profile/school-list/essay/resume/recommendation UI or approved import,"no inferred first-party facts, no raw-user-ID default exports, no live notification send",,
0c46702af3ee822c715f3e93,7965d9f2065d1560654b7cb0,profile,profile.demographics,prompt-user,warning,/profile?tab=demographics,user_prompt,actionable,user,user-owned profile/school-list/essay/resume/recommendation UI or approved import,"no inferred first-party facts, no raw-user-ID default exports, no live notification send",,
9db4da165fe7fcc3c4db12e8,e487699478e5852a01f5452f,profile,profile.demographics,prompt-user,warning,/profile?tab=demographics,user_prompt,actionable,user,user-owned profile/school-list/essay/resume/recommendation UI or approved import,"no inferred first-party facts, no raw-user-ID default exports, no live notification send",,
26c843e5a4d548cb297a9373,cf2f3ed14657bb4361b52fd6,profile,profile.demographics,prompt-user,warning,/profile?tab=demographics,user_prompt,actionable,user,user-owned profile/school-list/essay/resume/recommendation UI or approved import,"no inferred first-party facts, no raw-user-ID default exports, no live notification send",,
71644d88f2997836f3ee404b,85e17e886ea8574404bf06db,profile,profile.demographics,prompt-user,warning,/profile?tab=demographics,user_prompt,actionable,user,user-owned profile/school-list/essay/resume/recommendation UI or approved import,"no inferred first-party facts, no raw-user-ID default exports, no live notification send",,
d2fd6d977c19a8de68eb2558,fe94fbe339152aa569845a88,profile,profile.demographics,prompt-user,warning,/profile?tab=demographics,user_prompt,actionable,user,user-owned profile/school-list/essay/resume/recommendation UI or approved import,"no inferred first-party facts, no raw-user-ID default exports, no live notification send",,
5b0b5ce61f0ad24c1899feaf,b2a7f5b361f3945fd310ea56,profile,profile.demographics,prompt-user,warning,/profile?tab=demographics,user_prompt,actionable,user,user-owned profile/school-list/essay/resume/recommendation UI or approved import,"no inferred first-party facts, no raw-user-ID default exports, no live notification send",,
0a831f39a7dd6923b9265de2,d1874f5f3ea1962396aad74a,profile,profile.demographics,prompt-user,warning,/profile?tab=demographics,user_prompt,actionable,user,user-owned profile/school-list/essay/resume/recommendation UI or approved import,"no inferred first-party facts, no raw-user-ID default exports, no live notification send",,
c995ff23490bd159cd17004a,4aa923a4eb4b0a7a0517f4d7,profile,profile.demographics,prompt-user,warning,/profile?tab=demographics,user_prompt,actionable,user,user-owned profile/school-list/essay/resume/recommendation UI or approved import,"no inferred first-party facts, no raw-user-ID default exports, no live notification send",,
4a3449b94acfb2a0a4b5b09c,fc8de225b3758553b9a21a1c,profile,profile.demographics,prompt-user,warning,/profile?tab=demographics,user_prompt,actionable,user,user-owned profile/school-list/essay/resume/recommendation UI or approved import,"no inferred first-party facts, no raw-user-ID default exports, no live notification send",,
8b502d6fb2b2b71ef9d7c9cb,8cf79915c1b2f6db7f7f87c8,profile,profile.demographics,prompt-user,warning,/profile?tab=demographics,user_prompt,actionable,user,user-owned profile/school-list/essay/resume/recommendation UI or approved import,"no inferred first-party facts, no raw-user-ID default exports, no live notification send",,
8288dc7458f9bcfab0d8f5c1,4a7a185008b7cd5c390feab9,profile,profile.demographics,prompt-user,warning,/profile?tab=demographics,user_prompt,actionable,user,user-owned profile/school-list/essay/resume/recommendation UI or approved import,"no inferred first-party facts, no raw-user-ID default exports, no live notification send",,
1a6373e10bb3d32541b2b910,6410c2cd545b51f5356a95f4,profile,profile.demographics,prompt-user,warning,/profile?tab=demographics,user_prompt,actionable,user,user-owned profile/school-list/essay/resume/recommendation UI or approved import,"no inferred first-party facts, no raw-user-ID default exports, no live notification send",,
a42806d188acf56778ee03e4,1ebdd2eb05856ad6c7e49cb5,profile,profile.demographics,prompt-user,warning,/profile?tab=demographics,user_prompt,actionable,user,user-owned profile/school-list/essay/resume/recommendation UI or approved import,"no inferred first-party facts, no raw-user-ID default exports, no live notification send",,
0b720f6a71b460ee78e3f24c,7c50be8cd9b86f4161ce3b98,profile,profile.demographics,prompt-user,warning,/profile?tab=demographics,user_prompt,actionable,user,user-owned profile/school-list/essay/resume/recommendation UI or approved import,"no inferred first-party facts, no raw-user-ID default exports, no live notification send",,
98fd0a4139d0927132050b09,2e60959f4806bfb7683f3490,profile,profile.demographics,prompt-user,warning,/profile?tab=demographics,user_prompt,actionable,user,user-owned profile/school-list/essay/resume/recommendation UI or approved import,"no inferred first-party facts, no raw-user-ID default exports, no live notification send",,
c94c0e8e423736a432090851,5a6f2932013b43747ade5b1f,profile,profile.demographics,prompt-user,warning,/profile?tab=demographics,user_prompt,actionable,user,user-owned profile/school-list/essay/resume/recommendation UI or approved import,"no inferred first-party facts, no raw-user-ID default exports, no live notification send",,
f9677bfc218807bad05e7b70,11949a16f1db43597c6d0f92,profile,profile.demographics,prompt-user,warning,/profile?tab=demographics,user_prompt,actionable,user,user-owned profile/school-list/essay/resume/recommendation UI or approved import,"no inferred first-party facts, no raw-user-ID default exports, no live notification send",,
4181e0d8adaac85ff9b43e87,d59507e40ccb28f60173f9de,profile,profile.demographics,prompt-user,warning,/profile?tab=demographics,user_prompt,actionable,user,user-owned profile/school-list/essay/resume/recommendation UI or approved import,"no inferred first-party facts, no raw-user-ID default exports, no live notification send",,
e7a5fadf66d1c1078c000116,54e3559386c83d509f571358,profile,profile.demographics,prompt-user,warning,/profile?tab=demographics,user_prompt,actionable,user,user-owned profile/school-list/essay/resume/recommendation UI or approved import,"no inferred first-party facts, no raw-user-ID default exports, no live notification send",,
68e2cf7a8654b3cc3a57c387,543d710eca3428966f38d56a,profile,profile.demographics,prompt-user,warning,/profile?tab=demographics,user_prompt,actionable,user,user-owned profile/school-list/essay/resume/recommendation UI or approved import,"no inferred first-party facts, no raw-user-ID default exports, no live notification send",,
ca20d54d65873344887e703c,f8eb0f8d2a0b46422213d278,profile,profile.demographics,prompt-user,warning,/profile?tab=demographics,user_prompt,actionable,user,user-owned profile/school-list/essay/resume/recommendation UI or approved import,"no inferred first-party facts, no raw-user-ID default exports, no live notification send",,
d3a5b22f99ebc24899d1a815,45c22784b65a384c6a000180,profile,profile.demographics,prompt-user,warning,/profile?tab=demographics,user_prompt,actionable,user,user-owned profile/school-list/essay/resume/recommendation UI or approved import,"no inferred first-party facts, no raw-user-ID default exports, no live notification send",,
a59f8171573ae3240527a007,dfbe7fe65a6b231a96c2e35e,profile,profile.demographics,prompt-user,warning,/profile?tab=demographics,user_prompt,actionable,user,user-owned profile/school-list/essay/resume/recommendation UI or approved import,"no inferred first-party facts, no raw-user-ID default exports, no live notification send",,
639404cd050915f86004b521,0d38b90390f3df3aacefa896,profile,profile.demographics,prompt-user,warning,/profile?tab=demographics,user_prompt,actionable,user,user-owned profile/school-list/essay/resume/recommendation UI or approved import,"no inferred first-party facts, no raw-user-ID default exports, no live notification send",,
719ab878ec6ee832abf4c0d2,5226aad7a0fe017f473ec2cc,profile,profile.demographics,prompt-user,warning,/profile?tab=demographics,user_prompt,actionable,user,user-owned profile/school-list/essay/resume/recommendation UI or approved import,"no inferred first-party facts, no raw-user-ID default exports, no live notification send",,
5f17570d0e0e70c661401153,a01a78948445bee28c9a5972,profile,profile.demographics,prompt-user,warning,/profile?tab=demographics,user_prompt,actionable,user,user-owned profile/school-list/essay/resume/recommendation UI or approved import,"no inferred first-party facts, no raw-user-ID default exports, no live notification send",,
3cfe3d021c8f1b2f6025019b,5044e483734670dfe7970719,profile,profile.demographics,prompt-user,warning,/profile?tab=demographics,user_prompt,actionable,user,user-owned profile/school-list/essay/resume/recommendation UI or approved import,"no inferred first-party facts, no raw-user-ID default exports, no live notification send",,
c215bc6352a411c7c66d7202,cacd870eeb7d1b0e305eb290,profile,profile.demographics,prompt-user,warning,/profile?tab=demographics,user_prompt,actionable,user,user-owned profile/school-list/essay/resume/recommendation UI or approved import,"no inferred first-party facts, no raw-user-ID default exports, no live notification send",,
ce057dcdf01d9e6f54c1d459,1e829852654087633af81cc9,profile,profile.demographics,prompt-user,warning,/profile?tab=demographics,user_prompt,actionable,user,user-owned profile/school-list/essay/resume/recommendation UI or approved import,"no inferred first-party facts, no raw-user-ID default exports, no live notification send",,
6a8b5fb4bfeffd3f01249866,2cb24ed9eb1c4d63364c1062,profile,profile.demographics,prompt-user,warning,/profile?tab=demographics,user_prompt,actionable,user,user-owned profile/school-list/essay/resume/recommendation UI or approved import,"no inferred first-party facts, no raw-user-ID default exports, no live notification send",,
6bbf710638d3c79950ffc3fa,beffd80654a0a6e973061fe8,profile,profile.demographics,prompt-user,warning,/profile?tab=demographics,user_prompt,actionable,user,user-owned profile/school-list/essay/resume/recommendation UI or approved import,"no inferred first-party facts, no raw-user-ID default exports, no live notification send",,
2dd6b788641cdde2a081887b,1d6edb174c5c4a79c3c6f597,profile,profile.demographics,prompt-user,warning,/profile?tab=demographics,user_prompt,actionable,user,user-owned profile/school-list/essay/resume/recommendation UI or approved import,"no inferred first-party facts, no raw-user-ID default exports, no live notification send",,
71d0ab9def0bf16cf376727a,03099b7d7926de4915c2307b,profile,profile.demographics,prompt-user,warning,/profile?tab=demographics,user_prompt,actionable,user,user-owned profile/school-list/essay/resume/recommendation UI or approved import,"no inferred first-party facts, no raw-user-ID default exports, no live notification send",,
feaaf14c5a09b562f250b4ee,18bc0def86f96dc9d8032cf4,profile,profile.demographics,prompt-user,warning,/profile?tab=demographics,user_prompt,actionable,user,user-owned profile/school-list/essay/resume/recommendation UI or approved import,"no inferred first-party facts, no raw-user-ID default exports, no live notification send",,
6d13548d870a6d1cf3a8f337,d7aaa6f01de07ec58dbad0b1,profile,profile.demographics,prompt-user,warning,/profile?tab=demographics,user_prompt,actionable,user,user-owned profile/school-list/essay/resume/recommendation UI or approved import,"no inferred first-party facts, no raw-user-ID default exports, no live notification send",,
01815f316b763e58e48118bd,dbe46853dd76ef0b3871ec47,profile,profile.demographics,prompt-user,warning,/profile?tab=demographics,user_prompt,actionable,user,user-owned profile/school-list/essay/resume/recommendation UI or approved import,"no inferred first-party facts, no raw-user-ID default exports, no live notification send",,
e99a63d7bab49ff500686843,fc7b854dfad3986ab4c8774c,profile,profile.demographics,prompt-user,warning,/profile?tab=demographics,user_prompt,actionable,user,user-owned profile/school-list/essay/resume/recommendation UI or approved import,"no inferred first-party facts, no raw-user-ID default exports, no live notification send",,
986e56fec255334e54e3d342,3ed490d913f577e9c15901bf,profile,profile.demographics,prompt-user,warning,/profile?tab=demographics,user_prompt,actionable,user,user-owned profile/school-list/essay/resume/recommendation UI or approved import,"no inferred first-party facts, no raw-user-ID default exports, no live notification send",,
550d3608d821628afd081854,17b29a1e1cd753f82eaa0004,profile,profile.demographics,prompt-user,warning,/profile?tab=demographics,user_prompt,actionable,user,user-owned profile/school-list/essay/resume/recommendation UI or approved import,"no inferred first-party facts, no raw-user-ID default exports, no live notification send",,
686098ae45ed0cf2c7a6bb51,fd1d6497725c7aaad7a3c196,profile,profile.demographics,prompt-user,warning,/profile?tab=demographics,user_prompt,actionable,user,user-owned profile/school-list/essay/resume/recommendation UI or approved import,"no inferred first-party facts, no raw-user-ID default exports, no live notification send",,
2f3ed54bc4a4e4371b560799,e76b246b99503b0c07e399b2,profile,profile.demographics,prompt-user,warning,/profile?tab=demographics,user_prompt,actionable,user,user-owned profile/school-list/essay/resume/recommendation UI or approved import,"no inferred first-party facts, no raw-user-ID default exports, no live notification send",,
3b24a69992609593175c52e9,f3e701ab37560748c10a7253,profile,profile.demographics,prompt-user,warning,/profile?tab=demographics,user_prompt,actionable,user,user-owned profile/school-list/essay/resume/recommendation UI or approved import,"no inferred first-party facts, no raw-user-ID default exports, no live notification send",,
1dcbb6e310b3647283b3cccc,ae74077f992f8a770765c79d,school_list,school_list.balance,balance-school-list,warning,/profile?tab=targets,user_prompt,actionable,user,user-owned profile/school-list/essay/resume/recommendation UI or approved import,"no inferred first-party facts, no raw-user-ID default exports, no live notification send",,
24c560feccafbe9e5437a7d0,b232d4e859eba8b5885ca2ea,school_list,school_list.balance,balance-school-list,warning,/profile?tab=targets,user_prompt,actionable,user,user-owned profile/school-list/essay/resume/recommendation UI or approved import,"no inferred first-party facts, no raw-user-ID default exports, no live notification send",,
2549a054d26c072e1f24875d,c0fe75cbaace613d95671805,school_list,school_list.min_count,balance-school-list,warning,/profile?tab=targets,user_prompt,actionable,user,user-owned profile/school-list/essay/resume/recommendation UI or approved import,"no inferred first-party facts, no raw-user-ID default exports, no live notification send",,
e900590c8a7e36fed4f64a6a,a2355ecc8a5e0539796846c5,school_list,school_list.min_count,balance-school-list,warning,/profile?tab=targets,user_prompt,actionable,user,user-owned profile/school-list/essay/resume/recommendation UI or approved import,"no inferred first-party facts, no raw-user-ID default exports, no live notification send",,
2608ddcf431f38826e25187a,3b51f469eb8b9e1ec640b363,school_list,school_list.min_count,balance-school-list,warning,/profile?tab=targets,user_prompt,actionable,user,user-owned profile/school-list/essay/resume/recommendation UI or approved import,"no inferred first-party facts, no raw-user-ID default exports, no live notification send",,
24c560feccafbe9e5437a7d0,b232d4e859eba8b5885ca2ea,school_list,school_list.min_count,balance-school-list,warning,/profile?tab=targets,user_prompt,actionable,user,user-owned profile/school-list/essay/resume/recommendation UI or approved import,"no inferred first-party facts, no raw-user-ID default exports, no live notification send",,
512c48945909b3dbdcdb13e0,ece29a121b7c586fd55c0a35,timeline,timeline.missing_school_round,generate-timeline,warning,/timeline,system_generation,actionable,system,"dry-run generation from trusted upstream data, followed by normal service write path","no inferred first-party facts, no raw-user-ID default exports, no live notification send",cmn1htkn80003vqf29zl0f9lr,Stanford University
512c48945909b3dbdcdb13e0,ece29a121b7c586fd55c0a35,timeline,timeline.missing_school_round,generate-timeline,warning,/timeline,system_generation,actionable,system,"dry-run generation from trusted upstream data, followed by normal service write path","no inferred first-party facts, no raw-user-ID default exports, no live notification send",cmn1htkoa000kvqf2oqm36hw5,"University of Michigan, Ann Arbor"
512c48945909b3dbdcdb13e0,ece29a121b7c586fd55c0a35,timeline,timeline.missing_school_round,set-application-round,warning,/timeline,user_prompt,actionable,user,user-owned profile/school-list/essay/resume/recommendation UI or approved import,"no inferred first-party facts, no raw-user-ID default exports, no live notification send",cmn1htkpe0010vqf2xzzjz779,University of Illinois Urbana-Champaign
512c48945909b3dbdcdb13e0,ece29a121b7c586fd55c0a35,timeline,timeline.missing_school_round,generate-timeline,warning,/timeline,system_generation,actionable,system,"dry-run generation from trusted upstream data, followed by normal service write path","no inferred first-party facts, no raw-user-ID default exports, no live notification send",cmn1htkq30018vqf2xt2csyoe,Purdue University
2549a054d26c072e1f24875d,c0fe75cbaace613d95671805,timeline,timeline.missing_school_round,generate-timeline,warning,/timeline,system_generation,actionable,system,"dry-run generation from trusted upstream data, followed by normal service write path","no inferred first-party facts, no raw-user-ID default exports, no live notification send",cmn1htknm000avqf2g8h3sbdp,Northwestern University
2549a054d26c072e1f24875d,c0fe75cbaace613d95671805,timeline,timeline.missing_school_round,generate-timeline,warning,/timeline,system_generation,actionable,system,"dry-run generation from trusted upstream data, followed by normal service write path","no inferred first-party facts, no raw-user-ID default exports, no live notification send",cmn1htkng0007vqf224oeyvgq,Duke University
2549a054d26c072e1f24875d,c0fe75cbaace613d95671805,timeline,timeline.missing_school_round,generate-timeline,warning,/timeline,system_generation,actionable,system,"dry-run generation from trusted upstream data, followed by normal service write path","no inferred first-party facts, no raw-user-ID default exports, no live notification send",cmn1htko0000gvqf2pmjc1xi9,Rice University
2549a054d26c072e1f24875d,c0fe75cbaace613d95671805,timeline,timeline.missing_school_round,generate-timeline,warning,/timeline,system_generation,actionable,system,"dry-run generation from trusted upstream data, followed by normal service write path","no inferred first-party facts, no raw-user-ID default exports, no live notification send",cmn1htkoj000ovqf226pta7or,Emory University
e900590c8a7e36fed4f64a6a,a2355ecc8a5e0539796846c5,timeline,timeline.missing_school_round,generate-timeline,warning,/timeline,system_generation,actionable,system,"dry-run generation from trusted upstream data, followed by normal service write path","no inferred first-party facts, no raw-user-ID default exports, no live notification send",cmn1htknl0009vqf255v6mh7y,Johns Hopkins University
e900590c8a7e36fed4f64a6a,a2355ecc8a5e0539796846c5,timeline,timeline.missing_school_round,generate-timeline,warning,/timeline,system_generation,actionable,system,"dry-run generation from trusted upstream data, followed by normal service write path","no inferred first-party facts, no raw-user-ID default exports, no live notification send",cmn1htko0000gvqf2pmjc1xi9,Rice University
e900590c8a7e36fed4f64a6a,a2355ecc8a5e0539796846c5,timeline,timeline.missing_school_round,generate-timeline,warning,/timeline,system_generation,actionable,system,"dry-run generation from trusted upstream data, followed by normal service write path","no inferred first-party facts, no raw-user-ID default exports, no live notification send",cmn1htkoj000ovqf226pta7or,Emory University
e900590c8a7e36fed4f64a6a,a2355ecc8a5e0539796846c5,timeline,timeline.missing_school_round,generate-timeline,warning,/timeline,system_generation,actionable,system,"dry-run generation from trusted upstream data, followed by normal service write path","no inferred first-party facts, no raw-user-ID default exports, no live notification send",cmn1htkpw0016vqf20t0lflxm,Boston University
2608ddcf431f38826e25187a,3b51f469eb8b9e1ec640b363,timeline,timeline.missing_school_round,generate-timeline,warning,/timeline,system_generation,actionable,system,"dry-run generation from trusted upstream data, followed by normal service write path","no inferred first-party facts, no raw-user-ID default exports, no live notification send",cmn1htknv000evqf29yjvrstt,"University of California, Berkeley"
2608ddcf431f38826e25187a,3b51f469eb8b9e1ec640b363,timeline,timeline.missing_school_round,generate-timeline,warning,/timeline,system_generation,actionable,system,"dry-run generation from trusted upstream data, followed by normal service write path","no inferred first-party facts, no raw-user-ID default exports, no live notification send",cmn1htkny000fvqf2jlmz8ej1,"University of California, Los Angeles"
2608ddcf431f38826e25187a,3b51f469eb8b9e1ec640b363,timeline,timeline.missing_school_round,generate-timeline,warning,/timeline,system_generation,actionable,system,"dry-run generation from trusted upstream data, followed by normal service write path","no inferred first-party facts, no raw-user-ID default exports, no live notification send",cmn1htkou000svqf2356l4yfj,"University of California, San Diego"
2608ddcf431f38826e25187a,3b51f469eb8b9e1ec640b363,timeline,timeline.missing_school_round,generate-timeline,warning,/timeline,system_generation,actionable,system,"dry-run generation from trusted upstream data, followed by normal service write path","no inferred first-party facts, no raw-user-ID default exports, no live notification send",cmn1htkor000rvqf282ibd6kz,"University of California, Davis"
2608ddcf431f38826e25187a,3b51f469eb8b9e1ec640b363,timeline,timeline.missing_school_round,generate-timeline,warning,/timeline,system_generation,actionable,system,"dry-run generation from trusted upstream data, followed by normal service write path","no inferred first-party facts, no raw-user-ID default exports, no live notification send",cmn1htkpb000zvqf2645ltfg6,"University of California, Santa Barbara"
24c560feccafbe9e5437a7d0,b232d4e859eba8b5885ca2ea,timeline,timeline.missing_school_round,set-application-round,warning,/timeline,user_prompt,actionable,user,user-owned profile/school-list/essay/resume/recommendation UI or approved import,"no inferred first-party facts, no raw-user-ID default exports, no live notification send",cmn1htknv000evqf29yjvrstt,"University of California, Berkeley"
24c560feccafbe9e5437a7d0,b232d4e859eba8b5885ca2ea,timeline,timeline.missing_school_round,generate-timeline,warning,/timeline,system_generation,actionable,system,"dry-run generation from trusted upstream data, followed by normal service write path","no inferred first-party facts, no raw-user-ID default exports, no live notification send",cmn1htkno000bvqf209819ok4,Columbia University
24c560feccafbe9e5437a7d0,b232d4e859eba8b5885ca2ea,timeline,timeline.missing_school_round,generate-timeline,warning,/timeline,system_generation,actionable,system,"dry-run generation from trusted upstream data, followed by normal service write path","no inferred first-party facts, no raw-user-ID default exports, no live notification send",cmn1htkn30001vqf2nozenmj6,Massachusetts Institute of Technology
1dcbb6e310b3647283b3cccc,ae74077f992f8a770765c79d,application_analysis,application_analysis.not_run,run-application-analysis,info,/uncommon-app,system_generation,actionable,system,"dry-run generation from trusted upstream data, followed by normal service write path","no inferred first-party facts, no raw-user-ID default exports, no live notification send",,
512c48945909b3dbdcdb13e0,ece29a121b7c586fd55c0a35,application_analysis,application_analysis.not_run,run-application-analysis,info,/uncommon-app,system_generation,actionable,system,"dry-run generation from trusted upstream data, followed by normal service write path","no inferred first-party facts, no raw-user-ID default exports, no live notification send",,
2549a054d26c072e1f24875d,c0fe75cbaace613d95671805,application_analysis,application_analysis.not_run,run-application-analysis,info,/uncommon-app,system_generation,actionable,system,"dry-run generation from trusted upstream data, followed by normal service write path","no inferred first-party facts, no raw-user-ID default exports, no live notification send",,
e900590c8a7e36fed4f64a6a,a2355ecc8a5e0539796846c5,application_analysis,application_analysis.not_run,run-application-analysis,info,/uncommon-app,system_generation,actionable,system,"dry-run generation from trusted upstream data, followed by normal service write path","no inferred first-party facts, no raw-user-ID default exports, no live notification send",,
24c560feccafbe9e5437a7d0,b232d4e859eba8b5885ca2ea,application_analysis,application_analysis.not_run,run-application-analysis,info,/uncommon-app,system_generation,actionable,system,"dry-run generation from trusted upstream data, followed by normal service write path","no inferred first-party facts, no raw-user-ID default exports, no live notification send",,
2490a32a79e2f5d477910b91,a0e8278aa36c1b14956029fa,execution,essays.none,start-essay-workflow,info,/essays,user_prompt,actionable,user,user-owned profile/school-list/essay/resume/recommendation UI or approved import,"no inferred first-party facts, no raw-user-ID default exports, no live notification send",,
1dcbb6e310b3647283b3cccc,ae74077f992f8a770765c79d,execution,essays.none,start-essay-workflow,info,/essays,user_prompt,actionable,user,user-owned profile/school-list/essay/resume/recommendation UI or approved import,"no inferred first-party facts, no raw-user-ID default exports, no live notification send",,
de8d658ab7cdae3ed3655250,0f66eb06f118aac87e34c39b,execution,essays.none,start-essay-workflow,info,/essays,user_prompt,actionable,user,user-owned profile/school-list/essay/resume/recommendation UI or approved import,"no inferred first-party facts, no raw-user-ID default exports, no live notification send",,
9850f766b798fb314028fe48,8a585ea0795c92a31a7b4137,execution,essays.none,start-essay-workflow,info,/essays,user_prompt,actionable,user,user-owned profile/school-list/essay/resume/recommendation UI or approved import,"no inferred first-party facts, no raw-user-ID default exports, no live notification send",,
5f50681fa629e6bd746621ec,75726397c344acd00970ed29,execution,essays.none,start-essay-workflow,info,/essays,user_prompt,actionable,user,user-owned profile/school-list/essay/resume/recommendation UI or approved import,"no inferred first-party facts, no raw-user-ID default exports, no live notification send",,
851af7ce145d7cd3d61bc5e2,4b3718bb0c2ec144e8e60681,execution,essays.none,start-essay-workflow,info,/essays,user_prompt,actionable,user,user-owned profile/school-list/essay/resume/recommendation UI or approved import,"no inferred first-party facts, no raw-user-ID default exports, no live notification send",,
6e8558adc9bebd439177cf41,d0a25382830bf925ddb6a711,execution,essays.none,start-essay-workflow,info,/essays,user_prompt,actionable,user,user-owned profile/school-list/essay/resume/recommendation UI or approved import,"no inferred first-party facts, no raw-user-ID default exports, no live notification send",,
df464bfd30618095683eb575,97618134d6be63b45dc3116f,execution,essays.none,start-essay-workflow,info,/essays,user_prompt,actionable,user,user-owned profile/school-list/essay/resume/recommendation UI or approved import,"no inferred first-party facts, no raw-user-ID default exports, no live notification send",,
df5585906015fd0358d5de0d,dcf4f4031d77be3f6b4c28cb,execution,essays.none,start-essay-workflow,info,/essays,user_prompt,actionable,user,user-owned profile/school-list/essay/resume/recommendation UI or approved import,"no inferred first-party facts, no raw-user-ID default exports, no live notification send",,
4a070e6ff84a1f2e291a113f,5e068c8dc7b4c890cd028525,execution,essays.none,start-essay-workflow,info,/essays,user_prompt,actionable,user,user-owned profile/school-list/essay/resume/recommendation UI or approved import,"no inferred first-party facts, no raw-user-ID default exports, no live notification send",,
933c8fbcf844473497664ebc,a080791fc5afd2fd65717791,execution,essays.none,start-essay-workflow,info,/essays,user_prompt,actionable,user,user-owned profile/school-list/essay/resume/recommendation UI or approved import,"no inferred first-party facts, no raw-user-ID default exports, no live notification send",,
b9080384f5e48931d9672942,dfbdb1bfb5ba2e55947ffacb,execution,essays.none,start-essay-workflow,info,/essays,user_prompt,actionable,user,user-owned profile/school-list/essay/resume/recommendation UI or approved import,"no inferred first-party facts, no raw-user-ID default exports, no live notification send",,
2ba9ae2789a823fff9e99e40,fa17461feb2a296bf410fd51,execution,essays.none,start-essay-workflow,info,/essays,user_prompt,actionable,user,user-owned profile/school-list/essay/resume/recommendation UI or approved import,"no inferred first-party facts, no raw-user-ID default exports, no live notification send",,
e523653fa42814ef3eadc5e2,3c9553d15ae84cd029f9a45e,execution,essays.none,start-essay-workflow,info,/essays,user_prompt,actionable,user,user-owned profile/school-list/essay/resume/recommendation UI or approved import,"no inferred first-party facts, no raw-user-ID default exports, no live notification send",,
548e347fbdaf43be08e93286,d34e7c86d1fe4b4e4f3dd8b5,execution,essays.none,start-essay-workflow,info,/essays,user_prompt,actionable,user,user-owned profile/school-list/essay/resume/recommendation UI or approved import,"no inferred first-party facts, no raw-user-ID default exports, no live notification send",,
4a9a5325fca32ac5aa4d26c1,41987896ad3e2c2b584d8822,execution,essays.none,start-essay-workflow,info,/essays,user_prompt,actionable,user,user-owned profile/school-list/essay/resume/recommendation UI or approved import,"no inferred first-party facts, no raw-user-ID default exports, no live notification send",,
a17521d2860dea1a7b772a50,4d80d091ce6c3c3bbfb73020,execution,essays.none,start-essay-workflow,info,/essays,user_prompt,actionable,user,user-owned profile/school-list/essay/resume/recommendation UI or approved import,"no inferred first-party facts, no raw-user-ID default exports, no live notification send",,
239876530e8400c075556f29,a371d99e7990b1712ac0d07f,execution,essays.none,start-essay-workflow,info,/essays,user_prompt,actionable,user,user-owned profile/school-list/essay/resume/recommendation UI or approved import,"no inferred first-party facts, no raw-user-ID default exports, no live notification send",,
8fc27fe02716e3c77f4c9217,9111330cde59a737a7fbe9d2,execution,essays.none,start-essay-workflow,info,/essays,user_prompt,actionable,user,user-owned profile/school-list/essay/resume/recommendation UI or approved import,"no inferred first-party facts, no raw-user-ID default exports, no live notification send",,
3315de3a8f38e51c6e718bd4,6596f538050d130001eb66fd,execution,essays.none,start-essay-workflow,info,/essays,user_prompt,actionable,user,user-owned profile/school-list/essay/resume/recommendation UI or approved import,"no inferred first-party facts, no raw-user-ID default exports, no live notification send",,
81693f3a9d0880c99db5d8eb,f8576ed8705f4e1a21c111d4,execution,essays.none,start-essay-workflow,info,/essays,user_prompt,actionable,user,user-owned profile/school-list/essay/resume/recommendation UI or approved import,"no inferred first-party facts, no raw-user-ID default exports, no live notification send",,
42911f743ee6aec754611f0a,8cbd0cb44e65485bb14e40b4,execution,essays.none,start-essay-workflow,info,/essays,user_prompt,actionable,user,user-owned profile/school-list/essay/resume/recommendation UI or approved import,"no inferred first-party facts, no raw-user-ID default exports, no live notification send",,
a3528862a20f112072f07dec,16ce403f5cdd5ce323d7d56a,execution,essays.none,start-essay-workflow,info,/essays,user_prompt,actionable,user,user-owned profile/school-list/essay/resume/recommendation UI or approved import,"no inferred first-party facts, no raw-user-ID default exports, no live notification send",,
e510af0c8def66fed7a41269,07b560c00ebbeae89757ba92,execution,essays.none,start-essay-workflow,info,/essays,user_prompt,actionable,user,user-owned profile/school-list/essay/resume/recommendation UI or approved import,"no inferred first-party facts, no raw-user-ID default exports, no live notification send",,
8a25c91ceddfae6e4160c58e,23f48cbbd8bb302d47877816,execution,essays.none,start-essay-workflow,info,/essays,user_prompt,actionable,user,user-owned profile/school-list/essay/resume/recommendation UI or approved import,"no inferred first-party facts, no raw-user-ID default exports, no live notification send",,
f0c8fe12bebd09636b7cd4a6,f3198e3d4b8dfbe1dc7ef401,execution,essays.none,start-essay-workflow,info,/essays,user_prompt,actionable,user,user-owned profile/school-list/essay/resume/recommendation UI or approved import,"no inferred first-party facts, no raw-user-ID default exports, no live notification send",,
448f80c986e8da56dc55d7ce,d8b66d7a77fb0898c274f016,execution,essays.none,start-essay-workflow,info,/essays,user_prompt,actionable,user,user-owned profile/school-list/essay/resume/recommendation UI or approved import,"no inferred first-party facts, no raw-user-ID default exports, no live notification send",,
3189c565a909046c4fd6a3e3,4d3c3bd653a94add62332ca7,execution,essays.none,start-essay-workflow,info,/essays,user_prompt,actionable,user,user-owned profile/school-list/essay/resume/recommendation UI or approved import,"no inferred first-party facts, no raw-user-ID default exports, no live notification send",,
10099eba9d109a63a19020a6,6034f3cefdfecfde684cecd2,execution,essays.none,start-essay-workflow,info,/essays,user_prompt,actionable,user,user-owned profile/school-list/essay/resume/recommendation UI or approved import,"no inferred first-party facts, no raw-user-ID default exports, no live notification send",,
2608ddcf431f38826e25187a,3b51f469eb8b9e1ec640b363,execution,essays.none,start-essay-workflow,info,/essays,user_prompt,actionable,user,user-owned profile/school-list/essay/resume/recommendation UI or approved import,"no inferred first-party facts, no raw-user-ID default exports, no live notification send",,
5d019fa7673644c8239f80dc,e556b9d3eadfdc181ad72b25,execution,essays.none,start-essay-workflow,info,/essays,user_prompt,actionable,user,user-owned profile/school-list/essay/resume/recommendation UI or approved import,"no inferred first-party facts, no raw-user-ID default exports, no live notification send",,
969f0a6da6dcccc818b2d053,349b11a3f796ddd02fac5df4,execution,essays.none,start-essay-workflow,info,/essays,user_prompt,actionable,user,user-owned profile/school-list/essay/resume/recommendation UI or approved import,"no inferred first-party facts, no raw-user-ID default exports, no live notification send",,
886a1ffc2b7eafe348230a62,496c4289233f7686705eb9cc,execution,essays.none,start-essay-workflow,info,/essays,user_prompt,actionable,user,user-owned profile/school-list/essay/resume/recommendation UI or approved import,"no inferred first-party facts, no raw-user-ID default exports, no live notification send",,
e806e3691e6e2df024691a2b,792185c76419227985fe39c6,execution,essays.none,start-essay-workflow,info,/essays,user_prompt,actionable,user,user-owned profile/school-list/essay/resume/recommendation UI or approved import,"no inferred first-party facts, no raw-user-ID default exports, no live notification send",,
12e0eebeeec38d62e5a0d3d4,e68a34176110a03fb1b0e1a7,execution,essays.none,start-essay-workflow,info,/essays,user_prompt,actionable,user,user-owned profile/school-list/essay/resume/recommendation UI or approved import,"no inferred first-party facts, no raw-user-ID default exports, no live notification send",,
91a70d5fa0ff8d12a86e2a5a,cc19790a20627dcf671b0696,execution,essays.none,start-essay-workflow,info,/essays,user_prompt,actionable,user,user-owned profile/school-list/essay/resume/recommendation UI or approved import,"no inferred first-party facts, no raw-user-ID default exports, no live notification send",,
8fc1697c15092a2b07926f70,9268bb2df1ae7eb423b40e68,execution,essays.none,start-essay-workflow,info,/essays,user_prompt,actionable,user,user-owned profile/school-list/essay/resume/recommendation UI or approved import,"no inferred first-party facts, no raw-user-ID default exports, no live notification send",,
0d909a631e8a38aba39711eb,a39a015fb33b59dab1e79583,execution,essays.none,start-essay-workflow,info,/essays,user_prompt,actionable,user,user-owned profile/school-list/essay/resume/recommendation UI or approved import,"no inferred first-party facts, no raw-user-ID default exports, no live notification send",,
3312c3fbbc5f925503c23541,70a9eda088b1d81c8c2c6710,execution,essays.none,start-essay-workflow,info,/essays,user_prompt,actionable,user,user-owned profile/school-list/essay/resume/recommendation UI or approved import,"no inferred first-party facts, no raw-user-ID default exports, no live notification send",,
951efa9a78747fd1f702a582,e7f17db1b3d37787f764e825,execution,essays.none,start-essay-workflow,info,/essays,user_prompt,actionable,user,user-owned profile/school-list/essay/resume/recommendation UI or approved import,"no inferred first-party facts, no raw-user-ID default exports, no live notification send",,
9ce8b002b8c6978d1d50ca34,296c586ab4f761371e0cbf88,execution,essays.none,start-essay-workflow,info,/essays,user_prompt,actionable,user,user-owned profile/school-list/essay/resume/recommendation UI or approved import,"no inferred first-party facts, no raw-user-ID default exports, no live notification send",,
a5ce79e3ee65a9b900b1d3ec,6ad354ae95ed116979f53605,execution,essays.none,start-essay-workflow,info,/essays,user_prompt,actionable,user,user-owned profile/school-list/essay/resume/recommendation UI or approved import,"no inferred first-party facts, no raw-user-ID default exports, no live notification send",,
8acb1d168ae7de069f4d5d41,c2fb04257a3dbfd64ef42235,execution,essays.none,start-essay-workflow,info,/essays,user_prompt,actionable,user,user-owned profile/school-list/essay/resume/recommendation UI or approved import,"no inferred first-party facts, no raw-user-ID default exports, no live notification send",,
79637912dce7f904c64328bb,063b024d5235f2864bf7976b,execution,essays.none,start-essay-workflow,info,/essays,user_prompt,actionable,user,user-owned profile/school-list/essay/resume/recommendation UI or approved import,"no inferred first-party facts, no raw-user-ID default exports, no live notification send",,
1b509e80303bfb72347c7122,a69f207d386676eb5d4c6068,execution,essays.none,start-essay-workflow,info,/essays,user_prompt,actionable,user,user-owned profile/school-list/essay/resume/recommendation UI or approved import,"no inferred first-party facts, no raw-user-ID default exports, no live notification send",,
ca2ccfb1838fd1cd9b1b428a,0dd5690ef245b29c752978ab,execution,essays.none,start-essay-workflow,info,/essays,user_prompt,actionable,user,user-owned profile/school-list/essay/resume/recommendation UI or approved import,"no inferred first-party facts, no raw-user-ID default exports, no live notification send",,
d4f1ee39fe1a2af08fbd5161,6bd54dc4b93df493e735968f,execution,essays.none,start-essay-workflow,info,/essays,user_prompt,actionable,user,user-owned profile/school-list/essay/resume/recommendation UI or approved import,"no inferred first-party facts, no raw-user-ID default exports, no live notification send",,
062118d350b761fdd04aa833,4447d4720fb09d0cf9f974b1,execution,essays.none,start-essay-workflow,info,/essays,user_prompt,actionable,user,user-owned profile/school-list/essay/resume/recommendation UI or approved import,"no inferred first-party facts, no raw-user-ID default exports, no live notification send",,
e36192e1857a30c62f9c8a38,1e02ca5c816e125387e943ea,execution,essays.none,start-essay-workflow,info,/essays,user_prompt,actionable,user,user-owned profile/school-list/essay/resume/recommendation UI or approved import,"no inferred first-party facts, no raw-user-ID default exports, no live notification send",,
4a216ad9b35ebe5103f8526b,c4f622849d37b4b65dec3cec,execution,essays.none,start-essay-workflow,info,/essays,user_prompt,actionable,user,user-owned profile/school-list/essay/resume/recommendation UI or approved import,"no inferred first-party facts, no raw-user-ID default exports, no live notification send",,
69ece4fe3e5b32f6470b9361,73c05ab78066f89172cd4600,execution,essays.none,start-essay-workflow,info,/essays,user_prompt,actionable,user,user-owned profile/school-list/essay/resume/recommendation UI or approved import,"no inferred first-party facts, no raw-user-ID default exports, no live notification send",,
c55a37df2b2958e3ddc0868f,fb3adf3bf3209373369bc84f,execution,essays.none,start-essay-workflow,info,/essays,user_prompt,actionable,user,user-owned profile/school-list/essay/resume/recommendation UI or approved import,"no inferred first-party facts, no raw-user-ID default exports, no live notification send",,
5787255212e567a3fd4aef81,bc8c05acbe1509e433fc0da5,execution,essays.none,start-essay-workflow,info,/essays,user_prompt,actionable,user,user-owned profile/school-list/essay/resume/recommendation UI or approved import,"no inferred first-party facts, no raw-user-ID default exports, no live notification send",,
d093f57d658870c61d5a8e9d,ce94abf53f14f5538a81eb16,execution,essays.none,start-essay-workflow,info,/essays,user_prompt,actionable,user,user-owned profile/school-list/essay/resume/recommendation UI or approved import,"no inferred first-party facts, no raw-user-ID default exports, no live notification send",,
b87b213f6a58cc8a8a77c7ac,bfaf9aaee511da1bf287d36d,execution,essays.none,start-essay-workflow,info,/essays,user_prompt,actionable,user,user-owned profile/school-list/essay/resume/recommendation UI or approved import,"no inferred first-party facts, no raw-user-ID default exports, no live notification send",,
d70ffb08141d2abc371fc479,c52984e73ed2bb9d78b61972,execution,essays.none,start-essay-workflow,info,/essays,user_prompt,actionable,user,user-owned profile/school-list/essay/resume/recommendation UI or approved import,"no inferred first-party facts, no raw-user-ID default exports, no live notification send",,
9e902d09622c77bbe415a5f5,ebfe5890a319bc7c8c093b53,execution,essays.none,start-essay-workflow,info,/essays,user_prompt,actionable,user,user-owned profile/school-list/essay/resume/recommendation UI or approved import,"no inferred first-party facts, no raw-user-ID default exports, no live notification send",,
dd209784cbd3a7c37798dc81,95d691e906c76381adfe1a28,execution,essays.none,start-essay-workflow,info,/essays,user_prompt,actionable,user,user-owned profile/school-list/essay/resume/recommendation UI or approved import,"no inferred first-party facts, no raw-user-ID default exports, no live notification send",,
2058d7d3635541be9a81154d,58f91b77e67fbf46457a44bb,execution,essays.none,start-essay-workflow,info,/essays,user_prompt,actionable,user,user-owned profile/school-list/essay/resume/recommendation UI or approved import,"no inferred first-party facts, no raw-user-ID default exports, no live notification send",,
9c6f0258b7fd5c44ef788167,9c2fbbe0254b2440de64a955,execution,essays.none,start-essay-workflow,info,/essays,user_prompt,actionable,user,user-owned profile/school-list/essay/resume/recommendation UI or approved import,"no inferred first-party facts, no raw-user-ID default exports, no live notification send",,
e42b6750ab4ffde56312f465,c6d4f92a18ba12e55a77424f,execution,essays.none,start-essay-workflow,info,/essays,user_prompt,actionable,user,user-owned profile/school-list/essay/resume/recommendation UI or approved import,"no inferred first-party facts, no raw-user-ID default exports, no live notification send",,
508a6407c4ffc3bc4552ed30,a03881962cac9def370b6ddf,execution,essays.none,start-essay-workflow,info,/essays,user_prompt,actionable,user,user-owned profile/school-list/essay/resume/recommendation UI or approved import,"no inferred first-party facts, no raw-user-ID default exports, no live notification send",,
9fa02cb61bc3fad3b4609874,2521ef574f16719cfd342be4,execution,essays.none,start-essay-workflow,info,/essays,user_prompt,actionable,user,user-owned profile/school-list/essay/resume/recommendation UI or approved import,"no inferred first-party facts, no raw-user-ID default exports, no live notification send",,
1567868f57d48287128edcf2,bd5e7f1d9b2843a6c0ee281a,execution,essays.none,start-essay-workflow,info,/essays,user_prompt,actionable,user,user-owned profile/school-list/essay/resume/recommendation UI or approved import,"no inferred first-party facts, no raw-user-ID default exports, no live notification send",,
b5fa781fa1986e1165fdf9eb,d251e7b1a615c97aeb975753,execution,essays.none,start-essay-workflow,info,/essays,user_prompt,actionable,user,user-owned profile/school-list/essay/resume/recommendation UI or approved import,"no inferred first-party facts, no raw-user-ID default exports, no live notification send",,
0e675c04d379ac1f90bbb169,fa20510c8b2ca4eb06c9a50c,execution,essays.none,start-essay-workflow,info,/essays,user_prompt,actionable,user,user-owned profile/school-list/essay/resume/recommendation UI or approved import,"no inferred first-party facts, no raw-user-ID default exports, no live notification send",,
5d3f29c52332ccba6c3b64f6,38d8d2c6f2f414c01de125ae,execution,essays.none,start-essay-workflow,info,/essays,user_prompt,actionable,user,user-owned profile/school-list/essay/resume/recommendation UI or approved import,"no inferred first-party facts, no raw-user-ID default exports, no live notification send",,
0c46702af3ee822c715f3e93,7965d9f2065d1560654b7cb0,execution,essays.none,start-essay-workflow,info,/essays,user_prompt,actionable,user,user-owned profile/school-list/essay/resume/recommendation UI or approved import,"no inferred first-party facts, no raw-user-ID default exports, no live notification send",,
9db4da165fe7fcc3c4db12e8,e487699478e5852a01f5452f,execution,essays.none,start-essay-workflow,info,/essays,user_prompt,actionable,user,user-owned profile/school-list/essay/resume/recommendation UI or approved import,"no inferred first-party facts, no raw-user-ID default exports, no live notification send",,
26c843e5a4d548cb297a9373,cf2f3ed14657bb4361b52fd6,execution,essays.none,start-essay-workflow,info,/essays,user_prompt,actionable,user,user-owned profile/school-list/essay/resume/recommendation UI or approved import,"no inferred first-party facts, no raw-user-ID default exports, no live notification send",,
71644d88f2997836f3ee404b,85e17e886ea8574404bf06db,execution,essays.none,start-essay-workflow,info,/essays,user_prompt,actionable,user,user-owned profile/school-list/essay/resume/recommendation UI or approved import,"no inferred first-party facts, no raw-user-ID default exports, no live notification send",,
d2fd6d977c19a8de68eb2558,fe94fbe339152aa569845a88,execution,essays.none,start-essay-workflow,info,/essays,user_prompt,actionable,user,user-owned profile/school-list/essay/resume/recommendation UI or approved import,"no inferred first-party facts, no raw-user-ID default exports, no live notification send",,
5b0b5ce61f0ad24c1899feaf,b2a7f5b361f3945fd310ea56,execution,essays.none,start-essay-workflow,info,/essays,user_prompt,actionable,user,user-owned profile/school-list/essay/resume/recommendation UI or approved import,"no inferred first-party facts, no raw-user-ID default exports, no live notification send",,
0a831f39a7dd6923b9265de2,d1874f5f3ea1962396aad74a,execution,essays.none,start-essay-workflow,info,/essays,user_prompt,actionable,user,user-owned profile/school-list/essay/resume/recommendation UI or approved import,"no inferred first-party facts, no raw-user-ID default exports, no live notification send",,
c995ff23490bd159cd17004a,4aa923a4eb4b0a7a0517f4d7,execution,essays.none,start-essay-workflow,info,/essays,user_prompt,actionable,user,user-owned profile/school-list/essay/resume/recommendation UI or approved import,"no inferred first-party facts, no raw-user-ID default exports, no live notification send",,
4a3449b94acfb2a0a4b5b09c,fc8de225b3758553b9a21a1c,execution,essays.none,start-essay-workflow,info,/essays,user_prompt,actionable,user,user-owned profile/school-list/essay/resume/recommendation UI or approved import,"no inferred first-party facts, no raw-user-ID default exports, no live notification send",,
8b502d6fb2b2b71ef9d7c9cb,8cf79915c1b2f6db7f7f87c8,execution,essays.none,start-essay-workflow,info,/essays,user_prompt,actionable,user,user-owned profile/school-list/essay/resume/recommendation UI or approved import,"no inferred first-party facts, no raw-user-ID default exports, no live notification send",,
8288dc7458f9bcfab0d8f5c1,4a7a185008b7cd5c390feab9,execution,essays.none,start-essay-workflow,info,/essays,user_prompt,actionable,user,user-owned profile/school-list/essay/resume/recommendation UI or approved import,"no inferred first-party facts, no raw-user-ID default exports, no live notification send",,
1a6373e10bb3d32541b2b910,6410c2cd545b51f5356a95f4,execution,essays.none,start-essay-workflow,info,/essays,user_prompt,actionable,user,user-owned profile/school-list/essay/resume/recommendation UI or approved import,"no inferred first-party facts, no raw-user-ID default exports, no live notification send",,
a42806d188acf56778ee03e4,1ebdd2eb05856ad6c7e49cb5,execution,essays.none,start-essay-workflow,info,/essays,user_prompt,actionable,user,user-owned profile/school-list/essay/resume/recommendation UI or approved import,"no inferred first-party facts, no raw-user-ID default exports, no live notification send",,
0b720f6a71b460ee78e3f24c,7c50be8cd9b86f4161ce3b98,execution,essays.none,start-essay-workflow,info,/essays,user_prompt,actionable,user,user-owned profile/school-list/essay/resume/recommendation UI or approved import,"no inferred first-party facts, no raw-user-ID default exports, no live notification send",,
98fd0a4139d0927132050b09,2e60959f4806bfb7683f3490,execution,essays.none,start-essay-workflow,info,/essays,user_prompt,actionable,user,user-owned profile/school-list/essay/resume/recommendation UI or approved import,"no inferred first-party facts, no raw-user-ID default exports, no live notification send",,
c94c0e8e423736a432090851,5a6f2932013b43747ade5b1f,execution,essays.none,start-essay-workflow,info,/essays,user_prompt,actionable,user,user-owned profile/school-list/essay/resume/recommendation UI or approved import,"no inferred first-party facts, no raw-user-ID default exports, no live notification send",,
f9677bfc218807bad05e7b70,11949a16f1db43597c6d0f92,execution,essays.none,start-essay-workflow,info,/essays,user_prompt,actionable,user,user-owned profile/school-list/essay/resume/recommendation UI or approved import,"no inferred first-party facts, no raw-user-ID default exports, no live notification send",,
4181e0d8adaac85ff9b43e87,d59507e40ccb28f60173f9de,execution,essays.none,start-essay-workflow,info,/essays,user_prompt,actionable,user,user-owned profile/school-list/essay/resume/recommendation UI or approved import,"no inferred first-party facts, no raw-user-ID default exports, no live notification send",,
e7a5fadf66d1c1078c000116,54e3559386c83d509f571358,execution,essays.none,start-essay-workflow,info,/essays,user_prompt,actionable,user,user-owned profile/school-list/essay/resume/recommendation UI or approved import,"no inferred first-party facts, no raw-user-ID default exports, no live notification send",,
68e2cf7a8654b3cc3a57c387,543d710eca3428966f38d56a,execution,essays.none,start-essay-workflow,info,/essays,user_prompt,actionable,user,user-owned profile/school-list/essay/resume/recommendation UI or approved import,"no inferred first-party facts, no raw-user-ID default exports, no live notification send",,
ca20d54d65873344887e703c,f8eb0f8d2a0b46422213d278,execution,essays.none,start-essay-workflow,info,/essays,user_prompt,actionable,user,user-owned profile/school-list/essay/resume/recommendation UI or approved import,"no inferred first-party facts, no raw-user-ID default exports, no live notification send",,
d3a5b22f99ebc24899d1a815,45c22784b65a384c6a000180,execution,essays.none,start-essay-workflow,info,/essays,user_prompt,actionable,user,user-owned profile/school-list/essay/resume/recommendation UI or approved import,"no inferred first-party facts, no raw-user-ID default exports, no live notification send",,
a59f8171573ae3240527a007,dfbe7fe65a6b231a96c2e35e,execution,essays.none,start-essay-workflow,info,/essays,user_prompt,actionable,user,user-owned profile/school-list/essay/resume/recommendation UI or approved import,"no inferred first-party facts, no raw-user-ID default exports, no live notification send",,
639404cd050915f86004b521,0d38b90390f3df3aacefa896,execution,essays.none,start-essay-workflow,info,/essays,user_prompt,actionable,user,user-owned profile/school-list/essay/resume/recommendation UI or approved import,"no inferred first-party facts, no raw-user-ID default exports, no live notification send",,
719ab878ec6ee832abf4c0d2,5226aad7a0fe017f473ec2cc,execution,essays.none,start-essay-workflow,info,/essays,user_prompt,actionable,user,user-owned profile/school-list/essay/resume/recommendation UI or approved import,"no inferred first-party facts, no raw-user-ID default exports, no live notification send",,
5f17570d0e0e70c661401153,a01a78948445bee28c9a5972,execution,essays.none,start-essay-workflow,info,/essays,user_prompt,actionable,user,user-owned profile/school-list/essay/resume/recommendation UI or approved import,"no inferred first-party facts, no raw-user-ID default exports, no live notification send",,
3cfe3d021c8f1b2f6025019b,5044e483734670dfe7970719,execution,essays.none,start-essay-workflow,info,/essays,user_prompt,actionable,user,user-owned profile/school-list/essay/resume/recommendation UI or approved import,"no inferred first-party facts, no raw-user-ID default exports, no live notification send",,
c215bc6352a411c7c66d7202,cacd870eeb7d1b0e305eb290,execution,essays.none,start-essay-workflow,info,/essays,user_prompt,actionable,user,user-owned profile/school-list/essay/resume/recommendation UI or approved import,"no inferred first-party facts, no raw-user-ID default exports, no live notification send",,
ce057dcdf01d9e6f54c1d459,1e829852654087633af81cc9,execution,essays.none,start-essay-workflow,info,/essays,user_prompt,actionable,user,user-owned profile/school-list/essay/resume/recommendation UI or approved import,"no inferred first-party facts, no raw-user-ID default exports, no live notification send",,
6a8b5fb4bfeffd3f01249866,2cb24ed9eb1c4d63364c1062,execution,essays.none,start-essay-workflow,info,/essays,user_prompt,actionable,user,user-owned profile/school-list/essay/resume/recommendation UI or approved import,"no inferred first-party facts, no raw-user-ID default exports, no live notification send",,
6bbf710638d3c79950ffc3fa,beffd80654a0a6e973061fe8,execution,essays.none,start-essay-workflow,info,/essays,user_prompt,actionable,user,user-owned profile/school-list/essay/resume/recommendation UI or approved import,"no inferred first-party facts, no raw-user-ID default exports, no live notification send",,
2dd6b788641cdde2a081887b,1d6edb174c5c4a79c3c6f597,execution,essays.none,start-essay-workflow,info,/essays,user_prompt,actionable,user,user-owned profile/school-list/essay/resume/recommendation UI or approved import,"no inferred first-party facts, no raw-user-ID default exports, no live notification send",,
71d0ab9def0bf16cf376727a,03099b7d7926de4915c2307b,execution,essays.none,start-essay-workflow,info,/essays,user_prompt,actionable,user,user-owned profile/school-list/essay/resume/recommendation UI or approved import,"no inferred first-party facts, no raw-user-ID default exports, no live notification send",,
feaaf14c5a09b562f250b4ee,18bc0def86f96dc9d8032cf4,execution,essays.none,start-essay-workflow,info,/essays,user_prompt,actionable,user,user-owned profile/school-list/essay/resume/recommendation UI or approved import,"no inferred first-party facts, no raw-user-ID default exports, no live notification send",,
6d13548d870a6d1cf3a8f337,d7aaa6f01de07ec58dbad0b1,execution,essays.none,start-essay-workflow,info,/essays,user_prompt,actionable,user,user-owned profile/school-list/essay/resume/recommendation UI or approved import,"no inferred first-party facts, no raw-user-ID default exports, no live notification send",,
41360de8052ab20ef755f974,,execution,essays.none,start-essay-workflow,info,/essays,user_prompt,actionable,user,user-owned profile/school-list/essay/resume/recommendation UI or approved import,"no inferred first-party facts, no raw-user-ID default exports, no live notification send",,
01815f316b763e58e48118bd,dbe46853dd76ef0b3871ec47,execution,essays.none,start-essay-workflow,info,/essays,user_prompt,actionable,user,user-owned profile/school-list/essay/resume/recommendation UI or approved import,"no inferred first-party facts, no raw-user-ID default exports, no live notification send",,
d74d6712a403d06c64090a88,,execution,essays.none,start-essay-workflow,info,/essays,user_prompt,actionable,user,user-owned profile/school-list/essay/resume/recommendation UI or approved import,"no inferred first-party facts, no raw-user-ID default exports, no live notification send",,
e99a63d7bab49ff500686843,fc7b854dfad3986ab4c8774c,execution,essays.none,start-essay-workflow,info,/essays,user_prompt,actionable,user,user-owned profile/school-list/essay/resume/recommendation UI or approved import,"no inferred first-party facts, no raw-user-ID default exports, no live notification send",,
ed854b5f51f171e12a0bbfa3,,execution,essays.none,start-essay-workflow,info,/essays,user_prompt,actionable,user,user-owned profile/school-list/essay/resume/recommendation UI or approved import,"no inferred first-party facts, no raw-user-ID default exports, no live notification send",,
986e56fec255334e54e3d342,3ed490d913f577e9c15901bf,execution,essays.none,start-essay-workflow,info,/essays,user_prompt,actionable,user,user-owned profile/school-list/essay/resume/recommendation UI or approved import,"no inferred first-party facts, no raw-user-ID default exports, no live notification send",,
550d3608d821628afd081854,17b29a1e1cd753f82eaa0004,execution,essays.none,start-essay-workflow,info,/essays,user_prompt,actionable,user,user-owned profile/school-list/essay/resume/recommendation UI or approved import,"no inferred first-party facts, no raw-user-ID default exports, no live notification send",,
686098ae45ed0cf2c7a6bb51,fd1d6497725c7aaad7a3c196,execution,essays.none,start-essay-workflow,info,/essays,user_prompt,actionable,user,user-owned profile/school-list/essay/resume/recommendation UI or approved import,"no inferred first-party facts, no raw-user-ID default exports, no live notification send",,
2f3ed54bc4a4e4371b560799,e76b246b99503b0c07e399b2,execution,essays.none,start-essay-workflow,info,/essays,user_prompt,actionable,user,user-owned profile/school-list/essay/resume/recommendation UI or approved import,"no inferred first-party facts, no raw-user-ID default exports, no live notification send",,
3b24a69992609593175c52e9,f3e701ab37560748c10a7253,execution,essays.none,start-essay-workflow,info,/essays,user_prompt,actionable,user,user-owned profile/school-list/essay/resume/recommendation UI or approved import,"no inferred first-party facts, no raw-user-ID default exports, no live notification send",,
25b70574d5d19f55f18b9af0,de80ccc3056a33c25b5e1458,execution,essays.none,start-essay-workflow,info,/essays,user_prompt,actionable,user,user-owned profile/school-list/essay/resume/recommendation UI or approved import,"no inferred first-party facts, no raw-user-ID default exports, no live notification send",,
1953ea060dfc0a0c423f6c18,,execution,essays.none,start-essay-workflow,info,/essays,user_prompt,actionable,user,user-owned profile/school-list/essay/resume/recommendation UI or approved import,"no inferred first-party facts, no raw-user-ID default exports, no live notification send",,
9c2324b1105ec62ddc3e4c09,34d97678b50b2bdfce257578,execution,essays.none,start-essay-workflow,info,/essays,user_prompt,actionable,user,user-owned profile/school-list/essay/resume/recommendation UI or approved import,"no inferred first-party facts, no raw-user-ID default exports, no live notification send",,
6585419ab37bc1d1c2825ea9,5602123b748fdb29970e4ac5,execution,essays.none,start-essay-workflow,info,/essays,user_prompt,actionable,user,user-owned profile/school-list/essay/resume/recommendation UI or approved import,"no inferred first-party facts, no raw-user-ID default exports, no live notification send",,
a5d28b6cd7c354a9134bac42,3b79fbe93e8d8a1ed167dc0a,execution,essays.none,start-essay-workflow,info,/essays,user_prompt,actionable,user,user-owned profile/school-list/essay/resume/recommendation UI or approved import,"no inferred first-party facts, no raw-user-ID default exports, no live notification send",,
d0b75f8fdb757d149ba23e47,2e09ae64ee08e9ba2ce897b9,execution,essays.none,start-essay-workflow,info,/essays,user_prompt,actionable,user,user-owned profile/school-list/essay/resume/recommendation UI or approved import,"no inferred first-party facts, no raw-user-ID default exports, no live notification send",,
cf359908d3f2d4850b8c638e,742f4af8d99ae2b8547ee0f7,execution,essays.none,start-essay-workflow,info,/essays,user_prompt,actionable,user,user-owned profile/school-list/essay/resume/recommendation UI or approved import,"no inferred first-party facts, no raw-user-ID default exports, no live notification send",,
693ddd0ca8621ee6302ce3e4,d9b3fb9bd8dce18ecc3b5ca2,execution,essays.none,start-essay-workflow,info,/essays,user_prompt,actionable,user,user-owned profile/school-list/essay/resume/recommendation UI or approved import,"no inferred first-party facts, no raw-user-ID default exports, no live notification send",,
12d307e8e32c43d434b62e96,ebecc87f165ed5580a33c97b,execution,essays.none,start-essay-workflow,info,/essays,user_prompt,actionable,user,user-owned profile/school-list/essay/resume/recommendation UI or approved import,"no inferred first-party facts, no raw-user-ID default exports, no live notification send",,
537cd111095b2566f6ab727a,b7ff97a8390ad37c9766fde0,execution,essays.none,start-essay-workflow,info,/essays,user_prompt,actionable,user,user-owned profile/school-list/essay/resume/recommendation UI or approved import,"no inferred first-party facts, no raw-user-ID default exports, no live notification send",,
bbfcea10f79ca0413ac466db,07f3a6136cdbf56a4c381635,execution,essays.none,start-essay-workflow,info,/essays,user_prompt,actionable,user,user-owned profile/school-list/essay/resume/recommendation UI or approved import,"no inferred first-party facts, no raw-user-ID default exports, no live notification send",,
8920341f0eab10006614449e,fce4d766a1a7cf9683c269a7,execution,essays.none,start-essay-workflow,info,/essays,user_prompt,actionable,user,user-owned profile/school-list/essay/resume/recommendation UI or approved import,"no inferred first-party facts, no raw-user-ID default exports, no live notification send",,
2148efd0597e0e9ad6a2f00c,43272c2ba686df45954e071c,execution,essays.none,start-essay-workflow,info,/essays,user_prompt,actionable,user,user-owned profile/school-list/essay/resume/recommendation UI or approved import,"no inferred first-party facts, no raw-user-ID default exports, no live notification send",,
a1011c5137576f4bfcfebd38,058cf56df913b18b72c6ac06,execution,essays.none,start-essay-workflow,info,/essays,user_prompt,actionable,user,user-owned profile/school-list/essay/resume/recommendation UI or approved import,"no inferred first-party facts, no raw-user-ID default exports, no live notification send",,
c720349e2ce59d2437c3f21c,9aedc2f9488c04a6732f7256,execution,essays.none,start-essay-workflow,info,/essays,user_prompt,actionable,user,user-owned profile/school-list/essay/resume/recommendation UI or approved import,"no inferred first-party facts, no raw-user-ID default exports, no live notification send",,
537d7051a678e03b36c9b740,d4ca47731eb2f84b483ba976,execution,essays.none,start-essay-workflow,info,/essays,user_prompt,actionable,user,user-owned profile/school-list/essay/resume/recommendation UI or approved import,"no inferred first-party facts, no raw-user-ID default exports, no live notification send",,
ec07387bc845f209f12b56e1,b0b8366e5f846ce7de0391dc,execution,essays.none,start-essay-workflow,info,/essays,user_prompt,actionable,user,user-owned profile/school-list/essay/resume/recommendation UI or approved import,"no inferred first-party facts, no raw-user-ID default exports, no live notification send",,
fc95b7caba28567228c5453d,81d71d4eec8e8368e557e6ae,execution,essays.none,start-essay-workflow,info,/essays,user_prompt,actionable,user,user-owned profile/school-list/essay/resume/recommendation UI or approved import,"no inferred first-party facts, no raw-user-ID default exports, no live notification send",,
221a7eaaab2a62407db2b23a,b4b464f7720df53f14b4aeab,execution,essays.none,start-essay-workflow,info,/essays,user_prompt,actionable,user,user-owned profile/school-list/essay/resume/recommendation UI or approved import,"no inferred first-party facts, no raw-user-ID default exports, no live notification send",,
8756d49a67423d831126f9c7,5ef26fd15a7d94de95db760d,execution,essays.none,start-essay-workflow,info,/essays,user_prompt,actionable,user,user-owned profile/school-list/essay/resume/recommendation UI or approved import,"no inferred first-party facts, no raw-user-ID default exports, no live notification send",,
9ab04e7675e18d84ea1ea374,abd5622ea74cceed6dede107,execution,essays.none,start-essay-workflow,info,/essays,user_prompt,actionable,user,user-owned profile/school-list/essay/resume/recommendation UI or approved import,"no inferred first-party facts, no raw-user-ID default exports, no live notification send",,
f818e439b555d3d2d844fe71,2602385b62043a9e3025b517,execution,essays.none,start-essay-workflow,info,/essays,user_prompt,actionable,user,user-owned profile/school-list/essay/resume/recommendation UI or approved import,"no inferred first-party facts, no raw-user-ID default exports, no live notification send",,
d864a2017f74175e39130328,73e60992ad694dbf05d313f9,execution,essays.none,start-essay-workflow,info,/essays,user_prompt,actionable,user,user-owned profile/school-list/essay/resume/recommendation UI or approved import,"no inferred first-party facts, no raw-user-ID default exports, no live notification send",,
b58814f9c5d40c2cca9cd0ba,b22551ed28a844c40361f4c6,execution,essays.none,start-essay-workflow,info,/essays,user_prompt,actionable,user,user-owned profile/school-list/essay/resume/recommendation UI or approved import,"no inferred first-party facts, no raw-user-ID default exports, no live notification send",,
ea594aacc0071fab15e09640,8291c39c23e9854c77949587,execution,essays.none,start-essay-workflow,info,/essays,user_prompt,actionable,user,user-owned profile/school-list/essay/resume/recommendation UI or approved import,"no inferred first-party facts, no raw-user-ID default exports, no live notification send",,
4767e40f0ac5b61bc56681e6,66e28a97f69ea9177ec6e239,execution,essays.none,start-essay-workflow,info,/essays,user_prompt,actionable,user,user-owned profile/school-list/essay/resume/recommendation UI or approved import,"no inferred first-party facts, no raw-user-ID default exports, no live notification send",,
bb132178d629a66fc7aefd01,664f3a82867f761aa9082952,execution,essays.none,start-essay-workflow,info,/essays,user_prompt,actionable,user,user-owned profile/school-list/essay/resume/recommendation UI or approved import,"no inferred first-party facts, no raw-user-ID default exports, no live notification send",,
932efce71e173e4704914319,5e5ecc8d86964733a3bd9bfd,execution,essays.none,start-essay-workflow,info,/essays,user_prompt,actionable,user,user-owned profile/school-list/essay/resume/recommendation UI or approved import,"no inferred first-party facts, no raw-user-ID default exports, no live notification send",,
ec5bdd2b5351c8e584d3be8d,29ca348769849ba58b071162,execution,essays.none,start-essay-workflow,info,/essays,user_prompt,actionable,user,user-owned profile/school-list/essay/resume/recommendation UI or approved import,"no inferred first-party facts, no raw-user-ID default exports, no live notification send",,
28dc96231ed06b299208eff5,1134a45529007d06fa5d1edb,execution,essays.none,start-essay-workflow,info,/essays,user_prompt,actionable,user,user-owned profile/school-list/essay/resume/recommendation UI or approved import,"no inferred first-party facts, no raw-user-ID default exports, no live notification send",,
2c9771be6f35b5904dbbe14b,a254c6762b1623455829ff10,execution,essays.none,start-essay-workflow,info,/essays,user_prompt,actionable,user,user-owned profile/school-list/essay/resume/recommendation UI or approved import,"no inferred first-party facts, no raw-user-ID default exports, no live notification send",,
be69b9e0cebe6aec14a2ebf4,4b018ff55c5cb933a8af6b2d,execution,essays.none,start-essay-workflow,info,/essays,user_prompt,actionable,user,user-owned profile/school-list/essay/resume/recommendation UI or approved import,"no inferred first-party facts, no raw-user-ID default exports, no live notification send",,
3b8ce71113797c845bb872a3,e7aa36a405ca7979e329e87b,execution,essays.none,start-essay-workflow,info,/essays,user_prompt,actionable,user,user-owned profile/school-list/essay/resume/recommendation UI or approved import,"no inferred first-party facts, no raw-user-ID default exports, no live notification send",,
13d29e45f6794b8697671204,ca6c76c02fcc72e715d068d8,execution,essays.none,start-essay-workflow,info,/essays,user_prompt,actionable,user,user-owned profile/school-list/essay/resume/recommendation UI or approved import,"no inferred first-party facts, no raw-user-ID default exports, no live notification send",,
76ba6c9798c8630b641eee3f,a921641dc4b1526d1a01917b,execution,essays.none,start-essay-workflow,info,/essays,user_prompt,actionable,user,user-owned profile/school-list/essay/resume/recommendation UI or approved import,"no inferred first-party facts, no raw-user-ID default exports, no live notification send",,
62d24e8597a55a5a0a4fd2d7,ebdd5efd8dc0fc61274cd467,execution,essays.none,start-essay-workflow,info,/essays,user_prompt,actionable,user,user-owned profile/school-list/essay/resume/recommendation UI or approved import,"no inferred first-party facts, no raw-user-ID default exports, no live notification send",,
8ba8880892cf6b4d1a83a00f,8810301b97ae49e59d07d6de,execution,essays.none,start-essay-workflow,info,/essays,user_prompt,actionable,user,user-owned profile/school-list/essay/resume/recommendation UI or approved import,"no inferred first-party facts, no raw-user-ID default exports, no live notification send",,
71f206d1ac1510c3461c3f62,11234b2e38f9b1bb49207612,execution,essays.none,start-essay-workflow,info,/essays,user_prompt,actionable,user,user-owned profile/school-list/essay/resume/recommendation UI or approved import,"no inferred first-party facts, no raw-user-ID default exports, no live notification send",,
7683420873a4efd6953dc8b0,dfd2712d91a9b6b52cd7a939,execution,essays.none,start-essay-workflow,info,/essays,user_prompt,actionable,user,user-owned profile/school-list/essay/resume/recommendation UI or approved import,"no inferred first-party facts, no raw-user-ID default exports, no live notification send",,
ca22acb9dcd7763d46df7db9,f13448c63795d2838ae3d3aa,execution,essays.none,start-essay-workflow,info,/essays,user_prompt,actionable,user,user-owned profile/school-list/essay/resume/recommendation UI or approved import,"no inferred first-party facts, no raw-user-ID default exports, no live notification send",,
3775406187707a6591ba5ffd,47846ee95cac0b56ae45d5f1,execution,essays.none,start-essay-workflow,info,/essays,user_prompt,actionable,user,user-owned profile/school-list/essay/resume/recommendation UI or approved import,"no inferred first-party facts, no raw-user-ID default exports, no live notification send",,
d0d761906a40b0af30dec88f,b1cf8f9202fac78805196f3b,execution,essays.none,start-essay-workflow,info,/essays,user_prompt,actionable,user,user-owned profile/school-list/essay/resume/recommendation UI or approved import,"no inferred first-party facts, no raw-user-ID default exports, no live notification send",,
fb0a159aa3969317733f50df,5d3f54ea3a1fd9d4e94e719a,execution,essays.none,start-essay-workflow,info,/essays,user_prompt,actionable,user,user-owned profile/school-list/essay/resume/recommendation UI or approved import,"no inferred first-party facts, no raw-user-ID default exports, no live notification send",,
c5afca47c781c4069ed80f5e,56d95fc96f640bc7aeee88cb,execution,essays.none,start-essay-workflow,info,/essays,user_prompt,actionable,user,user-owned profile/school-list/essay/resume/recommendation UI or approved import,"no inferred first-party facts, no raw-user-ID default exports, no live notification send",,
0efe95a39b123e55e09226e0,f9bb2679f3487a696a06b36a,execution,essays.none,start-essay-workflow,info,/essays,user_prompt,actionable,user,user-owned profile/school-list/essay/resume/recommendation UI or approved import,"no inferred first-party facts, no raw-user-ID default exports, no live notification send",,
ba758da9fffbee1f2fa7988b,f208d7e70269a7fceebf86e6,execution,essays.none,start-essay-workflow,info,/essays,user_prompt,actionable,user,user-owned profile/school-list/essay/resume/recommendation UI or approved import,"no inferred first-party facts, no raw-user-ID default exports, no live notification send",,
594aeee3f872c97407a3fa6b,c086fb2c4e41afde6c957741,execution,essays.none,start-essay-workflow,info,/essays,user_prompt,actionable,user,user-owned profile/school-list/essay/resume/recommendation UI or approved import,"no inferred first-party facts, no raw-user-ID default exports, no live notification send",,
b2f12af5f1e42440fc153d6e,a6269d71b6b9bc7677fdc2b8,execution,essays.none,start-essay-workflow,info,/essays,user_prompt,actionable,user,user-owned profile/school-list/essay/resume/recommendation UI or approved import,"no inferred first-party facts, no raw-user-ID default exports, no live notification send",,
2b751a04c67db0dca7fa08a4,5a2eff24f6f702dba34dcfbd,execution,essays.none,start-essay-workflow,info,/essays,user_prompt,actionable,user,user-owned profile/school-list/essay/resume/recommendation UI or approved import,"no inferred first-party facts, no raw-user-ID default exports, no live notification send",,
fded1e82fc08fe3dc6ae0cd1,d66f3580bc3de0ae18c4f7e5,execution,essays.none,start-essay-workflow,info,/essays,user_prompt,actionable,user,user-owned profile/school-list/essay/resume/recommendation UI or approved import,"no inferred first-party facts, no raw-user-ID default exports, no live notification send",,
250fca2cca79498b8adb85d5,c61f474baaa4287019176258,execution,essays.none,start-essay-workflow,info,/essays,user_prompt,actionable,user,user-owned profile/school-list/essay/resume/recommendation UI or approved import,"no inferred first-party facts, no raw-user-ID default exports, no live notification send",,
884f830c5b488579180240c5,09c971b1ecd35e79c613eb01,execution,essays.none,start-essay-workflow,info,/essays,user_prompt,actionable,user,user-owned profile/school-list/essay/resume/recommendation UI or approved import,"no inferred first-party facts, no raw-user-ID default exports, no live notification send",,
275fa235308941e5b34bf533,725fbe1f451b243357adf7f7,execution,essays.none,start-essay-workflow,info,/essays,user_prompt,actionable,user,user-owned profile/school-list/essay/resume/recommendation UI or approved import,"no inferred first-party facts, no raw-user-ID default exports, no live notification send",,
5ee97a356715221e98f9c639,58e2caf341a159648f757afd,execution,essays.none,start-essay-workflow,info,/essays,user_prompt,actionable,user,user-owned profile/school-list/essay/resume/recommendation UI or approved import,"no inferred first-party facts, no raw-user-ID default exports, no live notification send",,
cb9b132eeddc10f94b979c2e,af92366e7a726386d26d71f6,execution,essays.none,start-essay-workflow,info,/essays,user_prompt,actionable,user,user-owned profile/school-list/essay/resume/recommendation UI or approved import,"no inferred first-party facts, no raw-user-ID default exports, no live notification send",,
24c560feccafbe9e5437a7d0,b232d4e859eba8b5885ca2ea,execution,essays.none,start-essay-workflow,info,/essays,user_prompt,actionable,user,user-owned profile/school-list/essay/resume/recommendation UI or approved import,"no inferred first-party facts, no raw-user-ID default exports, no live notification send",,
512c48945909b3dbdcdb13e0,ece29a121b7c586fd55c0a35,execution,essays.prompt_link_missing,start-essay-workflow,info,/essays,user_prompt,actionable,user,user-owned profile/school-list/essay/resume/recommendation UI or approved import,"no inferred first-party facts, no raw-user-ID default exports, no live notification send",,
2549a054d26c072e1f24875d,c0fe75cbaace613d95671805,execution,essays.prompt_link_missing,start-essay-workflow,info,/essays,user_prompt,actionable,user,user-owned profile/school-list/essay/resume/recommendation UI or approved import,"no inferred first-party facts, no raw-user-ID default exports, no live notification send",,
e900590c8a7e36fed4f64a6a,a2355ecc8a5e0539796846c5,execution,essays.prompt_link_missing,start-essay-workflow,info,/essays,user_prompt,actionable,user,user-owned profile/school-list/essay/resume/recommendation UI or approved import,"no inferred first-party facts, no raw-user-ID default exports, no live notification send",,
5b52e284c2ace420f6ed814e,ced9165c2e98fcdec2379ee0,execution,essays.prompt_link_missing,start-essay-workflow,info,/essays,user_prompt,actionable,user,user-owned profile/school-list/essay/resume/recommendation UI or approved import,"no inferred first-party facts, no raw-user-ID default exports, no live notification send",,
10fb2dfb844981c02811a133,d371c1928c3551c373ce2ce9,execution,essays.prompt_link_missing,start-essay-workflow,info,/essays,user_prompt,actionable,user,user-owned profile/school-list/essay/resume/recommendation UI or approved import,"no inferred first-party facts, no raw-user-ID default exports, no live notification send",,
2490a32a79e2f5d477910b91,a0e8278aa36c1b14956029fa,execution,recommendation_letters.min_submitted,add-recommendation-letters,info,/profile?tab=recLetters,user_prompt,actionable,user,user-owned profile/school-list/essay/resume/recommendation UI or approved import,"no inferred first-party facts, no raw-user-ID default exports, no live notification send",,
1dcbb6e310b3647283b3cccc,ae74077f992f8a770765c79d,execution,recommendation_letters.min_submitted,add-recommendation-letters,info,/profile?tab=recLetters,user_prompt,actionable,user,user-owned profile/school-list/essay/resume/recommendation UI or approved import,"no inferred first-party facts, no raw-user-ID default exports, no live notification send",,
de8d658ab7cdae3ed3655250,0f66eb06f118aac87e34c39b,execution,recommendation_letters.min_submitted,add-recommendation-letters,info,/profile?tab=recLetters,user_prompt,actionable,user,user-owned profile/school-list/essay/resume/recommendation UI or approved import,"no inferred first-party facts, no raw-user-ID default exports, no live notification send",,
9850f766b798fb314028fe48,8a585ea0795c92a31a7b4137,execution,recommendation_letters.min_submitted,add-recommendation-letters,info,/profile?tab=recLetters,user_prompt,actionable,user,user-owned profile/school-list/essay/resume/recommendation UI or approved import,"no inferred first-party facts, no raw-user-ID default exports, no live notification send",,
5f50681fa629e6bd746621ec,75726397c344acd00970ed29,execution,recommendation_letters.min_submitted,add-recommendation-letters,info,/profile?tab=recLetters,user_prompt,actionable,user,user-owned profile/school-list/essay/resume/recommendation UI or approved import,"no inferred first-party facts, no raw-user-ID default exports, no live notification send",,
851af7ce145d7cd3d61bc5e2,4b3718bb0c2ec144e8e60681,execution,recommendation_letters.min_submitted,add-recommendation-letters,info,/profile?tab=recLetters,user_prompt,actionable,user,user-owned profile/school-list/essay/resume/recommendation UI or approved import,"no inferred first-party facts, no raw-user-ID default exports, no live notification send",,
6e8558adc9bebd439177cf41,d0a25382830bf925ddb6a711,execution,recommendation_letters.min_submitted,add-recommendation-letters,info,/profile?tab=recLetters,user_prompt,actionable,user,user-owned profile/school-list/essay/resume/recommendation UI or approved import,"no inferred first-party facts, no raw-user-ID default exports, no live notification send",,
df464bfd30618095683eb575,97618134d6be63b45dc3116f,execution,recommendation_letters.min_submitted,add-recommendation-letters,info,/profile?tab=recLetters,user_prompt,actionable,user,user-owned profile/school-list/essay/resume/recommendation UI or approved import,"no inferred first-party facts, no raw-user-ID default exports, no live notification send",,
df5585906015fd0358d5de0d,dcf4f4031d77be3f6b4c28cb,execution,recommendation_letters.min_submitted,add-recommendation-letters,info,/profile?tab=recLetters,user_prompt,actionable,user,user-owned profile/school-list/essay/resume/recommendation UI or approved import,"no inferred first-party facts, no raw-user-ID default exports, no live notification send",,
4a070e6ff84a1f2e291a113f,5e068c8dc7b4c890cd028525,execution,recommendation_letters.min_submitted,add-recommendation-letters,info,/profile?tab=recLetters,user_prompt,actionable,user,user-owned profile/school-list/essay/resume/recommendation UI or approved import,"no inferred first-party facts, no raw-user-ID default exports, no live notification send",,
933c8fbcf844473497664ebc,a080791fc5afd2fd65717791,execution,recommendation_letters.min_submitted,add-recommendation-letters,info,/profile?tab=recLetters,user_prompt,actionable,user,user-owned profile/school-list/essay/resume/recommendation UI or approved import,"no inferred first-party facts, no raw-user-ID default exports, no live notification send",,
b9080384f5e48931d9672942,dfbdb1bfb5ba2e55947ffacb,execution,recommendation_letters.min_submitted,add-recommendation-letters,info,/profile?tab=recLetters,user_prompt,actionable,user,user-owned profile/school-list/essay/resume/recommendation UI or approved import,"no inferred first-party facts, no raw-user-ID default exports, no live notification send",,
2ba9ae2789a823fff9e99e40,fa17461feb2a296bf410fd51,execution,recommendation_letters.min_submitted,add-recommendation-letters,info,/profile?tab=recLetters,user_prompt,actionable,user,user-owned profile/school-list/essay/resume/recommendation UI or approved import,"no inferred first-party facts, no raw-user-ID default exports, no live notification send",,
e523653fa42814ef3eadc5e2,3c9553d15ae84cd029f9a45e,execution,recommendation_letters.min_submitted,add-recommendation-letters,info,/profile?tab=recLetters,user_prompt,actionable,user,user-owned profile/school-list/essay/resume/recommendation UI or approved import,"no inferred first-party facts, no raw-user-ID default exports, no live notification send",,
548e347fbdaf43be08e93286,d34e7c86d1fe4b4e4f3dd8b5,execution,recommendation_letters.min_submitted,add-recommendation-letters,info,/profile?tab=recLetters,user_prompt,actionable,user,user-owned profile/school-list/essay/resume/recommendation UI or approved import,"no inferred first-party facts, no raw-user-ID default exports, no live notification send",,
4a9a5325fca32ac5aa4d26c1,41987896ad3e2c2b584d8822,execution,recommendation_letters.min_submitted,add-recommendation-letters,info,/profile?tab=recLetters,user_prompt,actionable,user,user-owned profile/school-list/essay/resume/recommendation UI or approved import,"no inferred first-party facts, no raw-user-ID default exports, no live notification send",,
a17521d2860dea1a7b772a50,4d80d091ce6c3c3bbfb73020,execution,recommendation_letters.min_submitted,add-recommendation-letters,info,/profile?tab=recLetters,user_prompt,actionable,user,user-owned profile/school-list/essay/resume/recommendation UI or approved import,"no inferred first-party facts, no raw-user-ID default exports, no live notification send",,
239876530e8400c075556f29,a371d99e7990b1712ac0d07f,execution,recommendation_letters.min_submitted,add-recommendation-letters,info,/profile?tab=recLetters,user_prompt,actionable,user,user-owned profile/school-list/essay/resume/recommendation UI or approved import,"no inferred first-party facts, no raw-user-ID default exports, no live notification send",,
8fc27fe02716e3c77f4c9217,9111330cde59a737a7fbe9d2,execution,recommendation_letters.min_submitted,add-recommendation-letters,info,/profile?tab=recLetters,user_prompt,actionable,user,user-owned profile/school-list/essay/resume/recommendation UI or approved import,"no inferred first-party facts, no raw-user-ID default exports, no live notification send",,
3315de3a8f38e51c6e718bd4,6596f538050d130001eb66fd,execution,recommendation_letters.min_submitted,add-recommendation-letters,info,/profile?tab=recLetters,user_prompt,actionable,user,user-owned profile/school-list/essay/resume/recommendation UI or approved import,"no inferred first-party facts, no raw-user-ID default exports, no live notification send",,
81693f3a9d0880c99db5d8eb,f8576ed8705f4e1a21c111d4,execution,recommendation_letters.min_submitted,add-recommendation-letters,info,/profile?tab=recLetters,user_prompt,actionable,user,user-owned profile/school-list/essay/resume/recommendation UI or approved import,"no inferred first-party facts, no raw-user-ID default exports, no live notification send",,
42911f743ee6aec754611f0a,8cbd0cb44e65485bb14e40b4,execution,recommendation_letters.min_submitted,add-recommendation-letters,info,/profile?tab=recLetters,user_prompt,actionable,user,user-owned profile/school-list/essay/resume/recommendation UI or approved import,"no inferred first-party facts, no raw-user-ID default exports, no live notification send",,
a3528862a20f112072f07dec,16ce403f5cdd5ce323d7d56a,execution,recommendation_letters.min_submitted,add-recommendation-letters,info,/profile?tab=recLetters,user_prompt,actionable,user,user-owned profile/school-list/essay/resume/recommendation UI or approved import,"no inferred first-party facts, no raw-user-ID default exports, no live notification send",,
e510af0c8def66fed7a41269,07b560c00ebbeae89757ba92,execution,recommendation_letters.min_submitted,add-recommendation-letters,info,/profile?tab=recLetters,user_prompt,actionable,user,user-owned profile/school-list/essay/resume/recommendation UI or approved import,"no inferred first-party facts, no raw-user-ID default exports, no live notification send",,
8a25c91ceddfae6e4160c58e,23f48cbbd8bb302d47877816,execution,recommendation_letters.min_submitted,add-recommendation-letters,info,/profile?tab=recLetters,user_prompt,actionable,user,user-owned profile/school-list/essay/resume/recommendation UI or approved import,"no inferred first-party facts, no raw-user-ID default exports, no live notification send",,
f0c8fe12bebd09636b7cd4a6,f3198e3d4b8dfbe1dc7ef401,execution,recommendation_letters.min_submitted,add-recommendation-letters,info,/profile?tab=recLetters,user_prompt,actionable,user,user-owned profile/school-list/essay/resume/recommendation UI or approved import,"no inferred first-party facts, no raw-user-ID default exports, no live notification send",,
448f80c986e8da56dc55d7ce,d8b66d7a77fb0898c274f016,execution,recommendation_letters.min_submitted,add-recommendation-letters,info,/profile?tab=recLetters,user_prompt,actionable,user,user-owned profile/school-list/essay/resume/recommendation UI or approved import,"no inferred first-party facts, no raw-user-ID default exports, no live notification send",,
3189c565a909046c4fd6a3e3,4d3c3bd653a94add62332ca7,execution,recommendation_letters.min_submitted,add-recommendation-letters,info,/profile?tab=recLetters,user_prompt,actionable,user,user-owned profile/school-list/essay/resume/recommendation UI or approved import,"no inferred first-party facts, no raw-user-ID default exports, no live notification send",,
2549a054d26c072e1f24875d,c0fe75cbaace613d95671805,execution,recommendation_letters.min_submitted,add-recommendation-letters,info,/profile?tab=recLetters,user_prompt,actionable,user,user-owned profile/school-list/essay/resume/recommendation UI or approved import,"no inferred first-party facts, no raw-user-ID default exports, no live notification send",,
e900590c8a7e36fed4f64a6a,a2355ecc8a5e0539796846c5,execution,recommendation_letters.min_submitted,add-recommendation-letters,info,/profile?tab=recLetters,user_prompt,actionable,user,user-owned profile/school-list/essay/resume/recommendation UI or approved import,"no inferred first-party facts, no raw-user-ID default exports, no live notification send",,
5b52e284c2ace420f6ed814e,ced9165c2e98fcdec2379ee0,execution,recommendation_letters.min_submitted,add-recommendation-letters,info,/profile?tab=recLetters,user_prompt,actionable,user,user-owned profile/school-list/essay/resume/recommendation UI or approved import,"no inferred first-party facts, no raw-user-ID default exports, no live notification send",,
10099eba9d109a63a19020a6,6034f3cefdfecfde684cecd2,execution,recommendation_letters.min_submitted,add-recommendation-letters,info,/profile?tab=recLetters,user_prompt,actionable,user,user-owned profile/school-list/essay/resume/recommendation UI or approved import,"no inferred first-party facts, no raw-user-ID default exports, no live notification send",,
10fb2dfb844981c02811a133,d371c1928c3551c373ce2ce9,execution,recommendation_letters.min_submitted,add-recommendation-letters,info,/profile?tab=recLetters,user_prompt,actionable,user,user-owned profile/school-list/essay/resume/recommendation UI or approved import,"no inferred first-party facts, no raw-user-ID default exports, no live notification send",,
2608ddcf431f38826e25187a,3b51f469eb8b9e1ec640b363,execution,recommendation_letters.min_submitted,add-recommendation-letters,info,/profile?tab=recLetters,user_prompt,actionable,user,user-owned profile/school-list/essay/resume/recommendation UI or approved import,"no inferred first-party facts, no raw-user-ID default exports, no live notification send",,
5d019fa7673644c8239f80dc,e556b9d3eadfdc181ad72b25,execution,recommendation_letters.min_submitted,add-recommendation-letters,info,/profile?tab=recLetters,user_prompt,actionable,user,user-owned profile/school-list/essay/resume/recommendation UI or approved import,"no inferred first-party facts, no raw-user-ID default exports, no live notification send",,
969f0a6da6dcccc818b2d053,349b11a3f796ddd02fac5df4,execution,recommendation_letters.min_submitted,add-recommendation-letters,info,/profile?tab=recLetters,user_prompt,actionable,user,user-owned profile/school-list/essay/resume/recommendation UI or approved import,"no inferred first-party facts, no raw-user-ID default exports, no live notification send",,
886a1ffc2b7eafe348230a62,496c4289233f7686705eb9cc,execution,recommendation_letters.min_submitted,add-recommendation-letters,info,/profile?tab=recLetters,user_prompt,actionable,user,user-owned profile/school-list/essay/resume/recommendation UI or approved import,"no inferred first-party facts, no raw-user-ID default exports, no live notification send",,
e806e3691e6e2df024691a2b,792185c76419227985fe39c6,execution,recommendation_letters.min_submitted,add-recommendation-letters,info,/profile?tab=recLetters,user_prompt,actionable,user,user-owned profile/school-list/essay/resume/recommendation UI or approved import,"no inferred first-party facts, no raw-user-ID default exports, no live notification send",,
12e0eebeeec38d62e5a0d3d4,e68a34176110a03fb1b0e1a7,execution,recommendation_letters.min_submitted,add-recommendation-letters,info,/profile?tab=recLetters,user_prompt,actionable,user,user-owned profile/school-list/essay/resume/recommendation UI or approved import,"no inferred first-party facts, no raw-user-ID default exports, no live notification send",,
91a70d5fa0ff8d12a86e2a5a,cc19790a20627dcf671b0696,execution,recommendation_letters.min_submitted,add-recommendation-letters,info,/profile?tab=recLetters,user_prompt,actionable,user,user-owned profile/school-list/essay/resume/recommendation UI or approved import,"no inferred first-party facts, no raw-user-ID default exports, no live notification send",,
8fc1697c15092a2b07926f70,9268bb2df1ae7eb423b40e68,execution,recommendation_letters.min_submitted,add-recommendation-letters,info,/profile?tab=recLetters,user_prompt,actionable,user,user-owned profile/school-list/essay/resume/recommendation UI or approved import,"no inferred first-party facts, no raw-user-ID default exports, no live notification send",,
0d909a631e8a38aba39711eb,a39a015fb33b59dab1e79583,execution,recommendation_letters.min_submitted,add-recommendation-letters,info,/profile?tab=recLetters,user_prompt,actionable,user,user-owned profile/school-list/essay/resume/recommendation UI or approved import,"no inferred first-party facts, no raw-user-ID default exports, no live notification send",,
3312c3fbbc5f925503c23541,70a9eda088b1d81c8c2c6710,execution,recommendation_letters.min_submitted,add-recommendation-letters,info,/profile?tab=recLetters,user_prompt,actionable,user,user-owned profile/school-list/essay/resume/recommendation UI or approved import,"no inferred first-party facts, no raw-user-ID default exports, no live notification send",,
951efa9a78747fd1f702a582,e7f17db1b3d37787f764e825,execution,recommendation_letters.min_submitted,add-recommendation-letters,info,/profile?tab=recLetters,user_prompt,actionable,user,user-owned profile/school-list/essay/resume/recommendation UI or approved import,"no inferred first-party facts, no raw-user-ID default exports, no live notification send",,
9ce8b002b8c6978d1d50ca34,296c586ab4f761371e0cbf88,execution,recommendation_letters.min_submitted,add-recommendation-letters,info,/profile?tab=recLetters,user_prompt,actionable,user,user-owned profile/school-list/essay/resume/recommendation UI or approved import,"no inferred first-party facts, no raw-user-ID default exports, no live notification send",,
a5ce79e3ee65a9b900b1d3ec,6ad354ae95ed116979f53605,execution,recommendation_letters.min_submitted,add-recommendation-letters,info,/profile?tab=recLetters,user_prompt,actionable,user,user-owned profile/school-list/essay/resume/recommendation UI or approved import,"no inferred first-party facts, no raw-user-ID default exports, no live notification send",,
8acb1d168ae7de069f4d5d41,c2fb04257a3dbfd64ef42235,execution,recommendation_letters.min_submitted,add-recommendation-letters,info,/profile?tab=recLetters,user_prompt,actionable,user,user-owned profile/school-list/essay/resume/recommendation UI or approved import,"no inferred first-party facts, no raw-user-ID default exports, no live notification send",,
79637912dce7f904c64328bb,063b024d5235f2864bf7976b,execution,recommendation_letters.min_submitted,add-recommendation-letters,info,/profile?tab=recLetters,user_prompt,actionable,user,user-owned profile/school-list/essay/resume/recommendation UI or approved import,"no inferred first-party facts, no raw-user-ID default exports, no live notification send",,
1b509e80303bfb72347c7122,a69f207d386676eb5d4c6068,execution,recommendation_letters.min_submitted,add-recommendation-letters,info,/profile?tab=recLetters,user_prompt,actionable,user,user-owned profile/school-list/essay/resume/recommendation UI or approved import,"no inferred first-party facts, no raw-user-ID default exports, no live notification send",,
ca2ccfb1838fd1cd9b1b428a,0dd5690ef245b29c752978ab,execution,recommendation_letters.min_submitted,add-recommendation-letters,info,/profile?tab=recLetters,user_prompt,actionable,user,user-owned profile/school-list/essay/resume/recommendation UI or approved import,"no inferred first-party facts, no raw-user-ID default exports, no live notification send",,
d4f1ee39fe1a2af08fbd5161,6bd54dc4b93df493e735968f,execution,recommendation_letters.min_submitted,add-recommendation-letters,info,/profile?tab=recLetters,user_prompt,actionable,user,user-owned profile/school-list/essay/resume/recommendation UI or approved import,"no inferred first-party facts, no raw-user-ID default exports, no live notification send",,
062118d350b761fdd04aa833,4447d4720fb09d0cf9f974b1,execution,recommendation_letters.min_submitted,add-recommendation-letters,info,/profile?tab=recLetters,user_prompt,actionable,user,user-owned profile/school-list/essay/resume/recommendation UI or approved import,"no inferred first-party facts, no raw-user-ID default exports, no live notification send",,
e36192e1857a30c62f9c8a38,1e02ca5c816e125387e943ea,execution,recommendation_letters.min_submitted,add-recommendation-letters,info,/profile?tab=recLetters,user_prompt,actionable,user,user-owned profile/school-list/essay/resume/recommendation UI or approved import,"no inferred first-party facts, no raw-user-ID default exports, no live notification send",,
4a216ad9b35ebe5103f8526b,c4f622849d37b4b65dec3cec,execution,recommendation_letters.min_submitted,add-recommendation-letters,info,/profile?tab=recLetters,user_prompt,actionable,user,user-owned profile/school-list/essay/resume/recommendation UI or approved import,"no inferred first-party facts, no raw-user-ID default exports, no live notification send",,
69ece4fe3e5b32f6470b9361,73c05ab78066f89172cd4600,execution,recommendation_letters.min_submitted,add-recommendation-letters,info,/profile?tab=recLetters,user_prompt,actionable,user,user-owned profile/school-list/essay/resume/recommendation UI or approved import,"no inferred first-party facts, no raw-user-ID default exports, no live notification send",,
c55a37df2b2958e3ddc0868f,fb3adf3bf3209373369bc84f,execution,recommendation_letters.min_submitted,add-recommendation-letters,info,/profile?tab=recLetters,user_prompt,actionable,user,user-owned profile/school-list/essay/resume/recommendation UI or approved import,"no inferred first-party facts, no raw-user-ID default exports, no live notification send",,
5787255212e567a3fd4aef81,bc8c05acbe1509e433fc0da5,execution,recommendation_letters.min_submitted,add-recommendation-letters,info,/profile?tab=recLetters,user_prompt,actionable,user,user-owned profile/school-list/essay/resume/recommendation UI or approved import,"no inferred first-party facts, no raw-user-ID default exports, no live notification send",,
d093f57d658870c61d5a8e9d,ce94abf53f14f5538a81eb16,execution,recommendation_letters.min_submitted,add-recommendation-letters,info,/profile?tab=recLetters,user_prompt,actionable,user,user-owned profile/school-list/essay/resume/recommendation UI or approved import,"no inferred first-party facts, no raw-user-ID default exports, no live notification send",,
b87b213f6a58cc8a8a77c7ac,bfaf9aaee511da1bf287d36d,execution,recommendation_letters.min_submitted,add-recommendation-letters,info,/profile?tab=recLetters,user_prompt,actionable,user,user-owned profile/school-list/essay/resume/recommendation UI or approved import,"no inferred first-party facts, no raw-user-ID default exports, no live notification send",,
d70ffb08141d2abc371fc479,c52984e73ed2bb9d78b61972,execution,recommendation_letters.min_submitted,add-recommendation-letters,info,/profile?tab=recLetters,user_prompt,actionable,user,user-owned profile/school-list/essay/resume/recommendation UI or approved import,"no inferred first-party facts, no raw-user-ID default exports, no live notification send",,
9e902d09622c77bbe415a5f5,ebfe5890a319bc7c8c093b53,execution,recommendation_letters.min_submitted,add-recommendation-letters,info,/profile?tab=recLetters,user_prompt,actionable,user,user-owned profile/school-list/essay/resume/recommendation UI or approved import,"no inferred first-party facts, no raw-user-ID default exports, no live notification send",,
dd209784cbd3a7c37798dc81,95d691e906c76381adfe1a28,execution,recommendation_letters.min_submitted,add-recommendation-letters,info,/profile?tab=recLetters,user_prompt,actionable,user,user-owned profile/school-list/essay/resume/recommendation UI or approved import,"no inferred first-party facts, no raw-user-ID default exports, no live notification send",,
2058d7d3635541be9a81154d,58f91b77e67fbf46457a44bb,execution,recommendation_letters.min_submitted,add-recommendation-letters,info,/profile?tab=recLetters,user_prompt,actionable,user,user-owned profile/school-list/essay/resume/recommendation UI or approved import,"no inferred first-party facts, no raw-user-ID default exports, no live notification send",,
9c6f0258b7fd5c44ef788167,9c2fbbe0254b2440de64a955,execution,recommendation_letters.min_submitted,add-recommendation-letters,info,/profile?tab=recLetters,user_prompt,actionable,user,user-owned profile/school-list/essay/resume/recommendation UI or approved import,"no inferred first-party facts, no raw-user-ID default exports, no live notification send",,
e42b6750ab4ffde56312f465,c6d4f92a18ba12e55a77424f,execution,recommendation_letters.min_submitted,add-recommendation-letters,info,/profile?tab=recLetters,user_prompt,actionable,user,user-owned profile/school-list/essay/resume/recommendation UI or approved import,"no inferred first-party facts, no raw-user-ID default exports, no live notification send",,
508a6407c4ffc3bc4552ed30,a03881962cac9def370b6ddf,execution,recommendation_letters.min_submitted,add-recommendation-letters,info,/profile?tab=recLetters,user_prompt,actionable,user,user-owned profile/school-list/essay/resume/recommendation UI or approved import,"no inferred first-party facts, no raw-user-ID default exports, no live notification send",,
9fa02cb61bc3fad3b4609874,2521ef574f16719cfd342be4,execution,recommendation_letters.min_submitted,add-recommendation-letters,info,/profile?tab=recLetters,user_prompt,actionable,user,user-owned profile/school-list/essay/resume/recommendation UI or approved import,"no inferred first-party facts, no raw-user-ID default exports, no live notification send",,
1567868f57d48287128edcf2,bd5e7f1d9b2843a6c0ee281a,execution,recommendation_letters.min_submitted,add-recommendation-letters,info,/profile?tab=recLetters,user_prompt,actionable,user,user-owned profile/school-list/essay/resume/recommendation UI or approved import,"no inferred first-party facts, no raw-user-ID default exports, no live notification send",,
b5fa781fa1986e1165fdf9eb,d251e7b1a615c97aeb975753,execution,recommendation_letters.min_submitted,add-recommendation-letters,info,/profile?tab=recLetters,user_prompt,actionable,user,user-owned profile/school-list/essay/resume/recommendation UI or approved import,"no inferred first-party facts, no raw-user-ID default exports, no live notification send",,
0e675c04d379ac1f90bbb169,fa20510c8b2ca4eb06c9a50c,execution,recommendation_letters.min_submitted,add-recommendation-letters,info,/profile?tab=recLetters,user_prompt,actionable,user,user-owned profile/school-list/essay/resume/recommendation UI or approved import,"no inferred first-party facts, no raw-user-ID default exports, no live notification send",,
5d3f29c52332ccba6c3b64f6,38d8d2c6f2f414c01de125ae,execution,recommendation_letters.min_submitted,add-recommendation-letters,info,/profile?tab=recLetters,user_prompt,actionable,user,user-owned profile/school-list/essay/resume/recommendation UI or approved import,"no inferred first-party facts, no raw-user-ID default exports, no live notification send",,
0c46702af3ee822c715f3e93,7965d9f2065d1560654b7cb0,execution,recommendation_letters.min_submitted,add-recommendation-letters,info,/profile?tab=recLetters,user_prompt,actionable,user,user-owned profile/school-list/essay/resume/recommendation UI or approved import,"no inferred first-party facts, no raw-user-ID default exports, no live notification send",,
9db4da165fe7fcc3c4db12e8,e487699478e5852a01f5452f,execution,recommendation_letters.min_submitted,add-recommendation-letters,info,/profile?tab=recLetters,user_prompt,actionable,user,user-owned profile/school-list/essay/resume/recommendation UI or approved import,"no inferred first-party facts, no raw-user-ID default exports, no live notification send",,
26c843e5a4d548cb297a9373,cf2f3ed14657bb4361b52fd6,execution,recommendation_letters.min_submitted,add-recommendation-letters,info,/profile?tab=recLetters,user_prompt,actionable,user,user-owned profile/school-list/essay/resume/recommendation UI or approved import,"no inferred first-party facts, no raw-user-ID default exports, no live notification send",,
71644d88f2997836f3ee404b,85e17e886ea8574404bf06db,execution,recommendation_letters.min_submitted,add-recommendation-letters,info,/profile?tab=recLetters,user_prompt,actionable,user,user-owned profile/school-list/essay/resume/recommendation UI or approved import,"no inferred first-party facts, no raw-user-ID default exports, no live notification send",,
d2fd6d977c19a8de68eb2558,fe94fbe339152aa569845a88,execution,recommendation_letters.min_submitted,add-recommendation-letters,info,/profile?tab=recLetters,user_prompt,actionable,user,user-owned profile/school-list/essay/resume/recommendation UI or approved import,"no inferred first-party facts, no raw-user-ID default exports, no live notification send",,
5b0b5ce61f0ad24c1899feaf,b2a7f5b361f3945fd310ea56,execution,recommendation_letters.min_submitted,add-recommendation-letters,info,/profile?tab=recLetters,user_prompt,actionable,user,user-owned profile/school-list/essay/resume/recommendation UI or approved import,"no inferred first-party facts, no raw-user-ID default exports, no live notification send",,
0a831f39a7dd6923b9265de2,d1874f5f3ea1962396aad74a,execution,recommendation_letters.min_submitted,add-recommendation-letters,info,/profile?tab=recLetters,user_prompt,actionable,user,user-owned profile/school-list/essay/resume/recommendation UI or approved import,"no inferred first-party facts, no raw-user-ID default exports, no live notification send",,
c995ff23490bd159cd17004a,4aa923a4eb4b0a7a0517f4d7,execution,recommendation_letters.min_submitted,add-recommendation-letters,info,/profile?tab=recLetters,user_prompt,actionable,user,user-owned profile/school-list/essay/resume/recommendation UI or approved import,"no inferred first-party facts, no raw-user-ID default exports, no live notification send",,
4a3449b94acfb2a0a4b5b09c,fc8de225b3758553b9a21a1c,execution,recommendation_letters.min_submitted,add-recommendation-letters,info,/profile?tab=recLetters,user_prompt,actionable,user,user-owned profile/school-list/essay/resume/recommendation UI or approved import,"no inferred first-party facts, no raw-user-ID default exports, no live notification send",,
8b502d6fb2b2b71ef9d7c9cb,8cf79915c1b2f6db7f7f87c8,execution,recommendation_letters.min_submitted,add-recommendation-letters,info,/profile?tab=recLetters,user_prompt,actionable,user,user-owned profile/school-list/essay/resume/recommendation UI or approved import,"no inferred first-party facts, no raw-user-ID default exports, no live notification send",,
8288dc7458f9bcfab0d8f5c1,4a7a185008b7cd5c390feab9,execution,recommendation_letters.min_submitted,add-recommendation-letters,info,/profile?tab=recLetters,user_prompt,actionable,user,user-owned profile/school-list/essay/resume/recommendation UI or approved import,"no inferred first-party facts, no raw-user-ID default exports, no live notification send",,
1a6373e10bb3d32541b2b910,6410c2cd545b51f5356a95f4,execution,recommendation_letters.min_submitted,add-recommendation-letters,info,/profile?tab=recLetters,user_prompt,actionable,user,user-owned profile/school-list/essay/resume/recommendation UI or approved import,"no inferred first-party facts, no raw-user-ID default exports, no live notification send",,
a42806d188acf56778ee03e4,1ebdd2eb05856ad6c7e49cb5,execution,recommendation_letters.min_submitted,add-recommendation-letters,info,/profile?tab=recLetters,user_prompt,actionable,user,user-owned profile/school-list/essay/resume/recommendation UI or approved import,"no inferred first-party facts, no raw-user-ID default exports, no live notification send",,
0b720f6a71b460ee78e3f24c,7c50be8cd9b86f4161ce3b98,execution,recommendation_letters.min_submitted,add-recommendation-letters,info,/profile?tab=recLetters,user_prompt,actionable,user,user-owned profile/school-list/essay/resume/recommendation UI or approved import,"no inferred first-party facts, no raw-user-ID default exports, no live notification send",,
98fd0a4139d0927132050b09,2e60959f4806bfb7683f3490,execution,recommendation_letters.min_submitted,add-recommendation-letters,info,/profile?tab=recLetters,user_prompt,actionable,user,user-owned profile/school-list/essay/resume/recommendation UI or approved import,"no inferred first-party facts, no raw-user-ID default exports, no live notification send",,
c94c0e8e423736a432090851,5a6f2932013b43747ade5b1f,execution,recommendation_letters.min_submitted,add-recommendation-letters,info,/profile?tab=recLetters,user_prompt,actionable,user,user-owned profile/school-list/essay/resume/recommendation UI or approved import,"no inferred first-party facts, no raw-user-ID default exports, no live notification send",,
f9677bfc218807bad05e7b70,11949a16f1db43597c6d0f92,execution,recommendation_letters.min_submitted,add-recommendation-letters,info,/profile?tab=recLetters,user_prompt,actionable,user,user-owned profile/school-list/essay/resume/recommendation UI or approved import,"no inferred first-party facts, no raw-user-ID default exports, no live notification send",,
4181e0d8adaac85ff9b43e87,d59507e40ccb28f60173f9de,execution,recommendation_letters.min_submitted,add-recommendation-letters,info,/profile?tab=recLetters,user_prompt,actionable,user,user-owned profile/school-list/essay/resume/recommendation UI or approved import,"no inferred first-party facts, no raw-user-ID default exports, no live notification send",,
e7a5fadf66d1c1078c000116,54e3559386c83d509f571358,execution,recommendation_letters.min_submitted,add-recommendation-letters,info,/profile?tab=recLetters,user_prompt,actionable,user,user-owned profile/school-list/essay/resume/recommendation UI or approved import,"no inferred first-party facts, no raw-user-ID default exports, no live notification send",,
68e2cf7a8654b3cc3a57c387,543d710eca3428966f38d56a,execution,recommendation_letters.min_submitted,add-recommendation-letters,info,/profile?tab=recLetters,user_prompt,actionable,user,user-owned profile/school-list/essay/resume/recommendation UI or approved import,"no inferred first-party facts, no raw-user-ID default exports, no live notification send",,
ca20d54d65873344887e703c,f8eb0f8d2a0b46422213d278,execution,recommendation_letters.min_submitted,add-recommendation-letters,info,/profile?tab=recLetters,user_prompt,actionable,user,user-owned profile/school-list/essay/resume/recommendation UI or approved import,"no inferred first-party facts, no raw-user-ID default exports, no live notification send",,
d3a5b22f99ebc24899d1a815,45c22784b65a384c6a000180,execution,recommendation_letters.min_submitted,add-recommendation-letters,info,/profile?tab=recLetters,user_prompt,actionable,user,user-owned profile/school-list/essay/resume/recommendation UI or approved import,"no inferred first-party facts, no raw-user-ID default exports, no live notification send",,
a59f8171573ae3240527a007,dfbe7fe65a6b231a96c2e35e,execution,recommendation_letters.min_submitted,add-recommendation-letters,info,/profile?tab=recLetters,user_prompt,actionable,user,user-owned profile/school-list/essay/resume/recommendation UI or approved import,"no inferred first-party facts, no raw-user-ID default exports, no live notification send",,
639404cd050915f86004b521,0d38b90390f3df3aacefa896,execution,recommendation_letters.min_submitted,add-recommendation-letters,info,/profile?tab=recLetters,user_prompt,actionable,user,user-owned profile/school-list/essay/resume/recommendation UI or approved import,"no inferred first-party facts, no raw-user-ID default exports, no live notification send",,
719ab878ec6ee832abf4c0d2,5226aad7a0fe017f473ec2cc,execution,recommendation_letters.min_submitted,add-recommendation-letters,info,/profile?tab=recLetters,user_prompt,actionable,user,user-owned profile/school-list/essay/resume/recommendation UI or approved import,"no inferred first-party facts, no raw-user-ID default exports, no live notification send",,
5f17570d0e0e70c661401153,a01a78948445bee28c9a5972,execution,recommendation_letters.min_submitted,add-recommendation-letters,info,/profile?tab=recLetters,user_prompt,actionable,user,user-owned profile/school-list/essay/resume/recommendation UI or approved import,"no inferred first-party facts, no raw-user-ID default exports, no live notification send",,
3cfe3d021c8f1b2f6025019b,5044e483734670dfe7970719,execution,recommendation_letters.min_submitted,add-recommendation-letters,info,/profile?tab=recLetters,user_prompt,actionable,user,user-owned profile/school-list/essay/resume/recommendation UI or approved import,"no inferred first-party facts, no raw-user-ID default exports, no live notification send",,
c215bc6352a411c7c66d7202,cacd870eeb7d1b0e305eb290,execution,recommendation_letters.min_submitted,add-recommendation-letters,info,/profile?tab=recLetters,user_prompt,actionable,user,user-owned profile/school-list/essay/resume/recommendation UI or approved import,"no inferred first-party facts, no raw-user-ID default exports, no live notification send",,
ce057dcdf01d9e6f54c1d459,1e829852654087633af81cc9,execution,recommendation_letters.min_submitted,add-recommendation-letters,info,/profile?tab=recLetters,user_prompt,actionable,user,user-owned profile/school-list/essay/resume/recommendation UI or approved import,"no inferred first-party facts, no raw-user-ID default exports, no live notification send",,
6a8b5fb4bfeffd3f01249866,2cb24ed9eb1c4d63364c1062,execution,recommendation_letters.min_submitted,add-recommendation-letters,info,/profile?tab=recLetters,user_prompt,actionable,user,user-owned profile/school-list/essay/resume/recommendation UI or approved import,"no inferred first-party facts, no raw-user-ID default exports, no live notification send",,
6bbf710638d3c79950ffc3fa,beffd80654a0a6e973061fe8,execution,recommendation_letters.min_submitted,add-recommendation-letters,info,/profile?tab=recLetters,user_prompt,actionable,user,user-owned profile/school-list/essay/resume/recommendation UI or approved import,"no inferred first-party facts, no raw-user-ID default exports, no live notification send",,
2dd6b788641cdde2a081887b,1d6edb174c5c4a79c3c6f597,execution,recommendation_letters.min_submitted,add-recommendation-letters,info,/profile?tab=recLetters,user_prompt,actionable,user,user-owned profile/school-list/essay/resume/recommendation UI or approved import,"no inferred first-party facts, no raw-user-ID default exports, no live notification send",,
71d0ab9def0bf16cf376727a,03099b7d7926de4915c2307b,execution,recommendation_letters.min_submitted,add-recommendation-letters,info,/profile?tab=recLetters,user_prompt,actionable,user,user-owned profile/school-list/essay/resume/recommendation UI or approved import,"no inferred first-party facts, no raw-user-ID default exports, no live notification send",,
feaaf14c5a09b562f250b4ee,18bc0def86f96dc9d8032cf4,execution,recommendation_letters.min_submitted,add-recommendation-letters,info,/profile?tab=recLetters,user_prompt,actionable,user,user-owned profile/school-list/essay/resume/recommendation UI or approved import,"no inferred first-party facts, no raw-user-ID default exports, no live notification send",,
6d13548d870a6d1cf3a8f337,d7aaa6f01de07ec58dbad0b1,execution,recommendation_letters.min_submitted,add-recommendation-letters,info,/profile?tab=recLetters,user_prompt,actionable,user,user-owned profile/school-list/essay/resume/recommendation UI or approved import,"no inferred first-party facts, no raw-user-ID default exports, no live notification send",,
41360de8052ab20ef755f974,,execution,recommendation_letters.min_submitted,add-recommendation-letters,info,/profile?tab=recLetters,user_prompt,actionable,user,user-owned profile/school-list/essay/resume/recommendation UI or approved import,"no inferred first-party facts, no raw-user-ID default exports, no live notification send",,
01815f316b763e58e48118bd,dbe46853dd76ef0b3871ec47,execution,recommendation_letters.min_submitted,add-recommendation-letters,info,/profile?tab=recLetters,user_prompt,actionable,user,user-owned profile/school-list/essay/resume/recommendation UI or approved import,"no inferred first-party facts, no raw-user-ID default exports, no live notification send",,
d74d6712a403d06c64090a88,,execution,recommendation_letters.min_submitted,add-recommendation-letters,info,/profile?tab=recLetters,user_prompt,actionable,user,user-owned profile/school-list/essay/resume/recommendation UI or approved import,"no inferred first-party facts, no raw-user-ID default exports, no live notification send",,
e99a63d7bab49ff500686843,fc7b854dfad3986ab4c8774c,execution,recommendation_letters.min_submitted,add-recommendation-letters,info,/profile?tab=recLetters,user_prompt,actionable,user,user-owned profile/school-list/essay/resume/recommendation UI or approved import,"no inferred first-party facts, no raw-user-ID default exports, no live notification send",,
ed854b5f51f171e12a0bbfa3,,execution,recommendation_letters.min_submitted,add-recommendation-letters,info,/profile?tab=recLetters,user_prompt,actionable,user,user-owned profile/school-list/essay/resume/recommendation UI or approved import,"no inferred first-party facts, no raw-user-ID default exports, no live notification send",,
986e56fec255334e54e3d342,3ed490d913f577e9c15901bf,execution,recommendation_letters.min_submitted,add-recommendation-letters,info,/profile?tab=recLetters,user_prompt,actionable,user,user-owned profile/school-list/essay/resume/recommendation UI or approved import,"no inferred first-party facts, no raw-user-ID default exports, no live notification send",,
550d3608d821628afd081854,17b29a1e1cd753f82eaa0004,execution,recommendation_letters.min_submitted,add-recommendation-letters,info,/profile?tab=recLetters,user_prompt,actionable,user,user-owned profile/school-list/essay/resume/recommendation UI or approved import,"no inferred first-party facts, no raw-user-ID default exports, no live notification send",,
686098ae45ed0cf2c7a6bb51,fd1d6497725c7aaad7a3c196,execution,recommendation_letters.min_submitted,add-recommendation-letters,info,/profile?tab=recLetters,user_prompt,actionable,user,user-owned profile/school-list/essay/resume/recommendation UI or approved import,"no inferred first-party facts, no raw-user-ID default exports, no live notification send",,
2f3ed54bc4a4e4371b560799,e76b246b99503b0c07e399b2,execution,recommendation_letters.min_submitted,add-recommendation-letters,info,/profile?tab=recLetters,user_prompt,actionable,user,user-owned profile/school-list/essay/resume/recommendation UI or approved import,"no inferred first-party facts, no raw-user-ID default exports, no live notification send",,
3b24a69992609593175c52e9,f3e701ab37560748c10a7253,execution,recommendation_letters.min_submitted,add-recommendation-letters,info,/profile?tab=recLetters,user_prompt,actionable,user,user-owned profile/school-list/essay/resume/recommendation UI or approved import,"no inferred first-party facts, no raw-user-ID default exports, no live notification send",,
25b70574d5d19f55f18b9af0,de80ccc3056a33c25b5e1458,execution,recommendation_letters.min_submitted,add-recommendation-letters,info,/profile?tab=recLetters,user_prompt,actionable,user,user-owned profile/school-list/essay/resume/recommendation UI or approved import,"no inferred first-party facts, no raw-user-ID default exports, no live notification send",,
1953ea060dfc0a0c423f6c18,,execution,recommendation_letters.min_submitted,add-recommendation-letters,info,/profile?tab=recLetters,user_prompt,actionable,user,user-owned profile/school-list/essay/resume/recommendation UI or approved import,"no inferred first-party facts, no raw-user-ID default exports, no live notification send",,
9c2324b1105ec62ddc3e4c09,34d97678b50b2bdfce257578,execution,recommendation_letters.min_submitted,add-recommendation-letters,info,/profile?tab=recLetters,user_prompt,actionable,user,user-owned profile/school-list/essay/resume/recommendation UI or approved import,"no inferred first-party facts, no raw-user-ID default exports, no live notification send",,
6585419ab37bc1d1c2825ea9,5602123b748fdb29970e4ac5,execution,recommendation_letters.min_submitted,add-recommendation-letters,info,/profile?tab=recLetters,user_prompt,actionable,user,user-owned profile/school-list/essay/resume/recommendation UI or approved import,"no inferred first-party facts, no raw-user-ID default exports, no live notification send",,
a5d28b6cd7c354a9134bac42,3b79fbe93e8d8a1ed167dc0a,execution,recommendation_letters.min_submitted,add-recommendation-letters,info,/profile?tab=recLetters,user_prompt,actionable,user,user-owned profile/school-list/essay/resume/recommendation UI or approved import,"no inferred first-party facts, no raw-user-ID default exports, no live notification send",,
d0b75f8fdb757d149ba23e47,2e09ae64ee08e9ba2ce897b9,execution,recommendation_letters.min_submitted,add-recommendation-letters,info,/profile?tab=recLetters,user_prompt,actionable,user,user-owned profile/school-list/essay/resume/recommendation UI or approved import,"no inferred first-party facts, no raw-user-ID default exports, no live notification send",,
cf359908d3f2d4850b8c638e,742f4af8d99ae2b8547ee0f7,execution,recommendation_letters.min_submitted,add-recommendation-letters,info,/profile?tab=recLetters,user_prompt,actionable,user,user-owned profile/school-list/essay/resume/recommendation UI or approved import,"no inferred first-party facts, no raw-user-ID default exports, no live notification send",,
693ddd0ca8621ee6302ce3e4,d9b3fb9bd8dce18ecc3b5ca2,execution,recommendation_letters.min_submitted,add-recommendation-letters,info,/profile?tab=recLetters,user_prompt,actionable,user,user-owned profile/school-list/essay/resume/recommendation UI or approved import,"no inferred first-party facts, no raw-user-ID default exports, no live notification send",,
12d307e8e32c43d434b62e96,ebecc87f165ed5580a33c97b,execution,recommendation_letters.min_submitted,add-recommendation-letters,info,/profile?tab=recLetters,user_prompt,actionable,user,user-owned profile/school-list/essay/resume/recommendation UI or approved import,"no inferred first-party facts, no raw-user-ID default exports, no live notification send",,
537cd111095b2566f6ab727a,b7ff97a8390ad37c9766fde0,execution,recommendation_letters.min_submitted,add-recommendation-letters,info,/profile?tab=recLetters,user_prompt,actionable,user,user-owned profile/school-list/essay/resume/recommendation UI or approved import,"no inferred first-party facts, no raw-user-ID default exports, no live notification send",,
bbfcea10f79ca0413ac466db,07f3a6136cdbf56a4c381635,execution,recommendation_letters.min_submitted,add-recommendation-letters,info,/profile?tab=recLetters,user_prompt,actionable,user,user-owned profile/school-list/essay/resume/recommendation UI or approved import,"no inferred first-party facts, no raw-user-ID default exports, no live notification send",,
8920341f0eab10006614449e,fce4d766a1a7cf9683c269a7,execution,recommendation_letters.min_submitted,add-recommendation-letters,info,/profile?tab=recLetters,user_prompt,actionable,user,user-owned profile/school-list/essay/resume/recommendation UI or approved import,"no inferred first-party facts, no raw-user-ID default exports, no live notification send",,
2148efd0597e0e9ad6a2f00c,43272c2ba686df45954e071c,execution,recommendation_letters.min_submitted,add-recommendation-letters,info,/profile?tab=recLetters,user_prompt,actionable,user,user-owned profile/school-list/essay/resume/recommendation UI or approved import,"no inferred first-party facts, no raw-user-ID default exports, no live notification send",,
a1011c5137576f4bfcfebd38,058cf56df913b18b72c6ac06,execution,recommendation_letters.min_submitted,add-recommendation-letters,info,/profile?tab=recLetters,user_prompt,actionable,user,user-owned profile/school-list/essay/resume/recommendation UI or approved import,"no inferred first-party facts, no raw-user-ID default exports, no live notification send",,
c720349e2ce59d2437c3f21c,9aedc2f9488c04a6732f7256,execution,recommendation_letters.min_submitted,add-recommendation-letters,info,/profile?tab=recLetters,user_prompt,actionable,user,user-owned profile/school-list/essay/resume/recommendation UI or approved import,"no inferred first-party facts, no raw-user-ID default exports, no live notification send",,
537d7051a678e03b36c9b740,d4ca47731eb2f84b483ba976,execution,recommendation_letters.min_submitted,add-recommendation-letters,info,/profile?tab=recLetters,user_prompt,actionable,user,user-owned profile/school-list/essay/resume/recommendation UI or approved import,"no inferred first-party facts, no raw-user-ID default exports, no live notification send",,
ec07387bc845f209f12b56e1,b0b8366e5f846ce7de0391dc,execution,recommendation_letters.min_submitted,add-recommendation-letters,info,/profile?tab=recLetters,user_prompt,actionable,user,user-owned profile/school-list/essay/resume/recommendation UI or approved import,"no inferred first-party facts, no raw-user-ID default exports, no live notification send",,
fc95b7caba28567228c5453d,81d71d4eec8e8368e557e6ae,execution,recommendation_letters.min_submitted,add-recommendation-letters,info,/profile?tab=recLetters,user_prompt,actionable,user,user-owned profile/school-list/essay/resume/recommendation UI or approved import,"no inferred first-party facts, no raw-user-ID default exports, no live notification send",,
221a7eaaab2a62407db2b23a,b4b464f7720df53f14b4aeab,execution,recommendation_letters.min_submitted,add-recommendation-letters,info,/profile?tab=recLetters,user_prompt,actionable,user,user-owned profile/school-list/essay/resume/recommendation UI or approved import,"no inferred first-party facts, no raw-user-ID default exports, no live notification send",,
8756d49a67423d831126f9c7,5ef26fd15a7d94de95db760d,execution,recommendation_letters.min_submitted,add-recommendation-letters,info,/profile?tab=recLetters,user_prompt,actionable,user,user-owned profile/school-list/essay/resume/recommendation UI or approved import,"no inferred first-party facts, no raw-user-ID default exports, no live notification send",,
9ab04e7675e18d84ea1ea374,abd5622ea74cceed6dede107,execution,recommendation_letters.min_submitted,add-recommendation-letters,info,/profile?tab=recLetters,user_prompt,actionable,user,user-owned profile/school-list/essay/resume/recommendation UI or approved import,"no inferred first-party facts, no raw-user-ID default exports, no live notification send",,
f818e439b555d3d2d844fe71,2602385b62043a9e3025b517,execution,recommendation_letters.min_submitted,add-recommendation-letters,info,/profile?tab=recLetters,user_prompt,actionable,user,user-owned profile/school-list/essay/resume/recommendation UI or approved import,"no inferred first-party facts, no raw-user-ID default exports, no live notification send",,
d864a2017f74175e39130328,73e60992ad694dbf05d313f9,execution,recommendation_letters.min_submitted,add-recommendation-letters,info,/profile?tab=recLetters,user_prompt,actionable,user,user-owned profile/school-list/essay/resume/recommendation UI or approved import,"no inferred first-party facts, no raw-user-ID default exports, no live notification send",,
b58814f9c5d40c2cca9cd0ba,b22551ed28a844c40361f4c6,execution,recommendation_letters.min_submitted,add-recommendation-letters,info,/profile?tab=recLetters,user_prompt,actionable,user,user-owned profile/school-list/essay/resume/recommendation UI or approved import,"no inferred first-party facts, no raw-user-ID default exports, no live notification send",,
ea594aacc0071fab15e09640,8291c39c23e9854c77949587,execution,recommendation_letters.min_submitted,add-recommendation-letters,info,/profile?tab=recLetters,user_prompt,actionable,user,user-owned profile/school-list/essay/resume/recommendation UI or approved import,"no inferred first-party facts, no raw-user-ID default exports, no live notification send",,
4767e40f0ac5b61bc56681e6,66e28a97f69ea9177ec6e239,execution,recommendation_letters.min_submitted,add-recommendation-letters,info,/profile?tab=recLetters,user_prompt,actionable,user,user-owned profile/school-list/essay/resume/recommendation UI or approved import,"no inferred first-party facts, no raw-user-ID default exports, no live notification send",,
bb132178d629a66fc7aefd01,664f3a82867f761aa9082952,execution,recommendation_letters.min_submitted,add-recommendation-letters,info,/profile?tab=recLetters,user_prompt,actionable,user,user-owned profile/school-list/essay/resume/recommendation UI or approved import,"no inferred first-party facts, no raw-user-ID default exports, no live notification send",,
932efce71e173e4704914319,5e5ecc8d86964733a3bd9bfd,execution,recommendation_letters.min_submitted,add-recommendation-letters,info,/profile?tab=recLetters,user_prompt,actionable,user,user-owned profile/school-list/essay/resume/recommendation UI or approved import,"no inferred first-party facts, no raw-user-ID default exports, no live notification send",,
ec5bdd2b5351c8e584d3be8d,29ca348769849ba58b071162,execution,recommendation_letters.min_submitted,add-recommendation-letters,info,/profile?tab=recLetters,user_prompt,actionable,user,user-owned profile/school-list/essay/resume/recommendation UI or approved import,"no inferred first-party facts, no raw-user-ID default exports, no live notification send",,
28dc96231ed06b299208eff5,1134a45529007d06fa5d1edb,execution,recommendation_letters.min_submitted,add-recommendation-letters,info,/profile?tab=recLetters,user_prompt,actionable,user,user-owned profile/school-list/essay/resume/recommendation UI or approved import,"no inferred first-party facts, no raw-user-ID default exports, no live notification send",,
2c9771be6f35b5904dbbe14b,a254c6762b1623455829ff10,execution,recommendation_letters.min_submitted,add-recommendation-letters,info,/profile?tab=recLetters,user_prompt,actionable,user,user-owned profile/school-list/essay/resume/recommendation UI or approved import,"no inferred first-party facts, no raw-user-ID default exports, no live notification send",,
be69b9e0cebe6aec14a2ebf4,4b018ff55c5cb933a8af6b2d,execution,recommendation_letters.min_submitted,add-recommendation-letters,info,/profile?tab=recLetters,user_prompt,actionable,user,user-owned profile/school-list/essay/resume/recommendation UI or approved import,"no inferred first-party facts, no raw-user-ID default exports, no live notification send",,
3b8ce71113797c845bb872a3,e7aa36a405ca7979e329e87b,execution,recommendation_letters.min_submitted,add-recommendation-letters,info,/profile?tab=recLetters,user_prompt,actionable,user,user-owned profile/school-list/essay/resume/recommendation UI or approved import,"no inferred first-party facts, no raw-user-ID default exports, no live notification send",,
13d29e45f6794b8697671204,ca6c76c02fcc72e715d068d8,execution,recommendation_letters.min_submitted,add-recommendation-letters,info,/profile?tab=recLetters,user_prompt,actionable,user,user-owned profile/school-list/essay/resume/recommendation UI or approved import,"no inferred first-party facts, no raw-user-ID default exports, no live notification send",,
76ba6c9798c8630b641eee3f,a921641dc4b1526d1a01917b,execution,recommendation_letters.min_submitted,add-recommendation-letters,info,/profile?tab=recLetters,user_prompt,actionable,user,user-owned profile/school-list/essay/resume/recommendation UI or approved import,"no inferred first-party facts, no raw-user-ID default exports, no live notification send",,
62d24e8597a55a5a0a4fd2d7,ebdd5efd8dc0fc61274cd467,execution,recommendation_letters.min_submitted,add-recommendation-letters,info,/profile?tab=recLetters,user_prompt,actionable,user,user-owned profile/school-list/essay/resume/recommendation UI or approved import,"no inferred first-party facts, no raw-user-ID default exports, no live notification send",,
8ba8880892cf6b4d1a83a00f,8810301b97ae49e59d07d6de,execution,recommendation_letters.min_submitted,add-recommendation-letters,info,/profile?tab=recLetters,user_prompt,actionable,user,user-owned profile/school-list/essay/resume/recommendation UI or approved import,"no inferred first-party facts, no raw-user-ID default exports, no live notification send",,
71f206d1ac1510c3461c3f62,11234b2e38f9b1bb49207612,execution,recommendation_letters.min_submitted,add-recommendation-letters,info,/profile?tab=recLetters,user_prompt,actionable,user,user-owned profile/school-list/essay/resume/recommendation UI or approved import,"no inferred first-party facts, no raw-user-ID default exports, no live notification send",,
7683420873a4efd6953dc8b0,dfd2712d91a9b6b52cd7a939,execution,recommendation_letters.min_submitted,add-recommendation-letters,info,/profile?tab=recLetters,user_prompt,actionable,user,user-owned profile/school-list/essay/resume/recommendation UI or approved import,"no inferred first-party facts, no raw-user-ID default exports, no live notification send",,
ca22acb9dcd7763d46df7db9,f13448c63795d2838ae3d3aa,execution,recommendation_letters.min_submitted,add-recommendation-letters,info,/profile?tab=recLetters,user_prompt,actionable,user,user-owned profile/school-list/essay/resume/recommendation UI or approved import,"no inferred first-party facts, no raw-user-ID default exports, no live notification send",,
3775406187707a6591ba5ffd,47846ee95cac0b56ae45d5f1,execution,recommendation_letters.min_submitted,add-recommendation-letters,info,/profile?tab=recLetters,user_prompt,actionable,user,user-owned profile/school-list/essay/resume/recommendation UI or approved import,"no inferred first-party facts, no raw-user-ID default exports, no live notification send",,
d0d761906a40b0af30dec88f,b1cf8f9202fac78805196f3b,execution,recommendation_letters.min_submitted,add-recommendation-letters,info,/profile?tab=recLetters,user_prompt,actionable,user,user-owned profile/school-list/essay/resume/recommendation UI or approved import,"no inferred first-party facts, no raw-user-ID default exports, no live notification send",,
fb0a159aa3969317733f50df,5d3f54ea3a1fd9d4e94e719a,execution,recommendation_letters.min_submitted,add-recommendation-letters,info,/profile?tab=recLetters,user_prompt,actionable,user,user-owned profile/school-list/essay/resume/recommendation UI or approved import,"no inferred first-party facts, no raw-user-ID default exports, no live notification send",,
c5afca47c781c4069ed80f5e,56d95fc96f640bc7aeee88cb,execution,recommendation_letters.min_submitted,add-recommendation-letters,info,/profile?tab=recLetters,user_prompt,actionable,user,user-owned profile/school-list/essay/resume/recommendation UI or approved import,"no inferred first-party facts, no raw-user-ID default exports, no live notification send",,
0efe95a39b123e55e09226e0,f9bb2679f3487a696a06b36a,execution,recommendation_letters.min_submitted,add-recommendation-letters,info,/profile?tab=recLetters,user_prompt,actionable,user,user-owned profile/school-list/essay/resume/recommendation UI or approved import,"no inferred first-party facts, no raw-user-ID default exports, no live notification send",,
ba758da9fffbee1f2fa7988b,f208d7e70269a7fceebf86e6,execution,recommendation_letters.min_submitted,add-recommendation-letters,info,/profile?tab=recLetters,user_prompt,actionable,user,user-owned profile/school-list/essay/resume/recommendation UI or approved import,"no inferred first-party facts, no raw-user-ID default exports, no live notification send",,
594aeee3f872c97407a3fa6b,c086fb2c4e41afde6c957741,execution,recommendation_letters.min_submitted,add-recommendation-letters,info,/profile?tab=recLetters,user_prompt,actionable,user,user-owned profile/school-list/essay/resume/recommendation UI or approved import,"no inferred first-party facts, no raw-user-ID default exports, no live notification send",,
b2f12af5f1e42440fc153d6e,a6269d71b6b9bc7677fdc2b8,execution,recommendation_letters.min_submitted,add-recommendation-letters,info,/profile?tab=recLetters,user_prompt,actionable,user,user-owned profile/school-list/essay/resume/recommendation UI or approved import,"no inferred first-party facts, no raw-user-ID default exports, no live notification send",,
2b751a04c67db0dca7fa08a4,5a2eff24f6f702dba34dcfbd,execution,recommendation_letters.min_submitted,add-recommendation-letters,info,/profile?tab=recLetters,user_prompt,actionable,user,user-owned profile/school-list/essay/resume/recommendation UI or approved import,"no inferred first-party facts, no raw-user-ID default exports, no live notification send",,
fded1e82fc08fe3dc6ae0cd1,d66f3580bc3de0ae18c4f7e5,execution,recommendation_letters.min_submitted,add-recommendation-letters,info,/profile?tab=recLetters,user_prompt,actionable,user,user-owned profile/school-list/essay/resume/recommendation UI or approved import,"no inferred first-party facts, no raw-user-ID default exports, no live notification send",,
250fca2cca79498b8adb85d5,c61f474baaa4287019176258,execution,recommendation_letters.min_submitted,add-recommendation-letters,info,/profile?tab=recLetters,user_prompt,actionable,user,user-owned profile/school-list/essay/resume/recommendation UI or approved import,"no inferred first-party facts, no raw-user-ID default exports, no live notification send",,
884f830c5b488579180240c5,09c971b1ecd35e79c613eb01,execution,recommendation_letters.min_submitted,add-recommendation-letters,info,/profile?tab=recLetters,user_prompt,actionable,user,user-owned profile/school-list/essay/resume/recommendation UI or approved import,"no inferred first-party facts, no raw-user-ID default exports, no live notification send",,
275fa235308941e5b34bf533,725fbe1f451b243357adf7f7,execution,recommendation_letters.min_submitted,add-recommendation-letters,info,/profile?tab=recLetters,user_prompt,actionable,user,user-owned profile/school-list/essay/resume/recommendation UI or approved import,"no inferred first-party facts, no raw-user-ID default exports, no live notification send",,
5ee97a356715221e98f9c639,58e2caf341a159648f757afd,execution,recommendation_letters.min_submitted,add-recommendation-letters,info,/profile?tab=recLetters,user_prompt,actionable,user,user-owned profile/school-list/essay/resume/recommendation UI or approved import,"no inferred first-party facts, no raw-user-ID default exports, no live notification send",,
cb9b132eeddc10f94b979c2e,af92366e7a726386d26d71f6,execution,recommendation_letters.min_submitted,add-recommendation-letters,info,/profile?tab=recLetters,user_prompt,actionable,user,user-owned profile/school-list/essay/resume/recommendation UI or approved import,"no inferred first-party facts, no raw-user-ID default exports, no live notification send",,
24c560feccafbe9e5437a7d0,b232d4e859eba8b5885ca2ea,execution,recommendation_letters.min_submitted,add-recommendation-letters,info,/profile?tab=recLetters,user_prompt,actionable,user,user-owned profile/school-list/essay/resume/recommendation UI or approved import,"no inferred first-party facts, no raw-user-ID default exports, no live notification send",,
2490a32a79e2f5d477910b91,a0e8278aa36c1b14956029fa,execution,resume.none,create-resume,info,/resume,user_prompt,actionable,user,user-owned profile/school-list/essay/resume/recommendation UI or approved import,"no inferred first-party facts, no raw-user-ID default exports, no live notification send",,
1dcbb6e310b3647283b3cccc,ae74077f992f8a770765c79d,execution,resume.none,create-resume,info,/resume,user_prompt,actionable,user,user-owned profile/school-list/essay/resume/recommendation UI or approved import,"no inferred first-party facts, no raw-user-ID default exports, no live notification send",,
de8d658ab7cdae3ed3655250,0f66eb06f118aac87e34c39b,execution,resume.none,create-resume,info,/resume,user_prompt,actionable,user,user-owned profile/school-list/essay/resume/recommendation UI or approved import,"no inferred first-party facts, no raw-user-ID default exports, no live notification send",,
9850f766b798fb314028fe48,8a585ea0795c92a31a7b4137,execution,resume.none,create-resume,info,/resume,user_prompt,actionable,user,user-owned profile/school-list/essay/resume/recommendation UI or approved import,"no inferred first-party facts, no raw-user-ID default exports, no live notification send",,
5f50681fa629e6bd746621ec,75726397c344acd00970ed29,execution,resume.none,create-resume,info,/resume,user_prompt,actionable,user,user-owned profile/school-list/essay/resume/recommendation UI or approved import,"no inferred first-party facts, no raw-user-ID default exports, no live notification send",,
851af7ce145d7cd3d61bc5e2,4b3718bb0c2ec144e8e60681,execution,resume.none,create-resume,info,/resume,user_prompt,actionable,user,user-owned profile/school-list/essay/resume/recommendation UI or approved import,"no inferred first-party facts, no raw-user-ID default exports, no live notification send",,
6e8558adc9bebd439177cf41,d0a25382830bf925ddb6a711,execution,resume.none,create-resume,info,/resume,user_prompt,actionable,user,user-owned profile/school-list/essay/resume/recommendation UI or approved import,"no inferred first-party facts, no raw-user-ID default exports, no live notification send",,
df464bfd30618095683eb575,97618134d6be63b45dc3116f,execution,resume.none,create-resume,info,/resume,user_prompt,actionable,user,user-owned profile/school-list/essay/resume/recommendation UI or approved import,"no inferred first-party facts, no raw-user-ID default exports, no live notification send",,
df5585906015fd0358d5de0d,dcf4f4031d77be3f6b4c28cb,execution,resume.none,create-resume,info,/resume,user_prompt,actionable,user,user-owned profile/school-list/essay/resume/recommendation UI or approved import,"no inferred first-party facts, no raw-user-ID default exports, no live notification send",,
4a070e6ff84a1f2e291a113f,5e068c8dc7b4c890cd028525,execution,resume.none,create-resume,info,/resume,user_prompt,actionable,user,user-owned profile/school-list/essay/resume/recommendation UI or approved import,"no inferred first-party facts, no raw-user-ID default exports, no live notification send",,
933c8fbcf844473497664ebc,a080791fc5afd2fd65717791,execution,resume.none,create-resume,info,/resume,user_prompt,actionable,user,user-owned profile/school-list/essay/resume/recommendation UI or approved import,"no inferred first-party facts, no raw-user-ID default exports, no live notification send",,
b9080384f5e48931d9672942,dfbdb1bfb5ba2e55947ffacb,execution,resume.none,create-resume,info,/resume,user_prompt,actionable,user,user-owned profile/school-list/essay/resume/recommendation UI or approved import,"no inferred first-party facts, no raw-user-ID default exports, no live notification send",,
2ba9ae2789a823fff9e99e40,fa17461feb2a296bf410fd51,execution,resume.none,create-resume,info,/resume,user_prompt,actionable,user,user-owned profile/school-list/essay/resume/recommendation UI or approved import,"no inferred first-party facts, no raw-user-ID default exports, no live notification send",,
e523653fa42814ef3eadc5e2,3c9553d15ae84cd029f9a45e,execution,resume.none,create-resume,info,/resume,user_prompt,actionable,user,user-owned profile/school-list/essay/resume/recommendation UI or approved import,"no inferred first-party facts, no raw-user-ID default exports, no live notification send",,
548e347fbdaf43be08e93286,d34e7c86d1fe4b4e4f3dd8b5,execution,resume.none,create-resume,info,/resume,user_prompt,actionable,user,user-owned profile/school-list/essay/resume/recommendation UI or approved import,"no inferred first-party facts, no raw-user-ID default exports, no live notification send",,
4a9a5325fca32ac5aa4d26c1,41987896ad3e2c2b584d8822,execution,resume.none,create-resume,info,/resume,user_prompt,actionable,user,user-owned profile/school-list/essay/resume/recommendation UI or approved import,"no inferred first-party facts, no raw-user-ID default exports, no live notification send",,
a17521d2860dea1a7b772a50,4d80d091ce6c3c3bbfb73020,execution,resume.none,create-resume,info,/resume,user_prompt,actionable,user,user-owned profile/school-list/essay/resume/recommendation UI or approved import,"no inferred first-party facts, no raw-user-ID default exports, no live notification send",,
239876530e8400c075556f29,a371d99e7990b1712ac0d07f,execution,resume.none,create-resume,info,/resume,user_prompt,actionable,user,user-owned profile/school-list/essay/resume/recommendation UI or approved import,"no inferred first-party facts, no raw-user-ID default exports, no live notification send",,
8fc27fe02716e3c77f4c9217,9111330cde59a737a7fbe9d2,execution,resume.none,create-resume,info,/resume,user_prompt,actionable,user,user-owned profile/school-list/essay/resume/recommendation UI or approved import,"no inferred first-party facts, no raw-user-ID default exports, no live notification send",,
3315de3a8f38e51c6e718bd4,6596f538050d130001eb66fd,execution,resume.none,create-resume,info,/resume,user_prompt,actionable,user,user-owned profile/school-list/essay/resume/recommendation UI or approved import,"no inferred first-party facts, no raw-user-ID default exports, no live notification send",,
81693f3a9d0880c99db5d8eb,f8576ed8705f4e1a21c111d4,execution,resume.none,create-resume,info,/resume,user_prompt,actionable,user,user-owned profile/school-list/essay/resume/recommendation UI or approved import,"no inferred first-party facts, no raw-user-ID default exports, no live notification send",,
42911f743ee6aec754611f0a,8cbd0cb44e65485bb14e40b4,execution,resume.none,create-resume,info,/resume,user_prompt,actionable,user,user-owned profile/school-list/essay/resume/recommendation UI or approved import,"no inferred first-party facts, no raw-user-ID default exports, no live notification send",,
a3528862a20f112072f07dec,16ce403f5cdd5ce323d7d56a,execution,resume.none,create-resume,info,/resume,user_prompt,actionable,user,user-owned profile/school-list/essay/resume/recommendation UI or approved import,"no inferred first-party facts, no raw-user-ID default exports, no live notification send",,
e510af0c8def66fed7a41269,07b560c00ebbeae89757ba92,execution,resume.none,create-resume,info,/resume,user_prompt,actionable,user,user-owned profile/school-list/essay/resume/recommendation UI or approved import,"no inferred first-party facts, no raw-user-ID default exports, no live notification send",,
8a25c91ceddfae6e4160c58e,23f48cbbd8bb302d47877816,execution,resume.none,create-resume,info,/resume,user_prompt,actionable,user,user-owned profile/school-list/essay/resume/recommendation UI or approved import,"no inferred first-party facts, no raw-user-ID default exports, no live notification send",,
f0c8fe12bebd09636b7cd4a6,f3198e3d4b8dfbe1dc7ef401,execution,resume.none,create-resume,info,/resume,user_prompt,actionable,user,user-owned profile/school-list/essay/resume/recommendation UI or approved import,"no inferred first-party facts, no raw-user-ID default exports, no live notification send",,
448f80c986e8da56dc55d7ce,d8b66d7a77fb0898c274f016,execution,resume.none,create-resume,info,/resume,user_prompt,actionable,user,user-owned profile/school-list/essay/resume/recommendation UI or approved import,"no inferred first-party facts, no raw-user-ID default exports, no live notification send",,
3189c565a909046c4fd6a3e3,4d3c3bd653a94add62332ca7,execution,resume.none,create-resume,info,/resume,user_prompt,actionable,user,user-owned profile/school-list/essay/resume/recommendation UI or approved import,"no inferred first-party facts, no raw-user-ID default exports, no live notification send",,
2549a054d26c072e1f24875d,c0fe75cbaace613d95671805,execution,resume.none,create-resume,info,/resume,user_prompt,actionable,user,user-owned profile/school-list/essay/resume/recommendation UI or approved import,"no inferred first-party facts, no raw-user-ID default exports, no live notification send",,
e900590c8a7e36fed4f64a6a,a2355ecc8a5e0539796846c5,execution,resume.none,create-resume,info,/resume,user_prompt,actionable,user,user-owned profile/school-list/essay/resume/recommendation UI or approved import,"no inferred first-party facts, no raw-user-ID default exports, no live notification send",,
5b52e284c2ace420f6ed814e,ced9165c2e98fcdec2379ee0,execution,resume.none,create-resume,info,/resume,user_prompt,actionable,user,user-owned profile/school-list/essay/resume/recommendation UI or approved import,"no inferred first-party facts, no raw-user-ID default exports, no live notification send",,
10099eba9d109a63a19020a6,6034f3cefdfecfde684cecd2,execution,resume.none,create-resume,info,/resume,user_prompt,actionable,user,user-owned profile/school-list/essay/resume/recommendation UI or approved import,"no inferred first-party facts, no raw-user-ID default exports, no live notification send",,
10fb2dfb844981c02811a133,d371c1928c3551c373ce2ce9,execution,resume.none,create-resume,info,/resume,user_prompt,actionable,user,user-owned profile/school-list/essay/resume/recommendation UI or approved import,"no inferred first-party facts, no raw-user-ID default exports, no live notification send",,
2608ddcf431f38826e25187a,3b51f469eb8b9e1ec640b363,execution,resume.none,create-resume,info,/resume,user_prompt,actionable,user,user-owned profile/school-list/essay/resume/recommendation UI or approved import,"no inferred first-party facts, no raw-user-ID default exports, no live notification send",,
5d019fa7673644c8239f80dc,e556b9d3eadfdc181ad72b25,execution,resume.none,create-resume,info,/resume,user_prompt,actionable,user,user-owned profile/school-list/essay/resume/recommendation UI or approved import,"no inferred first-party facts, no raw-user-ID default exports, no live notification send",,
969f0a6da6dcccc818b2d053,349b11a3f796ddd02fac5df4,execution,resume.none,create-resume,info,/resume,user_prompt,actionable,user,user-owned profile/school-list/essay/resume/recommendation UI or approved import,"no inferred first-party facts, no raw-user-ID default exports, no live notification send",,
886a1ffc2b7eafe348230a62,496c4289233f7686705eb9cc,execution,resume.none,create-resume,info,/resume,user_prompt,actionable,user,user-owned profile/school-list/essay/resume/recommendation UI or approved import,"no inferred first-party facts, no raw-user-ID default exports, no live notification send",,
e806e3691e6e2df024691a2b,792185c76419227985fe39c6,execution,resume.none,create-resume,info,/resume,user_prompt,actionable,user,user-owned profile/school-list/essay/resume/recommendation UI or approved import,"no inferred first-party facts, no raw-user-ID default exports, no live notification send",,
12e0eebeeec38d62e5a0d3d4,e68a34176110a03fb1b0e1a7,execution,resume.none,create-resume,info,/resume,user_prompt,actionable,user,user-owned profile/school-list/essay/resume/recommendation UI or approved import,"no inferred first-party facts, no raw-user-ID default exports, no live notification send",,
91a70d5fa0ff8d12a86e2a5a,cc19790a20627dcf671b0696,execution,resume.none,create-resume,info,/resume,user_prompt,actionable,user,user-owned profile/school-list/essay/resume/recommendation UI or approved import,"no inferred first-party facts, no raw-user-ID default exports, no live notification send",,
8fc1697c15092a2b07926f70,9268bb2df1ae7eb423b40e68,execution,resume.none,create-resume,info,/resume,user_prompt,actionable,user,user-owned profile/school-list/essay/resume/recommendation UI or approved import,"no inferred first-party facts, no raw-user-ID default exports, no live notification send",,
0d909a631e8a38aba39711eb,a39a015fb33b59dab1e79583,execution,resume.none,create-resume,info,/resume,user_prompt,actionable,user,user-owned profile/school-list/essay/resume/recommendation UI or approved import,"no inferred first-party facts, no raw-user-ID default exports, no live notification send",,
3312c3fbbc5f925503c23541,70a9eda088b1d81c8c2c6710,execution,resume.none,create-resume,info,/resume,user_prompt,actionable,user,user-owned profile/school-list/essay/resume/recommendation UI or approved import,"no inferred first-party facts, no raw-user-ID default exports, no live notification send",,
951efa9a78747fd1f702a582,e7f17db1b3d37787f764e825,execution,resume.none,create-resume,info,/resume,user_prompt,actionable,user,user-owned profile/school-list/essay/resume/recommendation UI or approved import,"no inferred first-party facts, no raw-user-ID default exports, no live notification send",,
9ce8b002b8c6978d1d50ca34,296c586ab4f761371e0cbf88,execution,resume.none,create-resume,info,/resume,user_prompt,actionable,user,user-owned profile/school-list/essay/resume/recommendation UI or approved import,"no inferred first-party facts, no raw-user-ID default exports, no live notification send",,
a5ce79e3ee65a9b900b1d3ec,6ad354ae95ed116979f53605,execution,resume.none,create-resume,info,/resume,user_prompt,actionable,user,user-owned profile/school-list/essay/resume/recommendation UI or approved import,"no inferred first-party facts, no raw-user-ID default exports, no live notification send",,
8acb1d168ae7de069f4d5d41,c2fb04257a3dbfd64ef42235,execution,resume.none,create-resume,info,/resume,user_prompt,actionable,user,user-owned profile/school-list/essay/resume/recommendation UI or approved import,"no inferred first-party facts, no raw-user-ID default exports, no live notification send",,
79637912dce7f904c64328bb,063b024d5235f2864bf7976b,execution,resume.none,create-resume,info,/resume,user_prompt,actionable,user,user-owned profile/school-list/essay/resume/recommendation UI or approved import,"no inferred first-party facts, no raw-user-ID default exports, no live notification send",,
1b509e80303bfb72347c7122,a69f207d386676eb5d4c6068,execution,resume.none,create-resume,info,/resume,user_prompt,actionable,user,user-owned profile/school-list/essay/resume/recommendation UI or approved import,"no inferred first-party facts, no raw-user-ID default exports, no live notification send",,
ca2ccfb1838fd1cd9b1b428a,0dd5690ef245b29c752978ab,execution,resume.none,create-resume,info,/resume,user_prompt,actionable,user,user-owned profile/school-list/essay/resume/recommendation UI or approved import,"no inferred first-party facts, no raw-user-ID default exports, no live notification send",,
d4f1ee39fe1a2af08fbd5161,6bd54dc4b93df493e735968f,execution,resume.none,create-resume,info,/resume,user_prompt,actionable,user,user-owned profile/school-list/essay/resume/recommendation UI or approved import,"no inferred first-party facts, no raw-user-ID default exports, no live notification send",,
062118d350b761fdd04aa833,4447d4720fb09d0cf9f974b1,execution,resume.none,create-resume,info,/resume,user_prompt,actionable,user,user-owned profile/school-list/essay/resume/recommendation UI or approved import,"no inferred first-party facts, no raw-user-ID default exports, no live notification send",,
e36192e1857a30c62f9c8a38,1e02ca5c816e125387e943ea,execution,resume.none,create-resume,info,/resume,user_prompt,actionable,user,user-owned profile/school-list/essay/resume/recommendation UI or approved import,"no inferred first-party facts, no raw-user-ID default exports, no live notification send",,
4a216ad9b35ebe5103f8526b,c4f622849d37b4b65dec3cec,execution,resume.none,create-resume,info,/resume,user_prompt,actionable,user,user-owned profile/school-list/essay/resume/recommendation UI or approved import,"no inferred first-party facts, no raw-user-ID default exports, no live notification send",,
69ece4fe3e5b32f6470b9361,73c05ab78066f89172cd4600,execution,resume.none,create-resume,info,/resume,user_prompt,actionable,user,user-owned profile/school-list/essay/resume/recommendation UI or approved import,"no inferred first-party facts, no raw-user-ID default exports, no live notification send",,
c55a37df2b2958e3ddc0868f,fb3adf3bf3209373369bc84f,execution,resume.none,create-resume,info,/resume,user_prompt,actionable,user,user-owned profile/school-list/essay/resume/recommendation UI or approved import,"no inferred first-party facts, no raw-user-ID default exports, no live notification send",,
5787255212e567a3fd4aef81,bc8c05acbe1509e433fc0da5,execution,resume.none,create-resume,info,/resume,user_prompt,actionable,user,user-owned profile/school-list/essay/resume/recommendation UI or approved import,"no inferred first-party facts, no raw-user-ID default exports, no live notification send",,
d093f57d658870c61d5a8e9d,ce94abf53f14f5538a81eb16,execution,resume.none,create-resume,info,/resume,user_prompt,actionable,user,user-owned profile/school-list/essay/resume/recommendation UI or approved import,"no inferred first-party facts, no raw-user-ID default exports, no live notification send",,
b87b213f6a58cc8a8a77c7ac,bfaf9aaee511da1bf287d36d,execution,resume.none,create-resume,info,/resume,user_prompt,actionable,user,user-owned profile/school-list/essay/resume/recommendation UI or approved import,"no inferred first-party facts, no raw-user-ID default exports, no live notification send",,
d70ffb08141d2abc371fc479,c52984e73ed2bb9d78b61972,execution,resume.none,create-resume,info,/resume,user_prompt,actionable,user,user-owned profile/school-list/essay/resume/recommendation UI or approved import,"no inferred first-party facts, no raw-user-ID default exports, no live notification send",,
9e902d09622c77bbe415a5f5,ebfe5890a319bc7c8c093b53,execution,resume.none,create-resume,info,/resume,user_prompt,actionable,user,user-owned profile/school-list/essay/resume/recommendation UI or approved import,"no inferred first-party facts, no raw-user-ID default exports, no live notification send",,
dd209784cbd3a7c37798dc81,95d691e906c76381adfe1a28,execution,resume.none,create-resume,info,/resume,user_prompt,actionable,user,user-owned profile/school-list/essay/resume/recommendation UI or approved import,"no inferred first-party facts, no raw-user-ID default exports, no live notification send",,
2058d7d3635541be9a81154d,58f91b77e67fbf46457a44bb,execution,resume.none,create-resume,info,/resume,user_prompt,actionable,user,user-owned profile/school-list/essay/resume/recommendation UI or approved import,"no inferred first-party facts, no raw-user-ID default exports, no live notification send",,
9c6f0258b7fd5c44ef788167,9c2fbbe0254b2440de64a955,execution,resume.none,create-resume,info,/resume,user_prompt,actionable,user,user-owned profile/school-list/essay/resume/recommendation UI or approved import,"no inferred first-party facts, no raw-user-ID default exports, no live notification send",,
e42b6750ab4ffde56312f465,c6d4f92a18ba12e55a77424f,execution,resume.none,create-resume,info,/resume,user_prompt,actionable,user,user-owned profile/school-list/essay/resume/recommendation UI or approved import,"no inferred first-party facts, no raw-user-ID default exports, no live notification send",,
508a6407c4ffc3bc4552ed30,a03881962cac9def370b6ddf,execution,resume.none,create-resume,info,/resume,user_prompt,actionable,user,user-owned profile/school-list/essay/resume/recommendation UI or approved import,"no inferred first-party facts, no raw-user-ID default exports, no live notification send",,
9fa02cb61bc3fad3b4609874,2521ef574f16719cfd342be4,execution,resume.none,create-resume,info,/resume,user_prompt,actionable,user,user-owned profile/school-list/essay/resume/recommendation UI or approved import,"no inferred first-party facts, no raw-user-ID default exports, no live notification send",,
1567868f57d48287128edcf2,bd5e7f1d9b2843a6c0ee281a,execution,resume.none,create-resume,info,/resume,user_prompt,actionable,user,user-owned profile/school-list/essay/resume/recommendation UI or approved import,"no inferred first-party facts, no raw-user-ID default exports, no live notification send",,
b5fa781fa1986e1165fdf9eb,d251e7b1a615c97aeb975753,execution,resume.none,create-resume,info,/resume,user_prompt,actionable,user,user-owned profile/school-list/essay/resume/recommendation UI or approved import,"no inferred first-party facts, no raw-user-ID default exports, no live notification send",,
0e675c04d379ac1f90bbb169,fa20510c8b2ca4eb06c9a50c,execution,resume.none,create-resume,info,/resume,user_prompt,actionable,user,user-owned profile/school-list/essay/resume/recommendation UI or approved import,"no inferred first-party facts, no raw-user-ID default exports, no live notification send",,
5d3f29c52332ccba6c3b64f6,38d8d2c6f2f414c01de125ae,execution,resume.none,create-resume,info,/resume,user_prompt,actionable,user,user-owned profile/school-list/essay/resume/recommendation UI or approved import,"no inferred first-party facts, no raw-user-ID default exports, no live notification send",,
0c46702af3ee822c715f3e93,7965d9f2065d1560654b7cb0,execution,resume.none,create-resume,info,/resume,user_prompt,actionable,user,user-owned profile/school-list/essay/resume/recommendation UI or approved import,"no inferred first-party facts, no raw-user-ID default exports, no live notification send",,
9db4da165fe7fcc3c4db12e8,e487699478e5852a01f5452f,execution,resume.none,create-resume,info,/resume,user_prompt,actionable,user,user-owned profile/school-list/essay/resume/recommendation UI or approved import,"no inferred first-party facts, no raw-user-ID default exports, no live notification send",,
26c843e5a4d548cb297a9373,cf2f3ed14657bb4361b52fd6,execution,resume.none,create-resume,info,/resume,user_prompt,actionable,user,user-owned profile/school-list/essay/resume/recommendation UI or approved import,"no inferred first-party facts, no raw-user-ID default exports, no live notification send",,
71644d88f2997836f3ee404b,85e17e886ea8574404bf06db,execution,resume.none,create-resume,info,/resume,user_prompt,actionable,user,user-owned profile/school-list/essay/resume/recommendation UI or approved import,"no inferred first-party facts, no raw-user-ID default exports, no live notification send",,
d2fd6d977c19a8de68eb2558,fe94fbe339152aa569845a88,execution,resume.none,create-resume,info,/resume,user_prompt,actionable,user,user-owned profile/school-list/essay/resume/recommendation UI or approved import,"no inferred first-party facts, no raw-user-ID default exports, no live notification send",,
5b0b5ce61f0ad24c1899feaf,b2a7f5b361f3945fd310ea56,execution,resume.none,create-resume,info,/resume,user_prompt,actionable,user,user-owned profile/school-list/essay/resume/recommendation UI or approved import,"no inferred first-party facts, no raw-user-ID default exports, no live notification send",,
0a831f39a7dd6923b9265de2,d1874f5f3ea1962396aad74a,execution,resume.none,create-resume,info,/resume,user_prompt,actionable,user,user-owned profile/school-list/essay/resume/recommendation UI or approved import,"no inferred first-party facts, no raw-user-ID default exports, no live notification send",,
c995ff23490bd159cd17004a,4aa923a4eb4b0a7a0517f4d7,execution,resume.none,create-resume,info,/resume,user_prompt,actionable,user,user-owned profile/school-list/essay/resume/recommendation UI or approved import,"no inferred first-party facts, no raw-user-ID default exports, no live notification send",,
4a3449b94acfb2a0a4b5b09c,fc8de225b3758553b9a21a1c,execution,resume.none,create-resume,info,/resume,user_prompt,actionable,user,user-owned profile/school-list/essay/resume/recommendation UI or approved import,"no inferred first-party facts, no raw-user-ID default exports, no live notification send",,
8b502d6fb2b2b71ef9d7c9cb,8cf79915c1b2f6db7f7f87c8,execution,resume.none,create-resume,info,/resume,user_prompt,actionable,user,user-owned profile/school-list/essay/resume/recommendation UI or approved import,"no inferred first-party facts, no raw-user-ID default exports, no live notification send",,
8288dc7458f9bcfab0d8f5c1,4a7a185008b7cd5c390feab9,execution,resume.none,create-resume,info,/resume,user_prompt,actionable,user,user-owned profile/school-list/essay/resume/recommendation UI or approved import,"no inferred first-party facts, no raw-user-ID default exports, no live notification send",,
1a6373e10bb3d32541b2b910,6410c2cd545b51f5356a95f4,execution,resume.none,create-resume,info,/resume,user_prompt,actionable,user,user-owned profile/school-list/essay/resume/recommendation UI or approved import,"no inferred first-party facts, no raw-user-ID default exports, no live notification send",,
a42806d188acf56778ee03e4,1ebdd2eb05856ad6c7e49cb5,execution,resume.none,create-resume,info,/resume,user_prompt,actionable,user,user-owned profile/school-list/essay/resume/recommendation UI or approved import,"no inferred first-party facts, no raw-user-ID default exports, no live notification send",,
0b720f6a71b460ee78e3f24c,7c50be8cd9b86f4161ce3b98,execution,resume.none,create-resume,info,/resume,user_prompt,actionable,user,user-owned profile/school-list/essay/resume/recommendation UI or approved import,"no inferred first-party facts, no raw-user-ID default exports, no live notification send",,
98fd0a4139d0927132050b09,2e60959f4806bfb7683f3490,execution,resume.none,create-resume,info,/resume,user_prompt,actionable,user,user-owned profile/school-list/essay/resume/recommendation UI or approved import,"no inferred first-party facts, no raw-user-ID default exports, no live notification send",,
c94c0e8e423736a432090851,5a6f2932013b43747ade5b1f,execution,resume.none,create-resume,info,/resume,user_prompt,actionable,user,user-owned profile/school-list/essay/resume/recommendation UI or approved import,"no inferred first-party facts, no raw-user-ID default exports, no live notification send",,
f9677bfc218807bad05e7b70,11949a16f1db43597c6d0f92,execution,resume.none,create-resume,info,/resume,user_prompt,actionable,user,user-owned profile/school-list/essay/resume/recommendation UI or approved import,"no inferred first-party facts, no raw-user-ID default exports, no live notification send",,
4181e0d8adaac85ff9b43e87,d59507e40ccb28f60173f9de,execution,resume.none,create-resume,info,/resume,user_prompt,actionable,user,user-owned profile/school-list/essay/resume/recommendation UI or approved import,"no inferred first-party facts, no raw-user-ID default exports, no live notification send",,
e7a5fadf66d1c1078c000116,54e3559386c83d509f571358,execution,resume.none,create-resume,info,/resume,user_prompt,actionable,user,user-owned profile/school-list/essay/resume/recommendation UI or approved import,"no inferred first-party facts, no raw-user-ID default exports, no live notification send",,
68e2cf7a8654b3cc3a57c387,543d710eca3428966f38d56a,execution,resume.none,create-resume,info,/resume,user_prompt,actionable,user,user-owned profile/school-list/essay/resume/recommendation UI or approved import,"no inferred first-party facts, no raw-user-ID default exports, no live notification send",,
ca20d54d65873344887e703c,f8eb0f8d2a0b46422213d278,execution,resume.none,create-resume,info,/resume,user_prompt,actionable,user,user-owned profile/school-list/essay/resume/recommendation UI or approved import,"no inferred first-party facts, no raw-user-ID default exports, no live notification send",,
d3a5b22f99ebc24899d1a815,45c22784b65a384c6a000180,execution,resume.none,create-resume,info,/resume,user_prompt,actionable,user,user-owned profile/school-list/essay/resume/recommendation UI or approved import,"no inferred first-party facts, no raw-user-ID default exports, no live notification send",,
a59f8171573ae3240527a007,dfbe7fe65a6b231a96c2e35e,execution,resume.none,create-resume,info,/resume,user_prompt,actionable,user,user-owned profile/school-list/essay/resume/recommendation UI or approved import,"no inferred first-party facts, no raw-user-ID default exports, no live notification send",,
639404cd050915f86004b521,0d38b90390f3df3aacefa896,execution,resume.none,create-resume,info,/resume,user_prompt,actionable,user,user-owned profile/school-list/essay/resume/recommendation UI or approved import,"no inferred first-party facts, no raw-user-ID default exports, no live notification send",,
719ab878ec6ee832abf4c0d2,5226aad7a0fe017f473ec2cc,execution,resume.none,create-resume,info,/resume,user_prompt,actionable,user,user-owned profile/school-list/essay/resume/recommendation UI or approved import,"no inferred first-party facts, no raw-user-ID default exports, no live notification send",,
5f17570d0e0e70c661401153,a01a78948445bee28c9a5972,execution,resume.none,create-resume,info,/resume,user_prompt,actionable,user,user-owned profile/school-list/essay/resume/recommendation UI or approved import,"no inferred first-party facts, no raw-user-ID default exports, no live notification send",,
3cfe3d021c8f1b2f6025019b,5044e483734670dfe7970719,execution,resume.none,create-resume,info,/resume,user_prompt,actionable,user,user-owned profile/school-list/essay/resume/recommendation UI or approved import,"no inferred first-party facts, no raw-user-ID default exports, no live notification send",,
c215bc6352a411c7c66d7202,cacd870eeb7d1b0e305eb290,execution,resume.none,create-resume,info,/resume,user_prompt,actionable,user,user-owned profile/school-list/essay/resume/recommendation UI or approved import,"no inferred first-party facts, no raw-user-ID default exports, no live notification send",,
ce057dcdf01d9e6f54c1d459,1e829852654087633af81cc9,execution,resume.none,create-resume,info,/resume,user_prompt,actionable,user,user-owned profile/school-list/essay/resume/recommendation UI or approved import,"no inferred first-party facts, no raw-user-ID default exports, no live notification send",,
6a8b5fb4bfeffd3f01249866,2cb24ed9eb1c4d63364c1062,execution,resume.none,create-resume,info,/resume,user_prompt,actionable,user,user-owned profile/school-list/essay/resume/recommendation UI or approved import,"no inferred first-party facts, no raw-user-ID default exports, no live notification send",,
6bbf710638d3c79950ffc3fa,beffd80654a0a6e973061fe8,execution,resume.none,create-resume,info,/resume,user_prompt,actionable,user,user-owned profile/school-list/essay/resume/recommendation UI or approved import,"no inferred first-party facts, no raw-user-ID default exports, no live notification send",,
2dd6b788641cdde2a081887b,1d6edb174c5c4a79c3c6f597,execution,resume.none,create-resume,info,/resume,user_prompt,actionable,user,user-owned profile/school-list/essay/resume/recommendation UI or approved import,"no inferred first-party facts, no raw-user-ID default exports, no live notification send",,
71d0ab9def0bf16cf376727a,03099b7d7926de4915c2307b,execution,resume.none,create-resume,info,/resume,user_prompt,actionable,user,user-owned profile/school-list/essay/resume/recommendation UI or approved import,"no inferred first-party facts, no raw-user-ID default exports, no live notification send",,
feaaf14c5a09b562f250b4ee,18bc0def86f96dc9d8032cf4,execution,resume.none,create-resume,info,/resume,user_prompt,actionable,user,user-owned profile/school-list/essay/resume/recommendation UI or approved import,"no inferred first-party facts, no raw-user-ID default exports, no live notification send",,
6d13548d870a6d1cf3a8f337,d7aaa6f01de07ec58dbad0b1,execution,resume.none,create-resume,info,/resume,user_prompt,actionable,user,user-owned profile/school-list/essay/resume/recommendation UI or approved import,"no inferred first-party facts, no raw-user-ID default exports, no live notification send",,
41360de8052ab20ef755f974,,execution,resume.none,create-resume,info,/resume,user_prompt,actionable,user,user-owned profile/school-list/essay/resume/recommendation UI or approved import,"no inferred first-party facts, no raw-user-ID default exports, no live notification send",,
01815f316b763e58e48118bd,dbe46853dd76ef0b3871ec47,execution,resume.none,create-resume,info,/resume,user_prompt,actionable,user,user-owned profile/school-list/essay/resume/recommendation UI or approved import,"no inferred first-party facts, no raw-user-ID default exports, no live notification send",,
d74d6712a403d06c64090a88,,execution,resume.none,create-resume,info,/resume,user_prompt,actionable,user,user-owned profile/school-list/essay/resume/recommendation UI or approved import,"no inferred first-party facts, no raw-user-ID default exports, no live notification send",,
e99a63d7bab49ff500686843,fc7b854dfad3986ab4c8774c,execution,resume.none,create-resume,info,/resume,user_prompt,actionable,user,user-owned profile/school-list/essay/resume/recommendation UI or approved import,"no inferred first-party facts, no raw-user-ID default exports, no live notification send",,
ed854b5f51f171e12a0bbfa3,,execution,resume.none,create-resume,info,/resume,user_prompt,actionable,user,user-owned profile/school-list/essay/resume/recommendation UI or approved import,"no inferred first-party facts, no raw-user-ID default exports, no live notification send",,
986e56fec255334e54e3d342,3ed490d913f577e9c15901bf,execution,resume.none,create-resume,info,/resume,user_prompt,actionable,user,user-owned profile/school-list/essay/resume/recommendation UI or approved import,"no inferred first-party facts, no raw-user-ID default exports, no live notification send",,
550d3608d821628afd081854,17b29a1e1cd753f82eaa0004,execution,resume.none,create-resume,info,/resume,user_prompt,actionable,user,user-owned profile/school-list/essay/resume/recommendation UI or approved import,"no inferred first-party facts, no raw-user-ID default exports, no live notification send",,
686098ae45ed0cf2c7a6bb51,fd1d6497725c7aaad7a3c196,execution,resume.none,create-resume,info,/resume,user_prompt,actionable,user,user-owned profile/school-list/essay/resume/recommendation UI or approved import,"no inferred first-party facts, no raw-user-ID default exports, no live notification send",,
2f3ed54bc4a4e4371b560799,e76b246b99503b0c07e399b2,execution,resume.none,create-resume,info,/resume,user_prompt,actionable,user,user-owned profile/school-list/essay/resume/recommendation UI or approved import,"no inferred first-party facts, no raw-user-ID default exports, no live notification send",,
3b24a69992609593175c52e9,f3e701ab37560748c10a7253,execution,resume.none,create-resume,info,/resume,user_prompt,actionable,user,user-owned profile/school-list/essay/resume/recommendation UI or approved import,"no inferred first-party facts, no raw-user-ID default exports, no live notification send",,
25b70574d5d19f55f18b9af0,de80ccc3056a33c25b5e1458,execution,resume.none,create-resume,info,/resume,user_prompt,actionable,user,user-owned profile/school-list/essay/resume/recommendation UI or approved import,"no inferred first-party facts, no raw-user-ID default exports, no live notification send",,
1953ea060dfc0a0c423f6c18,,execution,resume.none,create-resume,info,/resume,user_prompt,actionable,user,user-owned profile/school-list/essay/resume/recommendation UI or approved import,"no inferred first-party facts, no raw-user-ID default exports, no live notification send",,
9c2324b1105ec62ddc3e4c09,34d97678b50b2bdfce257578,execution,resume.none,create-resume,info,/resume,user_prompt,actionable,user,user-owned profile/school-list/essay/resume/recommendation UI or approved import,"no inferred first-party facts, no raw-user-ID default exports, no live notification send",,
6585419ab37bc1d1c2825ea9,5602123b748fdb29970e4ac5,execution,resume.none,create-resume,info,/resume,user_prompt,actionable,user,user-owned profile/school-list/essay/resume/recommendation UI or approved import,"no inferred first-party facts, no raw-user-ID default exports, no live notification send",,
a5d28b6cd7c354a9134bac42,3b79fbe93e8d8a1ed167dc0a,execution,resume.none,create-resume,info,/resume,user_prompt,actionable,user,user-owned profile/school-list/essay/resume/recommendation UI or approved import,"no inferred first-party facts, no raw-user-ID default exports, no live notification send",,
d0b75f8fdb757d149ba23e47,2e09ae64ee08e9ba2ce897b9,execution,resume.none,create-resume,info,/resume,user_prompt,actionable,user,user-owned profile/school-list/essay/resume/recommendation UI or approved import,"no inferred first-party facts, no raw-user-ID default exports, no live notification send",,
cf359908d3f2d4850b8c638e,742f4af8d99ae2b8547ee0f7,execution,resume.none,create-resume,info,/resume,user_prompt,actionable,user,user-owned profile/school-list/essay/resume/recommendation UI or approved import,"no inferred first-party facts, no raw-user-ID default exports, no live notification send",,
693ddd0ca8621ee6302ce3e4,d9b3fb9bd8dce18ecc3b5ca2,execution,resume.none,create-resume,info,/resume,user_prompt,actionable,user,user-owned profile/school-list/essay/resume/recommendation UI or approved import,"no inferred first-party facts, no raw-user-ID default exports, no live notification send",,
12d307e8e32c43d434b62e96,ebecc87f165ed5580a33c97b,execution,resume.none,create-resume,info,/resume,user_prompt,actionable,user,user-owned profile/school-list/essay/resume/recommendation UI or approved import,"no inferred first-party facts, no raw-user-ID default exports, no live notification send",,
537cd111095b2566f6ab727a,b7ff97a8390ad37c9766fde0,execution,resume.none,create-resume,info,/resume,user_prompt,actionable,user,user-owned profile/school-list/essay/resume/recommendation UI or approved import,"no inferred first-party facts, no raw-user-ID default exports, no live notification send",,
bbfcea10f79ca0413ac466db,07f3a6136cdbf56a4c381635,execution,resume.none,create-resume,info,/resume,user_prompt,actionable,user,user-owned profile/school-list/essay/resume/recommendation UI or approved import,"no inferred first-party facts, no raw-user-ID default exports, no live notification send",,
8920341f0eab10006614449e,fce4d766a1a7cf9683c269a7,execution,resume.none,create-resume,info,/resume,user_prompt,actionable,user,user-owned profile/school-list/essay/resume/recommendation UI or approved import,"no inferred first-party facts, no raw-user-ID default exports, no live notification send",,
2148efd0597e0e9ad6a2f00c,43272c2ba686df45954e071c,execution,resume.none,create-resume,info,/resume,user_prompt,actionable,user,user-owned profile/school-list/essay/resume/recommendation UI or approved import,"no inferred first-party facts, no raw-user-ID default exports, no live notification send",,
a1011c5137576f4bfcfebd38,058cf56df913b18b72c6ac06,execution,resume.none,create-resume,info,/resume,user_prompt,actionable,user,user-owned profile/school-list/essay/resume/recommendation UI or approved import,"no inferred first-party facts, no raw-user-ID default exports, no live notification send",,
c720349e2ce59d2437c3f21c,9aedc2f9488c04a6732f7256,execution,resume.none,create-resume,info,/resume,user_prompt,actionable,user,user-owned profile/school-list/essay/resume/recommendation UI or approved import,"no inferred first-party facts, no raw-user-ID default exports, no live notification send",,
537d7051a678e03b36c9b740,d4ca47731eb2f84b483ba976,execution,resume.none,create-resume,info,/resume,user_prompt,actionable,user,user-owned profile/school-list/essay/resume/recommendation UI or approved import,"no inferred first-party facts, no raw-user-ID default exports, no live notification send",,
ec07387bc845f209f12b56e1,b0b8366e5f846ce7de0391dc,execution,resume.none,create-resume,info,/resume,user_prompt,actionable,user,user-owned profile/school-list/essay/resume/recommendation UI or approved import,"no inferred first-party facts, no raw-user-ID default exports, no live notification send",,
fc95b7caba28567228c5453d,81d71d4eec8e8368e557e6ae,execution,resume.none,create-resume,info,/resume,user_prompt,actionable,user,user-owned profile/school-list/essay/resume/recommendation UI or approved import,"no inferred first-party facts, no raw-user-ID default exports, no live notification send",,
221a7eaaab2a62407db2b23a,b4b464f7720df53f14b4aeab,execution,resume.none,create-resume,info,/resume,user_prompt,actionable,user,user-owned profile/school-list/essay/resume/recommendation UI or approved import,"no inferred first-party facts, no raw-user-ID default exports, no live notification send",,
8756d49a67423d831126f9c7,5ef26fd15a7d94de95db760d,execution,resume.none,create-resume,info,/resume,user_prompt,actionable,user,user-owned profile/school-list/essay/resume/recommendation UI or approved import,"no inferred first-party facts, no raw-user-ID default exports, no live notification send",,
9ab04e7675e18d84ea1ea374,abd5622ea74cceed6dede107,execution,resume.none,create-resume,info,/resume,user_prompt,actionable,user,user-owned profile/school-list/essay/resume/recommendation UI or approved import,"no inferred first-party facts, no raw-user-ID default exports, no live notification send",,
f818e439b555d3d2d844fe71,2602385b62043a9e3025b517,execution,resume.none,create-resume,info,/resume,user_prompt,actionable,user,user-owned profile/school-list/essay/resume/recommendation UI or approved import,"no inferred first-party facts, no raw-user-ID default exports, no live notification send",,
d864a2017f74175e39130328,73e60992ad694dbf05d313f9,execution,resume.none,create-resume,info,/resume,user_prompt,actionable,user,user-owned profile/school-list/essay/resume/recommendation UI or approved import,"no inferred first-party facts, no raw-user-ID default exports, no live notification send",,
b58814f9c5d40c2cca9cd0ba,b22551ed28a844c40361f4c6,execution,resume.none,create-resume,info,/resume,user_prompt,actionable,user,user-owned profile/school-list/essay/resume/recommendation UI or approved import,"no inferred first-party facts, no raw-user-ID default exports, no live notification send",,
ea594aacc0071fab15e09640,8291c39c23e9854c77949587,execution,resume.none,create-resume,info,/resume,user_prompt,actionable,user,user-owned profile/school-list/essay/resume/recommendation UI or approved import,"no inferred first-party facts, no raw-user-ID default exports, no live notification send",,
4767e40f0ac5b61bc56681e6,66e28a97f69ea9177ec6e239,execution,resume.none,create-resume,info,/resume,user_prompt,actionable,user,user-owned profile/school-list/essay/resume/recommendation UI or approved import,"no inferred first-party facts, no raw-user-ID default exports, no live notification send",,
bb132178d629a66fc7aefd01,664f3a82867f761aa9082952,execution,resume.none,create-resume,info,/resume,user_prompt,actionable,user,user-owned profile/school-list/essay/resume/recommendation UI or approved import,"no inferred first-party facts, no raw-user-ID default exports, no live notification send",,
932efce71e173e4704914319,5e5ecc8d86964733a3bd9bfd,execution,resume.none,create-resume,info,/resume,user_prompt,actionable,user,user-owned profile/school-list/essay/resume/recommendation UI or approved import,"no inferred first-party facts, no raw-user-ID default exports, no live notification send",,
ec5bdd2b5351c8e584d3be8d,29ca348769849ba58b071162,execution,resume.none,create-resume,info,/resume,user_prompt,actionable,user,user-owned profile/school-list/essay/resume/recommendation UI or approved import,"no inferred first-party facts, no raw-user-ID default exports, no live notification send",,
28dc96231ed06b299208eff5,1134a45529007d06fa5d1edb,execution,resume.none,create-resume,info,/resume,user_prompt,actionable,user,user-owned profile/school-list/essay/resume/recommendation UI or approved import,"no inferred first-party facts, no raw-user-ID default exports, no live notification send",,
2c9771be6f35b5904dbbe14b,a254c6762b1623455829ff10,execution,resume.none,create-resume,info,/resume,user_prompt,actionable,user,user-owned profile/school-list/essay/resume/recommendation UI or approved import,"no inferred first-party facts, no raw-user-ID default exports, no live notification send",,
be69b9e0cebe6aec14a2ebf4,4b018ff55c5cb933a8af6b2d,execution,resume.none,create-resume,info,/resume,user_prompt,actionable,user,user-owned profile/school-list/essay/resume/recommendation UI or approved import,"no inferred first-party facts, no raw-user-ID default exports, no live notification send",,
3b8ce71113797c845bb872a3,e7aa36a405ca7979e329e87b,execution,resume.none,create-resume,info,/resume,user_prompt,actionable,user,user-owned profile/school-list/essay/resume/recommendation UI or approved import,"no inferred first-party facts, no raw-user-ID default exports, no live notification send",,
13d29e45f6794b8697671204,ca6c76c02fcc72e715d068d8,execution,resume.none,create-resume,info,/resume,user_prompt,actionable,user,user-owned profile/school-list/essay/resume/recommendation UI or approved import,"no inferred first-party facts, no raw-user-ID default exports, no live notification send",,
76ba6c9798c8630b641eee3f,a921641dc4b1526d1a01917b,execution,resume.none,create-resume,info,/resume,user_prompt,actionable,user,user-owned profile/school-list/essay/resume/recommendation UI or approved import,"no inferred first-party facts, no raw-user-ID default exports, no live notification send",,
62d24e8597a55a5a0a4fd2d7,ebdd5efd8dc0fc61274cd467,execution,resume.none,create-resume,info,/resume,user_prompt,actionable,user,user-owned profile/school-list/essay/resume/recommendation UI or approved import,"no inferred first-party facts, no raw-user-ID default exports, no live notification send",,
8ba8880892cf6b4d1a83a00f,8810301b97ae49e59d07d6de,execution,resume.none,create-resume,info,/resume,user_prompt,actionable,user,user-owned profile/school-list/essay/resume/recommendation UI or approved import,"no inferred first-party facts, no raw-user-ID default exports, no live notification send",,
71f206d1ac1510c3461c3f62,11234b2e38f9b1bb49207612,execution,resume.none,create-resume,info,/resume,user_prompt,actionable,user,user-owned profile/school-list/essay/resume/recommendation UI or approved import,"no inferred first-party facts, no raw-user-ID default exports, no live notification send",,
7683420873a4efd6953dc8b0,dfd2712d91a9b6b52cd7a939,execution,resume.none,create-resume,info,/resume,user_prompt,actionable,user,user-owned profile/school-list/essay/resume/recommendation UI or approved import,"no inferred first-party facts, no raw-user-ID default exports, no live notification send",,
ca22acb9dcd7763d46df7db9,f13448c63795d2838ae3d3aa,execution,resume.none,create-resume,info,/resume,user_prompt,actionable,user,user-owned profile/school-list/essay/resume/recommendation UI or approved import,"no inferred first-party facts, no raw-user-ID default exports, no live notification send",,
3775406187707a6591ba5ffd,47846ee95cac0b56ae45d5f1,execution,resume.none,create-resume,info,/resume,user_prompt,actionable,user,user-owned profile/school-list/essay/resume/recommendation UI or approved import,"no inferred first-party facts, no raw-user-ID default exports, no live notification send",,
d0d761906a40b0af30dec88f,b1cf8f9202fac78805196f3b,execution,resume.none,create-resume,info,/resume,user_prompt,actionable,user,user-owned profile/school-list/essay/resume/recommendation UI or approved import,"no inferred first-party facts, no raw-user-ID default exports, no live notification send",,
fb0a159aa3969317733f50df,5d3f54ea3a1fd9d4e94e719a,execution,resume.none,create-resume,info,/resume,user_prompt,actionable,user,user-owned profile/school-list/essay/resume/recommendation UI or approved import,"no inferred first-party facts, no raw-user-ID default exports, no live notification send",,
c5afca47c781c4069ed80f5e,56d95fc96f640bc7aeee88cb,execution,resume.none,create-resume,info,/resume,user_prompt,actionable,user,user-owned profile/school-list/essay/resume/recommendation UI or approved import,"no inferred first-party facts, no raw-user-ID default exports, no live notification send",,
0efe95a39b123e55e09226e0,f9bb2679f3487a696a06b36a,execution,resume.none,create-resume,info,/resume,user_prompt,actionable,user,user-owned profile/school-list/essay/resume/recommendation UI or approved import,"no inferred first-party facts, no raw-user-ID default exports, no live notification send",,
ba758da9fffbee1f2fa7988b,f208d7e70269a7fceebf86e6,execution,resume.none,create-resume,info,/resume,user_prompt,actionable,user,user-owned profile/school-list/essay/resume/recommendation UI or approved import,"no inferred first-party facts, no raw-user-ID default exports, no live notification send",,
594aeee3f872c97407a3fa6b,c086fb2c4e41afde6c957741,execution,resume.none,create-resume,info,/resume,user_prompt,actionable,user,user-owned profile/school-list/essay/resume/recommendation UI or approved import,"no inferred first-party facts, no raw-user-ID default exports, no live notification send",,
b2f12af5f1e42440fc153d6e,a6269d71b6b9bc7677fdc2b8,execution,resume.none,create-resume,info,/resume,user_prompt,actionable,user,user-owned profile/school-list/essay/resume/recommendation UI or approved import,"no inferred first-party facts, no raw-user-ID default exports, no live notification send",,
2b751a04c67db0dca7fa08a4,5a2eff24f6f702dba34dcfbd,execution,resume.none,create-resume,info,/resume,user_prompt,actionable,user,user-owned profile/school-list/essay/resume/recommendation UI or approved import,"no inferred first-party facts, no raw-user-ID default exports, no live notification send",,
fded1e82fc08fe3dc6ae0cd1,d66f3580bc3de0ae18c4f7e5,execution,resume.none,create-resume,info,/resume,user_prompt,actionable,user,user-owned profile/school-list/essay/resume/recommendation UI or approved import,"no inferred first-party facts, no raw-user-ID default exports, no live notification send",,
250fca2cca79498b8adb85d5,c61f474baaa4287019176258,execution,resume.none,create-resume,info,/resume,user_prompt,actionable,user,user-owned profile/school-list/essay/resume/recommendation UI or approved import,"no inferred first-party facts, no raw-user-ID default exports, no live notification send",,
884f830c5b488579180240c5,09c971b1ecd35e79c613eb01,execution,resume.none,create-resume,info,/resume,user_prompt,actionable,user,user-owned profile/school-list/essay/resume/recommendation UI or approved import,"no inferred first-party facts, no raw-user-ID default exports, no live notification send",,
275fa235308941e5b34bf533,725fbe1f451b243357adf7f7,execution,resume.none,create-resume,info,/resume,user_prompt,actionable,user,user-owned profile/school-list/essay/resume/recommendation UI or approved import,"no inferred first-party facts, no raw-user-ID default exports, no live notification send",,
5ee97a356715221e98f9c639,58e2caf341a159648f757afd,execution,resume.none,create-resume,info,/resume,user_prompt,actionable,user,user-owned profile/school-list/essay/resume/recommendation UI or approved import,"no inferred first-party facts, no raw-user-ID default exports, no live notification send",,
cb9b132eeddc10f94b979c2e,af92366e7a726386d26d71f6,execution,resume.none,create-resume,info,/resume,user_prompt,actionable,user,user-owned profile/school-list/essay/resume/recommendation UI or approved import,"no inferred first-party facts, no raw-user-ID default exports, no live notification send",,
24c560feccafbe9e5437a7d0,b232d4e859eba8b5885ca2ea,execution,resume.none,create-resume,info,/resume,user_prompt,actionable,user,user-owned profile/school-list/essay/resume/recommendation UI or approved import,"no inferred first-party facts, no raw-user-ID default exports, no live notification send",,
512c48945909b3dbdcdb13e0,ece29a121b7c586fd55c0a35,profile,profile.activities.template_unmatched,match-activity-template,info,/profile?tab=activities,operator_review,review,operator,admin review queue or curated taxonomy/source review workflow,"no inferred first-party facts, no raw-user-ID default exports, no live notification send",,
2549a054d26c072e1f24875d,c0fe75cbaace613d95671805,profile,profile.activities.template_unmatched,match-activity-template,info,/profile?tab=activities,operator_review,review,operator,admin review queue or curated taxonomy/source review workflow,"no inferred first-party facts, no raw-user-ID default exports, no live notification send",,
e900590c8a7e36fed4f64a6a,a2355ecc8a5e0539796846c5,profile,profile.activities.template_unmatched,match-activity-template,info,/profile?tab=activities,operator_review,review,operator,admin review queue or curated taxonomy/source review workflow,"no inferred first-party facts, no raw-user-ID default exports, no live notification send",,
5b52e284c2ace420f6ed814e,ced9165c2e98fcdec2379ee0,profile,profile.activities.template_unmatched,match-activity-template,info,/profile?tab=activities,operator_review,review,operator,admin review queue or curated taxonomy/source review workflow,"no inferred first-party facts, no raw-user-ID default exports, no live notification send",,
10099eba9d109a63a19020a6,6034f3cefdfecfde684cecd2,profile,profile.activities.template_unmatched,match-activity-template,info,/profile?tab=activities,operator_review,review,operator,admin review queue or curated taxonomy/source review workflow,"no inferred first-party facts, no raw-user-ID default exports, no live notification send",,
10fb2dfb844981c02811a133,d371c1928c3551c373ce2ce9,profile,profile.activities.template_unmatched,match-activity-template,info,/profile?tab=activities,operator_review,review,operator,admin review queue or curated taxonomy/source review workflow,"no inferred first-party facts, no raw-user-ID default exports, no live notification send",,
2608ddcf431f38826e25187a,3b51f469eb8b9e1ec640b363,profile,profile.activities.template_unmatched,match-activity-template,info,/profile?tab=activities,operator_review,review,operator,admin review queue or curated taxonomy/source review workflow,"no inferred first-party facts, no raw-user-ID default exports, no live notification send",,
5d019fa7673644c8239f80dc,e556b9d3eadfdc181ad72b25,profile,profile.activities.template_unmatched,match-activity-template,info,/profile?tab=activities,operator_review,review,operator,admin review queue or curated taxonomy/source review workflow,"no inferred first-party facts, no raw-user-ID default exports, no live notification send",,
25b70574d5d19f55f18b9af0,de80ccc3056a33c25b5e1458,profile,profile.activities.template_unmatched,match-activity-template,info,/profile?tab=activities,operator_review,review,operator,admin review queue or curated taxonomy/source review workflow,"no inferred first-party facts, no raw-user-ID default exports, no live notification send",,
9c2324b1105ec62ddc3e4c09,34d97678b50b2bdfce257578,profile,profile.activities.template_unmatched,match-activity-template,info,/profile?tab=activities,operator_review,review,operator,admin review queue or curated taxonomy/source review workflow,"no inferred first-party facts, no raw-user-ID default exports, no live notification send",,
6585419ab37bc1d1c2825ea9,5602123b748fdb29970e4ac5,profile,profile.activities.template_unmatched,match-activity-template,info,/profile?tab=activities,operator_review,review,operator,admin review queue or curated taxonomy/source review workflow,"no inferred first-party facts, no raw-user-ID default exports, no live notification send",,
12d307e8e32c43d434b62e96,ebecc87f165ed5580a33c97b,profile,profile.activities.template_unmatched,match-activity-template,info,/profile?tab=activities,operator_review,review,operator,admin review queue or curated taxonomy/source review workflow,"no inferred first-party facts, no raw-user-ID default exports, no live notification send",,
2148efd0597e0e9ad6a2f00c,43272c2ba686df45954e071c,profile,profile.activities.template_unmatched,match-activity-template,info,/profile?tab=activities,operator_review,review,operator,admin review queue or curated taxonomy/source review workflow,"no inferred first-party facts, no raw-user-ID default exports, no live notification send",,
a1011c5137576f4bfcfebd38,058cf56df913b18b72c6ac06,profile,profile.activities.template_unmatched,match-activity-template,info,/profile?tab=activities,operator_review,review,operator,admin review queue or curated taxonomy/source review workflow,"no inferred first-party facts, no raw-user-ID default exports, no live notification send",,
24c560feccafbe9e5437a7d0,b232d4e859eba8b5885ca2ea,profile,profile.activities.template_unmatched,match-activity-template,info,/profile?tab=activities,operator_review,review,operator,admin review queue or curated taxonomy/source review workflow,"no inferred first-party facts, no raw-user-ID default exports, no live notification send",,
2490a32a79e2f5d477910b91,a0e8278aa36c1b14956029fa,profile,profile.awards,prompt-user,info,/profile?tab=awards,user_prompt,actionable,user,user-owned profile/school-list/essay/resume/recommendation UI or approved import,"no inferred first-party facts, no raw-user-ID default exports, no live notification send",,
de8d658ab7cdae3ed3655250,0f66eb06f118aac87e34c39b,profile,profile.awards,prompt-user,info,/profile?tab=awards,user_prompt,actionable,user,user-owned profile/school-list/essay/resume/recommendation UI or approved import,"no inferred first-party facts, no raw-user-ID default exports, no live notification send",,
9850f766b798fb314028fe48,8a585ea0795c92a31a7b4137,profile,profile.awards,prompt-user,info,/profile?tab=awards,user_prompt,actionable,user,user-owned profile/school-list/essay/resume/recommendation UI or approved import,"no inferred first-party facts, no raw-user-ID default exports, no live notification send",,
5f50681fa629e6bd746621ec,75726397c344acd00970ed29,profile,profile.awards,prompt-user,info,/profile?tab=awards,user_prompt,actionable,user,user-owned profile/school-list/essay/resume/recommendation UI or approved import,"no inferred first-party facts, no raw-user-ID default exports, no live notification send",,
851af7ce145d7cd3d61bc5e2,4b3718bb0c2ec144e8e60681,profile,profile.awards,prompt-user,info,/profile?tab=awards,user_prompt,actionable,user,user-owned profile/school-list/essay/resume/recommendation UI or approved import,"no inferred first-party facts, no raw-user-ID default exports, no live notification send",,
6e8558adc9bebd439177cf41,d0a25382830bf925ddb6a711,profile,profile.awards,prompt-user,info,/profile?tab=awards,user_prompt,actionable,user,user-owned profile/school-list/essay/resume/recommendation UI or approved import,"no inferred first-party facts, no raw-user-ID default exports, no live notification send",,
df464bfd30618095683eb575,97618134d6be63b45dc3116f,profile,profile.awards,prompt-user,info,/profile?tab=awards,user_prompt,actionable,user,user-owned profile/school-list/essay/resume/recommendation UI or approved import,"no inferred first-party facts, no raw-user-ID default exports, no live notification send",,
df5585906015fd0358d5de0d,dcf4f4031d77be3f6b4c28cb,profile,profile.awards,prompt-user,info,/profile?tab=awards,user_prompt,actionable,user,user-owned profile/school-list/essay/resume/recommendation UI or approved import,"no inferred first-party facts, no raw-user-ID default exports, no live notification send",,
4a070e6ff84a1f2e291a113f,5e068c8dc7b4c890cd028525,profile,profile.awards,prompt-user,info,/profile?tab=awards,user_prompt,actionable,user,user-owned profile/school-list/essay/resume/recommendation UI or approved import,"no inferred first-party facts, no raw-user-ID default exports, no live notification send",,
933c8fbcf844473497664ebc,a080791fc5afd2fd65717791,profile,profile.awards,prompt-user,info,/profile?tab=awards,user_prompt,actionable,user,user-owned profile/school-list/essay/resume/recommendation UI or approved import,"no inferred first-party facts, no raw-user-ID default exports, no live notification send",,
b9080384f5e48931d9672942,dfbdb1bfb5ba2e55947ffacb,profile,profile.awards,prompt-user,info,/profile?tab=awards,user_prompt,actionable,user,user-owned profile/school-list/essay/resume/recommendation UI or approved import,"no inferred first-party facts, no raw-user-ID default exports, no live notification send",,
2ba9ae2789a823fff9e99e40,fa17461feb2a296bf410fd51,profile,profile.awards,prompt-user,info,/profile?tab=awards,user_prompt,actionable,user,user-owned profile/school-list/essay/resume/recommendation UI or approved import,"no inferred first-party facts, no raw-user-ID default exports, no live notification send",,
e523653fa42814ef3eadc5e2,3c9553d15ae84cd029f9a45e,profile,profile.awards,prompt-user,info,/profile?tab=awards,user_prompt,actionable,user,user-owned profile/school-list/essay/resume/recommendation UI or approved import,"no inferred first-party facts, no raw-user-ID default exports, no live notification send",,
548e347fbdaf43be08e93286,d34e7c86d1fe4b4e4f3dd8b5,profile,profile.awards,prompt-user,info,/profile?tab=awards,user_prompt,actionable,user,user-owned profile/school-list/essay/resume/recommendation UI or approved import,"no inferred first-party facts, no raw-user-ID default exports, no live notification send",,
4a9a5325fca32ac5aa4d26c1,41987896ad3e2c2b584d8822,profile,profile.awards,prompt-user,info,/profile?tab=awards,user_prompt,actionable,user,user-owned profile/school-list/essay/resume/recommendation UI or approved import,"no inferred first-party facts, no raw-user-ID default exports, no live notification send",,
a17521d2860dea1a7b772a50,4d80d091ce6c3c3bbfb73020,profile,profile.awards,prompt-user,info,/profile?tab=awards,user_prompt,actionable,user,user-owned profile/school-list/essay/resume/recommendation UI or approved import,"no inferred first-party facts, no raw-user-ID default exports, no live notification send",,
239876530e8400c075556f29,a371d99e7990b1712ac0d07f,profile,profile.awards,prompt-user,info,/profile?tab=awards,user_prompt,actionable,user,user-owned profile/school-list/essay/resume/recommendation UI or approved import,"no inferred first-party facts, no raw-user-ID default exports, no live notification send",,
8fc27fe02716e3c77f4c9217,9111330cde59a737a7fbe9d2,profile,profile.awards,prompt-user,info,/profile?tab=awards,user_prompt,actionable,user,user-owned profile/school-list/essay/resume/recommendation UI or approved import,"no inferred first-party facts, no raw-user-ID default exports, no live notification send",,
3315de3a8f38e51c6e718bd4,6596f538050d130001eb66fd,profile,profile.awards,prompt-user,info,/profile?tab=awards,user_prompt,actionable,user,user-owned profile/school-list/essay/resume/recommendation UI or approved import,"no inferred first-party facts, no raw-user-ID default exports, no live notification send",,
81693f3a9d0880c99db5d8eb,f8576ed8705f4e1a21c111d4,profile,profile.awards,prompt-user,info,/profile?tab=awards,user_prompt,actionable,user,user-owned profile/school-list/essay/resume/recommendation UI or approved import,"no inferred first-party facts, no raw-user-ID default exports, no live notification send",,
42911f743ee6aec754611f0a,8cbd0cb44e65485bb14e40b4,profile,profile.awards,prompt-user,info,/profile?tab=awards,user_prompt,actionable,user,user-owned profile/school-list/essay/resume/recommendation UI or approved import,"no inferred first-party facts, no raw-user-ID default exports, no live notification send",,
a3528862a20f112072f07dec,16ce403f5cdd5ce323d7d56a,profile,profile.awards,prompt-user,info,/profile?tab=awards,user_prompt,actionable,user,user-owned profile/school-list/essay/resume/recommendation UI or approved import,"no inferred first-party facts, no raw-user-ID default exports, no live notification send",,
e510af0c8def66fed7a41269,07b560c00ebbeae89757ba92,profile,profile.awards,prompt-user,info,/profile?tab=awards,user_prompt,actionable,user,user-owned profile/school-list/essay/resume/recommendation UI or approved import,"no inferred first-party facts, no raw-user-ID default exports, no live notification send",,
8a25c91ceddfae6e4160c58e,23f48cbbd8bb302d47877816,profile,profile.awards,prompt-user,info,/profile?tab=awards,user_prompt,actionable,user,user-owned profile/school-list/essay/resume/recommendation UI or approved import,"no inferred first-party facts, no raw-user-ID default exports, no live notification send",,
f0c8fe12bebd09636b7cd4a6,f3198e3d4b8dfbe1dc7ef401,profile,profile.awards,prompt-user,info,/profile?tab=awards,user_prompt,actionable,user,user-owned profile/school-list/essay/resume/recommendation UI or approved import,"no inferred first-party facts, no raw-user-ID default exports, no live notification send",,
448f80c986e8da56dc55d7ce,d8b66d7a77fb0898c274f016,profile,profile.awards,prompt-user,info,/profile?tab=awards,user_prompt,actionable,user,user-owned profile/school-list/essay/resume/recommendation UI or approved import,"no inferred first-party facts, no raw-user-ID default exports, no live notification send",,
3189c565a909046c4fd6a3e3,4d3c3bd653a94add62332ca7,profile,profile.awards,prompt-user,info,/profile?tab=awards,user_prompt,actionable,user,user-owned profile/school-list/essay/resume/recommendation UI or approved import,"no inferred first-party facts, no raw-user-ID default exports, no live notification send",,
969f0a6da6dcccc818b2d053,349b11a3f796ddd02fac5df4,profile,profile.awards,prompt-user,info,/profile?tab=awards,user_prompt,actionable,user,user-owned profile/school-list/essay/resume/recommendation UI or approved import,"no inferred first-party facts, no raw-user-ID default exports, no live notification send",,
886a1ffc2b7eafe348230a62,496c4289233f7686705eb9cc,profile,profile.awards,prompt-user,info,/profile?tab=awards,user_prompt,actionable,user,user-owned profile/school-list/essay/resume/recommendation UI or approved import,"no inferred first-party facts, no raw-user-ID default exports, no live notification send",,
e806e3691e6e2df024691a2b,792185c76419227985fe39c6,profile,profile.awards,prompt-user,info,/profile?tab=awards,user_prompt,actionable,user,user-owned profile/school-list/essay/resume/recommendation UI or approved import,"no inferred first-party facts, no raw-user-ID default exports, no live notification send",,
12e0eebeeec38d62e5a0d3d4,e68a34176110a03fb1b0e1a7,profile,profile.awards,prompt-user,info,/profile?tab=awards,user_prompt,actionable,user,user-owned profile/school-list/essay/resume/recommendation UI or approved import,"no inferred first-party facts, no raw-user-ID default exports, no live notification send",,
91a70d5fa0ff8d12a86e2a5a,cc19790a20627dcf671b0696,profile,profile.awards,prompt-user,info,/profile?tab=awards,user_prompt,actionable,user,user-owned profile/school-list/essay/resume/recommendation UI or approved import,"no inferred first-party facts, no raw-user-ID default exports, no live notification send",,
8fc1697c15092a2b07926f70,9268bb2df1ae7eb423b40e68,profile,profile.awards,prompt-user,info,/profile?tab=awards,user_prompt,actionable,user,user-owned profile/school-list/essay/resume/recommendation UI or approved import,"no inferred first-party facts, no raw-user-ID default exports, no live notification send",,
0d909a631e8a38aba39711eb,a39a015fb33b59dab1e79583,profile,profile.awards,prompt-user,info,/profile?tab=awards,user_prompt,actionable,user,user-owned profile/school-list/essay/resume/recommendation UI or approved import,"no inferred first-party facts, no raw-user-ID default exports, no live notification send",,
3312c3fbbc5f925503c23541,70a9eda088b1d81c8c2c6710,profile,profile.awards,prompt-user,info,/profile?tab=awards,user_prompt,actionable,user,user-owned profile/school-list/essay/resume/recommendation UI or approved import,"no inferred first-party facts, no raw-user-ID default exports, no live notification send",,
951efa9a78747fd1f702a582,e7f17db1b3d37787f764e825,profile,profile.awards,prompt-user,info,/profile?tab=awards,user_prompt,actionable,user,user-owned profile/school-list/essay/resume/recommendation UI or approved import,"no inferred first-party facts, no raw-user-ID default exports, no live notification send",,
9ce8b002b8c6978d1d50ca34,296c586ab4f761371e0cbf88,profile,profile.awards,prompt-user,info,/profile?tab=awards,user_prompt,actionable,user,user-owned profile/school-list/essay/resume/recommendation UI or approved import,"no inferred first-party facts, no raw-user-ID default exports, no live notification send",,
a5ce79e3ee65a9b900b1d3ec,6ad354ae95ed116979f53605,profile,profile.awards,prompt-user,info,/profile?tab=awards,user_prompt,actionable,user,user-owned profile/school-list/essay/resume/recommendation UI or approved import,"no inferred first-party facts, no raw-user-ID default exports, no live notification send",,
8acb1d168ae7de069f4d5d41,c2fb04257a3dbfd64ef42235,profile,profile.awards,prompt-user,info,/profile?tab=awards,user_prompt,actionable,user,user-owned profile/school-list/essay/resume/recommendation UI or approved import,"no inferred first-party facts, no raw-user-ID default exports, no live notification send",,
79637912dce7f904c64328bb,063b024d5235f2864bf7976b,profile,profile.awards,prompt-user,info,/profile?tab=awards,user_prompt,actionable,user,user-owned profile/school-list/essay/resume/recommendation UI or approved import,"no inferred first-party facts, no raw-user-ID default exports, no live notification send",,
1b509e80303bfb72347c7122,a69f207d386676eb5d4c6068,profile,profile.awards,prompt-user,info,/profile?tab=awards,user_prompt,actionable,user,user-owned profile/school-list/essay/resume/recommendation UI or approved import,"no inferred first-party facts, no raw-user-ID default exports, no live notification send",,
ca2ccfb1838fd1cd9b1b428a,0dd5690ef245b29c752978ab,profile,profile.awards,prompt-user,info,/profile?tab=awards,user_prompt,actionable,user,user-owned profile/school-list/essay/resume/recommendation UI or approved import,"no inferred first-party facts, no raw-user-ID default exports, no live notification send",,
d4f1ee39fe1a2af08fbd5161,6bd54dc4b93df493e735968f,profile,profile.awards,prompt-user,info,/profile?tab=awards,user_prompt,actionable,user,user-owned profile/school-list/essay/resume/recommendation UI or approved import,"no inferred first-party facts, no raw-user-ID default exports, no live notification send",,
062118d350b761fdd04aa833,4447d4720fb09d0cf9f974b1,profile,profile.awards,prompt-user,info,/profile?tab=awards,user_prompt,actionable,user,user-owned profile/school-list/essay/resume/recommendation UI or approved import,"no inferred first-party facts, no raw-user-ID default exports, no live notification send",,
e36192e1857a30c62f9c8a38,1e02ca5c816e125387e943ea,profile,profile.awards,prompt-user,info,/profile?tab=awards,user_prompt,actionable,user,user-owned profile/school-list/essay/resume/recommendation UI or approved import,"no inferred first-party facts, no raw-user-ID default exports, no live notification send",,
4a216ad9b35ebe5103f8526b,c4f622849d37b4b65dec3cec,profile,profile.awards,prompt-user,info,/profile?tab=awards,user_prompt,actionable,user,user-owned profile/school-list/essay/resume/recommendation UI or approved import,"no inferred first-party facts, no raw-user-ID default exports, no live notification send",,
69ece4fe3e5b32f6470b9361,73c05ab78066f89172cd4600,profile,profile.awards,prompt-user,info,/profile?tab=awards,user_prompt,actionable,user,user-owned profile/school-list/essay/resume/recommendation UI or approved import,"no inferred first-party facts, no raw-user-ID default exports, no live notification send",,
c55a37df2b2958e3ddc0868f,fb3adf3bf3209373369bc84f,profile,profile.awards,prompt-user,info,/profile?tab=awards,user_prompt,actionable,user,user-owned profile/school-list/essay/resume/recommendation UI or approved import,"no inferred first-party facts, no raw-user-ID default exports, no live notification send",,
5787255212e567a3fd4aef81,bc8c05acbe1509e433fc0da5,profile,profile.awards,prompt-user,info,/profile?tab=awards,user_prompt,actionable,user,user-owned profile/school-list/essay/resume/recommendation UI or approved import,"no inferred first-party facts, no raw-user-ID default exports, no live notification send",,
d093f57d658870c61d5a8e9d,ce94abf53f14f5538a81eb16,profile,profile.awards,prompt-user,info,/profile?tab=awards,user_prompt,actionable,user,user-owned profile/school-list/essay/resume/recommendation UI or approved import,"no inferred first-party facts, no raw-user-ID default exports, no live notification send",,
b87b213f6a58cc8a8a77c7ac,bfaf9aaee511da1bf287d36d,profile,profile.awards,prompt-user,info,/profile?tab=awards,user_prompt,actionable,user,user-owned profile/school-list/essay/resume/recommendation UI or approved import,"no inferred first-party facts, no raw-user-ID default exports, no live notification send",,
d70ffb08141d2abc371fc479,c52984e73ed2bb9d78b61972,profile,profile.awards,prompt-user,info,/profile?tab=awards,user_prompt,actionable,user,user-owned profile/school-list/essay/resume/recommendation UI or approved import,"no inferred first-party facts, no raw-user-ID default exports, no live notification send",,
9e902d09622c77bbe415a5f5,ebfe5890a319bc7c8c093b53,profile,profile.awards,prompt-user,info,/profile?tab=awards,user_prompt,actionable,user,user-owned profile/school-list/essay/resume/recommendation UI or approved import,"no inferred first-party facts, no raw-user-ID default exports, no live notification send",,
dd209784cbd3a7c37798dc81,95d691e906c76381adfe1a28,profile,profile.awards,prompt-user,info,/profile?tab=awards,user_prompt,actionable,user,user-owned profile/school-list/essay/resume/recommendation UI or approved import,"no inferred first-party facts, no raw-user-ID default exports, no live notification send",,
2058d7d3635541be9a81154d,58f91b77e67fbf46457a44bb,profile,profile.awards,prompt-user,info,/profile?tab=awards,user_prompt,actionable,user,user-owned profile/school-list/essay/resume/recommendation UI or approved import,"no inferred first-party facts, no raw-user-ID default exports, no live notification send",,
9c6f0258b7fd5c44ef788167,9c2fbbe0254b2440de64a955,profile,profile.awards,prompt-user,info,/profile?tab=awards,user_prompt,actionable,user,user-owned profile/school-list/essay/resume/recommendation UI or approved import,"no inferred first-party facts, no raw-user-ID default exports, no live notification send",,
e42b6750ab4ffde56312f465,c6d4f92a18ba12e55a77424f,profile,profile.awards,prompt-user,info,/profile?tab=awards,user_prompt,actionable,user,user-owned profile/school-list/essay/resume/recommendation UI or approved import,"no inferred first-party facts, no raw-user-ID default exports, no live notification send",,
508a6407c4ffc3bc4552ed30,a03881962cac9def370b6ddf,profile,profile.awards,prompt-user,info,/profile?tab=awards,user_prompt,actionable,user,user-owned profile/school-list/essay/resume/recommendation UI or approved import,"no inferred first-party facts, no raw-user-ID default exports, no live notification send",,
9fa02cb61bc3fad3b4609874,2521ef574f16719cfd342be4,profile,profile.awards,prompt-user,info,/profile?tab=awards,user_prompt,actionable,user,user-owned profile/school-list/essay/resume/recommendation UI or approved import,"no inferred first-party facts, no raw-user-ID default exports, no live notification send",,
1567868f57d48287128edcf2,bd5e7f1d9b2843a6c0ee281a,profile,profile.awards,prompt-user,info,/profile?tab=awards,user_prompt,actionable,user,user-owned profile/school-list/essay/resume/recommendation UI or approved import,"no inferred first-party facts, no raw-user-ID default exports, no live notification send",,
b5fa781fa1986e1165fdf9eb,d251e7b1a615c97aeb975753,profile,profile.awards,prompt-user,info,/profile?tab=awards,user_prompt,actionable,user,user-owned profile/school-list/essay/resume/recommendation UI or approved import,"no inferred first-party facts, no raw-user-ID default exports, no live notification send",,
0e675c04d379ac1f90bbb169,fa20510c8b2ca4eb06c9a50c,profile,profile.awards,prompt-user,info,/profile?tab=awards,user_prompt,actionable,user,user-owned profile/school-list/essay/resume/recommendation UI or approved import,"no inferred first-party facts, no raw-user-ID default exports, no live notification send",,
5d3f29c52332ccba6c3b64f6,38d8d2c6f2f414c01de125ae,profile,profile.awards,prompt-user,info,/profile?tab=awards,user_prompt,actionable,user,user-owned profile/school-list/essay/resume/recommendation UI or approved import,"no inferred first-party facts, no raw-user-ID default exports, no live notification send",,
0c46702af3ee822c715f3e93,7965d9f2065d1560654b7cb0,profile,profile.awards,prompt-user,info,/profile?tab=awards,user_prompt,actionable,user,user-owned profile/school-list/essay/resume/recommendation UI or approved import,"no inferred first-party facts, no raw-user-ID default exports, no live notification send",,
9db4da165fe7fcc3c4db12e8,e487699478e5852a01f5452f,profile,profile.awards,prompt-user,info,/profile?tab=awards,user_prompt,actionable,user,user-owned profile/school-list/essay/resume/recommendation UI or approved import,"no inferred first-party facts, no raw-user-ID default exports, no live notification send",,
26c843e5a4d548cb297a9373,cf2f3ed14657bb4361b52fd6,profile,profile.awards,prompt-user,info,/profile?tab=awards,user_prompt,actionable,user,user-owned profile/school-list/essay/resume/recommendation UI or approved import,"no inferred first-party facts, no raw-user-ID default exports, no live notification send",,
71644d88f2997836f3ee404b,85e17e886ea8574404bf06db,profile,profile.awards,prompt-user,info,/profile?tab=awards,user_prompt,actionable,user,user-owned profile/school-list/essay/resume/recommendation UI or approved import,"no inferred first-party facts, no raw-user-ID default exports, no live notification send",,
d2fd6d977c19a8de68eb2558,fe94fbe339152aa569845a88,profile,profile.awards,prompt-user,info,/profile?tab=awards,user_prompt,actionable,user,user-owned profile/school-list/essay/resume/recommendation UI or approved import,"no inferred first-party facts, no raw-user-ID default exports, no live notification send",,
5b0b5ce61f0ad24c1899feaf,b2a7f5b361f3945fd310ea56,profile,profile.awards,prompt-user,info,/profile?tab=awards,user_prompt,actionable,user,user-owned profile/school-list/essay/resume/recommendation UI or approved import,"no inferred first-party facts, no raw-user-ID default exports, no live notification send",,
0a831f39a7dd6923b9265de2,d1874f5f3ea1962396aad74a,profile,profile.awards,prompt-user,info,/profile?tab=awards,user_prompt,actionable,user,user-owned profile/school-list/essay/resume/recommendation UI or approved import,"no inferred first-party facts, no raw-user-ID default exports, no live notification send",,
c995ff23490bd159cd17004a,4aa923a4eb4b0a7a0517f4d7,profile,profile.awards,prompt-user,info,/profile?tab=awards,user_prompt,actionable,user,user-owned profile/school-list/essay/resume/recommendation UI or approved import,"no inferred first-party facts, no raw-user-ID default exports, no live notification send",,
4a3449b94acfb2a0a4b5b09c,fc8de225b3758553b9a21a1c,profile,profile.awards,prompt-user,info,/profile?tab=awards,user_prompt,actionable,user,user-owned profile/school-list/essay/resume/recommendation UI or approved import,"no inferred first-party facts, no raw-user-ID default exports, no live notification send",,
8b502d6fb2b2b71ef9d7c9cb,8cf79915c1b2f6db7f7f87c8,profile,profile.awards,prompt-user,info,/profile?tab=awards,user_prompt,actionable,user,user-owned profile/school-list/essay/resume/recommendation UI or approved import,"no inferred first-party facts, no raw-user-ID default exports, no live notification send",,
8288dc7458f9bcfab0d8f5c1,4a7a185008b7cd5c390feab9,profile,profile.awards,prompt-user,info,/profile?tab=awards,user_prompt,actionable,user,user-owned profile/school-list/essay/resume/recommendation UI or approved import,"no inferred first-party facts, no raw-user-ID default exports, no live notification send",,
1a6373e10bb3d32541b2b910,6410c2cd545b51f5356a95f4,profile,profile.awards,prompt-user,info,/profile?tab=awards,user_prompt,actionable,user,user-owned profile/school-list/essay/resume/recommendation UI or approved import,"no inferred first-party facts, no raw-user-ID default exports, no live notification send",,
a42806d188acf56778ee03e4,1ebdd2eb05856ad6c7e49cb5,profile,profile.awards,prompt-user,info,/profile?tab=awards,user_prompt,actionable,user,user-owned profile/school-list/essay/resume/recommendation UI or approved import,"no inferred first-party facts, no raw-user-ID default exports, no live notification send",,
0b720f6a71b460ee78e3f24c,7c50be8cd9b86f4161ce3b98,profile,profile.awards,prompt-user,info,/profile?tab=awards,user_prompt,actionable,user,user-owned profile/school-list/essay/resume/recommendation UI or approved import,"no inferred first-party facts, no raw-user-ID default exports, no live notification send",,
98fd0a4139d0927132050b09,2e60959f4806bfb7683f3490,profile,profile.awards,prompt-user,info,/profile?tab=awards,user_prompt,actionable,user,user-owned profile/school-list/essay/resume/recommendation UI or approved import,"no inferred first-party facts, no raw-user-ID default exports, no live notification send",,
c94c0e8e423736a432090851,5a6f2932013b43747ade5b1f,profile,profile.awards,prompt-user,info,/profile?tab=awards,user_prompt,actionable,user,user-owned profile/school-list/essay/resume/recommendation UI or approved import,"no inferred first-party facts, no raw-user-ID default exports, no live notification send",,
f9677bfc218807bad05e7b70,11949a16f1db43597c6d0f92,profile,profile.awards,prompt-user,info,/profile?tab=awards,user_prompt,actionable,user,user-owned profile/school-list/essay/resume/recommendation UI or approved import,"no inferred first-party facts, no raw-user-ID default exports, no live notification send",,
4181e0d8adaac85ff9b43e87,d59507e40ccb28f60173f9de,profile,profile.awards,prompt-user,info,/profile?tab=awards,user_prompt,actionable,user,user-owned profile/school-list/essay/resume/recommendation UI or approved import,"no inferred first-party facts, no raw-user-ID default exports, no live notification send",,
e7a5fadf66d1c1078c000116,54e3559386c83d509f571358,profile,profile.awards,prompt-user,info,/profile?tab=awards,user_prompt,actionable,user,user-owned profile/school-list/essay/resume/recommendation UI or approved import,"no inferred first-party facts, no raw-user-ID default exports, no live notification send",,
68e2cf7a8654b3cc3a57c387,543d710eca3428966f38d56a,profile,profile.awards,prompt-user,info,/profile?tab=awards,user_prompt,actionable,user,user-owned profile/school-list/essay/resume/recommendation UI or approved import,"no inferred first-party facts, no raw-user-ID default exports, no live notification send",,
ca20d54d65873344887e703c,f8eb0f8d2a0b46422213d278,profile,profile.awards,prompt-user,info,/profile?tab=awards,user_prompt,actionable,user,user-owned profile/school-list/essay/resume/recommendation UI or approved import,"no inferred first-party facts, no raw-user-ID default exports, no live notification send",,
d3a5b22f99ebc24899d1a815,45c22784b65a384c6a000180,profile,profile.awards,prompt-user,info,/profile?tab=awards,user_prompt,actionable,user,user-owned profile/school-list/essay/resume/recommendation UI or approved import,"no inferred first-party facts, no raw-user-ID default exports, no live notification send",,
a59f8171573ae3240527a007,dfbe7fe65a6b231a96c2e35e,profile,profile.awards,prompt-user,info,/profile?tab=awards,user_prompt,actionable,user,user-owned profile/school-list/essay/resume/recommendation UI or approved import,"no inferred first-party facts, no raw-user-ID default exports, no live notification send",,
639404cd050915f86004b521,0d38b90390f3df3aacefa896,profile,profile.awards,prompt-user,info,/profile?tab=awards,user_prompt,actionable,user,user-owned profile/school-list/essay/resume/recommendation UI or approved import,"no inferred first-party facts, no raw-user-ID default exports, no live notification send",,
719ab878ec6ee832abf4c0d2,5226aad7a0fe017f473ec2cc,profile,profile.awards,prompt-user,info,/profile?tab=awards,user_prompt,actionable,user,user-owned profile/school-list/essay/resume/recommendation UI or approved import,"no inferred first-party facts, no raw-user-ID default exports, no live notification send",,
5f17570d0e0e70c661401153,a01a78948445bee28c9a5972,profile,profile.awards,prompt-user,info,/profile?tab=awards,user_prompt,actionable,user,user-owned profile/school-list/essay/resume/recommendation UI or approved import,"no inferred first-party facts, no raw-user-ID default exports, no live notification send",,
3cfe3d021c8f1b2f6025019b,5044e483734670dfe7970719,profile,profile.awards,prompt-user,info,/profile?tab=awards,user_prompt,actionable,user,user-owned profile/school-list/essay/resume/recommendation UI or approved import,"no inferred first-party facts, no raw-user-ID default exports, no live notification send",,
c215bc6352a411c7c66d7202,cacd870eeb7d1b0e305eb290,profile,profile.awards,prompt-user,info,/profile?tab=awards,user_prompt,actionable,user,user-owned profile/school-list/essay/resume/recommendation UI or approved import,"no inferred first-party facts, no raw-user-ID default exports, no live notification send",,
ce057dcdf01d9e6f54c1d459,1e829852654087633af81cc9,profile,profile.awards,prompt-user,info,/profile?tab=awards,user_prompt,actionable,user,user-owned profile/school-list/essay/resume/recommendation UI or approved import,"no inferred first-party facts, no raw-user-ID default exports, no live notification send",,
6a8b5fb4bfeffd3f01249866,2cb24ed9eb1c4d63364c1062,profile,profile.awards,prompt-user,info,/profile?tab=awards,user_prompt,actionable,user,user-owned profile/school-list/essay/resume/recommendation UI or approved import,"no inferred first-party facts, no raw-user-ID default exports, no live notification send",,
6bbf710638d3c79950ffc3fa,beffd80654a0a6e973061fe8,profile,profile.awards,prompt-user,info,/profile?tab=awards,user_prompt,actionable,user,user-owned profile/school-list/essay/resume/recommendation UI or approved import,"no inferred first-party facts, no raw-user-ID default exports, no live notification send",,
2dd6b788641cdde2a081887b,1d6edb174c5c4a79c3c6f597,profile,profile.awards,prompt-user,info,/profile?tab=awards,user_prompt,actionable,user,user-owned profile/school-list/essay/resume/recommendation UI or approved import,"no inferred first-party facts, no raw-user-ID default exports, no live notification send",,
71d0ab9def0bf16cf376727a,03099b7d7926de4915c2307b,profile,profile.awards,prompt-user,info,/profile?tab=awards,user_prompt,actionable,user,user-owned profile/school-list/essay/resume/recommendation UI or approved import,"no inferred first-party facts, no raw-user-ID default exports, no live notification send",,
feaaf14c5a09b562f250b4ee,18bc0def86f96dc9d8032cf4,profile,profile.awards,prompt-user,info,/profile?tab=awards,user_prompt,actionable,user,user-owned profile/school-list/essay/resume/recommendation UI or approved import,"no inferred first-party facts, no raw-user-ID default exports, no live notification send",,
6d13548d870a6d1cf3a8f337,d7aaa6f01de07ec58dbad0b1,profile,profile.awards,prompt-user,info,/profile?tab=awards,user_prompt,actionable,user,user-owned profile/school-list/essay/resume/recommendation UI or approved import,"no inferred first-party facts, no raw-user-ID default exports, no live notification send",,
01815f316b763e58e48118bd,dbe46853dd76ef0b3871ec47,profile,profile.awards,prompt-user,info,/profile?tab=awards,user_prompt,actionable,user,user-owned profile/school-list/essay/resume/recommendation UI or approved import,"no inferred first-party facts, no raw-user-ID default exports, no live notification send",,
e99a63d7bab49ff500686843,fc7b854dfad3986ab4c8774c,profile,profile.awards,prompt-user,info,/profile?tab=awards,user_prompt,actionable,user,user-owned profile/school-list/essay/resume/recommendation UI or approved import,"no inferred first-party facts, no raw-user-ID default exports, no live notification send",,
986e56fec255334e54e3d342,3ed490d913f577e9c15901bf,profile,profile.awards,prompt-user,info,/profile?tab=awards,user_prompt,actionable,user,user-owned profile/school-list/essay/resume/recommendation UI or approved import,"no inferred first-party facts, no raw-user-ID default exports, no live notification send",,
550d3608d821628afd081854,17b29a1e1cd753f82eaa0004,profile,profile.awards,prompt-user,info,/profile?tab=awards,user_prompt,actionable,user,user-owned profile/school-list/essay/resume/recommendation UI or approved import,"no inferred first-party facts, no raw-user-ID default exports, no live notification send",,
686098ae45ed0cf2c7a6bb51,fd1d6497725c7aaad7a3c196,profile,profile.awards,prompt-user,info,/profile?tab=awards,user_prompt,actionable,user,user-owned profile/school-list/essay/resume/recommendation UI or approved import,"no inferred first-party facts, no raw-user-ID default exports, no live notification send",,
2f3ed54bc4a4e4371b560799,e76b246b99503b0c07e399b2,profile,profile.awards,prompt-user,info,/profile?tab=awards,user_prompt,actionable,user,user-owned profile/school-list/essay/resume/recommendation UI or approved import,"no inferred first-party facts, no raw-user-ID default exports, no live notification send",,
3b24a69992609593175c52e9,f3e701ab37560748c10a7253,profile,profile.awards,prompt-user,info,/profile?tab=awards,user_prompt,actionable,user,user-owned profile/school-list/essay/resume/recommendation UI or approved import,"no inferred first-party facts, no raw-user-ID default exports, no live notification send",,
a5d28b6cd7c354a9134bac42,3b79fbe93e8d8a1ed167dc0a,profile,profile.awards,prompt-user,info,/profile?tab=awards,user_prompt,actionable,user,user-owned profile/school-list/essay/resume/recommendation UI or approved import,"no inferred first-party facts, no raw-user-ID default exports, no live notification send",,
d0b75f8fdb757d149ba23e47,2e09ae64ee08e9ba2ce897b9,profile,profile.awards,prompt-user,info,/profile?tab=awards,user_prompt,actionable,user,user-owned profile/school-list/essay/resume/recommendation UI or approved import,"no inferred first-party facts, no raw-user-ID default exports, no live notification send",,
cf359908d3f2d4850b8c638e,742f4af8d99ae2b8547ee0f7,profile,profile.awards,prompt-user,info,/profile?tab=awards,user_prompt,actionable,user,user-owned profile/school-list/essay/resume/recommendation UI or approved import,"no inferred first-party facts, no raw-user-ID default exports, no live notification send",,
693ddd0ca8621ee6302ce3e4,d9b3fb9bd8dce18ecc3b5ca2,profile,profile.awards,prompt-user,info,/profile?tab=awards,user_prompt,actionable,user,user-owned profile/school-list/essay/resume/recommendation UI or approved import,"no inferred first-party facts, no raw-user-ID default exports, no live notification send",,
537cd111095b2566f6ab727a,b7ff97a8390ad37c9766fde0,profile,profile.awards,prompt-user,info,/profile?tab=awards,user_prompt,actionable,user,user-owned profile/school-list/essay/resume/recommendation UI or approved import,"no inferred first-party facts, no raw-user-ID default exports, no live notification send",,
bbfcea10f79ca0413ac466db,07f3a6136cdbf56a4c381635,profile,profile.awards,prompt-user,info,/profile?tab=awards,user_prompt,actionable,user,user-owned profile/school-list/essay/resume/recommendation UI or approved import,"no inferred first-party facts, no raw-user-ID default exports, no live notification send",,
8920341f0eab10006614449e,fce4d766a1a7cf9683c269a7,profile,profile.awards,prompt-user,info,/profile?tab=awards,user_prompt,actionable,user,user-owned profile/school-list/essay/resume/recommendation UI or approved import,"no inferred first-party facts, no raw-user-ID default exports, no live notification send",,
c720349e2ce59d2437c3f21c,9aedc2f9488c04a6732f7256,profile,profile.awards,prompt-user,info,/profile?tab=awards,user_prompt,actionable,user,user-owned profile/school-list/essay/resume/recommendation UI or approved import,"no inferred first-party facts, no raw-user-ID default exports, no live notification send",,
537d7051a678e03b36c9b740,d4ca47731eb2f84b483ba976,profile,profile.awards,prompt-user,info,/profile?tab=awards,user_prompt,actionable,user,user-owned profile/school-list/essay/resume/recommendation UI or approved import,"no inferred first-party facts, no raw-user-ID default exports, no live notification send",,
ec07387bc845f209f12b56e1,b0b8366e5f846ce7de0391dc,profile,profile.awards,prompt-user,info,/profile?tab=awards,user_prompt,actionable,user,user-owned profile/school-list/essay/resume/recommendation UI or approved import,"no inferred first-party facts, no raw-user-ID default exports, no live notification send",,
fc95b7caba28567228c5453d,81d71d4eec8e8368e557e6ae,profile,profile.awards,prompt-user,info,/profile?tab=awards,user_prompt,actionable,user,user-owned profile/school-list/essay/resume/recommendation UI or approved import,"no inferred first-party facts, no raw-user-ID default exports, no live notification send",,
221a7eaaab2a62407db2b23a,b4b464f7720df53f14b4aeab,profile,profile.awards,prompt-user,info,/profile?tab=awards,user_prompt,actionable,user,user-owned profile/school-list/essay/resume/recommendation UI or approved import,"no inferred first-party facts, no raw-user-ID default exports, no live notification send",,
8756d49a67423d831126f9c7,5ef26fd15a7d94de95db760d,profile,profile.awards,prompt-user,info,/profile?tab=awards,user_prompt,actionable,user,user-owned profile/school-list/essay/resume/recommendation UI or approved import,"no inferred first-party facts, no raw-user-ID default exports, no live notification send",,
9ab04e7675e18d84ea1ea374,abd5622ea74cceed6dede107,profile,profile.awards,prompt-user,info,/profile?tab=awards,user_prompt,actionable,user,user-owned profile/school-list/essay/resume/recommendation UI or approved import,"no inferred first-party facts, no raw-user-ID default exports, no live notification send",,
f818e439b555d3d2d844fe71,2602385b62043a9e3025b517,profile,profile.awards,prompt-user,info,/profile?tab=awards,user_prompt,actionable,user,user-owned profile/school-list/essay/resume/recommendation UI or approved import,"no inferred first-party facts, no raw-user-ID default exports, no live notification send",,
d864a2017f74175e39130328,73e60992ad694dbf05d313f9,profile,profile.awards,prompt-user,info,/profile?tab=awards,user_prompt,actionable,user,user-owned profile/school-list/essay/resume/recommendation UI or approved import,"no inferred first-party facts, no raw-user-ID default exports, no live notification send",,
b58814f9c5d40c2cca9cd0ba,b22551ed28a844c40361f4c6,profile,profile.awards,prompt-user,info,/profile?tab=awards,user_prompt,actionable,user,user-owned profile/school-list/essay/resume/recommendation UI or approved import,"no inferred first-party facts, no raw-user-ID default exports, no live notification send",,
ea594aacc0071fab15e09640,8291c39c23e9854c77949587,profile,profile.awards,prompt-user,info,/profile?tab=awards,user_prompt,actionable,user,user-owned profile/school-list/essay/resume/recommendation UI or approved import,"no inferred first-party facts, no raw-user-ID default exports, no live notification send",,
4767e40f0ac5b61bc56681e6,66e28a97f69ea9177ec6e239,profile,profile.awards,prompt-user,info,/profile?tab=awards,user_prompt,actionable,user,user-owned profile/school-list/essay/resume/recommendation UI or approved import,"no inferred first-party facts, no raw-user-ID default exports, no live notification send",,
bb132178d629a66fc7aefd01,664f3a82867f761aa9082952,profile,profile.awards,prompt-user,info,/profile?tab=awards,user_prompt,actionable,user,user-owned profile/school-list/essay/resume/recommendation UI or approved import,"no inferred first-party facts, no raw-user-ID default exports, no live notification send",,
932efce71e173e4704914319,5e5ecc8d86964733a3bd9bfd,profile,profile.awards,prompt-user,info,/profile?tab=awards,user_prompt,actionable,user,user-owned profile/school-list/essay/resume/recommendation UI or approved import,"no inferred first-party facts, no raw-user-ID default exports, no live notification send",,
ec5bdd2b5351c8e584d3be8d,29ca348769849ba58b071162,profile,profile.awards,prompt-user,info,/profile?tab=awards,user_prompt,actionable,user,user-owned profile/school-list/essay/resume/recommendation UI or approved import,"no inferred first-party facts, no raw-user-ID default exports, no live notification send",,
28dc96231ed06b299208eff5,1134a45529007d06fa5d1edb,profile,profile.awards,prompt-user,info,/profile?tab=awards,user_prompt,actionable,user,user-owned profile/school-list/essay/resume/recommendation UI or approved import,"no inferred first-party facts, no raw-user-ID default exports, no live notification send",,
2c9771be6f35b5904dbbe14b,a254c6762b1623455829ff10,profile,profile.awards,prompt-user,info,/profile?tab=awards,user_prompt,actionable,user,user-owned profile/school-list/essay/resume/recommendation UI or approved import,"no inferred first-party facts, no raw-user-ID default exports, no live notification send",,
be69b9e0cebe6aec14a2ebf4,4b018ff55c5cb933a8af6b2d,profile,profile.awards,prompt-user,info,/profile?tab=awards,user_prompt,actionable,user,user-owned profile/school-list/essay/resume/recommendation UI or approved import,"no inferred first-party facts, no raw-user-ID default exports, no live notification send",,
3b8ce71113797c845bb872a3,e7aa36a405ca7979e329e87b,profile,profile.awards,prompt-user,info,/profile?tab=awards,user_prompt,actionable,user,user-owned profile/school-list/essay/resume/recommendation UI or approved import,"no inferred first-party facts, no raw-user-ID default exports, no live notification send",,
13d29e45f6794b8697671204,ca6c76c02fcc72e715d068d8,profile,profile.awards,prompt-user,info,/profile?tab=awards,user_prompt,actionable,user,user-owned profile/school-list/essay/resume/recommendation UI or approved import,"no inferred first-party facts, no raw-user-ID default exports, no live notification send",,
76ba6c9798c8630b641eee3f,a921641dc4b1526d1a01917b,profile,profile.awards,prompt-user,info,/profile?tab=awards,user_prompt,actionable,user,user-owned profile/school-list/essay/resume/recommendation UI or approved import,"no inferred first-party facts, no raw-user-ID default exports, no live notification send",,
62d24e8597a55a5a0a4fd2d7,ebdd5efd8dc0fc61274cd467,profile,profile.awards,prompt-user,info,/profile?tab=awards,user_prompt,actionable,user,user-owned profile/school-list/essay/resume/recommendation UI or approved import,"no inferred first-party facts, no raw-user-ID default exports, no live notification send",,
8ba8880892cf6b4d1a83a00f,8810301b97ae49e59d07d6de,profile,profile.awards,prompt-user,info,/profile?tab=awards,user_prompt,actionable,user,user-owned profile/school-list/essay/resume/recommendation UI or approved import,"no inferred first-party facts, no raw-user-ID default exports, no live notification send",,
71f206d1ac1510c3461c3f62,11234b2e38f9b1bb49207612,profile,profile.awards,prompt-user,info,/profile?tab=awards,user_prompt,actionable,user,user-owned profile/school-list/essay/resume/recommendation UI or approved import,"no inferred first-party facts, no raw-user-ID default exports, no live notification send",,
7683420873a4efd6953dc8b0,dfd2712d91a9b6b52cd7a939,profile,profile.awards,prompt-user,info,/profile?tab=awards,user_prompt,actionable,user,user-owned profile/school-list/essay/resume/recommendation UI or approved import,"no inferred first-party facts, no raw-user-ID default exports, no live notification send",,
ca22acb9dcd7763d46df7db9,f13448c63795d2838ae3d3aa,profile,profile.awards,prompt-user,info,/profile?tab=awards,user_prompt,actionable,user,user-owned profile/school-list/essay/resume/recommendation UI or approved import,"no inferred first-party facts, no raw-user-ID default exports, no live notification send",,
3775406187707a6591ba5ffd,47846ee95cac0b56ae45d5f1,profile,profile.awards,prompt-user,info,/profile?tab=awards,user_prompt,actionable,user,user-owned profile/school-list/essay/resume/recommendation UI or approved import,"no inferred first-party facts, no raw-user-ID default exports, no live notification send",,
d0d761906a40b0af30dec88f,b1cf8f9202fac78805196f3b,profile,profile.awards,prompt-user,info,/profile?tab=awards,user_prompt,actionable,user,user-owned profile/school-list/essay/resume/recommendation UI or approved import,"no inferred first-party facts, no raw-user-ID default exports, no live notification send",,
fb0a159aa3969317733f50df,5d3f54ea3a1fd9d4e94e719a,profile,profile.awards,prompt-user,info,/profile?tab=awards,user_prompt,actionable,user,user-owned profile/school-list/essay/resume/recommendation UI or approved import,"no inferred first-party facts, no raw-user-ID default exports, no live notification send",,
c5afca47c781c4069ed80f5e,56d95fc96f640bc7aeee88cb,profile,profile.awards,prompt-user,info,/profile?tab=awards,user_prompt,actionable,user,user-owned profile/school-list/essay/resume/recommendation UI or approved import,"no inferred first-party facts, no raw-user-ID default exports, no live notification send",,
0efe95a39b123e55e09226e0,f9bb2679f3487a696a06b36a,profile,profile.awards,prompt-user,info,/profile?tab=awards,user_prompt,actionable,user,user-owned profile/school-list/essay/resume/recommendation UI or approved import,"no inferred first-party facts, no raw-user-ID default exports, no live notification send",,
ba758da9fffbee1f2fa7988b,f208d7e70269a7fceebf86e6,profile,profile.awards,prompt-user,info,/profile?tab=awards,user_prompt,actionable,user,user-owned profile/school-list/essay/resume/recommendation UI or approved import,"no inferred first-party facts, no raw-user-ID default exports, no live notification send",,
594aeee3f872c97407a3fa6b,c086fb2c4e41afde6c957741,profile,profile.awards,prompt-user,info,/profile?tab=awards,user_prompt,actionable,user,user-owned profile/school-list/essay/resume/recommendation UI or approved import,"no inferred first-party facts, no raw-user-ID default exports, no live notification send",,
b2f12af5f1e42440fc153d6e,a6269d71b6b9bc7677fdc2b8,profile,profile.awards,prompt-user,info,/profile?tab=awards,user_prompt,actionable,user,user-owned profile/school-list/essay/resume/recommendation UI or approved import,"no inferred first-party facts, no raw-user-ID default exports, no live notification send",,
2b751a04c67db0dca7fa08a4,5a2eff24f6f702dba34dcfbd,profile,profile.awards,prompt-user,info,/profile?tab=awards,user_prompt,actionable,user,user-owned profile/school-list/essay/resume/recommendation UI or approved import,"no inferred first-party facts, no raw-user-ID default exports, no live notification send",,
fded1e82fc08fe3dc6ae0cd1,d66f3580bc3de0ae18c4f7e5,profile,profile.awards,prompt-user,info,/profile?tab=awards,user_prompt,actionable,user,user-owned profile/school-list/essay/resume/recommendation UI or approved import,"no inferred first-party facts, no raw-user-ID default exports, no live notification send",,
250fca2cca79498b8adb85d5,c61f474baaa4287019176258,profile,profile.awards,prompt-user,info,/profile?tab=awards,user_prompt,actionable,user,user-owned profile/school-list/essay/resume/recommendation UI or approved import,"no inferred first-party facts, no raw-user-ID default exports, no live notification send",,
884f830c5b488579180240c5,09c971b1ecd35e79c613eb01,profile,profile.awards,prompt-user,info,/profile?tab=awards,user_prompt,actionable,user,user-owned profile/school-list/essay/resume/recommendation UI or approved import,"no inferred first-party facts, no raw-user-ID default exports, no live notification send",,
275fa235308941e5b34bf533,725fbe1f451b243357adf7f7,profile,profile.awards,prompt-user,info,/profile?tab=awards,user_prompt,actionable,user,user-owned profile/school-list/essay/resume/recommendation UI or approved import,"no inferred first-party facts, no raw-user-ID default exports, no live notification send",,
5ee97a356715221e98f9c639,58e2caf341a159648f757afd,profile,profile.awards,prompt-user,info,/profile?tab=awards,user_prompt,actionable,user,user-owned profile/school-list/essay/resume/recommendation UI or approved import,"no inferred first-party facts, no raw-user-ID default exports, no live notification send",,
cb9b132eeddc10f94b979c2e,af92366e7a726386d26d71f6,profile,profile.awards,prompt-user,info,/profile?tab=awards,user_prompt,actionable,user,user-owned profile/school-list/essay/resume/recommendation UI or approved import,"no inferred first-party facts, no raw-user-ID default exports, no live notification send",,
24c560feccafbe9e5437a7d0,b232d4e859eba8b5885ca2ea,profile,profile.awards,prompt-user,info,/profile?tab=awards,user_prompt,actionable,user,user-owned profile/school-list/essay/resume/recommendation UI or approved import,"no inferred first-party facts, no raw-user-ID default exports, no live notification send",,
1dcbb6e310b3647283b3cccc,ae74077f992f8a770765c79d,profile,profile.awards.competition_unmatched,match-award-competition,info,/profile?tab=awards,operator_review,review,operator,admin review queue or curated taxonomy/source review workflow,"no inferred first-party facts, no raw-user-ID default exports, no live notification send",,
512c48945909b3dbdcdb13e0,ece29a121b7c586fd55c0a35,profile,profile.awards.competition_unmatched,match-award-competition,info,/profile?tab=awards,operator_review,review,operator,admin review queue or curated taxonomy/source review workflow,"no inferred first-party facts, no raw-user-ID default exports, no live notification send",,
2549a054d26c072e1f24875d,c0fe75cbaace613d95671805,profile,profile.awards.competition_unmatched,match-award-competition,info,/profile?tab=awards,operator_review,review,operator,admin review queue or curated taxonomy/source review workflow,"no inferred first-party facts, no raw-user-ID default exports, no live notification send",,
e900590c8a7e36fed4f64a6a,a2355ecc8a5e0539796846c5,profile,profile.awards.competition_unmatched,match-award-competition,info,/profile?tab=awards,operator_review,review,operator,admin review queue or curated taxonomy/source review workflow,"no inferred first-party facts, no raw-user-ID default exports, no live notification send",,
5b52e284c2ace420f6ed814e,ced9165c2e98fcdec2379ee0,profile,profile.awards.competition_unmatched,match-award-competition,info,/profile?tab=awards,operator_review,review,operator,admin review queue or curated taxonomy/source review workflow,"no inferred first-party facts, no raw-user-ID default exports, no live notification send",,
10099eba9d109a63a19020a6,6034f3cefdfecfde684cecd2,profile,profile.awards.competition_unmatched,match-award-competition,info,/profile?tab=awards,operator_review,review,operator,admin review queue or curated taxonomy/source review workflow,"no inferred first-party facts, no raw-user-ID default exports, no live notification send",,
10fb2dfb844981c02811a133,d371c1928c3551c373ce2ce9,profile,profile.awards.competition_unmatched,match-award-competition,info,/profile?tab=awards,operator_review,review,operator,admin review queue or curated taxonomy/source review workflow,"no inferred first-party facts, no raw-user-ID default exports, no live notification send",,
2608ddcf431f38826e25187a,3b51f469eb8b9e1ec640b363,profile,profile.awards.competition_unmatched,match-award-competition,info,/profile?tab=awards,operator_review,review,operator,admin review queue or curated taxonomy/source review workflow,"no inferred first-party facts, no raw-user-ID default exports, no live notification send",,
5d019fa7673644c8239f80dc,e556b9d3eadfdc181ad72b25,profile,profile.awards.competition_unmatched,match-award-competition,info,/profile?tab=awards,operator_review,review,operator,admin review queue or curated taxonomy/source review workflow,"no inferred first-party facts, no raw-user-ID default exports, no live notification send",,
2148efd0597e0e9ad6a2f00c,43272c2ba686df45954e071c,profile,profile.awards.competition_unmatched,match-award-competition,info,/profile?tab=awards,operator_review,review,operator,admin review queue or curated taxonomy/source review workflow,"no inferred first-party facts, no raw-user-ID default exports, no live notification send",,
a1011c5137576f4bfcfebd38,058cf56df913b18b72c6ac06,profile,profile.awards.competition_unmatched,match-award-competition,info,/profile?tab=awards,operator_review,review,operator,admin review queue or curated taxonomy/source review workflow,"no inferred first-party facts, no raw-user-ID default exports, no live notification send",,
2490a32a79e2f5d477910b91,a0e8278aa36c1b14956029fa,profile,profile.education,prompt-user,info,/profile?tab=education,user_prompt,actionable,user,user-owned profile/school-list/essay/resume/recommendation UI or approved import,"no inferred first-party facts, no raw-user-ID default exports, no live notification send",,
df5585906015fd0358d5de0d,dcf4f4031d77be3f6b4c28cb,profile,profile.education,prompt-user,info,/profile?tab=education,user_prompt,actionable,user,user-owned profile/school-list/essay/resume/recommendation UI or approved import,"no inferred first-party facts, no raw-user-ID default exports, no live notification send",,
4a070e6ff84a1f2e291a113f,5e068c8dc7b4c890cd028525,profile,profile.education,prompt-user,info,/profile?tab=education,user_prompt,actionable,user,user-owned profile/school-list/essay/resume/recommendation UI or approved import,"no inferred first-party facts, no raw-user-ID default exports, no live notification send",,
933c8fbcf844473497664ebc,a080791fc5afd2fd65717791,profile,profile.education,prompt-user,info,/profile?tab=education,user_prompt,actionable,user,user-owned profile/school-list/essay/resume/recommendation UI or approved import,"no inferred first-party facts, no raw-user-ID default exports, no live notification send",,
b9080384f5e48931d9672942,dfbdb1bfb5ba2e55947ffacb,profile,profile.education,prompt-user,info,/profile?tab=education,user_prompt,actionable,user,user-owned profile/school-list/essay/resume/recommendation UI or approved import,"no inferred first-party facts, no raw-user-ID default exports, no live notification send",,
2ba9ae2789a823fff9e99e40,fa17461feb2a296bf410fd51,profile,profile.education,prompt-user,info,/profile?tab=education,user_prompt,actionable,user,user-owned profile/school-list/essay/resume/recommendation UI or approved import,"no inferred first-party facts, no raw-user-ID default exports, no live notification send",,
e523653fa42814ef3eadc5e2,3c9553d15ae84cd029f9a45e,profile,profile.education,prompt-user,info,/profile?tab=education,user_prompt,actionable,user,user-owned profile/school-list/essay/resume/recommendation UI or approved import,"no inferred first-party facts, no raw-user-ID default exports, no live notification send",,
548e347fbdaf43be08e93286,d34e7c86d1fe4b4e4f3dd8b5,profile,profile.education,prompt-user,info,/profile?tab=education,user_prompt,actionable,user,user-owned profile/school-list/essay/resume/recommendation UI or approved import,"no inferred first-party facts, no raw-user-ID default exports, no live notification send",,
4a9a5325fca32ac5aa4d26c1,41987896ad3e2c2b584d8822,profile,profile.education,prompt-user,info,/profile?tab=education,user_prompt,actionable,user,user-owned profile/school-list/essay/resume/recommendation UI or approved import,"no inferred first-party facts, no raw-user-ID default exports, no live notification send",,
a17521d2860dea1a7b772a50,4d80d091ce6c3c3bbfb73020,profile,profile.education,prompt-user,info,/profile?tab=education,user_prompt,actionable,user,user-owned profile/school-list/essay/resume/recommendation UI or approved import,"no inferred first-party facts, no raw-user-ID default exports, no live notification send",,
239876530e8400c075556f29,a371d99e7990b1712ac0d07f,profile,profile.education,prompt-user,info,/profile?tab=education,user_prompt,actionable,user,user-owned profile/school-list/essay/resume/recommendation UI or approved import,"no inferred first-party facts, no raw-user-ID default exports, no live notification send",,
8fc27fe02716e3c77f4c9217,9111330cde59a737a7fbe9d2,profile,profile.education,prompt-user,info,/profile?tab=education,user_prompt,actionable,user,user-owned profile/school-list/essay/resume/recommendation UI or approved import,"no inferred first-party facts, no raw-user-ID default exports, no live notification send",,
3315de3a8f38e51c6e718bd4,6596f538050d130001eb66fd,profile,profile.education,prompt-user,info,/profile?tab=education,user_prompt,actionable,user,user-owned profile/school-list/essay/resume/recommendation UI or approved import,"no inferred first-party facts, no raw-user-ID default exports, no live notification send",,
81693f3a9d0880c99db5d8eb,f8576ed8705f4e1a21c111d4,profile,profile.education,prompt-user,info,/profile?tab=education,user_prompt,actionable,user,user-owned profile/school-list/essay/resume/recommendation UI or approved import,"no inferred first-party facts, no raw-user-ID default exports, no live notification send",,
42911f743ee6aec754611f0a,8cbd0cb44e65485bb14e40b4,profile,profile.education,prompt-user,info,/profile?tab=education,user_prompt,actionable,user,user-owned profile/school-list/essay/resume/recommendation UI or approved import,"no inferred first-party facts, no raw-user-ID default exports, no live notification send",,
a3528862a20f112072f07dec,16ce403f5cdd5ce323d7d56a,profile,profile.education,prompt-user,info,/profile?tab=education,user_prompt,actionable,user,user-owned profile/school-list/essay/resume/recommendation UI or approved import,"no inferred first-party facts, no raw-user-ID default exports, no live notification send",,
e510af0c8def66fed7a41269,07b560c00ebbeae89757ba92,profile,profile.education,prompt-user,info,/profile?tab=education,user_prompt,actionable,user,user-owned profile/school-list/essay/resume/recommendation UI or approved import,"no inferred first-party facts, no raw-user-ID default exports, no live notification send",,
8a25c91ceddfae6e4160c58e,23f48cbbd8bb302d47877816,profile,profile.education,prompt-user,info,/profile?tab=education,user_prompt,actionable,user,user-owned profile/school-list/essay/resume/recommendation UI or approved import,"no inferred first-party facts, no raw-user-ID default exports, no live notification send",,
f0c8fe12bebd09636b7cd4a6,f3198e3d4b8dfbe1dc7ef401,profile,profile.education,prompt-user,info,/profile?tab=education,user_prompt,actionable,user,user-owned profile/school-list/essay/resume/recommendation UI or approved import,"no inferred first-party facts, no raw-user-ID default exports, no live notification send",,
448f80c986e8da56dc55d7ce,d8b66d7a77fb0898c274f016,profile,profile.education,prompt-user,info,/profile?tab=education,user_prompt,actionable,user,user-owned profile/school-list/essay/resume/recommendation UI or approved import,"no inferred first-party facts, no raw-user-ID default exports, no live notification send",,
3189c565a909046c4fd6a3e3,4d3c3bd653a94add62332ca7,profile,profile.education,prompt-user,info,/profile?tab=education,user_prompt,actionable,user,user-owned profile/school-list/essay/resume/recommendation UI or approved import,"no inferred first-party facts, no raw-user-ID default exports, no live notification send",,
969f0a6da6dcccc818b2d053,349b11a3f796ddd02fac5df4,profile,profile.education,prompt-user,info,/profile?tab=education,user_prompt,actionable,user,user-owned profile/school-list/essay/resume/recommendation UI or approved import,"no inferred first-party facts, no raw-user-ID default exports, no live notification send",,
886a1ffc2b7eafe348230a62,496c4289233f7686705eb9cc,profile,profile.education,prompt-user,info,/profile?tab=education,user_prompt,actionable,user,user-owned profile/school-list/essay/resume/recommendation UI or approved import,"no inferred first-party facts, no raw-user-ID default exports, no live notification send",,
e806e3691e6e2df024691a2b,792185c76419227985fe39c6,profile,profile.education,prompt-user,info,/profile?tab=education,user_prompt,actionable,user,user-owned profile/school-list/essay/resume/recommendation UI or approved import,"no inferred first-party facts, no raw-user-ID default exports, no live notification send",,
12e0eebeeec38d62e5a0d3d4,e68a34176110a03fb1b0e1a7,profile,profile.education,prompt-user,info,/profile?tab=education,user_prompt,actionable,user,user-owned profile/school-list/essay/resume/recommendation UI or approved import,"no inferred first-party facts, no raw-user-ID default exports, no live notification send",,
91a70d5fa0ff8d12a86e2a5a,cc19790a20627dcf671b0696,profile,profile.education,prompt-user,info,/profile?tab=education,user_prompt,actionable,user,user-owned profile/school-list/essay/resume/recommendation UI or approved import,"no inferred first-party facts, no raw-user-ID default exports, no live notification send",,
8fc1697c15092a2b07926f70,9268bb2df1ae7eb423b40e68,profile,profile.education,prompt-user,info,/profile?tab=education,user_prompt,actionable,user,user-owned profile/school-list/essay/resume/recommendation UI or approved import,"no inferred first-party facts, no raw-user-ID default exports, no live notification send",,
0d909a631e8a38aba39711eb,a39a015fb33b59dab1e79583,profile,profile.education,prompt-user,info,/profile?tab=education,user_prompt,actionable,user,user-owned profile/school-list/essay/resume/recommendation UI or approved import,"no inferred first-party facts, no raw-user-ID default exports, no live notification send",,
3312c3fbbc5f925503c23541,70a9eda088b1d81c8c2c6710,profile,profile.education,prompt-user,info,/profile?tab=education,user_prompt,actionable,user,user-owned profile/school-list/essay/resume/recommendation UI or approved import,"no inferred first-party facts, no raw-user-ID default exports, no live notification send",,
951efa9a78747fd1f702a582,e7f17db1b3d37787f764e825,profile,profile.education,prompt-user,info,/profile?tab=education,user_prompt,actionable,user,user-owned profile/school-list/essay/resume/recommendation UI or approved import,"no inferred first-party facts, no raw-user-ID default exports, no live notification send",,
9ce8b002b8c6978d1d50ca34,296c586ab4f761371e0cbf88,profile,profile.education,prompt-user,info,/profile?tab=education,user_prompt,actionable,user,user-owned profile/school-list/essay/resume/recommendation UI or approved import,"no inferred first-party facts, no raw-user-ID default exports, no live notification send",,
a5ce79e3ee65a9b900b1d3ec,6ad354ae95ed116979f53605,profile,profile.education,prompt-user,info,/profile?tab=education,user_prompt,actionable,user,user-owned profile/school-list/essay/resume/recommendation UI or approved import,"no inferred first-party facts, no raw-user-ID default exports, no live notification send",,
8acb1d168ae7de069f4d5d41,c2fb04257a3dbfd64ef42235,profile,profile.education,prompt-user,info,/profile?tab=education,user_prompt,actionable,user,user-owned profile/school-list/essay/resume/recommendation UI or approved import,"no inferred first-party facts, no raw-user-ID default exports, no live notification send",,
79637912dce7f904c64328bb,063b024d5235f2864bf7976b,profile,profile.education,prompt-user,info,/profile?tab=education,user_prompt,actionable,user,user-owned profile/school-list/essay/resume/recommendation UI or approved import,"no inferred first-party facts, no raw-user-ID default exports, no live notification send",,
1b509e80303bfb72347c7122,a69f207d386676eb5d4c6068,profile,profile.education,prompt-user,info,/profile?tab=education,user_prompt,actionable,user,user-owned profile/school-list/essay/resume/recommendation UI or approved import,"no inferred first-party facts, no raw-user-ID default exports, no live notification send",,
ca2ccfb1838fd1cd9b1b428a,0dd5690ef245b29c752978ab,profile,profile.education,prompt-user,info,/profile?tab=education,user_prompt,actionable,user,user-owned profile/school-list/essay/resume/recommendation UI or approved import,"no inferred first-party facts, no raw-user-ID default exports, no live notification send",,
d4f1ee39fe1a2af08fbd5161,6bd54dc4b93df493e735968f,profile,profile.education,prompt-user,info,/profile?tab=education,user_prompt,actionable,user,user-owned profile/school-list/essay/resume/recommendation UI or approved import,"no inferred first-party facts, no raw-user-ID default exports, no live notification send",,
062118d350b761fdd04aa833,4447d4720fb09d0cf9f974b1,profile,profile.education,prompt-user,info,/profile?tab=education,user_prompt,actionable,user,user-owned profile/school-list/essay/resume/recommendation UI or approved import,"no inferred first-party facts, no raw-user-ID default exports, no live notification send",,
e36192e1857a30c62f9c8a38,1e02ca5c816e125387e943ea,profile,profile.education,prompt-user,info,/profile?tab=education,user_prompt,actionable,user,user-owned profile/school-list/essay/resume/recommendation UI or approved import,"no inferred first-party facts, no raw-user-ID default exports, no live notification send",,
4a216ad9b35ebe5103f8526b,c4f622849d37b4b65dec3cec,profile,profile.education,prompt-user,info,/profile?tab=education,user_prompt,actionable,user,user-owned profile/school-list/essay/resume/recommendation UI or approved import,"no inferred first-party facts, no raw-user-ID default exports, no live notification send",,
69ece4fe3e5b32f6470b9361,73c05ab78066f89172cd4600,profile,profile.education,prompt-user,info,/profile?tab=education,user_prompt,actionable,user,user-owned profile/school-list/essay/resume/recommendation UI or approved import,"no inferred first-party facts, no raw-user-ID default exports, no live notification send",,
c55a37df2b2958e3ddc0868f,fb3adf3bf3209373369bc84f,profile,profile.education,prompt-user,info,/profile?tab=education,user_prompt,actionable,user,user-owned profile/school-list/essay/resume/recommendation UI or approved import,"no inferred first-party facts, no raw-user-ID default exports, no live notification send",,
5787255212e567a3fd4aef81,bc8c05acbe1509e433fc0da5,profile,profile.education,prompt-user,info,/profile?tab=education,user_prompt,actionable,user,user-owned profile/school-list/essay/resume/recommendation UI or approved import,"no inferred first-party facts, no raw-user-ID default exports, no live notification send",,
d093f57d658870c61d5a8e9d,ce94abf53f14f5538a81eb16,profile,profile.education,prompt-user,info,/profile?tab=education,user_prompt,actionable,user,user-owned profile/school-list/essay/resume/recommendation UI or approved import,"no inferred first-party facts, no raw-user-ID default exports, no live notification send",,
b87b213f6a58cc8a8a77c7ac,bfaf9aaee511da1bf287d36d,profile,profile.education,prompt-user,info,/profile?tab=education,user_prompt,actionable,user,user-owned profile/school-list/essay/resume/recommendation UI or approved import,"no inferred first-party facts, no raw-user-ID default exports, no live notification send",,
d70ffb08141d2abc371fc479,c52984e73ed2bb9d78b61972,profile,profile.education,prompt-user,info,/profile?tab=education,user_prompt,actionable,user,user-owned profile/school-list/essay/resume/recommendation UI or approved import,"no inferred first-party facts, no raw-user-ID default exports, no live notification send",,
9e902d09622c77bbe415a5f5,ebfe5890a319bc7c8c093b53,profile,profile.education,prompt-user,info,/profile?tab=education,user_prompt,actionable,user,user-owned profile/school-list/essay/resume/recommendation UI or approved import,"no inferred first-party facts, no raw-user-ID default exports, no live notification send",,
dd209784cbd3a7c37798dc81,95d691e906c76381adfe1a28,profile,profile.education,prompt-user,info,/profile?tab=education,user_prompt,actionable,user,user-owned profile/school-list/essay/resume/recommendation UI or approved import,"no inferred first-party facts, no raw-user-ID default exports, no live notification send",,
2058d7d3635541be9a81154d,58f91b77e67fbf46457a44bb,profile,profile.education,prompt-user,info,/profile?tab=education,user_prompt,actionable,user,user-owned profile/school-list/essay/resume/recommendation UI or approved import,"no inferred first-party facts, no raw-user-ID default exports, no live notification send",,
9c6f0258b7fd5c44ef788167,9c2fbbe0254b2440de64a955,profile,profile.education,prompt-user,info,/profile?tab=education,user_prompt,actionable,user,user-owned profile/school-list/essay/resume/recommendation UI or approved import,"no inferred first-party facts, no raw-user-ID default exports, no live notification send",,
e42b6750ab4ffde56312f465,c6d4f92a18ba12e55a77424f,profile,profile.education,prompt-user,info,/profile?tab=education,user_prompt,actionable,user,user-owned profile/school-list/essay/resume/recommendation UI or approved import,"no inferred first-party facts, no raw-user-ID default exports, no live notification send",,
508a6407c4ffc3bc4552ed30,a03881962cac9def370b6ddf,profile,profile.education,prompt-user,info,/profile?tab=education,user_prompt,actionable,user,user-owned profile/school-list/essay/resume/recommendation UI or approved import,"no inferred first-party facts, no raw-user-ID default exports, no live notification send",,
9fa02cb61bc3fad3b4609874,2521ef574f16719cfd342be4,profile,profile.education,prompt-user,info,/profile?tab=education,user_prompt,actionable,user,user-owned profile/school-list/essay/resume/recommendation UI or approved import,"no inferred first-party facts, no raw-user-ID default exports, no live notification send",,
1567868f57d48287128edcf2,bd5e7f1d9b2843a6c0ee281a,profile,profile.education,prompt-user,info,/profile?tab=education,user_prompt,actionable,user,user-owned profile/school-list/essay/resume/recommendation UI or approved import,"no inferred first-party facts, no raw-user-ID default exports, no live notification send",,
b5fa781fa1986e1165fdf9eb,d251e7b1a615c97aeb975753,profile,profile.education,prompt-user,info,/profile?tab=education,user_prompt,actionable,user,user-owned profile/school-list/essay/resume/recommendation UI or approved import,"no inferred first-party facts, no raw-user-ID default exports, no live notification send",,
0e675c04d379ac1f90bbb169,fa20510c8b2ca4eb06c9a50c,profile,profile.education,prompt-user,info,/profile?tab=education,user_prompt,actionable,user,user-owned profile/school-list/essay/resume/recommendation UI or approved import,"no inferred first-party facts, no raw-user-ID default exports, no live notification send",,
5d3f29c52332ccba6c3b64f6,38d8d2c6f2f414c01de125ae,profile,profile.education,prompt-user,info,/profile?tab=education,user_prompt,actionable,user,user-owned profile/school-list/essay/resume/recommendation UI or approved import,"no inferred first-party facts, no raw-user-ID default exports, no live notification send",,
0c46702af3ee822c715f3e93,7965d9f2065d1560654b7cb0,profile,profile.education,prompt-user,info,/profile?tab=education,user_prompt,actionable,user,user-owned profile/school-list/essay/resume/recommendation UI or approved import,"no inferred first-party facts, no raw-user-ID default exports, no live notification send",,
9db4da165fe7fcc3c4db12e8,e487699478e5852a01f5452f,profile,profile.education,prompt-user,info,/profile?tab=education,user_prompt,actionable,user,user-owned profile/school-list/essay/resume/recommendation UI or approved import,"no inferred first-party facts, no raw-user-ID default exports, no live notification send",,
26c843e5a4d548cb297a9373,cf2f3ed14657bb4361b52fd6,profile,profile.education,prompt-user,info,/profile?tab=education,user_prompt,actionable,user,user-owned profile/school-list/essay/resume/recommendation UI or approved import,"no inferred first-party facts, no raw-user-ID default exports, no live notification send",,
71644d88f2997836f3ee404b,85e17e886ea8574404bf06db,profile,profile.education,prompt-user,info,/profile?tab=education,user_prompt,actionable,user,user-owned profile/school-list/essay/resume/recommendation UI or approved import,"no inferred first-party facts, no raw-user-ID default exports, no live notification send",,
d2fd6d977c19a8de68eb2558,fe94fbe339152aa569845a88,profile,profile.education,prompt-user,info,/profile?tab=education,user_prompt,actionable,user,user-owned profile/school-list/essay/resume/recommendation UI or approved import,"no inferred first-party facts, no raw-user-ID default exports, no live notification send",,
5b0b5ce61f0ad24c1899feaf,b2a7f5b361f3945fd310ea56,profile,profile.education,prompt-user,info,/profile?tab=education,user_prompt,actionable,user,user-owned profile/school-list/essay/resume/recommendation UI or approved import,"no inferred first-party facts, no raw-user-ID default exports, no live notification send",,
0a831f39a7dd6923b9265de2,d1874f5f3ea1962396aad74a,profile,profile.education,prompt-user,info,/profile?tab=education,user_prompt,actionable,user,user-owned profile/school-list/essay/resume/recommendation UI or approved import,"no inferred first-party facts, no raw-user-ID default exports, no live notification send",,
c995ff23490bd159cd17004a,4aa923a4eb4b0a7a0517f4d7,profile,profile.education,prompt-user,info,/profile?tab=education,user_prompt,actionable,user,user-owned profile/school-list/essay/resume/recommendation UI or approved import,"no inferred first-party facts, no raw-user-ID default exports, no live notification send",,
4a3449b94acfb2a0a4b5b09c,fc8de225b3758553b9a21a1c,profile,profile.education,prompt-user,info,/profile?tab=education,user_prompt,actionable,user,user-owned profile/school-list/essay/resume/recommendation UI or approved import,"no inferred first-party facts, no raw-user-ID default exports, no live notification send",,
8b502d6fb2b2b71ef9d7c9cb,8cf79915c1b2f6db7f7f87c8,profile,profile.education,prompt-user,info,/profile?tab=education,user_prompt,actionable,user,user-owned profile/school-list/essay/resume/recommendation UI or approved import,"no inferred first-party facts, no raw-user-ID default exports, no live notification send",,
8288dc7458f9bcfab0d8f5c1,4a7a185008b7cd5c390feab9,profile,profile.education,prompt-user,info,/profile?tab=education,user_prompt,actionable,user,user-owned profile/school-list/essay/resume/recommendation UI or approved import,"no inferred first-party facts, no raw-user-ID default exports, no live notification send",,
1a6373e10bb3d32541b2b910,6410c2cd545b51f5356a95f4,profile,profile.education,prompt-user,info,/profile?tab=education,user_prompt,actionable,user,user-owned profile/school-list/essay/resume/recommendation UI or approved import,"no inferred first-party facts, no raw-user-ID default exports, no live notification send",,
a42806d188acf56778ee03e4,1ebdd2eb05856ad6c7e49cb5,profile,profile.education,prompt-user,info,/profile?tab=education,user_prompt,actionable,user,user-owned profile/school-list/essay/resume/recommendation UI or approved import,"no inferred first-party facts, no raw-user-ID default exports, no live notification send",,
0b720f6a71b460ee78e3f24c,7c50be8cd9b86f4161ce3b98,profile,profile.education,prompt-user,info,/profile?tab=education,user_prompt,actionable,user,user-owned profile/school-list/essay/resume/recommendation UI or approved import,"no inferred first-party facts, no raw-user-ID default exports, no live notification send",,
98fd0a4139d0927132050b09,2e60959f4806bfb7683f3490,profile,profile.education,prompt-user,info,/profile?tab=education,user_prompt,actionable,user,user-owned profile/school-list/essay/resume/recommendation UI or approved import,"no inferred first-party facts, no raw-user-ID default exports, no live notification send",,
c94c0e8e423736a432090851,5a6f2932013b43747ade5b1f,profile,profile.education,prompt-user,info,/profile?tab=education,user_prompt,actionable,user,user-owned profile/school-list/essay/resume/recommendation UI or approved import,"no inferred first-party facts, no raw-user-ID default exports, no live notification send",,
f9677bfc218807bad05e7b70,11949a16f1db43597c6d0f92,profile,profile.education,prompt-user,info,/profile?tab=education,user_prompt,actionable,user,user-owned profile/school-list/essay/resume/recommendation UI or approved import,"no inferred first-party facts, no raw-user-ID default exports, no live notification send",,
4181e0d8adaac85ff9b43e87,d59507e40ccb28f60173f9de,profile,profile.education,prompt-user,info,/profile?tab=education,user_prompt,actionable,user,user-owned profile/school-list/essay/resume/recommendation UI or approved import,"no inferred first-party facts, no raw-user-ID default exports, no live notification send",,
e7a5fadf66d1c1078c000116,54e3559386c83d509f571358,profile,profile.education,prompt-user,info,/profile?tab=education,user_prompt,actionable,user,user-owned profile/school-list/essay/resume/recommendation UI or approved import,"no inferred first-party facts, no raw-user-ID default exports, no live notification send",,
68e2cf7a8654b3cc3a57c387,543d710eca3428966f38d56a,profile,profile.education,prompt-user,info,/profile?tab=education,user_prompt,actionable,user,user-owned profile/school-list/essay/resume/recommendation UI or approved import,"no inferred first-party facts, no raw-user-ID default exports, no live notification send",,
ca20d54d65873344887e703c,f8eb0f8d2a0b46422213d278,profile,profile.education,prompt-user,info,/profile?tab=education,user_prompt,actionable,user,user-owned profile/school-list/essay/resume/recommendation UI or approved import,"no inferred first-party facts, no raw-user-ID default exports, no live notification send",,
d3a5b22f99ebc24899d1a815,45c22784b65a384c6a000180,profile,profile.education,prompt-user,info,/profile?tab=education,user_prompt,actionable,user,user-owned profile/school-list/essay/resume/recommendation UI or approved import,"no inferred first-party facts, no raw-user-ID default exports, no live notification send",,
a59f8171573ae3240527a007,dfbe7fe65a6b231a96c2e35e,profile,profile.education,prompt-user,info,/profile?tab=education,user_prompt,actionable,user,user-owned profile/school-list/essay/resume/recommendation UI or approved import,"no inferred first-party facts, no raw-user-ID default exports, no live notification send",,
639404cd050915f86004b521,0d38b90390f3df3aacefa896,profile,profile.education,prompt-user,info,/profile?tab=education,user_prompt,actionable,user,user-owned profile/school-list/essay/resume/recommendation UI or approved import,"no inferred first-party facts, no raw-user-ID default exports, no live notification send",,
719ab878ec6ee832abf4c0d2,5226aad7a0fe017f473ec2cc,profile,profile.education,prompt-user,info,/profile?tab=education,user_prompt,actionable,user,user-owned profile/school-list/essay/resume/recommendation UI or approved import,"no inferred first-party facts, no raw-user-ID default exports, no live notification send",,
5f17570d0e0e70c661401153,a01a78948445bee28c9a5972,profile,profile.education,prompt-user,info,/profile?tab=education,user_prompt,actionable,user,user-owned profile/school-list/essay/resume/recommendation UI or approved import,"no inferred first-party facts, no raw-user-ID default exports, no live notification send",,
3cfe3d021c8f1b2f6025019b,5044e483734670dfe7970719,profile,profile.education,prompt-user,info,/profile?tab=education,user_prompt,actionable,user,user-owned profile/school-list/essay/resume/recommendation UI or approved import,"no inferred first-party facts, no raw-user-ID default exports, no live notification send",,
c215bc6352a411c7c66d7202,cacd870eeb7d1b0e305eb290,profile,profile.education,prompt-user,info,/profile?tab=education,user_prompt,actionable,user,user-owned profile/school-list/essay/resume/recommendation UI or approved import,"no inferred first-party facts, no raw-user-ID default exports, no live notification send",,
ce057dcdf01d9e6f54c1d459,1e829852654087633af81cc9,profile,profile.education,prompt-user,info,/profile?tab=education,user_prompt,actionable,user,user-owned profile/school-list/essay/resume/recommendation UI or approved import,"no inferred first-party facts, no raw-user-ID default exports, no live notification send",,
6a8b5fb4bfeffd3f01249866,2cb24ed9eb1c4d63364c1062,profile,profile.education,prompt-user,info,/profile?tab=education,user_prompt,actionable,user,user-owned profile/school-list/essay/resume/recommendation UI or approved import,"no inferred first-party facts, no raw-user-ID default exports, no live notification send",,
6bbf710638d3c79950ffc3fa,beffd80654a0a6e973061fe8,profile,profile.education,prompt-user,info,/profile?tab=education,user_prompt,actionable,user,user-owned profile/school-list/essay/resume/recommendation UI or approved import,"no inferred first-party facts, no raw-user-ID default exports, no live notification send",,
2dd6b788641cdde2a081887b,1d6edb174c5c4a79c3c6f597,profile,profile.education,prompt-user,info,/profile?tab=education,user_prompt,actionable,user,user-owned profile/school-list/essay/resume/recommendation UI or approved import,"no inferred first-party facts, no raw-user-ID default exports, no live notification send",,
71d0ab9def0bf16cf376727a,03099b7d7926de4915c2307b,profile,profile.education,prompt-user,info,/profile?tab=education,user_prompt,actionable,user,user-owned profile/school-list/essay/resume/recommendation UI or approved import,"no inferred first-party facts, no raw-user-ID default exports, no live notification send",,
feaaf14c5a09b562f250b4ee,18bc0def86f96dc9d8032cf4,profile,profile.education,prompt-user,info,/profile?tab=education,user_prompt,actionable,user,user-owned profile/school-list/essay/resume/recommendation UI or approved import,"no inferred first-party facts, no raw-user-ID default exports, no live notification send",,
6d13548d870a6d1cf3a8f337,d7aaa6f01de07ec58dbad0b1,profile,profile.education,prompt-user,info,/profile?tab=education,user_prompt,actionable,user,user-owned profile/school-list/essay/resume/recommendation UI or approved import,"no inferred first-party facts, no raw-user-ID default exports, no live notification send",,
01815f316b763e58e48118bd,dbe46853dd76ef0b3871ec47,profile,profile.education,prompt-user,info,/profile?tab=education,user_prompt,actionable,user,user-owned profile/school-list/essay/resume/recommendation UI or approved import,"no inferred first-party facts, no raw-user-ID default exports, no live notification send",,
e99a63d7bab49ff500686843,fc7b854dfad3986ab4c8774c,profile,profile.education,prompt-user,info,/profile?tab=education,user_prompt,actionable,user,user-owned profile/school-list/essay/resume/recommendation UI or approved import,"no inferred first-party facts, no raw-user-ID default exports, no live notification send",,
986e56fec255334e54e3d342,3ed490d913f577e9c15901bf,profile,profile.education,prompt-user,info,/profile?tab=education,user_prompt,actionable,user,user-owned profile/school-list/essay/resume/recommendation UI or approved import,"no inferred first-party facts, no raw-user-ID default exports, no live notification send",,
550d3608d821628afd081854,17b29a1e1cd753f82eaa0004,profile,profile.education,prompt-user,info,/profile?tab=education,user_prompt,actionable,user,user-owned profile/school-list/essay/resume/recommendation UI or approved import,"no inferred first-party facts, no raw-user-ID default exports, no live notification send",,
686098ae45ed0cf2c7a6bb51,fd1d6497725c7aaad7a3c196,profile,profile.education,prompt-user,info,/profile?tab=education,user_prompt,actionable,user,user-owned profile/school-list/essay/resume/recommendation UI or approved import,"no inferred first-party facts, no raw-user-ID default exports, no live notification send",,
2f3ed54bc4a4e4371b560799,e76b246b99503b0c07e399b2,profile,profile.education,prompt-user,info,/profile?tab=education,user_prompt,actionable,user,user-owned profile/school-list/essay/resume/recommendation UI or approved import,"no inferred first-party facts, no raw-user-ID default exports, no live notification send",,
3b24a69992609593175c52e9,f3e701ab37560748c10a7253,profile,profile.education,prompt-user,info,/profile?tab=education,user_prompt,actionable,user,user-owned profile/school-list/essay/resume/recommendation UI or approved import,"no inferred first-party facts, no raw-user-ID default exports, no live notification send",,
2148efd0597e0e9ad6a2f00c,43272c2ba686df45954e071c,profile,profile.education,prompt-user,info,/profile?tab=education,user_prompt,actionable,user,user-owned profile/school-list/essay/resume/recommendation UI or approved import,"no inferred first-party facts, no raw-user-ID default exports, no live notification send",,
a1011c5137576f4bfcfebd38,058cf56df913b18b72c6ac06,profile,profile.education,prompt-user,info,/profile?tab=education,user_prompt,actionable,user,user-owned profile/school-list/essay/resume/recommendation UI or approved import,"no inferred first-party facts, no raw-user-ID default exports, no live notification send",,
c720349e2ce59d2437c3f21c,9aedc2f9488c04a6732f7256,profile,profile.education,prompt-user,info,/profile?tab=education,user_prompt,actionable,user,user-owned profile/school-list/essay/resume/recommendation UI or approved import,"no inferred first-party facts, no raw-user-ID default exports, no live notification send",,
537d7051a678e03b36c9b740,d4ca47731eb2f84b483ba976,profile,profile.education,prompt-user,info,/profile?tab=education,user_prompt,actionable,user,user-owned profile/school-list/essay/resume/recommendation UI or approved import,"no inferred first-party facts, no raw-user-ID default exports, no live notification send",,
ec07387bc845f209f12b56e1,b0b8366e5f846ce7de0391dc,profile,profile.education,prompt-user,info,/profile?tab=education,user_prompt,actionable,user,user-owned profile/school-list/essay/resume/recommendation UI or approved import,"no inferred first-party facts, no raw-user-ID default exports, no live notification send",,
fc95b7caba28567228c5453d,81d71d4eec8e8368e557e6ae,profile,profile.education,prompt-user,info,/profile?tab=education,user_prompt,actionable,user,user-owned profile/school-list/essay/resume/recommendation UI or approved import,"no inferred first-party facts, no raw-user-ID default exports, no live notification send",,
221a7eaaab2a62407db2b23a,b4b464f7720df53f14b4aeab,profile,profile.education,prompt-user,info,/profile?tab=education,user_prompt,actionable,user,user-owned profile/school-list/essay/resume/recommendation UI or approved import,"no inferred first-party facts, no raw-user-ID default exports, no live notification send",,
8756d49a67423d831126f9c7,5ef26fd15a7d94de95db760d,profile,profile.education,prompt-user,info,/profile?tab=education,user_prompt,actionable,user,user-owned profile/school-list/essay/resume/recommendation UI or approved import,"no inferred first-party facts, no raw-user-ID default exports, no live notification send",,
250fca2cca79498b8adb85d5,c61f474baaa4287019176258,profile,profile.education,prompt-user,info,/profile?tab=education,user_prompt,actionable,user,user-owned profile/school-list/essay/resume/recommendation UI or approved import,"no inferred first-party facts, no raw-user-ID default exports, no live notification send",,
884f830c5b488579180240c5,09c971b1ecd35e79c613eb01,profile,profile.education,prompt-user,info,/profile?tab=education,user_prompt,actionable,user,user-owned profile/school-list/essay/resume/recommendation UI or approved import,"no inferred first-party facts, no raw-user-ID default exports, no live notification send",,
275fa235308941e5b34bf533,725fbe1f451b243357adf7f7,profile,profile.education,prompt-user,info,/profile?tab=education,user_prompt,actionable,user,user-owned profile/school-list/essay/resume/recommendation UI or approved import,"no inferred first-party facts, no raw-user-ID default exports, no live notification send",,
5ee97a356715221e98f9c639,58e2caf341a159648f757afd,profile,profile.education,prompt-user,info,/profile?tab=education,user_prompt,actionable,user,user-owned profile/school-list/essay/resume/recommendation UI or approved import,"no inferred first-party facts, no raw-user-ID default exports, no live notification send",,
cb9b132eeddc10f94b979c2e,af92366e7a726386d26d71f6,profile,profile.education,prompt-user,info,/profile?tab=education,user_prompt,actionable,user,user-owned profile/school-list/essay/resume/recommendation UI or approved import,"no inferred first-party facts, no raw-user-ID default exports, no live notification send",,
512c48945909b3dbdcdb13e0,ece29a121b7c586fd55c0a35,timeline,timeline.overdue_tasks,prompt-user,info,/timeline,user_prompt,actionable,user,user-owned profile/school-list/essay/resume/recommendation UI or approved import,"no inferred first-party facts, no raw-user-ID default exports, no live notification send",,
2549a054d26c072e1f24875d,c0fe75cbaace613d95671805,timeline,timeline.overdue_tasks,prompt-user,info,/timeline,user_prompt,actionable,user,user-owned profile/school-list/essay/resume/recommendation UI or approved import,"no inferred first-party facts, no raw-user-ID default exports, no live notification send",,
e900590c8a7e36fed4f64a6a,a2355ecc8a5e0539796846c5,timeline,timeline.overdue_tasks,prompt-user,info,/timeline,user_prompt,actionable,user,user-owned profile/school-list/essay/resume/recommendation UI or approved import,"no inferred first-party facts, no raw-user-ID default exports, no live notification send",,
