recipientKey,profileKey,domain,gap,action,severity,route,disposition,closureState,requiredActor,allowedWritePath,prohibitedWritePath,schoolId,schoolName
0d4eed867efce609c6a5d0cf,f4ae367399e4afb340b73e2f,profile,profile.gpa_anchor,prompt-user,critical,/profile?tab=gpa,user_prompt,actionable,user,user-owned profile/school-list/essay/resume/recommendation UI or approved import,"no inferred first-party facts, no raw-user-ID default exports, no live notification send",,
ee18fece72a203b4ca7fdf2c,89df40a8030871d0805a06cf,profile,profile.gpa_anchor,prompt-user,critical,/profile?tab=gpa,user_prompt,actionable,user,user-owned profile/school-list/essay/resume/recommendation UI or approved import,"no inferred first-party facts, no raw-user-ID default exports, no live notification send",,
046b9186a0b4a3f2fb5e671e,d9404166c4bb40a1dc5bc97a,profile,profile.gpa_anchor,prompt-user,critical,/profile?tab=gpa,user_prompt,actionable,user,user-owned profile/school-list/essay/resume/recommendation UI or approved import,"no inferred first-party facts, no raw-user-ID default exports, no live notification send",,
2183ab3d91fdf1d601355e14,f5ac27ab87e6efd9a77ed9de,profile,profile.gpa_anchor,prompt-user,critical,/profile?tab=gpa,user_prompt,actionable,user,user-owned profile/school-list/essay/resume/recommendation UI or approved import,"no inferred first-party facts, no raw-user-ID default exports, no live notification send",,
8cf120241ca6f49934b6121c,c182c0e720d2bd1b8ba78adb,profile,profile.gpa_anchor,prompt-user,critical,/profile?tab=gpa,user_prompt,actionable,user,user-owned profile/school-list/essay/resume/recommendation UI or approved import,"no inferred first-party facts, no raw-user-ID default exports, no live notification send",,
1742dc43cda17b8bc0017dd7,99a4f495b94b2a02d83badb1,profile,profile.gpa_anchor,prompt-user,critical,/profile?tab=gpa,user_prompt,actionable,user,user-owned profile/school-list/essay/resume/recommendation UI or approved import,"no inferred first-party facts, no raw-user-ID default exports, no live notification send",,
691051d0f4993f61e10b1c26,c3e6c77db8043367d687b53f,profile,profile.gpa_anchor,prompt-user,critical,/profile?tab=gpa,user_prompt,actionable,user,user-owned profile/school-list/essay/resume/recommendation UI or approved import,"no inferred first-party facts, no raw-user-ID default exports, no live notification send",,
d6f26a5a999c75e3a1e0b349,32969ee9be25929dd5a3dbc5,profile,profile.gpa_anchor,prompt-user,critical,/profile?tab=gpa,user_prompt,actionable,user,user-owned profile/school-list/essay/resume/recommendation UI or approved import,"no inferred first-party facts, no raw-user-ID default exports, no live notification send",,
b7e7dd2193918e4f3f6500f4,ccd264f69b4c4ae3cc1ecef8,profile,profile.gpa_anchor,prompt-user,critical,/profile?tab=gpa,user_prompt,actionable,user,user-owned profile/school-list/essay/resume/recommendation UI or approved import,"no inferred first-party facts, no raw-user-ID default exports, no live notification send",,
a65dffadcf5e7bf73aee0124,c62e8a2fdd156d000152e3a5,profile,profile.gpa_anchor,prompt-user,critical,/profile?tab=gpa,user_prompt,actionable,user,user-owned profile/school-list/essay/resume/recommendation UI or approved import,"no inferred first-party facts, no raw-user-ID default exports, no live notification send",,
e4de1c38aee79c7b4d3ae57a,eef394df39daedd2925a5f9d,profile,profile.gpa_anchor,prompt-user,critical,/profile?tab=gpa,user_prompt,actionable,user,user-owned profile/school-list/essay/resume/recommendation UI or approved import,"no inferred first-party facts, no raw-user-ID default exports, no live notification send",,
ff6255b967ef340cc0dd67ad,4d11162dbbb006654474c491,profile,profile.gpa_anchor,prompt-user,critical,/profile?tab=gpa,user_prompt,actionable,user,user-owned profile/school-list/essay/resume/recommendation UI or approved import,"no inferred first-party facts, no raw-user-ID default exports, no live notification send",,
cc395a8a5b180bc29cea0a62,6c7e1442143068fdaa30e6a9,profile,profile.gpa_anchor,prompt-user,critical,/profile?tab=gpa,user_prompt,actionable,user,user-owned profile/school-list/essay/resume/recommendation UI or approved import,"no inferred first-party facts, no raw-user-ID default exports, no live notification send",,
455f2ad9bc640928879884ec,eba86743975766dec9d97e44,profile,profile.gpa_anchor,prompt-user,critical,/profile?tab=gpa,user_prompt,actionable,user,user-owned profile/school-list/essay/resume/recommendation UI or approved import,"no inferred first-party facts, no raw-user-ID default exports, no live notification send",,
b362e4f8047dcd2ef62203d8,73b5786ddbb7e73d070d829b,profile,profile.gpa_anchor,prompt-user,critical,/profile?tab=gpa,user_prompt,actionable,user,user-owned profile/school-list/essay/resume/recommendation UI or approved import,"no inferred first-party facts, no raw-user-ID default exports, no live notification send",,
5da3755b900cfc63f1462bb3,b37add462c6557fe3b8e48c0,profile,profile.gpa_anchor,prompt-user,critical,/profile?tab=gpa,user_prompt,actionable,user,user-owned profile/school-list/essay/resume/recommendation UI or approved import,"no inferred first-party facts, no raw-user-ID default exports, no live notification send",,
5229fac09472561ca715e803,592c33ead5069aff177bf6b1,profile,profile.gpa_anchor,prompt-user,critical,/profile?tab=gpa,user_prompt,actionable,user,user-owned profile/school-list/essay/resume/recommendation UI or approved import,"no inferred first-party facts, no raw-user-ID default exports, no live notification send",,
3d74708a731828c44b4d7a84,b449bf160142c9fefeca13a1,profile,profile.gpa_anchor,prompt-user,critical,/profile?tab=gpa,user_prompt,actionable,user,user-owned profile/school-list/essay/resume/recommendation UI or approved import,"no inferred first-party facts, no raw-user-ID default exports, no live notification send",,
4994de259baae1d45c4beb0f,a7bc3ab4359df1818215b145,profile,profile.gpa_anchor,prompt-user,critical,/profile?tab=gpa,user_prompt,actionable,user,user-owned profile/school-list/essay/resume/recommendation UI or approved import,"no inferred first-party facts, no raw-user-ID default exports, no live notification send",,
8865efaf169157d362b5befb,8fcae6cfaeffbd27151e3821,profile,profile.gpa_anchor,prompt-user,critical,/profile?tab=gpa,user_prompt,actionable,user,user-owned profile/school-list/essay/resume/recommendation UI or approved import,"no inferred first-party facts, no raw-user-ID default exports, no live notification send",,
4bd7d373071eb19fac1be7f7,e8816ef5521c2825b16afead,profile,profile.gpa_anchor,prompt-user,critical,/profile?tab=gpa,user_prompt,actionable,user,user-owned profile/school-list/essay/resume/recommendation UI or approved import,"no inferred first-party facts, no raw-user-ID default exports, no live notification send",,
fe36832626c64fffcfd932c9,26f6ffa8d22fe521db86bd83,profile,profile.gpa_anchor,prompt-user,critical,/profile?tab=gpa,user_prompt,actionable,user,user-owned profile/school-list/essay/resume/recommendation UI or approved import,"no inferred first-party facts, no raw-user-ID default exports, no live notification send",,
f78799b5f5d4145721157802,c7bc089a37c862ee9854ac7e,profile,profile.gpa_anchor,prompt-user,critical,/profile?tab=gpa,user_prompt,actionable,user,user-owned profile/school-list/essay/resume/recommendation UI or approved import,"no inferred first-party facts, no raw-user-ID default exports, no live notification send",,
49e99cfbff239da68d6f4376,dda755032a4fe1405e2169d9,profile,profile.gpa_anchor,prompt-user,critical,/profile?tab=gpa,user_prompt,actionable,user,user-owned profile/school-list/essay/resume/recommendation UI or approved import,"no inferred first-party facts, no raw-user-ID default exports, no live notification send",,
371ec5c1e1e8ecb170c7136e,74ad778217e4813b1246ef55,profile,profile.gpa_anchor,prompt-user,critical,/profile?tab=gpa,user_prompt,actionable,user,user-owned profile/school-list/essay/resume/recommendation UI or approved import,"no inferred first-party facts, no raw-user-ID default exports, no live notification send",,
652a12e8af698523626d6dd3,32be7fe223b3c81289b18207,profile,profile.gpa_anchor,prompt-user,critical,/profile?tab=gpa,user_prompt,actionable,user,user-owned profile/school-list/essay/resume/recommendation UI or approved import,"no inferred first-party facts, no raw-user-ID default exports, no live notification send",,
9d19c75a17f73370cfff2784,0430a60dcf629fae9563b955,profile,profile.gpa_anchor,prompt-user,critical,/profile?tab=gpa,user_prompt,actionable,user,user-owned profile/school-list/essay/resume/recommendation UI or approved import,"no inferred first-party facts, no raw-user-ID default exports, no live notification send",,
767c674b4a431f99e67f13b5,31b45d860f9d8bcac25e3341,profile,profile.gpa_anchor,prompt-user,critical,/profile?tab=gpa,user_prompt,actionable,user,user-owned profile/school-list/essay/resume/recommendation UI or approved import,"no inferred first-party facts, no raw-user-ID default exports, no live notification send",,
77001398fa50ac432cd8fd5a,54aade8d899682362571ab22,profile,profile.gpa_anchor,prompt-user,critical,/profile?tab=gpa,user_prompt,actionable,user,user-owned profile/school-list/essay/resume/recommendation UI or approved import,"no inferred first-party facts, no raw-user-ID default exports, no live notification send",,
f21aa61cab2b3da4a23b9db8,ec0b46cdbde024fbdec1636a,profile,profile.gpa_anchor,prompt-user,critical,/profile?tab=gpa,user_prompt,actionable,user,user-owned profile/school-list/essay/resume/recommendation UI or approved import,"no inferred first-party facts, no raw-user-ID default exports, no live notification send",,
8d5210f21082f549c231d3de,11e71226d3127b2bfe55edb2,profile,profile.gpa_anchor,prompt-user,critical,/profile?tab=gpa,user_prompt,actionable,user,user-owned profile/school-list/essay/resume/recommendation UI or approved import,"no inferred first-party facts, no raw-user-ID default exports, no live notification send",,
f7ffeda264deb413ef7189a8,d1407001bfe99841c49cf79b,profile,profile.gpa_anchor,prompt-user,critical,/profile?tab=gpa,user_prompt,actionable,user,user-owned profile/school-list/essay/resume/recommendation UI or approved import,"no inferred first-party facts, no raw-user-ID default exports, no live notification send",,
de4332f63859a551c47284cc,1e5967c450026109d6e8de36,profile,profile.gpa_anchor,prompt-user,critical,/profile?tab=gpa,user_prompt,actionable,user,user-owned profile/school-list/essay/resume/recommendation UI or approved import,"no inferred first-party facts, no raw-user-ID default exports, no live notification send",,
6131fc986e42eae4e99363f5,4a51e264d7f3daa1e4eefcf5,profile,profile.gpa_anchor,prompt-user,critical,/profile?tab=gpa,user_prompt,actionable,user,user-owned profile/school-list/essay/resume/recommendation UI or approved import,"no inferred first-party facts, no raw-user-ID default exports, no live notification send",,
b94ee3f2a01f45214f139239,581a82515bd020932f4a523d,profile,profile.gpa_anchor,prompt-user,critical,/profile?tab=gpa,user_prompt,actionable,user,user-owned profile/school-list/essay/resume/recommendation UI or approved import,"no inferred first-party facts, no raw-user-ID default exports, no live notification send",,
ad860668a9e15fa017b06719,98bb9e3983ab4f3112c2ac44,profile,profile.gpa_anchor,prompt-user,critical,/profile?tab=gpa,user_prompt,actionable,user,user-owned profile/school-list/essay/resume/recommendation UI or approved import,"no inferred first-party facts, no raw-user-ID default exports, no live notification send",,
7ca800c250f37377cf0c7ba1,9d49962d22300edea718614a,profile,profile.gpa_anchor,prompt-user,critical,/profile?tab=gpa,user_prompt,actionable,user,user-owned profile/school-list/essay/resume/recommendation UI or approved import,"no inferred first-party facts, no raw-user-ID default exports, no live notification send",,
50759193b78b66515d224e18,079a555bd73e740bf3899403,profile,profile.gpa_anchor,prompt-user,critical,/profile?tab=gpa,user_prompt,actionable,user,user-owned profile/school-list/essay/resume/recommendation UI or approved import,"no inferred first-party facts, no raw-user-ID default exports, no live notification send",,
ec730b31c99b09ce537eecc9,c13db182086989c87e6f64ee,profile,profile.gpa_anchor,prompt-user,critical,/profile?tab=gpa,user_prompt,actionable,user,user-owned profile/school-list/essay/resume/recommendation UI or approved import,"no inferred first-party facts, no raw-user-ID default exports, no live notification send",,
63cea5496d6d44a9d83ea650,66320973d03ffd27678e0de0,profile,profile.gpa_anchor,prompt-user,critical,/profile?tab=gpa,user_prompt,actionable,user,user-owned profile/school-list/essay/resume/recommendation UI or approved import,"no inferred first-party facts, no raw-user-ID default exports, no live notification send",,
b87778f922f08fc2c9204e52,fd760052861148d4214412b9,profile,profile.gpa_anchor,prompt-user,critical,/profile?tab=gpa,user_prompt,actionable,user,user-owned profile/school-list/essay/resume/recommendation UI or approved import,"no inferred first-party facts, no raw-user-ID default exports, no live notification send",,
bd0cf19cd2c8835054f2596e,8c6492c3e702853eb91e5230,profile,profile.gpa_anchor,prompt-user,critical,/profile?tab=gpa,user_prompt,actionable,user,user-owned profile/school-list/essay/resume/recommendation UI or approved import,"no inferred first-party facts, no raw-user-ID default exports, no live notification send",,
e0df1fe35f1d73c4f6d09d19,c7f5a9cdcd3d88498072bf94,profile,profile.gpa_anchor,prompt-user,critical,/profile?tab=gpa,user_prompt,actionable,user,user-owned profile/school-list/essay/resume/recommendation UI or approved import,"no inferred first-party facts, no raw-user-ID default exports, no live notification send",,
0d42e687b68f6d595b39430b,7e7264288c02d747f672d906,profile,profile.gpa_anchor,prompt-user,critical,/profile?tab=gpa,user_prompt,actionable,user,user-owned profile/school-list/essay/resume/recommendation UI or approved import,"no inferred first-party facts, no raw-user-ID default exports, no live notification send",,
c5d63ad43425192e84a61262,c6596f2d4d7f1ba58dc4f0b7,profile,profile.gpa_anchor,prompt-user,critical,/profile?tab=gpa,user_prompt,actionable,user,user-owned profile/school-list/essay/resume/recommendation UI or approved import,"no inferred first-party facts, no raw-user-ID default exports, no live notification send",,
2f53a775b36e6b5f5f92eeb8,964a924765d8b10f51fbcee5,profile,profile.gpa_anchor,prompt-user,critical,/profile?tab=gpa,user_prompt,actionable,user,user-owned profile/school-list/essay/resume/recommendation UI or approved import,"no inferred first-party facts, no raw-user-ID default exports, no live notification send",,
5b999a7eedbe42198428de68,50a0808477ab5750e58e3926,profile,profile.gpa_anchor,prompt-user,critical,/profile?tab=gpa,user_prompt,actionable,user,user-owned profile/school-list/essay/resume/recommendation UI or approved import,"no inferred first-party facts, no raw-user-ID default exports, no live notification send",,
b6de0073fb4d9970762f8997,63e12d3f10446e9373621dd8,profile,profile.gpa_anchor,prompt-user,critical,/profile?tab=gpa,user_prompt,actionable,user,user-owned profile/school-list/essay/resume/recommendation UI or approved import,"no inferred first-party facts, no raw-user-ID default exports, no live notification send",,
7d7bdf0910ad417d3c5351b1,6af709965f75a5fe58973f73,profile,profile.gpa_anchor,prompt-user,critical,/profile?tab=gpa,user_prompt,actionable,user,user-owned profile/school-list/essay/resume/recommendation UI or approved import,"no inferred first-party facts, no raw-user-ID default exports, no live notification send",,
5fe7baf79b85ba8ff2c664bb,e5eb5ad521107e342041d8d1,profile,profile.gpa_anchor,prompt-user,critical,/profile?tab=gpa,user_prompt,actionable,user,user-owned profile/school-list/essay/resume/recommendation UI or approved import,"no inferred first-party facts, no raw-user-ID default exports, no live notification send",,
c1bfefbcc9585dab3799f69a,3d54d460f10b5c31835fd852,profile,profile.gpa_anchor,prompt-user,critical,/profile?tab=gpa,user_prompt,actionable,user,user-owned profile/school-list/essay/resume/recommendation UI or approved import,"no inferred first-party facts, no raw-user-ID default exports, no live notification send",,
2e727e40efed75d342af4ece,d002539f676776bccf924212,profile,profile.gpa_anchor,prompt-user,critical,/profile?tab=gpa,user_prompt,actionable,user,user-owned profile/school-list/essay/resume/recommendation UI or approved import,"no inferred first-party facts, no raw-user-ID default exports, no live notification send",,
d7fa6302612838783ebcfbd7,49ddcd8188ad21af1abfe54b,profile,profile.gpa_anchor,prompt-user,critical,/profile?tab=gpa,user_prompt,actionable,user,user-owned profile/school-list/essay/resume/recommendation UI or approved import,"no inferred first-party facts, no raw-user-ID default exports, no live notification send",,
b0f32ddf6357e8ed20ae598c,2318a8f66e3b62682579cf72,profile,profile.gpa_anchor,prompt-user,critical,/profile?tab=gpa,user_prompt,actionable,user,user-owned profile/school-list/essay/resume/recommendation UI or approved import,"no inferred first-party facts, no raw-user-ID default exports, no live notification send",,
23d887a01b9f9331316d5cde,edf8656340de66ad2b1a5f04,profile,profile.gpa_anchor,prompt-user,critical,/profile?tab=gpa,user_prompt,actionable,user,user-owned profile/school-list/essay/resume/recommendation UI or approved import,"no inferred first-party facts, no raw-user-ID default exports, no live notification send",,
feaaeeb9f40b39d1256387fb,70a9f4cc15716db95627ebba,profile,profile.gpa_anchor,prompt-user,critical,/profile?tab=gpa,user_prompt,actionable,user,user-owned profile/school-list/essay/resume/recommendation UI or approved import,"no inferred first-party facts, no raw-user-ID default exports, no live notification send",,
9a7a5f579df9ab705fee176b,df6ad60971442ce3a78a5b8e,profile,profile.gpa_anchor,prompt-user,critical,/profile?tab=gpa,user_prompt,actionable,user,user-owned profile/school-list/essay/resume/recommendation UI or approved import,"no inferred first-party facts, no raw-user-ID default exports, no live notification send",,
40c0cbec7f9df70d6ea61cf4,cdb3de4ce0ef3ed64dec3459,profile,profile.gpa_anchor,prompt-user,critical,/profile?tab=gpa,user_prompt,actionable,user,user-owned profile/school-list/essay/resume/recommendation UI or approved import,"no inferred first-party facts, no raw-user-ID default exports, no live notification send",,
2c00f293c7853620efafcb47,fb710ffeaf19c387bbace106,profile,profile.gpa_anchor,prompt-user,critical,/profile?tab=gpa,user_prompt,actionable,user,user-owned profile/school-list/essay/resume/recommendation UI or approved import,"no inferred first-party facts, no raw-user-ID default exports, no live notification send",,
6ef981a66708b63e5ba10dc6,41930887de5ea55c4d855179,profile,profile.gpa_anchor,prompt-user,critical,/profile?tab=gpa,user_prompt,actionable,user,user-owned profile/school-list/essay/resume/recommendation UI or approved import,"no inferred first-party facts, no raw-user-ID default exports, no live notification send",,
ed8a3f0dd9da267ca2d7a420,9f569c98279a76b246f22d34,profile,profile.gpa_anchor,prompt-user,critical,/profile?tab=gpa,user_prompt,actionable,user,user-owned profile/school-list/essay/resume/recommendation UI or approved import,"no inferred first-party facts, no raw-user-ID default exports, no live notification send",,
43caeaa95ad2448f41d8ad10,36d74c32e62ca76961ef9c9b,profile,profile.gpa_anchor,prompt-user,critical,/profile?tab=gpa,user_prompt,actionable,user,user-owned profile/school-list/essay/resume/recommendation UI or approved import,"no inferred first-party facts, no raw-user-ID default exports, no live notification send",,
ee136f22ecbda3eea1f6bc24,2e616037f2434675fef46986,profile,profile.gpa_anchor,prompt-user,critical,/profile?tab=gpa,user_prompt,actionable,user,user-owned profile/school-list/essay/resume/recommendation UI or approved import,"no inferred first-party facts, no raw-user-ID default exports, no live notification send",,
b00e382b246da4b4545ef524,e1cb5d51001ca8795cd21902,profile,profile.gpa_anchor,prompt-user,critical,/profile?tab=gpa,user_prompt,actionable,user,user-owned profile/school-list/essay/resume/recommendation UI or approved import,"no inferred first-party facts, no raw-user-ID default exports, no live notification send",,
5ceb1437b344b616fb178066,6d501894f6bba92f86f80fa6,profile,profile.gpa_anchor,prompt-user,critical,/profile?tab=gpa,user_prompt,actionable,user,user-owned profile/school-list/essay/resume/recommendation UI or approved import,"no inferred first-party facts, no raw-user-ID default exports, no live notification send",,
2d23da78c5662a158dd69ac7,eba682cfbebae097f4c0ae9f,profile,profile.gpa_anchor,prompt-user,critical,/profile?tab=gpa,user_prompt,actionable,user,user-owned profile/school-list/essay/resume/recommendation UI or approved import,"no inferred first-party facts, no raw-user-ID default exports, no live notification send",,
8bad82efa538b507e41683b2,3b8abdf96c6a574fb0d9dd91,profile,profile.gpa_anchor,prompt-user,critical,/profile?tab=gpa,user_prompt,actionable,user,user-owned profile/school-list/essay/resume/recommendation UI or approved import,"no inferred first-party facts, no raw-user-ID default exports, no live notification send",,
203aeceed909d51c0b886362,f25654390a2d233810214ce2,profile,profile.gpa_anchor,prompt-user,critical,/profile?tab=gpa,user_prompt,actionable,user,user-owned profile/school-list/essay/resume/recommendation UI or approved import,"no inferred first-party facts, no raw-user-ID default exports, no live notification send",,
2c8d2101527a766ab48b06d2,9df5da1d618929c6035d84c7,profile,profile.gpa_anchor,prompt-user,critical,/profile?tab=gpa,user_prompt,actionable,user,user-owned profile/school-list/essay/resume/recommendation UI or approved import,"no inferred first-party facts, no raw-user-ID default exports, no live notification send",,
85812890a528f8307e951bcd,008ca6ecdcc16768ff74237e,profile,profile.gpa_anchor,prompt-user,critical,/profile?tab=gpa,user_prompt,actionable,user,user-owned profile/school-list/essay/resume/recommendation UI or approved import,"no inferred first-party facts, no raw-user-ID default exports, no live notification send",,
13ddfdd67087d005f1e9784e,7abe0898ff853f00390ad670,profile,profile.gpa_anchor,prompt-user,critical,/profile?tab=gpa,user_prompt,actionable,user,user-owned profile/school-list/essay/resume/recommendation UI or approved import,"no inferred first-party facts, no raw-user-ID default exports, no live notification send",,
116ed52883e30f7fe0452348,907cc5222637babd27c28093,profile,profile.gpa_anchor,prompt-user,critical,/profile?tab=gpa,user_prompt,actionable,user,user-owned profile/school-list/essay/resume/recommendation UI or approved import,"no inferred first-party facts, no raw-user-ID default exports, no live notification send",,
74881781dd597e63c89bdf4a,88a4363bd38e4bf29aa25ac3,profile,profile.gpa_anchor,prompt-user,critical,/profile?tab=gpa,user_prompt,actionable,user,user-owned profile/school-list/essay/resume/recommendation UI or approved import,"no inferred first-party facts, no raw-user-ID default exports, no live notification send",,
d1cc100df4781050fc4268b8,e129b981bf0f8f72f15ea7b7,profile,profile.gpa_anchor,prompt-user,critical,/profile?tab=gpa,user_prompt,actionable,user,user-owned profile/school-list/essay/resume/recommendation UI or approved import,"no inferred first-party facts, no raw-user-ID default exports, no live notification send",,
446743c8ea4e6f720b3b8f2f,7e27f5053ef13c4d0686de20,profile,profile.gpa_anchor,prompt-user,critical,/profile?tab=gpa,user_prompt,actionable,user,user-owned profile/school-list/essay/resume/recommendation UI or approved import,"no inferred first-party facts, no raw-user-ID default exports, no live notification send",,
dc7b0f9293c403ea22e626fe,1a6a6c84be0e6f9817914858,profile,profile.gpa_anchor,prompt-user,critical,/profile?tab=gpa,user_prompt,actionable,user,user-owned profile/school-list/essay/resume/recommendation UI or approved import,"no inferred first-party facts, no raw-user-ID default exports, no live notification send",,
dd060f1ec262f8fedae05e81,e7360770d468adad85fd2454,profile,profile.gpa_anchor,prompt-user,critical,/profile?tab=gpa,user_prompt,actionable,user,user-owned profile/school-list/essay/resume/recommendation UI or approved import,"no inferred first-party facts, no raw-user-ID default exports, no live notification send",,
256dcb88fc22949364fb43be,fad9e8a4151495e5048cbe62,profile,profile.gpa_anchor,prompt-user,critical,/profile?tab=gpa,user_prompt,actionable,user,user-owned profile/school-list/essay/resume/recommendation UI or approved import,"no inferred first-party facts, no raw-user-ID default exports, no live notification send",,
011932b250f52e51dc9bdb00,8ea26400bf5b3891d01fc287,profile,profile.gpa_anchor,prompt-user,critical,/profile?tab=gpa,user_prompt,actionable,user,user-owned profile/school-list/essay/resume/recommendation UI or approved import,"no inferred first-party facts, no raw-user-ID default exports, no live notification send",,
a8678ce76ae9606a1749ca92,d9b81776a7c52ffb6842f667,profile,profile.gpa_anchor,prompt-user,critical,/profile?tab=gpa,user_prompt,actionable,user,user-owned profile/school-list/essay/resume/recommendation UI or approved import,"no inferred first-party facts, no raw-user-ID default exports, no live notification send",,
fae8ac6a7b44b66aa7376f0a,db527bf8b61ae8d191fe3f7c,profile,profile.gpa_anchor,prompt-user,critical,/profile?tab=gpa,user_prompt,actionable,user,user-owned profile/school-list/essay/resume/recommendation UI or approved import,"no inferred first-party facts, no raw-user-ID default exports, no live notification send",,
53f774e54da87112fa549d33,0d44cd863e552b15a59c81e0,profile,profile.gpa_anchor,prompt-user,critical,/profile?tab=gpa,user_prompt,actionable,user,user-owned profile/school-list/essay/resume/recommendation UI or approved import,"no inferred first-party facts, no raw-user-ID default exports, no live notification send",,
a120fc761f0550519aeb8101,202ab6aff932f14f20cc418e,profile,profile.gpa_anchor,prompt-user,critical,/profile?tab=gpa,user_prompt,actionable,user,user-owned profile/school-list/essay/resume/recommendation UI or approved import,"no inferred first-party facts, no raw-user-ID default exports, no live notification send",,
49c9b9585c53479808c1aa54,be537a6ed04deb4159ca5926,profile,profile.gpa_anchor,prompt-user,critical,/profile?tab=gpa,user_prompt,actionable,user,user-owned profile/school-list/essay/resume/recommendation UI or approved import,"no inferred first-party facts, no raw-user-ID default exports, no live notification send",,
9cdd5449018b430ddd1c216e,3f7e17206924d06b6733cf95,profile,profile.gpa_anchor,prompt-user,critical,/profile?tab=gpa,user_prompt,actionable,user,user-owned profile/school-list/essay/resume/recommendation UI or approved import,"no inferred first-party facts, no raw-user-ID default exports, no live notification send",,
4076dfc744c6a200003fcbf1,262b4549039df4afe1f6520f,profile,profile.gpa_anchor,prompt-user,critical,/profile?tab=gpa,user_prompt,actionable,user,user-owned profile/school-list/essay/resume/recommendation UI or approved import,"no inferred first-party facts, no raw-user-ID default exports, no live notification send",,
6bf32e99f416407ec106844b,39d106ab86e8ebc7e0d9cbf2,profile,profile.gpa_anchor,prompt-user,critical,/profile?tab=gpa,user_prompt,actionable,user,user-owned profile/school-list/essay/resume/recommendation UI or approved import,"no inferred first-party facts, no raw-user-ID default exports, no live notification send",,
b51197279058776b36548ca8,3de7bc39e50c7fec8e1873b5,profile,profile.gpa_anchor,prompt-user,critical,/profile?tab=gpa,user_prompt,actionable,user,user-owned profile/school-list/essay/resume/recommendation UI or approved import,"no inferred first-party facts, no raw-user-ID default exports, no live notification send",,
5653ec2f0dd7fe8e7bcd7395,07e90c9e873ae49a0853a7e2,profile,profile.gpa_anchor,prompt-user,critical,/profile?tab=gpa,user_prompt,actionable,user,user-owned profile/school-list/essay/resume/recommendation UI or approved import,"no inferred first-party facts, no raw-user-ID default exports, no live notification send",,
8d2430aec81a2e62ccffb82c,6151690046dd85dc1ac607eb,profile,profile.gpa_anchor,prompt-user,critical,/profile?tab=gpa,user_prompt,actionable,user,user-owned profile/school-list/essay/resume/recommendation UI or approved import,"no inferred first-party facts, no raw-user-ID default exports, no live notification send",,
fc4f2eed19b26afb91981256,1ee13002d269ee15ce5a77b1,profile,profile.gpa_anchor,prompt-user,critical,/profile?tab=gpa,user_prompt,actionable,user,user-owned profile/school-list/essay/resume/recommendation UI or approved import,"no inferred first-party facts, no raw-user-ID default exports, no live notification send",,
186ac5e32029b59bd6bd0108,08473e56ebce9eed5015b231,profile,profile.gpa_anchor,prompt-user,critical,/profile?tab=gpa,user_prompt,actionable,user,user-owned profile/school-list/essay/resume/recommendation UI or approved import,"no inferred first-party facts, no raw-user-ID default exports, no live notification send",,
f7d05ad7bbb43d7c89d5eb4a,77bde282a5f5952601f824ba,profile,profile.gpa_anchor,prompt-user,critical,/profile?tab=gpa,user_prompt,actionable,user,user-owned profile/school-list/essay/resume/recommendation UI or approved import,"no inferred first-party facts, no raw-user-ID default exports, no live notification send",,
1d2745fc721cc39a70068413,6e7a6094a5b37c7994a6c17c,profile,profile.gpa_anchor,prompt-user,critical,/profile?tab=gpa,user_prompt,actionable,user,user-owned profile/school-list/essay/resume/recommendation UI or approved import,"no inferred first-party facts, no raw-user-ID default exports, no live notification send",,
1ca6fd09ac2d78a11431af73,1954f7950db3b5d4fc88f2be,profile,profile.gpa_anchor,prompt-user,critical,/profile?tab=gpa,user_prompt,actionable,user,user-owned profile/school-list/essay/resume/recommendation UI or approved import,"no inferred first-party facts, no raw-user-ID default exports, no live notification send",,
7552cf9a4912abd17e63e3a7,455aa0f351aba56dd53a7766,profile,profile.gpa_anchor,prompt-user,critical,/profile?tab=gpa,user_prompt,actionable,user,user-owned profile/school-list/essay/resume/recommendation UI or approved import,"no inferred first-party facts, no raw-user-ID default exports, no live notification send",,
ba2aac9c68c868692cd05491,8b8b7a6a6f6168f1ce44961f,profile,profile.gpa_anchor,prompt-user,critical,/profile?tab=gpa,user_prompt,actionable,user,user-owned profile/school-list/essay/resume/recommendation UI or approved import,"no inferred first-party facts, no raw-user-ID default exports, no live notification send",,
71bd897cb98d0f99b507827e,7be1cddb397cc938edcb5023,profile,profile.gpa_anchor,prompt-user,critical,/profile?tab=gpa,user_prompt,actionable,user,user-owned profile/school-list/essay/resume/recommendation UI or approved import,"no inferred first-party facts, no raw-user-ID default exports, no live notification send",,
676f02ff3d623de9cba3a3a6,54f774e850dd893c5682f457,profile,profile.gpa_anchor,prompt-user,critical,/profile?tab=gpa,user_prompt,actionable,user,user-owned profile/school-list/essay/resume/recommendation UI or approved import,"no inferred first-party facts, no raw-user-ID default exports, no live notification send",,
3886f5bc9075dc9bd18b7224,305f0c27a882b89597bb6d85,profile,profile.gpa_anchor,prompt-user,critical,/profile?tab=gpa,user_prompt,actionable,user,user-owned profile/school-list/essay/resume/recommendation UI or approved import,"no inferred first-party facts, no raw-user-ID default exports, no live notification send",,
ad39de6e802f52909ea470f9,b8242de5f3e19dcbbd923992,profile,profile.gpa_anchor,prompt-user,critical,/profile?tab=gpa,user_prompt,actionable,user,user-owned profile/school-list/essay/resume/recommendation UI or approved import,"no inferred first-party facts, no raw-user-ID default exports, no live notification send",,
5aa53fed204cfea6f5751b71,0090f49b1dc2ab713202df2d,profile,profile.gpa_anchor,prompt-user,critical,/profile?tab=gpa,user_prompt,actionable,user,user-owned profile/school-list/essay/resume/recommendation UI or approved import,"no inferred first-party facts, no raw-user-ID default exports, no live notification send",,
36d8c5ebb7168456659ca6d0,203f98cf29d701080b7b8f1b,profile,profile.gpa_anchor,prompt-user,critical,/profile?tab=gpa,user_prompt,actionable,user,user-owned profile/school-list/essay/resume/recommendation UI or approved import,"no inferred first-party facts, no raw-user-ID default exports, no live notification send",,
d5bdfda45662186ec0058942,2eee8676083362d001d94f25,profile,profile.gpa_anchor,prompt-user,critical,/profile?tab=gpa,user_prompt,actionable,user,user-owned profile/school-list/essay/resume/recommendation UI or approved import,"no inferred first-party facts, no raw-user-ID default exports, no live notification send",,
464c02f613d82f8a087fa74f,bd0ed33c654c6dbbeb80beb3,profile,profile.gpa_anchor,prompt-user,critical,/profile?tab=gpa,user_prompt,actionable,user,user-owned profile/school-list/essay/resume/recommendation UI or approved import,"no inferred first-party facts, no raw-user-ID default exports, no live notification send",,
679cf695cda04ca9747d9038,5a7e9b81a9d783240d9c2925,profile,profile.gpa_anchor,prompt-user,critical,/profile?tab=gpa,user_prompt,actionable,user,user-owned profile/school-list/essay/resume/recommendation UI or approved import,"no inferred first-party facts, no raw-user-ID default exports, no live notification send",,
30eae3a6acc7168528a74b13,8bb29320c8d2bfe26cecbdf3,profile,profile.gpa_anchor,prompt-user,critical,/profile?tab=gpa,user_prompt,actionable,user,user-owned profile/school-list/essay/resume/recommendation UI or approved import,"no inferred first-party facts, no raw-user-ID default exports, no live notification send",,
e02f979e1988a9fd20e757c1,da81728847d2b40469e4d50f,profile,profile.gpa_anchor,prompt-user,critical,/profile?tab=gpa,user_prompt,actionable,user,user-owned profile/school-list/essay/resume/recommendation UI or approved import,"no inferred first-party facts, no raw-user-ID default exports, no live notification send",,
15ecd55050c4e1fa9c1b9c3a,da0baf63f3e3ddd253f8b439,profile,profile.gpa_anchor,prompt-user,critical,/profile?tab=gpa,user_prompt,actionable,user,user-owned profile/school-list/essay/resume/recommendation UI or approved import,"no inferred first-party facts, no raw-user-ID default exports, no live notification send",,
387228252b665c9ff1620043,25c4aca374bb631e2d042261,profile,profile.gpa_anchor,prompt-user,critical,/profile?tab=gpa,user_prompt,actionable,user,user-owned profile/school-list/essay/resume/recommendation UI or approved import,"no inferred first-party facts, no raw-user-ID default exports, no live notification send",,
502bdee5b8668baaa90d1384,c74dc4b8b1914fcfe2be0bab,profile,profile.gpa_anchor,prompt-user,critical,/profile?tab=gpa,user_prompt,actionable,user,user-owned profile/school-list/essay/resume/recommendation UI or approved import,"no inferred first-party facts, no raw-user-ID default exports, no live notification send",,
374a80e4f2d415800aa01355,0566721c05481a7fe9d418bf,profile,profile.gpa_anchor,prompt-user,critical,/profile?tab=gpa,user_prompt,actionable,user,user-owned profile/school-list/essay/resume/recommendation UI or approved import,"no inferred first-party facts, no raw-user-ID default exports, no live notification send",,
f6005a34bc73bfe9879597ef,5978b33826843036742080e3,profile,profile.gpa_anchor,prompt-user,critical,/profile?tab=gpa,user_prompt,actionable,user,user-owned profile/school-list/essay/resume/recommendation UI or approved import,"no inferred first-party facts, no raw-user-ID default exports, no live notification send",,
90e4864752a863ccd17f4cfc,69be23cb779bd0bf204d2644,profile,profile.gpa_anchor,prompt-user,critical,/profile?tab=gpa,user_prompt,actionable,user,user-owned profile/school-list/essay/resume/recommendation UI or approved import,"no inferred first-party facts, no raw-user-ID default exports, no live notification send",,
58a15f8cf6b78a355ee1a924,4126da780ce6ffd29d84aa40,profile,profile.gpa_anchor,prompt-user,critical,/profile?tab=gpa,user_prompt,actionable,user,user-owned profile/school-list/essay/resume/recommendation UI or approved import,"no inferred first-party facts, no raw-user-ID default exports, no live notification send",,
769c369837e0ef82157f71a9,2d6c899696e40c2a8f602f31,profile,profile.gpa_anchor,prompt-user,critical,/profile?tab=gpa,user_prompt,actionable,user,user-owned profile/school-list/essay/resume/recommendation UI or approved import,"no inferred first-party facts, no raw-user-ID default exports, no live notification send",,
e1e64452ff36994276f79d90,20264299948f05eaaa29e30d,profile,profile.gpa_anchor,prompt-user,critical,/profile?tab=gpa,user_prompt,actionable,user,user-owned profile/school-list/essay/resume/recommendation UI or approved import,"no inferred first-party facts, no raw-user-ID default exports, no live notification send",,
343e2be9d70f3d640f3e2ccb,6eeda7d1113a1da8f9d4a916,profile,profile.gpa_anchor,prompt-user,critical,/profile?tab=gpa,user_prompt,actionable,user,user-owned profile/school-list/essay/resume/recommendation UI or approved import,"no inferred first-party facts, no raw-user-ID default exports, no live notification send",,
178fcce401620a0935750fc4,65d65992cc63e78514007c3e,profile,profile.gpa_anchor,prompt-user,critical,/profile?tab=gpa,user_prompt,actionable,user,user-owned profile/school-list/essay/resume/recommendation UI or approved import,"no inferred first-party facts, no raw-user-ID default exports, no live notification send",,
09efa261d0d54ee10ace1d6b,08c3b070a44954a5ea60f4b9,profile,profile.gpa_anchor,prompt-user,critical,/profile?tab=gpa,user_prompt,actionable,user,user-owned profile/school-list/essay/resume/recommendation UI or approved import,"no inferred first-party facts, no raw-user-ID default exports, no live notification send",,
6c76336e5756c3e8ab682a25,3a4cc337723ae046e69da804,profile,profile.gpa_anchor,prompt-user,critical,/profile?tab=gpa,user_prompt,actionable,user,user-owned profile/school-list/essay/resume/recommendation UI or approved import,"no inferred first-party facts, no raw-user-ID default exports, no live notification send",,
ed5d489840ba19243aee99e9,40b258f712c953c00def7d5b,profile,profile.gpa_anchor,prompt-user,critical,/profile?tab=gpa,user_prompt,actionable,user,user-owned profile/school-list/essay/resume/recommendation UI or approved import,"no inferred first-party facts, no raw-user-ID default exports, no live notification send",,
2e89fdceb00b6f0d355e0c0c,f2cc74bc680da596ae5a9cdc,profile,profile.gpa_anchor,prompt-user,critical,/profile?tab=gpa,user_prompt,actionable,user,user-owned profile/school-list/essay/resume/recommendation UI or approved import,"no inferred first-party facts, no raw-user-ID default exports, no live notification send",,
e118caebf6d9a73b87008281,fd1f08fa5a2ae01121d83d53,profile,profile.gpa_anchor,prompt-user,critical,/profile?tab=gpa,user_prompt,actionable,user,user-owned profile/school-list/essay/resume/recommendation UI or approved import,"no inferred first-party facts, no raw-user-ID default exports, no live notification send",,
e353a3b996a6340225790fca,c5ac7f0a5ed9569d715e7deb,profile,profile.gpa_anchor,prompt-user,critical,/profile?tab=gpa,user_prompt,actionable,user,user-owned profile/school-list/essay/resume/recommendation UI or approved import,"no inferred first-party facts, no raw-user-ID default exports, no live notification send",,
704f4383d93a60a5efecfba9,a1a8c2538b2c345237f63f93,profile,profile.gpa_anchor,prompt-user,critical,/profile?tab=gpa,user_prompt,actionable,user,user-owned profile/school-list/essay/resume/recommendation UI or approved import,"no inferred first-party facts, no raw-user-ID default exports, no live notification send",,
a5be59aa7c173575e2fafb68,91ab120b480c0717a776560a,profile,profile.gpa_anchor,prompt-user,critical,/profile?tab=gpa,user_prompt,actionable,user,user-owned profile/school-list/essay/resume/recommendation UI or approved import,"no inferred first-party facts, no raw-user-ID default exports, no live notification send",,
ce52a04eb486e4bf2e694ead,2307cbb781c34923f400410f,profile,profile.gpa_anchor,prompt-user,critical,/profile?tab=gpa,user_prompt,actionable,user,user-owned profile/school-list/essay/resume/recommendation UI or approved import,"no inferred first-party facts, no raw-user-ID default exports, no live notification send",,
04818fa0b0188d878544e5cd,3bf60b35a710d3e56347ab01,profile,profile.major,prompt-user,critical,/profile?tab=basic,user_prompt,actionable,user,user-owned profile/school-list/essay/resume/recommendation UI or approved import,"no inferred first-party facts, no raw-user-ID default exports, no live notification send",,
0d4eed867efce609c6a5d0cf,f4ae367399e4afb340b73e2f,profile,profile.major,prompt-user,critical,/profile?tab=basic,user_prompt,actionable,user,user-owned profile/school-list/essay/resume/recommendation UI or approved import,"no inferred first-party facts, no raw-user-ID default exports, no live notification send",,
ee18fece72a203b4ca7fdf2c,89df40a8030871d0805a06cf,profile,profile.major,prompt-user,critical,/profile?tab=basic,user_prompt,actionable,user,user-owned profile/school-list/essay/resume/recommendation UI or approved import,"no inferred first-party facts, no raw-user-ID default exports, no live notification send",,
046b9186a0b4a3f2fb5e671e,d9404166c4bb40a1dc5bc97a,profile,profile.major,prompt-user,critical,/profile?tab=basic,user_prompt,actionable,user,user-owned profile/school-list/essay/resume/recommendation UI or approved import,"no inferred first-party facts, no raw-user-ID default exports, no live notification send",,
2183ab3d91fdf1d601355e14,f5ac27ab87e6efd9a77ed9de,profile,profile.major,prompt-user,critical,/profile?tab=basic,user_prompt,actionable,user,user-owned profile/school-list/essay/resume/recommendation UI or approved import,"no inferred first-party facts, no raw-user-ID default exports, no live notification send",,
8cf120241ca6f49934b6121c,c182c0e720d2bd1b8ba78adb,profile,profile.major,prompt-user,critical,/profile?tab=basic,user_prompt,actionable,user,user-owned profile/school-list/essay/resume/recommendation UI or approved import,"no inferred first-party facts, no raw-user-ID default exports, no live notification send",,
1742dc43cda17b8bc0017dd7,99a4f495b94b2a02d83badb1,profile,profile.major,prompt-user,critical,/profile?tab=basic,user_prompt,actionable,user,user-owned profile/school-list/essay/resume/recommendation UI or approved import,"no inferred first-party facts, no raw-user-ID default exports, no live notification send",,
691051d0f4993f61e10b1c26,c3e6c77db8043367d687b53f,profile,profile.major,prompt-user,critical,/profile?tab=basic,user_prompt,actionable,user,user-owned profile/school-list/essay/resume/recommendation UI or approved import,"no inferred first-party facts, no raw-user-ID default exports, no live notification send",,
d6f26a5a999c75e3a1e0b349,32969ee9be25929dd5a3dbc5,profile,profile.major,prompt-user,critical,/profile?tab=basic,user_prompt,actionable,user,user-owned profile/school-list/essay/resume/recommendation UI or approved import,"no inferred first-party facts, no raw-user-ID default exports, no live notification send",,
b7e7dd2193918e4f3f6500f4,ccd264f69b4c4ae3cc1ecef8,profile,profile.major,prompt-user,critical,/profile?tab=basic,user_prompt,actionable,user,user-owned profile/school-list/essay/resume/recommendation UI or approved import,"no inferred first-party facts, no raw-user-ID default exports, no live notification send",,
a65dffadcf5e7bf73aee0124,c62e8a2fdd156d000152e3a5,profile,profile.major,prompt-user,critical,/profile?tab=basic,user_prompt,actionable,user,user-owned profile/school-list/essay/resume/recommendation UI or approved import,"no inferred first-party facts, no raw-user-ID default exports, no live notification send",,
e4de1c38aee79c7b4d3ae57a,eef394df39daedd2925a5f9d,profile,profile.major,prompt-user,critical,/profile?tab=basic,user_prompt,actionable,user,user-owned profile/school-list/essay/resume/recommendation UI or approved import,"no inferred first-party facts, no raw-user-ID default exports, no live notification send",,
ff6255b967ef340cc0dd67ad,4d11162dbbb006654474c491,profile,profile.major,prompt-user,critical,/profile?tab=basic,user_prompt,actionable,user,user-owned profile/school-list/essay/resume/recommendation UI or approved import,"no inferred first-party facts, no raw-user-ID default exports, no live notification send",,
cc395a8a5b180bc29cea0a62,6c7e1442143068fdaa30e6a9,profile,profile.major,prompt-user,critical,/profile?tab=basic,user_prompt,actionable,user,user-owned profile/school-list/essay/resume/recommendation UI or approved import,"no inferred first-party facts, no raw-user-ID default exports, no live notification send",,
455f2ad9bc640928879884ec,eba86743975766dec9d97e44,profile,profile.major,prompt-user,critical,/profile?tab=basic,user_prompt,actionable,user,user-owned profile/school-list/essay/resume/recommendation UI or approved import,"no inferred first-party facts, no raw-user-ID default exports, no live notification send",,
b362e4f8047dcd2ef62203d8,73b5786ddbb7e73d070d829b,profile,profile.major,prompt-user,critical,/profile?tab=basic,user_prompt,actionable,user,user-owned profile/school-list/essay/resume/recommendation UI or approved import,"no inferred first-party facts, no raw-user-ID default exports, no live notification send",,
5da3755b900cfc63f1462bb3,b37add462c6557fe3b8e48c0,profile,profile.major,prompt-user,critical,/profile?tab=basic,user_prompt,actionable,user,user-owned profile/school-list/essay/resume/recommendation UI or approved import,"no inferred first-party facts, no raw-user-ID default exports, no live notification send",,
5229fac09472561ca715e803,592c33ead5069aff177bf6b1,profile,profile.major,prompt-user,critical,/profile?tab=basic,user_prompt,actionable,user,user-owned profile/school-list/essay/resume/recommendation UI or approved import,"no inferred first-party facts, no raw-user-ID default exports, no live notification send",,
3d74708a731828c44b4d7a84,b449bf160142c9fefeca13a1,profile,profile.major,prompt-user,critical,/profile?tab=basic,user_prompt,actionable,user,user-owned profile/school-list/essay/resume/recommendation UI or approved import,"no inferred first-party facts, no raw-user-ID default exports, no live notification send",,
4994de259baae1d45c4beb0f,a7bc3ab4359df1818215b145,profile,profile.major,prompt-user,critical,/profile?tab=basic,user_prompt,actionable,user,user-owned profile/school-list/essay/resume/recommendation UI or approved import,"no inferred first-party facts, no raw-user-ID default exports, no live notification send",,
8865efaf169157d362b5befb,8fcae6cfaeffbd27151e3821,profile,profile.major,prompt-user,critical,/profile?tab=basic,user_prompt,actionable,user,user-owned profile/school-list/essay/resume/recommendation UI or approved import,"no inferred first-party facts, no raw-user-ID default exports, no live notification send",,
4bd7d373071eb19fac1be7f7,e8816ef5521c2825b16afead,profile,profile.major,prompt-user,critical,/profile?tab=basic,user_prompt,actionable,user,user-owned profile/school-list/essay/resume/recommendation UI or approved import,"no inferred first-party facts, no raw-user-ID default exports, no live notification send",,
fe36832626c64fffcfd932c9,26f6ffa8d22fe521db86bd83,profile,profile.major,prompt-user,critical,/profile?tab=basic,user_prompt,actionable,user,user-owned profile/school-list/essay/resume/recommendation UI or approved import,"no inferred first-party facts, no raw-user-ID default exports, no live notification send",,
f78799b5f5d4145721157802,c7bc089a37c862ee9854ac7e,profile,profile.major,prompt-user,critical,/profile?tab=basic,user_prompt,actionable,user,user-owned profile/school-list/essay/resume/recommendation UI or approved import,"no inferred first-party facts, no raw-user-ID default exports, no live notification send",,
49e99cfbff239da68d6f4376,dda755032a4fe1405e2169d9,profile,profile.major,prompt-user,critical,/profile?tab=basic,user_prompt,actionable,user,user-owned profile/school-list/essay/resume/recommendation UI or approved import,"no inferred first-party facts, no raw-user-ID default exports, no live notification send",,
371ec5c1e1e8ecb170c7136e,74ad778217e4813b1246ef55,profile,profile.major,prompt-user,critical,/profile?tab=basic,user_prompt,actionable,user,user-owned profile/school-list/essay/resume/recommendation UI or approved import,"no inferred first-party facts, no raw-user-ID default exports, no live notification send",,
652a12e8af698523626d6dd3,32be7fe223b3c81289b18207,profile,profile.major,prompt-user,critical,/profile?tab=basic,user_prompt,actionable,user,user-owned profile/school-list/essay/resume/recommendation UI or approved import,"no inferred first-party facts, no raw-user-ID default exports, no live notification send",,
9d19c75a17f73370cfff2784,0430a60dcf629fae9563b955,profile,profile.major,prompt-user,critical,/profile?tab=basic,user_prompt,actionable,user,user-owned profile/school-list/essay/resume/recommendation UI or approved import,"no inferred first-party facts, no raw-user-ID default exports, no live notification send",,
767c674b4a431f99e67f13b5,31b45d860f9d8bcac25e3341,profile,profile.major,prompt-user,critical,/profile?tab=basic,user_prompt,actionable,user,user-owned profile/school-list/essay/resume/recommendation UI or approved import,"no inferred first-party facts, no raw-user-ID default exports, no live notification send",,
77001398fa50ac432cd8fd5a,54aade8d899682362571ab22,profile,profile.major,prompt-user,critical,/profile?tab=basic,user_prompt,actionable,user,user-owned profile/school-list/essay/resume/recommendation UI or approved import,"no inferred first-party facts, no raw-user-ID default exports, no live notification send",,
f21aa61cab2b3da4a23b9db8,ec0b46cdbde024fbdec1636a,profile,profile.major,prompt-user,critical,/profile?tab=basic,user_prompt,actionable,user,user-owned profile/school-list/essay/resume/recommendation UI or approved import,"no inferred first-party facts, no raw-user-ID default exports, no live notification send",,
8d5210f21082f549c231d3de,11e71226d3127b2bfe55edb2,profile,profile.major,prompt-user,critical,/profile?tab=basic,user_prompt,actionable,user,user-owned profile/school-list/essay/resume/recommendation UI or approved import,"no inferred first-party facts, no raw-user-ID default exports, no live notification send",,
f7ffeda264deb413ef7189a8,d1407001bfe99841c49cf79b,profile,profile.major,prompt-user,critical,/profile?tab=basic,user_prompt,actionable,user,user-owned profile/school-list/essay/resume/recommendation UI or approved import,"no inferred first-party facts, no raw-user-ID default exports, no live notification send",,
de4332f63859a551c47284cc,1e5967c450026109d6e8de36,profile,profile.major,prompt-user,critical,/profile?tab=basic,user_prompt,actionable,user,user-owned profile/school-list/essay/resume/recommendation UI or approved import,"no inferred first-party facts, no raw-user-ID default exports, no live notification send",,
6131fc986e42eae4e99363f5,4a51e264d7f3daa1e4eefcf5,profile,profile.major,prompt-user,critical,/profile?tab=basic,user_prompt,actionable,user,user-owned profile/school-list/essay/resume/recommendation UI or approved import,"no inferred first-party facts, no raw-user-ID default exports, no live notification send",,
b94ee3f2a01f45214f139239,581a82515bd020932f4a523d,profile,profile.major,prompt-user,critical,/profile?tab=basic,user_prompt,actionable,user,user-owned profile/school-list/essay/resume/recommendation UI or approved import,"no inferred first-party facts, no raw-user-ID default exports, no live notification send",,
ad860668a9e15fa017b06719,98bb9e3983ab4f3112c2ac44,profile,profile.major,prompt-user,critical,/profile?tab=basic,user_prompt,actionable,user,user-owned profile/school-list/essay/resume/recommendation UI or approved import,"no inferred first-party facts, no raw-user-ID default exports, no live notification send",,
7ca800c250f37377cf0c7ba1,9d49962d22300edea718614a,profile,profile.major,prompt-user,critical,/profile?tab=basic,user_prompt,actionable,user,user-owned profile/school-list/essay/resume/recommendation UI or approved import,"no inferred first-party facts, no raw-user-ID default exports, no live notification send",,
50759193b78b66515d224e18,079a555bd73e740bf3899403,profile,profile.major,prompt-user,critical,/profile?tab=basic,user_prompt,actionable,user,user-owned profile/school-list/essay/resume/recommendation UI or approved import,"no inferred first-party facts, no raw-user-ID default exports, no live notification send",,
ec730b31c99b09ce537eecc9,c13db182086989c87e6f64ee,profile,profile.major,prompt-user,critical,/profile?tab=basic,user_prompt,actionable,user,user-owned profile/school-list/essay/resume/recommendation UI or approved import,"no inferred first-party facts, no raw-user-ID default exports, no live notification send",,
63cea5496d6d44a9d83ea650,66320973d03ffd27678e0de0,profile,profile.major,prompt-user,critical,/profile?tab=basic,user_prompt,actionable,user,user-owned profile/school-list/essay/resume/recommendation UI or approved import,"no inferred first-party facts, no raw-user-ID default exports, no live notification send",,
b87778f922f08fc2c9204e52,fd760052861148d4214412b9,profile,profile.major,prompt-user,critical,/profile?tab=basic,user_prompt,actionable,user,user-owned profile/school-list/essay/resume/recommendation UI or approved import,"no inferred first-party facts, no raw-user-ID default exports, no live notification send",,
bd0cf19cd2c8835054f2596e,8c6492c3e702853eb91e5230,profile,profile.major,prompt-user,critical,/profile?tab=basic,user_prompt,actionable,user,user-owned profile/school-list/essay/resume/recommendation UI or approved import,"no inferred first-party facts, no raw-user-ID default exports, no live notification send",,
e0df1fe35f1d73c4f6d09d19,c7f5a9cdcd3d88498072bf94,profile,profile.major,prompt-user,critical,/profile?tab=basic,user_prompt,actionable,user,user-owned profile/school-list/essay/resume/recommendation UI or approved import,"no inferred first-party facts, no raw-user-ID default exports, no live notification send",,
0d42e687b68f6d595b39430b,7e7264288c02d747f672d906,profile,profile.major,prompt-user,critical,/profile?tab=basic,user_prompt,actionable,user,user-owned profile/school-list/essay/resume/recommendation UI or approved import,"no inferred first-party facts, no raw-user-ID default exports, no live notification send",,
c5d63ad43425192e84a61262,c6596f2d4d7f1ba58dc4f0b7,profile,profile.major,prompt-user,critical,/profile?tab=basic,user_prompt,actionable,user,user-owned profile/school-list/essay/resume/recommendation UI or approved import,"no inferred first-party facts, no raw-user-ID default exports, no live notification send",,
2f53a775b36e6b5f5f92eeb8,964a924765d8b10f51fbcee5,profile,profile.major,prompt-user,critical,/profile?tab=basic,user_prompt,actionable,user,user-owned profile/school-list/essay/resume/recommendation UI or approved import,"no inferred first-party facts, no raw-user-ID default exports, no live notification send",,
5b999a7eedbe42198428de68,50a0808477ab5750e58e3926,profile,profile.major,prompt-user,critical,/profile?tab=basic,user_prompt,actionable,user,user-owned profile/school-list/essay/resume/recommendation UI or approved import,"no inferred first-party facts, no raw-user-ID default exports, no live notification send",,
b6de0073fb4d9970762f8997,63e12d3f10446e9373621dd8,profile,profile.major,prompt-user,critical,/profile?tab=basic,user_prompt,actionable,user,user-owned profile/school-list/essay/resume/recommendation UI or approved import,"no inferred first-party facts, no raw-user-ID default exports, no live notification send",,
7d7bdf0910ad417d3c5351b1,6af709965f75a5fe58973f73,profile,profile.major,prompt-user,critical,/profile?tab=basic,user_prompt,actionable,user,user-owned profile/school-list/essay/resume/recommendation UI or approved import,"no inferred first-party facts, no raw-user-ID default exports, no live notification send",,
5fe7baf79b85ba8ff2c664bb,e5eb5ad521107e342041d8d1,profile,profile.major,prompt-user,critical,/profile?tab=basic,user_prompt,actionable,user,user-owned profile/school-list/essay/resume/recommendation UI or approved import,"no inferred first-party facts, no raw-user-ID default exports, no live notification send",,
c1bfefbcc9585dab3799f69a,3d54d460f10b5c31835fd852,profile,profile.major,prompt-user,critical,/profile?tab=basic,user_prompt,actionable,user,user-owned profile/school-list/essay/resume/recommendation UI or approved import,"no inferred first-party facts, no raw-user-ID default exports, no live notification send",,
2e727e40efed75d342af4ece,d002539f676776bccf924212,profile,profile.major,prompt-user,critical,/profile?tab=basic,user_prompt,actionable,user,user-owned profile/school-list/essay/resume/recommendation UI or approved import,"no inferred first-party facts, no raw-user-ID default exports, no live notification send",,
d7fa6302612838783ebcfbd7,49ddcd8188ad21af1abfe54b,profile,profile.major,prompt-user,critical,/profile?tab=basic,user_prompt,actionable,user,user-owned profile/school-list/essay/resume/recommendation UI or approved import,"no inferred first-party facts, no raw-user-ID default exports, no live notification send",,
b0f32ddf6357e8ed20ae598c,2318a8f66e3b62682579cf72,profile,profile.major,prompt-user,critical,/profile?tab=basic,user_prompt,actionable,user,user-owned profile/school-list/essay/resume/recommendation UI or approved import,"no inferred first-party facts, no raw-user-ID default exports, no live notification send",,
23d887a01b9f9331316d5cde,edf8656340de66ad2b1a5f04,profile,profile.major,prompt-user,critical,/profile?tab=basic,user_prompt,actionable,user,user-owned profile/school-list/essay/resume/recommendation UI or approved import,"no inferred first-party facts, no raw-user-ID default exports, no live notification send",,
feaaeeb9f40b39d1256387fb,70a9f4cc15716db95627ebba,profile,profile.major,prompt-user,critical,/profile?tab=basic,user_prompt,actionable,user,user-owned profile/school-list/essay/resume/recommendation UI or approved import,"no inferred first-party facts, no raw-user-ID default exports, no live notification send",,
9a7a5f579df9ab705fee176b,df6ad60971442ce3a78a5b8e,profile,profile.major,prompt-user,critical,/profile?tab=basic,user_prompt,actionable,user,user-owned profile/school-list/essay/resume/recommendation UI or approved import,"no inferred first-party facts, no raw-user-ID default exports, no live notification send",,
40c0cbec7f9df70d6ea61cf4,cdb3de4ce0ef3ed64dec3459,profile,profile.major,prompt-user,critical,/profile?tab=basic,user_prompt,actionable,user,user-owned profile/school-list/essay/resume/recommendation UI or approved import,"no inferred first-party facts, no raw-user-ID default exports, no live notification send",,
2c00f293c7853620efafcb47,fb710ffeaf19c387bbace106,profile,profile.major,prompt-user,critical,/profile?tab=basic,user_prompt,actionable,user,user-owned profile/school-list/essay/resume/recommendation UI or approved import,"no inferred first-party facts, no raw-user-ID default exports, no live notification send",,
6ef981a66708b63e5ba10dc6,41930887de5ea55c4d855179,profile,profile.major,prompt-user,critical,/profile?tab=basic,user_prompt,actionable,user,user-owned profile/school-list/essay/resume/recommendation UI or approved import,"no inferred first-party facts, no raw-user-ID default exports, no live notification send",,
ed8a3f0dd9da267ca2d7a420,9f569c98279a76b246f22d34,profile,profile.major,prompt-user,critical,/profile?tab=basic,user_prompt,actionable,user,user-owned profile/school-list/essay/resume/recommendation UI or approved import,"no inferred first-party facts, no raw-user-ID default exports, no live notification send",,
43caeaa95ad2448f41d8ad10,36d74c32e62ca76961ef9c9b,profile,profile.major,prompt-user,critical,/profile?tab=basic,user_prompt,actionable,user,user-owned profile/school-list/essay/resume/recommendation UI or approved import,"no inferred first-party facts, no raw-user-ID default exports, no live notification send",,
ee136f22ecbda3eea1f6bc24,2e616037f2434675fef46986,profile,profile.major,prompt-user,critical,/profile?tab=basic,user_prompt,actionable,user,user-owned profile/school-list/essay/resume/recommendation UI or approved import,"no inferred first-party facts, no raw-user-ID default exports, no live notification send",,
b00e382b246da4b4545ef524,e1cb5d51001ca8795cd21902,profile,profile.major,prompt-user,critical,/profile?tab=basic,user_prompt,actionable,user,user-owned profile/school-list/essay/resume/recommendation UI or approved import,"no inferred first-party facts, no raw-user-ID default exports, no live notification send",,
5ceb1437b344b616fb178066,6d501894f6bba92f86f80fa6,profile,profile.major,prompt-user,critical,/profile?tab=basic,user_prompt,actionable,user,user-owned profile/school-list/essay/resume/recommendation UI or approved import,"no inferred first-party facts, no raw-user-ID default exports, no live notification send",,
2d23da78c5662a158dd69ac7,eba682cfbebae097f4c0ae9f,profile,profile.major,prompt-user,critical,/profile?tab=basic,user_prompt,actionable,user,user-owned profile/school-list/essay/resume/recommendation UI or approved import,"no inferred first-party facts, no raw-user-ID default exports, no live notification send",,
8bad82efa538b507e41683b2,3b8abdf96c6a574fb0d9dd91,profile,profile.major,prompt-user,critical,/profile?tab=basic,user_prompt,actionable,user,user-owned profile/school-list/essay/resume/recommendation UI or approved import,"no inferred first-party facts, no raw-user-ID default exports, no live notification send",,
203aeceed909d51c0b886362,f25654390a2d233810214ce2,profile,profile.major,prompt-user,critical,/profile?tab=basic,user_prompt,actionable,user,user-owned profile/school-list/essay/resume/recommendation UI or approved import,"no inferred first-party facts, no raw-user-ID default exports, no live notification send",,
2c8d2101527a766ab48b06d2,9df5da1d618929c6035d84c7,profile,profile.major,prompt-user,critical,/profile?tab=basic,user_prompt,actionable,user,user-owned profile/school-list/essay/resume/recommendation UI or approved import,"no inferred first-party facts, no raw-user-ID default exports, no live notification send",,
85812890a528f8307e951bcd,008ca6ecdcc16768ff74237e,profile,profile.major,prompt-user,critical,/profile?tab=basic,user_prompt,actionable,user,user-owned profile/school-list/essay/resume/recommendation UI or approved import,"no inferred first-party facts, no raw-user-ID default exports, no live notification send",,
13ddfdd67087d005f1e9784e,7abe0898ff853f00390ad670,profile,profile.major,prompt-user,critical,/profile?tab=basic,user_prompt,actionable,user,user-owned profile/school-list/essay/resume/recommendation UI or approved import,"no inferred first-party facts, no raw-user-ID default exports, no live notification send",,
116ed52883e30f7fe0452348,907cc5222637babd27c28093,profile,profile.major,prompt-user,critical,/profile?tab=basic,user_prompt,actionable,user,user-owned profile/school-list/essay/resume/recommendation UI or approved import,"no inferred first-party facts, no raw-user-ID default exports, no live notification send",,
74881781dd597e63c89bdf4a,88a4363bd38e4bf29aa25ac3,profile,profile.major,prompt-user,critical,/profile?tab=basic,user_prompt,actionable,user,user-owned profile/school-list/essay/resume/recommendation UI or approved import,"no inferred first-party facts, no raw-user-ID default exports, no live notification send",,
d1cc100df4781050fc4268b8,e129b981bf0f8f72f15ea7b7,profile,profile.major,prompt-user,critical,/profile?tab=basic,user_prompt,actionable,user,user-owned profile/school-list/essay/resume/recommendation UI or approved import,"no inferred first-party facts, no raw-user-ID default exports, no live notification send",,
446743c8ea4e6f720b3b8f2f,7e27f5053ef13c4d0686de20,profile,profile.major,prompt-user,critical,/profile?tab=basic,user_prompt,actionable,user,user-owned profile/school-list/essay/resume/recommendation UI or approved import,"no inferred first-party facts, no raw-user-ID default exports, no live notification send",,
dc7b0f9293c403ea22e626fe,1a6a6c84be0e6f9817914858,profile,profile.major,prompt-user,critical,/profile?tab=basic,user_prompt,actionable,user,user-owned profile/school-list/essay/resume/recommendation UI or approved import,"no inferred first-party facts, no raw-user-ID default exports, no live notification send",,
dd060f1ec262f8fedae05e81,e7360770d468adad85fd2454,profile,profile.major,prompt-user,critical,/profile?tab=basic,user_prompt,actionable,user,user-owned profile/school-list/essay/resume/recommendation UI or approved import,"no inferred first-party facts, no raw-user-ID default exports, no live notification send",,
256dcb88fc22949364fb43be,fad9e8a4151495e5048cbe62,profile,profile.major,prompt-user,critical,/profile?tab=basic,user_prompt,actionable,user,user-owned profile/school-list/essay/resume/recommendation UI or approved import,"no inferred first-party facts, no raw-user-ID default exports, no live notification send",,
011932b250f52e51dc9bdb00,8ea26400bf5b3891d01fc287,profile,profile.major,prompt-user,critical,/profile?tab=basic,user_prompt,actionable,user,user-owned profile/school-list/essay/resume/recommendation UI or approved import,"no inferred first-party facts, no raw-user-ID default exports, no live notification send",,
a8678ce76ae9606a1749ca92,d9b81776a7c52ffb6842f667,profile,profile.major,prompt-user,critical,/profile?tab=basic,user_prompt,actionable,user,user-owned profile/school-list/essay/resume/recommendation UI or approved import,"no inferred first-party facts, no raw-user-ID default exports, no live notification send",,
fae8ac6a7b44b66aa7376f0a,db527bf8b61ae8d191fe3f7c,profile,profile.major,prompt-user,critical,/profile?tab=basic,user_prompt,actionable,user,user-owned profile/school-list/essay/resume/recommendation UI or approved import,"no inferred first-party facts, no raw-user-ID default exports, no live notification send",,
53f774e54da87112fa549d33,0d44cd863e552b15a59c81e0,profile,profile.major,prompt-user,critical,/profile?tab=basic,user_prompt,actionable,user,user-owned profile/school-list/essay/resume/recommendation UI or approved import,"no inferred first-party facts, no raw-user-ID default exports, no live notification send",,
a120fc761f0550519aeb8101,202ab6aff932f14f20cc418e,profile,profile.major,prompt-user,critical,/profile?tab=basic,user_prompt,actionable,user,user-owned profile/school-list/essay/resume/recommendation UI or approved import,"no inferred first-party facts, no raw-user-ID default exports, no live notification send",,
49c9b9585c53479808c1aa54,be537a6ed04deb4159ca5926,profile,profile.major,prompt-user,critical,/profile?tab=basic,user_prompt,actionable,user,user-owned profile/school-list/essay/resume/recommendation UI or approved import,"no inferred first-party facts, no raw-user-ID default exports, no live notification send",,
9cdd5449018b430ddd1c216e,3f7e17206924d06b6733cf95,profile,profile.major,prompt-user,critical,/profile?tab=basic,user_prompt,actionable,user,user-owned profile/school-list/essay/resume/recommendation UI or approved import,"no inferred first-party facts, no raw-user-ID default exports, no live notification send",,
4076dfc744c6a200003fcbf1,262b4549039df4afe1f6520f,profile,profile.major,prompt-user,critical,/profile?tab=basic,user_prompt,actionable,user,user-owned profile/school-list/essay/resume/recommendation UI or approved import,"no inferred first-party facts, no raw-user-ID default exports, no live notification send",,
6bf32e99f416407ec106844b,39d106ab86e8ebc7e0d9cbf2,profile,profile.major,prompt-user,critical,/profile?tab=basic,user_prompt,actionable,user,user-owned profile/school-list/essay/resume/recommendation UI or approved import,"no inferred first-party facts, no raw-user-ID default exports, no live notification send",,
b51197279058776b36548ca8,3de7bc39e50c7fec8e1873b5,profile,profile.major,prompt-user,critical,/profile?tab=basic,user_prompt,actionable,user,user-owned profile/school-list/essay/resume/recommendation UI or approved import,"no inferred first-party facts, no raw-user-ID default exports, no live notification send",,
5653ec2f0dd7fe8e7bcd7395,07e90c9e873ae49a0853a7e2,profile,profile.major,prompt-user,critical,/profile?tab=basic,user_prompt,actionable,user,user-owned profile/school-list/essay/resume/recommendation UI or approved import,"no inferred first-party facts, no raw-user-ID default exports, no live notification send",,
8d2430aec81a2e62ccffb82c,6151690046dd85dc1ac607eb,profile,profile.major,prompt-user,critical,/profile?tab=basic,user_prompt,actionable,user,user-owned profile/school-list/essay/resume/recommendation UI or approved import,"no inferred first-party facts, no raw-user-ID default exports, no live notification send",,
fc4f2eed19b26afb91981256,1ee13002d269ee15ce5a77b1,profile,profile.major,prompt-user,critical,/profile?tab=basic,user_prompt,actionable,user,user-owned profile/school-list/essay/resume/recommendation UI or approved import,"no inferred first-party facts, no raw-user-ID default exports, no live notification send",,
186ac5e32029b59bd6bd0108,08473e56ebce9eed5015b231,profile,profile.major,prompt-user,critical,/profile?tab=basic,user_prompt,actionable,user,user-owned profile/school-list/essay/resume/recommendation UI or approved import,"no inferred first-party facts, no raw-user-ID default exports, no live notification send",,
f7d05ad7bbb43d7c89d5eb4a,77bde282a5f5952601f824ba,profile,profile.major,prompt-user,critical,/profile?tab=basic,user_prompt,actionable,user,user-owned profile/school-list/essay/resume/recommendation UI or approved import,"no inferred first-party facts, no raw-user-ID default exports, no live notification send",,
1d2745fc721cc39a70068413,6e7a6094a5b37c7994a6c17c,profile,profile.major,prompt-user,critical,/profile?tab=basic,user_prompt,actionable,user,user-owned profile/school-list/essay/resume/recommendation UI or approved import,"no inferred first-party facts, no raw-user-ID default exports, no live notification send",,
1ca6fd09ac2d78a11431af73,1954f7950db3b5d4fc88f2be,profile,profile.major,prompt-user,critical,/profile?tab=basic,user_prompt,actionable,user,user-owned profile/school-list/essay/resume/recommendation UI or approved import,"no inferred first-party facts, no raw-user-ID default exports, no live notification send",,
7552cf9a4912abd17e63e3a7,455aa0f351aba56dd53a7766,profile,profile.major,prompt-user,critical,/profile?tab=basic,user_prompt,actionable,user,user-owned profile/school-list/essay/resume/recommendation UI or approved import,"no inferred first-party facts, no raw-user-ID default exports, no live notification send",,
ba2aac9c68c868692cd05491,8b8b7a6a6f6168f1ce44961f,profile,profile.major,prompt-user,critical,/profile?tab=basic,user_prompt,actionable,user,user-owned profile/school-list/essay/resume/recommendation UI or approved import,"no inferred first-party facts, no raw-user-ID default exports, no live notification send",,
71bd897cb98d0f99b507827e,7be1cddb397cc938edcb5023,profile,profile.major,prompt-user,critical,/profile?tab=basic,user_prompt,actionable,user,user-owned profile/school-list/essay/resume/recommendation UI or approved import,"no inferred first-party facts, no raw-user-ID default exports, no live notification send",,
a75e7c23a7af24799c73ba87,,profile,profile.missing,prompt-user,critical,/profile,user_prompt,actionable,user,user-owned profile/school-list/essay/resume/recommendation UI or approved import,"no inferred first-party facts, no raw-user-ID default exports, no live notification send",,
eeff49f1eb044cba610074fe,,profile,profile.missing,prompt-user,critical,/profile,user_prompt,actionable,user,user-owned profile/school-list/essay/resume/recommendation UI or approved import,"no inferred first-party facts, no raw-user-ID default exports, no live notification send",,
6d0386656dd839309b3d43af,,profile,profile.missing,prompt-user,critical,/profile,user_prompt,actionable,user,user-owned profile/school-list/essay/resume/recommendation UI or approved import,"no inferred first-party facts, no raw-user-ID default exports, no live notification send",,
c245e8ddb1dd802dd76784fd,,profile,profile.missing,prompt-user,critical,/profile,user_prompt,actionable,user,user-owned profile/school-list/essay/resume/recommendation UI or approved import,"no inferred first-party facts, no raw-user-ID default exports, no live notification send",,
ce751273633f324d4f0494d8,f3ca9cc6e1b20c6e32a7b7ff,profile,profile.test_strategy,prompt-user,critical,/profile?tab=scores,user_prompt,actionable,user,user-owned profile/school-list/essay/resume/recommendation UI or approved import,"no inferred first-party facts, no raw-user-ID default exports, no live notification send",,
78f31fdeb8610de023d89617,4475213aa0982d54b0f0d193,profile,profile.test_strategy,prompt-user,critical,/profile?tab=scores,user_prompt,actionable,user,user-owned profile/school-list/essay/resume/recommendation UI or approved import,"no inferred first-party facts, no raw-user-ID default exports, no live notification send",,
e1b56959c475caa497ef0e04,5e49d8bb93f26153e9d51666,profile,profile.test_strategy,prompt-user,critical,/profile?tab=scores,user_prompt,actionable,user,user-owned profile/school-list/essay/resume/recommendation UI or approved import,"no inferred first-party facts, no raw-user-ID default exports, no live notification send",,
3cd9972bfceb6e94a2a78f93,a0f2d531053a2195350f4335,profile,profile.test_strategy,prompt-user,critical,/profile?tab=scores,user_prompt,actionable,user,user-owned profile/school-list/essay/resume/recommendation UI or approved import,"no inferred first-party facts, no raw-user-ID default exports, no live notification send",,
34f6335fbcaafcf12d96eb01,dffe9db1513ca3da83b85c5b,profile,profile.test_strategy,prompt-user,critical,/profile?tab=scores,user_prompt,actionable,user,user-owned profile/school-list/essay/resume/recommendation UI or approved import,"no inferred first-party facts, no raw-user-ID default exports, no live notification send",,
3cdd4e048a01b1c491b76c5b,01a357650a4ff1c3b091f563,profile,profile.test_strategy,prompt-user,critical,/profile?tab=scores,user_prompt,actionable,user,user-owned profile/school-list/essay/resume/recommendation UI or approved import,"no inferred first-party facts, no raw-user-ID default exports, no live notification send",,
0d4eed867efce609c6a5d0cf,f4ae367399e4afb340b73e2f,profile,profile.test_strategy,prompt-user,critical,/profile?tab=scores,user_prompt,actionable,user,user-owned profile/school-list/essay/resume/recommendation UI or approved import,"no inferred first-party facts, no raw-user-ID default exports, no live notification send",,
ee18fece72a203b4ca7fdf2c,89df40a8030871d0805a06cf,profile,profile.test_strategy,prompt-user,critical,/profile?tab=scores,user_prompt,actionable,user,user-owned profile/school-list/essay/resume/recommendation UI or approved import,"no inferred first-party facts, no raw-user-ID default exports, no live notification send",,
046b9186a0b4a3f2fb5e671e,d9404166c4bb40a1dc5bc97a,profile,profile.test_strategy,prompt-user,critical,/profile?tab=scores,user_prompt,actionable,user,user-owned profile/school-list/essay/resume/recommendation UI or approved import,"no inferred first-party facts, no raw-user-ID default exports, no live notification send",,
2183ab3d91fdf1d601355e14,f5ac27ab87e6efd9a77ed9de,profile,profile.test_strategy,prompt-user,critical,/profile?tab=scores,user_prompt,actionable,user,user-owned profile/school-list/essay/resume/recommendation UI or approved import,"no inferred first-party facts, no raw-user-ID default exports, no live notification send",,
8cf120241ca6f49934b6121c,c182c0e720d2bd1b8ba78adb,profile,profile.test_strategy,prompt-user,critical,/profile?tab=scores,user_prompt,actionable,user,user-owned profile/school-list/essay/resume/recommendation UI or approved import,"no inferred first-party facts, no raw-user-ID default exports, no live notification send",,
1742dc43cda17b8bc0017dd7,99a4f495b94b2a02d83badb1,profile,profile.test_strategy,prompt-user,critical,/profile?tab=scores,user_prompt,actionable,user,user-owned profile/school-list/essay/resume/recommendation UI or approved import,"no inferred first-party facts, no raw-user-ID default exports, no live notification send",,
691051d0f4993f61e10b1c26,c3e6c77db8043367d687b53f,profile,profile.test_strategy,prompt-user,critical,/profile?tab=scores,user_prompt,actionable,user,user-owned profile/school-list/essay/resume/recommendation UI or approved import,"no inferred first-party facts, no raw-user-ID default exports, no live notification send",,
d6f26a5a999c75e3a1e0b349,32969ee9be25929dd5a3dbc5,profile,profile.test_strategy,prompt-user,critical,/profile?tab=scores,user_prompt,actionable,user,user-owned profile/school-list/essay/resume/recommendation UI or approved import,"no inferred first-party facts, no raw-user-ID default exports, no live notification send",,
b7e7dd2193918e4f3f6500f4,ccd264f69b4c4ae3cc1ecef8,profile,profile.test_strategy,prompt-user,critical,/profile?tab=scores,user_prompt,actionable,user,user-owned profile/school-list/essay/resume/recommendation UI or approved import,"no inferred first-party facts, no raw-user-ID default exports, no live notification send",,
a65dffadcf5e7bf73aee0124,c62e8a2fdd156d000152e3a5,profile,profile.test_strategy,prompt-user,critical,/profile?tab=scores,user_prompt,actionable,user,user-owned profile/school-list/essay/resume/recommendation UI or approved import,"no inferred first-party facts, no raw-user-ID default exports, no live notification send",,
e4de1c38aee79c7b4d3ae57a,eef394df39daedd2925a5f9d,profile,profile.test_strategy,prompt-user,critical,/profile?tab=scores,user_prompt,actionable,user,user-owned profile/school-list/essay/resume/recommendation UI or approved import,"no inferred first-party facts, no raw-user-ID default exports, no live notification send",,
ff6255b967ef340cc0dd67ad,4d11162dbbb006654474c491,profile,profile.test_strategy,prompt-user,critical,/profile?tab=scores,user_prompt,actionable,user,user-owned profile/school-list/essay/resume/recommendation UI or approved import,"no inferred first-party facts, no raw-user-ID default exports, no live notification send",,
cc395a8a5b180bc29cea0a62,6c7e1442143068fdaa30e6a9,profile,profile.test_strategy,prompt-user,critical,/profile?tab=scores,user_prompt,actionable,user,user-owned profile/school-list/essay/resume/recommendation UI or approved import,"no inferred first-party facts, no raw-user-ID default exports, no live notification send",,
455f2ad9bc640928879884ec,eba86743975766dec9d97e44,profile,profile.test_strategy,prompt-user,critical,/profile?tab=scores,user_prompt,actionable,user,user-owned profile/school-list/essay/resume/recommendation UI or approved import,"no inferred first-party facts, no raw-user-ID default exports, no live notification send",,
b362e4f8047dcd2ef62203d8,73b5786ddbb7e73d070d829b,profile,profile.test_strategy,prompt-user,critical,/profile?tab=scores,user_prompt,actionable,user,user-owned profile/school-list/essay/resume/recommendation UI or approved import,"no inferred first-party facts, no raw-user-ID default exports, no live notification send",,
5da3755b900cfc63f1462bb3,b37add462c6557fe3b8e48c0,profile,profile.test_strategy,prompt-user,critical,/profile?tab=scores,user_prompt,actionable,user,user-owned profile/school-list/essay/resume/recommendation UI or approved import,"no inferred first-party facts, no raw-user-ID default exports, no live notification send",,
5229fac09472561ca715e803,592c33ead5069aff177bf6b1,profile,profile.test_strategy,prompt-user,critical,/profile?tab=scores,user_prompt,actionable,user,user-owned profile/school-list/essay/resume/recommendation UI or approved import,"no inferred first-party facts, no raw-user-ID default exports, no live notification send",,
3d74708a731828c44b4d7a84,b449bf160142c9fefeca13a1,profile,profile.test_strategy,prompt-user,critical,/profile?tab=scores,user_prompt,actionable,user,user-owned profile/school-list/essay/resume/recommendation UI or approved import,"no inferred first-party facts, no raw-user-ID default exports, no live notification send",,
4994de259baae1d45c4beb0f,a7bc3ab4359df1818215b145,profile,profile.test_strategy,prompt-user,critical,/profile?tab=scores,user_prompt,actionable,user,user-owned profile/school-list/essay/resume/recommendation UI or approved import,"no inferred first-party facts, no raw-user-ID default exports, no live notification send",,
8865efaf169157d362b5befb,8fcae6cfaeffbd27151e3821,profile,profile.test_strategy,prompt-user,critical,/profile?tab=scores,user_prompt,actionable,user,user-owned profile/school-list/essay/resume/recommendation UI or approved import,"no inferred first-party facts, no raw-user-ID default exports, no live notification send",,
4bd7d373071eb19fac1be7f7,e8816ef5521c2825b16afead,profile,profile.test_strategy,prompt-user,critical,/profile?tab=scores,user_prompt,actionable,user,user-owned profile/school-list/essay/resume/recommendation UI or approved import,"no inferred first-party facts, no raw-user-ID default exports, no live notification send",,
fe36832626c64fffcfd932c9,26f6ffa8d22fe521db86bd83,profile,profile.test_strategy,prompt-user,critical,/profile?tab=scores,user_prompt,actionable,user,user-owned profile/school-list/essay/resume/recommendation UI or approved import,"no inferred first-party facts, no raw-user-ID default exports, no live notification send",,
f78799b5f5d4145721157802,c7bc089a37c862ee9854ac7e,profile,profile.test_strategy,prompt-user,critical,/profile?tab=scores,user_prompt,actionable,user,user-owned profile/school-list/essay/resume/recommendation UI or approved import,"no inferred first-party facts, no raw-user-ID default exports, no live notification send",,
49e99cfbff239da68d6f4376,dda755032a4fe1405e2169d9,profile,profile.test_strategy,prompt-user,critical,/profile?tab=scores,user_prompt,actionable,user,user-owned profile/school-list/essay/resume/recommendation UI or approved import,"no inferred first-party facts, no raw-user-ID default exports, no live notification send",,
371ec5c1e1e8ecb170c7136e,74ad778217e4813b1246ef55,profile,profile.test_strategy,prompt-user,critical,/profile?tab=scores,user_prompt,actionable,user,user-owned profile/school-list/essay/resume/recommendation UI or approved import,"no inferred first-party facts, no raw-user-ID default exports, no live notification send",,
652a12e8af698523626d6dd3,32be7fe223b3c81289b18207,profile,profile.test_strategy,prompt-user,critical,/profile?tab=scores,user_prompt,actionable,user,user-owned profile/school-list/essay/resume/recommendation UI or approved import,"no inferred first-party facts, no raw-user-ID default exports, no live notification send",,
9d19c75a17f73370cfff2784,0430a60dcf629fae9563b955,profile,profile.test_strategy,prompt-user,critical,/profile?tab=scores,user_prompt,actionable,user,user-owned profile/school-list/essay/resume/recommendation UI or approved import,"no inferred first-party facts, no raw-user-ID default exports, no live notification send",,
767c674b4a431f99e67f13b5,31b45d860f9d8bcac25e3341,profile,profile.test_strategy,prompt-user,critical,/profile?tab=scores,user_prompt,actionable,user,user-owned profile/school-list/essay/resume/recommendation UI or approved import,"no inferred first-party facts, no raw-user-ID default exports, no live notification send",,
77001398fa50ac432cd8fd5a,54aade8d899682362571ab22,profile,profile.test_strategy,prompt-user,critical,/profile?tab=scores,user_prompt,actionable,user,user-owned profile/school-list/essay/resume/recommendation UI or approved import,"no inferred first-party facts, no raw-user-ID default exports, no live notification send",,
f21aa61cab2b3da4a23b9db8,ec0b46cdbde024fbdec1636a,profile,profile.test_strategy,prompt-user,critical,/profile?tab=scores,user_prompt,actionable,user,user-owned profile/school-list/essay/resume/recommendation UI or approved import,"no inferred first-party facts, no raw-user-ID default exports, no live notification send",,
8d5210f21082f549c231d3de,11e71226d3127b2bfe55edb2,profile,profile.test_strategy,prompt-user,critical,/profile?tab=scores,user_prompt,actionable,user,user-owned profile/school-list/essay/resume/recommendation UI or approved import,"no inferred first-party facts, no raw-user-ID default exports, no live notification send",,
f7ffeda264deb413ef7189a8,d1407001bfe99841c49cf79b,profile,profile.test_strategy,prompt-user,critical,/profile?tab=scores,user_prompt,actionable,user,user-owned profile/school-list/essay/resume/recommendation UI or approved import,"no inferred first-party facts, no raw-user-ID default exports, no live notification send",,
de4332f63859a551c47284cc,1e5967c450026109d6e8de36,profile,profile.test_strategy,prompt-user,critical,/profile?tab=scores,user_prompt,actionable,user,user-owned profile/school-list/essay/resume/recommendation UI or approved import,"no inferred first-party facts, no raw-user-ID default exports, no live notification send",,
6131fc986e42eae4e99363f5,4a51e264d7f3daa1e4eefcf5,profile,profile.test_strategy,prompt-user,critical,/profile?tab=scores,user_prompt,actionable,user,user-owned profile/school-list/essay/resume/recommendation UI or approved import,"no inferred first-party facts, no raw-user-ID default exports, no live notification send",,
b94ee3f2a01f45214f139239,581a82515bd020932f4a523d,profile,profile.test_strategy,prompt-user,critical,/profile?tab=scores,user_prompt,actionable,user,user-owned profile/school-list/essay/resume/recommendation UI or approved import,"no inferred first-party facts, no raw-user-ID default exports, no live notification send",,
ad860668a9e15fa017b06719,98bb9e3983ab4f3112c2ac44,profile,profile.test_strategy,prompt-user,critical,/profile?tab=scores,user_prompt,actionable,user,user-owned profile/school-list/essay/resume/recommendation UI or approved import,"no inferred first-party facts, no raw-user-ID default exports, no live notification send",,
7ca800c250f37377cf0c7ba1,9d49962d22300edea718614a,profile,profile.test_strategy,prompt-user,critical,/profile?tab=scores,user_prompt,actionable,user,user-owned profile/school-list/essay/resume/recommendation UI or approved import,"no inferred first-party facts, no raw-user-ID default exports, no live notification send",,
50759193b78b66515d224e18,079a555bd73e740bf3899403,profile,profile.test_strategy,prompt-user,critical,/profile?tab=scores,user_prompt,actionable,user,user-owned profile/school-list/essay/resume/recommendation UI or approved import,"no inferred first-party facts, no raw-user-ID default exports, no live notification send",,
ec730b31c99b09ce537eecc9,c13db182086989c87e6f64ee,profile,profile.test_strategy,prompt-user,critical,/profile?tab=scores,user_prompt,actionable,user,user-owned profile/school-list/essay/resume/recommendation UI or approved import,"no inferred first-party facts, no raw-user-ID default exports, no live notification send",,
63cea5496d6d44a9d83ea650,66320973d03ffd27678e0de0,profile,profile.test_strategy,prompt-user,critical,/profile?tab=scores,user_prompt,actionable,user,user-owned profile/school-list/essay/resume/recommendation UI or approved import,"no inferred first-party facts, no raw-user-ID default exports, no live notification send",,
b87778f922f08fc2c9204e52,fd760052861148d4214412b9,profile,profile.test_strategy,prompt-user,critical,/profile?tab=scores,user_prompt,actionable,user,user-owned profile/school-list/essay/resume/recommendation UI or approved import,"no inferred first-party facts, no raw-user-ID default exports, no live notification send",,
bd0cf19cd2c8835054f2596e,8c6492c3e702853eb91e5230,profile,profile.test_strategy,prompt-user,critical,/profile?tab=scores,user_prompt,actionable,user,user-owned profile/school-list/essay/resume/recommendation UI or approved import,"no inferred first-party facts, no raw-user-ID default exports, no live notification send",,
e0df1fe35f1d73c4f6d09d19,c7f5a9cdcd3d88498072bf94,profile,profile.test_strategy,prompt-user,critical,/profile?tab=scores,user_prompt,actionable,user,user-owned profile/school-list/essay/resume/recommendation UI or approved import,"no inferred first-party facts, no raw-user-ID default exports, no live notification send",,
0d42e687b68f6d595b39430b,7e7264288c02d747f672d906,profile,profile.test_strategy,prompt-user,critical,/profile?tab=scores,user_prompt,actionable,user,user-owned profile/school-list/essay/resume/recommendation UI or approved import,"no inferred first-party facts, no raw-user-ID default exports, no live notification send",,
c5d63ad43425192e84a61262,c6596f2d4d7f1ba58dc4f0b7,profile,profile.test_strategy,prompt-user,critical,/profile?tab=scores,user_prompt,actionable,user,user-owned profile/school-list/essay/resume/recommendation UI or approved import,"no inferred first-party facts, no raw-user-ID default exports, no live notification send",,
2f53a775b36e6b5f5f92eeb8,964a924765d8b10f51fbcee5,profile,profile.test_strategy,prompt-user,critical,/profile?tab=scores,user_prompt,actionable,user,user-owned profile/school-list/essay/resume/recommendation UI or approved import,"no inferred first-party facts, no raw-user-ID default exports, no live notification send",,
5b999a7eedbe42198428de68,50a0808477ab5750e58e3926,profile,profile.test_strategy,prompt-user,critical,/profile?tab=scores,user_prompt,actionable,user,user-owned profile/school-list/essay/resume/recommendation UI or approved import,"no inferred first-party facts, no raw-user-ID default exports, no live notification send",,
b6de0073fb4d9970762f8997,63e12d3f10446e9373621dd8,profile,profile.test_strategy,prompt-user,critical,/profile?tab=scores,user_prompt,actionable,user,user-owned profile/school-list/essay/resume/recommendation UI or approved import,"no inferred first-party facts, no raw-user-ID default exports, no live notification send",,
7d7bdf0910ad417d3c5351b1,6af709965f75a5fe58973f73,profile,profile.test_strategy,prompt-user,critical,/profile?tab=scores,user_prompt,actionable,user,user-owned profile/school-list/essay/resume/recommendation UI or approved import,"no inferred first-party facts, no raw-user-ID default exports, no live notification send",,
5fe7baf79b85ba8ff2c664bb,e5eb5ad521107e342041d8d1,profile,profile.test_strategy,prompt-user,critical,/profile?tab=scores,user_prompt,actionable,user,user-owned profile/school-list/essay/resume/recommendation UI or approved import,"no inferred first-party facts, no raw-user-ID default exports, no live notification send",,
c1bfefbcc9585dab3799f69a,3d54d460f10b5c31835fd852,profile,profile.test_strategy,prompt-user,critical,/profile?tab=scores,user_prompt,actionable,user,user-owned profile/school-list/essay/resume/recommendation UI or approved import,"no inferred first-party facts, no raw-user-ID default exports, no live notification send",,
2e727e40efed75d342af4ece,d002539f676776bccf924212,profile,profile.test_strategy,prompt-user,critical,/profile?tab=scores,user_prompt,actionable,user,user-owned profile/school-list/essay/resume/recommendation UI or approved import,"no inferred first-party facts, no raw-user-ID default exports, no live notification send",,
d7fa6302612838783ebcfbd7,49ddcd8188ad21af1abfe54b,profile,profile.test_strategy,prompt-user,critical,/profile?tab=scores,user_prompt,actionable,user,user-owned profile/school-list/essay/resume/recommendation UI or approved import,"no inferred first-party facts, no raw-user-ID default exports, no live notification send",,
b0f32ddf6357e8ed20ae598c,2318a8f66e3b62682579cf72,profile,profile.test_strategy,prompt-user,critical,/profile?tab=scores,user_prompt,actionable,user,user-owned profile/school-list/essay/resume/recommendation UI or approved import,"no inferred first-party facts, no raw-user-ID default exports, no live notification send",,
23d887a01b9f9331316d5cde,edf8656340de66ad2b1a5f04,profile,profile.test_strategy,prompt-user,critical,/profile?tab=scores,user_prompt,actionable,user,user-owned profile/school-list/essay/resume/recommendation UI or approved import,"no inferred first-party facts, no raw-user-ID default exports, no live notification send",,
feaaeeb9f40b39d1256387fb,70a9f4cc15716db95627ebba,profile,profile.test_strategy,prompt-user,critical,/profile?tab=scores,user_prompt,actionable,user,user-owned profile/school-list/essay/resume/recommendation UI or approved import,"no inferred first-party facts, no raw-user-ID default exports, no live notification send",,
9a7a5f579df9ab705fee176b,df6ad60971442ce3a78a5b8e,profile,profile.test_strategy,prompt-user,critical,/profile?tab=scores,user_prompt,actionable,user,user-owned profile/school-list/essay/resume/recommendation UI or approved import,"no inferred first-party facts, no raw-user-ID default exports, no live notification send",,
40c0cbec7f9df70d6ea61cf4,cdb3de4ce0ef3ed64dec3459,profile,profile.test_strategy,prompt-user,critical,/profile?tab=scores,user_prompt,actionable,user,user-owned profile/school-list/essay/resume/recommendation UI or approved import,"no inferred first-party facts, no raw-user-ID default exports, no live notification send",,
676f02ff3d623de9cba3a3a6,54f774e850dd893c5682f457,profile,profile.test_strategy,prompt-user,critical,/profile?tab=scores,user_prompt,actionable,user,user-owned profile/school-list/essay/resume/recommendation UI or approved import,"no inferred first-party facts, no raw-user-ID default exports, no live notification send",,
3886f5bc9075dc9bd18b7224,305f0c27a882b89597bb6d85,profile,profile.test_strategy,prompt-user,critical,/profile?tab=scores,user_prompt,actionable,user,user-owned profile/school-list/essay/resume/recommendation UI or approved import,"no inferred first-party facts, no raw-user-ID default exports, no live notification send",,
ad39de6e802f52909ea470f9,b8242de5f3e19dcbbd923992,profile,profile.test_strategy,prompt-user,critical,/profile?tab=scores,user_prompt,actionable,user,user-owned profile/school-list/essay/resume/recommendation UI or approved import,"no inferred first-party facts, no raw-user-ID default exports, no live notification send",,
5aa53fed204cfea6f5751b71,0090f49b1dc2ab713202df2d,profile,profile.test_strategy,prompt-user,critical,/profile?tab=scores,user_prompt,actionable,user,user-owned profile/school-list/essay/resume/recommendation UI or approved import,"no inferred first-party facts, no raw-user-ID default exports, no live notification send",,
36d8c5ebb7168456659ca6d0,203f98cf29d701080b7b8f1b,profile,profile.test_strategy,prompt-user,critical,/profile?tab=scores,user_prompt,actionable,user,user-owned profile/school-list/essay/resume/recommendation UI or approved import,"no inferred first-party facts, no raw-user-ID default exports, no live notification send",,
d5bdfda45662186ec0058942,2eee8676083362d001d94f25,profile,profile.test_strategy,prompt-user,critical,/profile?tab=scores,user_prompt,actionable,user,user-owned profile/school-list/essay/resume/recommendation UI or approved import,"no inferred first-party facts, no raw-user-ID default exports, no live notification send",,
464c02f613d82f8a087fa74f,bd0ed33c654c6dbbeb80beb3,profile,profile.test_strategy,prompt-user,critical,/profile?tab=scores,user_prompt,actionable,user,user-owned profile/school-list/essay/resume/recommendation UI or approved import,"no inferred first-party facts, no raw-user-ID default exports, no live notification send",,
679cf695cda04ca9747d9038,5a7e9b81a9d783240d9c2925,profile,profile.test_strategy,prompt-user,critical,/profile?tab=scores,user_prompt,actionable,user,user-owned profile/school-list/essay/resume/recommendation UI or approved import,"no inferred first-party facts, no raw-user-ID default exports, no live notification send",,
30eae3a6acc7168528a74b13,8bb29320c8d2bfe26cecbdf3,profile,profile.test_strategy,prompt-user,critical,/profile?tab=scores,user_prompt,actionable,user,user-owned profile/school-list/essay/resume/recommendation UI or approved import,"no inferred first-party facts, no raw-user-ID default exports, no live notification send",,
e02f979e1988a9fd20e757c1,da81728847d2b40469e4d50f,profile,profile.test_strategy,prompt-user,critical,/profile?tab=scores,user_prompt,actionable,user,user-owned profile/school-list/essay/resume/recommendation UI or approved import,"no inferred first-party facts, no raw-user-ID default exports, no live notification send",,
15ecd55050c4e1fa9c1b9c3a,da0baf63f3e3ddd253f8b439,profile,profile.test_strategy,prompt-user,critical,/profile?tab=scores,user_prompt,actionable,user,user-owned profile/school-list/essay/resume/recommendation UI or approved import,"no inferred first-party facts, no raw-user-ID default exports, no live notification send",,
387228252b665c9ff1620043,25c4aca374bb631e2d042261,profile,profile.test_strategy,prompt-user,critical,/profile?tab=scores,user_prompt,actionable,user,user-owned profile/school-list/essay/resume/recommendation UI or approved import,"no inferred first-party facts, no raw-user-ID default exports, no live notification send",,
502bdee5b8668baaa90d1384,c74dc4b8b1914fcfe2be0bab,profile,profile.test_strategy,prompt-user,critical,/profile?tab=scores,user_prompt,actionable,user,user-owned profile/school-list/essay/resume/recommendation UI or approved import,"no inferred first-party facts, no raw-user-ID default exports, no live notification send",,
374a80e4f2d415800aa01355,0566721c05481a7fe9d418bf,profile,profile.test_strategy,prompt-user,critical,/profile?tab=scores,user_prompt,actionable,user,user-owned profile/school-list/essay/resume/recommendation UI or approved import,"no inferred first-party facts, no raw-user-ID default exports, no live notification send",,
f6005a34bc73bfe9879597ef,5978b33826843036742080e3,profile,profile.test_strategy,prompt-user,critical,/profile?tab=scores,user_prompt,actionable,user,user-owned profile/school-list/essay/resume/recommendation UI or approved import,"no inferred first-party facts, no raw-user-ID default exports, no live notification send",,
90e4864752a863ccd17f4cfc,69be23cb779bd0bf204d2644,profile,profile.test_strategy,prompt-user,critical,/profile?tab=scores,user_prompt,actionable,user,user-owned profile/school-list/essay/resume/recommendation UI or approved import,"no inferred first-party facts, no raw-user-ID default exports, no live notification send",,
58a15f8cf6b78a355ee1a924,4126da780ce6ffd29d84aa40,profile,profile.test_strategy,prompt-user,critical,/profile?tab=scores,user_prompt,actionable,user,user-owned profile/school-list/essay/resume/recommendation UI or approved import,"no inferred first-party facts, no raw-user-ID default exports, no live notification send",,
769c369837e0ef82157f71a9,2d6c899696e40c2a8f602f31,profile,profile.test_strategy,prompt-user,critical,/profile?tab=scores,user_prompt,actionable,user,user-owned profile/school-list/essay/resume/recommendation UI or approved import,"no inferred first-party facts, no raw-user-ID default exports, no live notification send",,
e1e64452ff36994276f79d90,20264299948f05eaaa29e30d,profile,profile.test_strategy,prompt-user,critical,/profile?tab=scores,user_prompt,actionable,user,user-owned profile/school-list/essay/resume/recommendation UI or approved import,"no inferred first-party facts, no raw-user-ID default exports, no live notification send",,
343e2be9d70f3d640f3e2ccb,6eeda7d1113a1da8f9d4a916,profile,profile.test_strategy,prompt-user,critical,/profile?tab=scores,user_prompt,actionable,user,user-owned profile/school-list/essay/resume/recommendation UI or approved import,"no inferred first-party facts, no raw-user-ID default exports, no live notification send",,
178fcce401620a0935750fc4,65d65992cc63e78514007c3e,profile,profile.test_strategy,prompt-user,critical,/profile?tab=scores,user_prompt,actionable,user,user-owned profile/school-list/essay/resume/recommendation UI or approved import,"no inferred first-party facts, no raw-user-ID default exports, no live notification send",,
09efa261d0d54ee10ace1d6b,08c3b070a44954a5ea60f4b9,profile,profile.test_strategy,prompt-user,critical,/profile?tab=scores,user_prompt,actionable,user,user-owned profile/school-list/essay/resume/recommendation UI or approved import,"no inferred first-party facts, no raw-user-ID default exports, no live notification send",,
6c76336e5756c3e8ab682a25,3a4cc337723ae046e69da804,profile,profile.test_strategy,prompt-user,critical,/profile?tab=scores,user_prompt,actionable,user,user-owned profile/school-list/essay/resume/recommendation UI or approved import,"no inferred first-party facts, no raw-user-ID default exports, no live notification send",,
ed5d489840ba19243aee99e9,40b258f712c953c00def7d5b,profile,profile.test_strategy,prompt-user,critical,/profile?tab=scores,user_prompt,actionable,user,user-owned profile/school-list/essay/resume/recommendation UI or approved import,"no inferred first-party facts, no raw-user-ID default exports, no live notification send",,
2e89fdceb00b6f0d355e0c0c,f2cc74bc680da596ae5a9cdc,profile,profile.test_strategy,prompt-user,critical,/profile?tab=scores,user_prompt,actionable,user,user-owned profile/school-list/essay/resume/recommendation UI or approved import,"no inferred first-party facts, no raw-user-ID default exports, no live notification send",,
e118caebf6d9a73b87008281,fd1f08fa5a2ae01121d83d53,profile,profile.test_strategy,prompt-user,critical,/profile?tab=scores,user_prompt,actionable,user,user-owned profile/school-list/essay/resume/recommendation UI or approved import,"no inferred first-party facts, no raw-user-ID default exports, no live notification send",,
e353a3b996a6340225790fca,c5ac7f0a5ed9569d715e7deb,profile,profile.test_strategy,prompt-user,critical,/profile?tab=scores,user_prompt,actionable,user,user-owned profile/school-list/essay/resume/recommendation UI or approved import,"no inferred first-party facts, no raw-user-ID default exports, no live notification send",,
704f4383d93a60a5efecfba9,a1a8c2538b2c345237f63f93,profile,profile.test_strategy,prompt-user,critical,/profile?tab=scores,user_prompt,actionable,user,user-owned profile/school-list/essay/resume/recommendation UI or approved import,"no inferred first-party facts, no raw-user-ID default exports, no live notification send",,
a5be59aa7c173575e2fafb68,91ab120b480c0717a776560a,profile,profile.test_strategy,prompt-user,critical,/profile?tab=scores,user_prompt,actionable,user,user-owned profile/school-list/essay/resume/recommendation UI or approved import,"no inferred first-party facts, no raw-user-ID default exports, no live notification send",,
ce52a04eb486e4bf2e694ead,2307cbb781c34923f400410f,profile,profile.test_strategy,prompt-user,critical,/profile?tab=scores,user_prompt,actionable,user,user-owned profile/school-list/essay/resume/recommendation UI or approved import,"no inferred first-party facts, no raw-user-ID default exports, no live notification send",,
ce751273633f324d4f0494d8,f3ca9cc6e1b20c6e32a7b7ff,school_list,school_list.add_first,prompt-user,critical,/schools,user_prompt,actionable,user,user-owned profile/school-list/essay/resume/recommendation UI or approved import,"no inferred first-party facts, no raw-user-ID default exports, no live notification send",,
78f31fdeb8610de023d89617,4475213aa0982d54b0f0d193,school_list,school_list.add_first,prompt-user,critical,/schools,user_prompt,actionable,user,user-owned profile/school-list/essay/resume/recommendation UI or approved import,"no inferred first-party facts, no raw-user-ID default exports, no live notification send",,
e1b56959c475caa497ef0e04,5e49d8bb93f26153e9d51666,school_list,school_list.add_first,prompt-user,critical,/schools,user_prompt,actionable,user,user-owned profile/school-list/essay/resume/recommendation UI or approved import,"no inferred first-party facts, no raw-user-ID default exports, no live notification send",,
3cd9972bfceb6e94a2a78f93,a0f2d531053a2195350f4335,school_list,school_list.add_first,prompt-user,critical,/schools,user_prompt,actionable,user,user-owned profile/school-list/essay/resume/recommendation UI or approved import,"no inferred first-party facts, no raw-user-ID default exports, no live notification send",,
f03f64a3f8f5d323904c4b21,a181e81aea4cf5fb8edfda09,school_list,school_list.add_first,prompt-user,critical,/schools,user_prompt,actionable,user,user-owned profile/school-list/essay/resume/recommendation UI or approved import,"no inferred first-party facts, no raw-user-ID default exports, no live notification send",,
34f6335fbcaafcf12d96eb01,dffe9db1513ca3da83b85c5b,school_list,school_list.add_first,prompt-user,critical,/schools,user_prompt,actionable,user,user-owned profile/school-list/essay/resume/recommendation UI or approved import,"no inferred first-party facts, no raw-user-ID default exports, no live notification send",,
3cdd4e048a01b1c491b76c5b,01a357650a4ff1c3b091f563,school_list,school_list.add_first,prompt-user,critical,/schools,user_prompt,actionable,user,user-owned profile/school-list/essay/resume/recommendation UI or approved import,"no inferred first-party facts, no raw-user-ID default exports, no live notification send",,
0d4eed867efce609c6a5d0cf,f4ae367399e4afb340b73e2f,school_list,school_list.add_first,prompt-user,critical,/schools,user_prompt,actionable,user,user-owned profile/school-list/essay/resume/recommendation UI or approved import,"no inferred first-party facts, no raw-user-ID default exports, no live notification send",,
ee18fece72a203b4ca7fdf2c,89df40a8030871d0805a06cf,school_list,school_list.add_first,prompt-user,critical,/schools,user_prompt,actionable,user,user-owned profile/school-list/essay/resume/recommendation UI or approved import,"no inferred first-party facts, no raw-user-ID default exports, no live notification send",,
046b9186a0b4a3f2fb5e671e,d9404166c4bb40a1dc5bc97a,school_list,school_list.add_first,prompt-user,critical,/schools,user_prompt,actionable,user,user-owned profile/school-list/essay/resume/recommendation UI or approved import,"no inferred first-party facts, no raw-user-ID default exports, no live notification send",,
2183ab3d91fdf1d601355e14,f5ac27ab87e6efd9a77ed9de,school_list,school_list.add_first,prompt-user,critical,/schools,user_prompt,actionable,user,user-owned profile/school-list/essay/resume/recommendation UI or approved import,"no inferred first-party facts, no raw-user-ID default exports, no live notification send",,
8cf120241ca6f49934b6121c,c182c0e720d2bd1b8ba78adb,school_list,school_list.add_first,prompt-user,critical,/schools,user_prompt,actionable,user,user-owned profile/school-list/essay/resume/recommendation UI or approved import,"no inferred first-party facts, no raw-user-ID default exports, no live notification send",,
1742dc43cda17b8bc0017dd7,99a4f495b94b2a02d83badb1,school_list,school_list.add_first,prompt-user,critical,/schools,user_prompt,actionable,user,user-owned profile/school-list/essay/resume/recommendation UI or approved import,"no inferred first-party facts, no raw-user-ID default exports, no live notification send",,
691051d0f4993f61e10b1c26,c3e6c77db8043367d687b53f,school_list,school_list.add_first,prompt-user,critical,/schools,user_prompt,actionable,user,user-owned profile/school-list/essay/resume/recommendation UI or approved import,"no inferred first-party facts, no raw-user-ID default exports, no live notification send",,
d6f26a5a999c75e3a1e0b349,32969ee9be25929dd5a3dbc5,school_list,school_list.add_first,prompt-user,critical,/schools,user_prompt,actionable,user,user-owned profile/school-list/essay/resume/recommendation UI or approved import,"no inferred first-party facts, no raw-user-ID default exports, no live notification send",,
b7e7dd2193918e4f3f6500f4,ccd264f69b4c4ae3cc1ecef8,school_list,school_list.add_first,prompt-user,critical,/schools,user_prompt,actionable,user,user-owned profile/school-list/essay/resume/recommendation UI or approved import,"no inferred first-party facts, no raw-user-ID default exports, no live notification send",,
a65dffadcf5e7bf73aee0124,c62e8a2fdd156d000152e3a5,school_list,school_list.add_first,prompt-user,critical,/schools,user_prompt,actionable,user,user-owned profile/school-list/essay/resume/recommendation UI or approved import,"no inferred first-party facts, no raw-user-ID default exports, no live notification send",,
e4de1c38aee79c7b4d3ae57a,eef394df39daedd2925a5f9d,school_list,school_list.add_first,prompt-user,critical,/schools,user_prompt,actionable,user,user-owned profile/school-list/essay/resume/recommendation UI or approved import,"no inferred first-party facts, no raw-user-ID default exports, no live notification send",,
ff6255b967ef340cc0dd67ad,4d11162dbbb006654474c491,school_list,school_list.add_first,prompt-user,critical,/schools,user_prompt,actionable,user,user-owned profile/school-list/essay/resume/recommendation UI or approved import,"no inferred first-party facts, no raw-user-ID default exports, no live notification send",,
cc395a8a5b180bc29cea0a62,6c7e1442143068fdaa30e6a9,school_list,school_list.add_first,prompt-user,critical,/schools,user_prompt,actionable,user,user-owned profile/school-list/essay/resume/recommendation UI or approved import,"no inferred first-party facts, no raw-user-ID default exports, no live notification send",,
455f2ad9bc640928879884ec,eba86743975766dec9d97e44,school_list,school_list.add_first,prompt-user,critical,/schools,user_prompt,actionable,user,user-owned profile/school-list/essay/resume/recommendation UI or approved import,"no inferred first-party facts, no raw-user-ID default exports, no live notification send",,
b362e4f8047dcd2ef62203d8,73b5786ddbb7e73d070d829b,school_list,school_list.add_first,prompt-user,critical,/schools,user_prompt,actionable,user,user-owned profile/school-list/essay/resume/recommendation UI or approved import,"no inferred first-party facts, no raw-user-ID default exports, no live notification send",,
5da3755b900cfc63f1462bb3,b37add462c6557fe3b8e48c0,school_list,school_list.add_first,prompt-user,critical,/schools,user_prompt,actionable,user,user-owned profile/school-list/essay/resume/recommendation UI or approved import,"no inferred first-party facts, no raw-user-ID default exports, no live notification send",,
5229fac09472561ca715e803,592c33ead5069aff177bf6b1,school_list,school_list.add_first,prompt-user,critical,/schools,user_prompt,actionable,user,user-owned profile/school-list/essay/resume/recommendation UI or approved import,"no inferred first-party facts, no raw-user-ID default exports, no live notification send",,
3d74708a731828c44b4d7a84,b449bf160142c9fefeca13a1,school_list,school_list.add_first,prompt-user,critical,/schools,user_prompt,actionable,user,user-owned profile/school-list/essay/resume/recommendation UI or approved import,"no inferred first-party facts, no raw-user-ID default exports, no live notification send",,
4994de259baae1d45c4beb0f,a7bc3ab4359df1818215b145,school_list,school_list.add_first,prompt-user,critical,/schools,user_prompt,actionable,user,user-owned profile/school-list/essay/resume/recommendation UI or approved import,"no inferred first-party facts, no raw-user-ID default exports, no live notification send",,
8865efaf169157d362b5befb,8fcae6cfaeffbd27151e3821,school_list,school_list.add_first,prompt-user,critical,/schools,user_prompt,actionable,user,user-owned profile/school-list/essay/resume/recommendation UI or approved import,"no inferred first-party facts, no raw-user-ID default exports, no live notification send",,
9629ea3c9bceeeae57ebca42,0c3236943051391501a7e803,school_list,school_list.add_first,prompt-user,critical,/schools,user_prompt,actionable,user,user-owned profile/school-list/essay/resume/recommendation UI or approved import,"no inferred first-party facts, no raw-user-ID default exports, no live notification send",,
8ccb92a4a1eb8f89ed146b8b,ecd9bd8fb8572e32253a8607,school_list,school_list.add_first,prompt-user,critical,/schools,user_prompt,actionable,user,user-owned profile/school-list/essay/resume/recommendation UI or approved import,"no inferred first-party facts, no raw-user-ID default exports, no live notification send",,
ac50eb9cb34551b788995d69,046acb24005516946f7a1a13,school_list,school_list.add_first,prompt-user,critical,/schools,user_prompt,actionable,user,user-owned profile/school-list/essay/resume/recommendation UI or approved import,"no inferred first-party facts, no raw-user-ID default exports, no live notification send",,
e46dfc09d19d0f8ca2747f42,d4ba506ddccdc8266cee7008,school_list,school_list.add_first,prompt-user,critical,/schools,user_prompt,actionable,user,user-owned profile/school-list/essay/resume/recommendation UI or approved import,"no inferred first-party facts, no raw-user-ID default exports, no live notification send",,
4bd7d373071eb19fac1be7f7,e8816ef5521c2825b16afead,school_list,school_list.add_first,prompt-user,critical,/schools,user_prompt,actionable,user,user-owned profile/school-list/essay/resume/recommendation UI or approved import,"no inferred first-party facts, no raw-user-ID default exports, no live notification send",,
fe36832626c64fffcfd932c9,26f6ffa8d22fe521db86bd83,school_list,school_list.add_first,prompt-user,critical,/schools,user_prompt,actionable,user,user-owned profile/school-list/essay/resume/recommendation UI or approved import,"no inferred first-party facts, no raw-user-ID default exports, no live notification send",,
f78799b5f5d4145721157802,c7bc089a37c862ee9854ac7e,school_list,school_list.add_first,prompt-user,critical,/schools,user_prompt,actionable,user,user-owned profile/school-list/essay/resume/recommendation UI or approved import,"no inferred first-party facts, no raw-user-ID default exports, no live notification send",,
49e99cfbff239da68d6f4376,dda755032a4fe1405e2169d9,school_list,school_list.add_first,prompt-user,critical,/schools,user_prompt,actionable,user,user-owned profile/school-list/essay/resume/recommendation UI or approved import,"no inferred first-party facts, no raw-user-ID default exports, no live notification send",,
371ec5c1e1e8ecb170c7136e,74ad778217e4813b1246ef55,school_list,school_list.add_first,prompt-user,critical,/schools,user_prompt,actionable,user,user-owned profile/school-list/essay/resume/recommendation UI or approved import,"no inferred first-party facts, no raw-user-ID default exports, no live notification send",,
652a12e8af698523626d6dd3,32be7fe223b3c81289b18207,school_list,school_list.add_first,prompt-user,critical,/schools,user_prompt,actionable,user,user-owned profile/school-list/essay/resume/recommendation UI or approved import,"no inferred first-party facts, no raw-user-ID default exports, no live notification send",,
9d19c75a17f73370cfff2784,0430a60dcf629fae9563b955,school_list,school_list.add_first,prompt-user,critical,/schools,user_prompt,actionable,user,user-owned profile/school-list/essay/resume/recommendation UI or approved import,"no inferred first-party facts, no raw-user-ID default exports, no live notification send",,
767c674b4a431f99e67f13b5,31b45d860f9d8bcac25e3341,school_list,school_list.add_first,prompt-user,critical,/schools,user_prompt,actionable,user,user-owned profile/school-list/essay/resume/recommendation UI or approved import,"no inferred first-party facts, no raw-user-ID default exports, no live notification send",,
77001398fa50ac432cd8fd5a,54aade8d899682362571ab22,school_list,school_list.add_first,prompt-user,critical,/schools,user_prompt,actionable,user,user-owned profile/school-list/essay/resume/recommendation UI or approved import,"no inferred first-party facts, no raw-user-ID default exports, no live notification send",,
f21aa61cab2b3da4a23b9db8,ec0b46cdbde024fbdec1636a,school_list,school_list.add_first,prompt-user,critical,/schools,user_prompt,actionable,user,user-owned profile/school-list/essay/resume/recommendation UI or approved import,"no inferred first-party facts, no raw-user-ID default exports, no live notification send",,
8d5210f21082f549c231d3de,11e71226d3127b2bfe55edb2,school_list,school_list.add_first,prompt-user,critical,/schools,user_prompt,actionable,user,user-owned profile/school-list/essay/resume/recommendation UI or approved import,"no inferred first-party facts, no raw-user-ID default exports, no live notification send",,
f7ffeda264deb413ef7189a8,d1407001bfe99841c49cf79b,school_list,school_list.add_first,prompt-user,critical,/schools,user_prompt,actionable,user,user-owned profile/school-list/essay/resume/recommendation UI or approved import,"no inferred first-party facts, no raw-user-ID default exports, no live notification send",,
de4332f63859a551c47284cc,1e5967c450026109d6e8de36,school_list,school_list.add_first,prompt-user,critical,/schools,user_prompt,actionable,user,user-owned profile/school-list/essay/resume/recommendation UI or approved import,"no inferred first-party facts, no raw-user-ID default exports, no live notification send",,
6131fc986e42eae4e99363f5,4a51e264d7f3daa1e4eefcf5,school_list,school_list.add_first,prompt-user,critical,/schools,user_prompt,actionable,user,user-owned profile/school-list/essay/resume/recommendation UI or approved import,"no inferred first-party facts, no raw-user-ID default exports, no live notification send",,
b94ee3f2a01f45214f139239,581a82515bd020932f4a523d,school_list,school_list.add_first,prompt-user,critical,/schools,user_prompt,actionable,user,user-owned profile/school-list/essay/resume/recommendation UI or approved import,"no inferred first-party facts, no raw-user-ID default exports, no live notification send",,
ad860668a9e15fa017b06719,98bb9e3983ab4f3112c2ac44,school_list,school_list.add_first,prompt-user,critical,/schools,user_prompt,actionable,user,user-owned profile/school-list/essay/resume/recommendation UI or approved import,"no inferred first-party facts, no raw-user-ID default exports, no live notification send",,
7ca800c250f37377cf0c7ba1,9d49962d22300edea718614a,school_list,school_list.add_first,prompt-user,critical,/schools,user_prompt,actionable,user,user-owned profile/school-list/essay/resume/recommendation UI or approved import,"no inferred first-party facts, no raw-user-ID default exports, no live notification send",,
50759193b78b66515d224e18,079a555bd73e740bf3899403,school_list,school_list.add_first,prompt-user,critical,/schools,user_prompt,actionable,user,user-owned profile/school-list/essay/resume/recommendation UI or approved import,"no inferred first-party facts, no raw-user-ID default exports, no live notification send",,
ec730b31c99b09ce537eecc9,c13db182086989c87e6f64ee,school_list,school_list.add_first,prompt-user,critical,/schools,user_prompt,actionable,user,user-owned profile/school-list/essay/resume/recommendation UI or approved import,"no inferred first-party facts, no raw-user-ID default exports, no live notification send",,
63cea5496d6d44a9d83ea650,66320973d03ffd27678e0de0,school_list,school_list.add_first,prompt-user,critical,/schools,user_prompt,actionable,user,user-owned profile/school-list/essay/resume/recommendation UI or approved import,"no inferred first-party facts, no raw-user-ID default exports, no live notification send",,
b87778f922f08fc2c9204e52,fd760052861148d4214412b9,school_list,school_list.add_first,prompt-user,critical,/schools,user_prompt,actionable,user,user-owned profile/school-list/essay/resume/recommendation UI or approved import,"no inferred first-party facts, no raw-user-ID default exports, no live notification send",,
bd0cf19cd2c8835054f2596e,8c6492c3e702853eb91e5230,school_list,school_list.add_first,prompt-user,critical,/schools,user_prompt,actionable,user,user-owned profile/school-list/essay/resume/recommendation UI or approved import,"no inferred first-party facts, no raw-user-ID default exports, no live notification send",,
e0df1fe35f1d73c4f6d09d19,c7f5a9cdcd3d88498072bf94,school_list,school_list.add_first,prompt-user,critical,/schools,user_prompt,actionable,user,user-owned profile/school-list/essay/resume/recommendation UI or approved import,"no inferred first-party facts, no raw-user-ID default exports, no live notification send",,
0d42e687b68f6d595b39430b,7e7264288c02d747f672d906,school_list,school_list.add_first,prompt-user,critical,/schools,user_prompt,actionable,user,user-owned profile/school-list/essay/resume/recommendation UI or approved import,"no inferred first-party facts, no raw-user-ID default exports, no live notification send",,
c5d63ad43425192e84a61262,c6596f2d4d7f1ba58dc4f0b7,school_list,school_list.add_first,prompt-user,critical,/schools,user_prompt,actionable,user,user-owned profile/school-list/essay/resume/recommendation UI or approved import,"no inferred first-party facts, no raw-user-ID default exports, no live notification send",,
2f53a775b36e6b5f5f92eeb8,964a924765d8b10f51fbcee5,school_list,school_list.add_first,prompt-user,critical,/schools,user_prompt,actionable,user,user-owned profile/school-list/essay/resume/recommendation UI or approved import,"no inferred first-party facts, no raw-user-ID default exports, no live notification send",,
5b999a7eedbe42198428de68,50a0808477ab5750e58e3926,school_list,school_list.add_first,prompt-user,critical,/schools,user_prompt,actionable,user,user-owned profile/school-list/essay/resume/recommendation UI or approved import,"no inferred first-party facts, no raw-user-ID default exports, no live notification send",,
b6de0073fb4d9970762f8997,63e12d3f10446e9373621dd8,school_list,school_list.add_first,prompt-user,critical,/schools,user_prompt,actionable,user,user-owned profile/school-list/essay/resume/recommendation UI or approved import,"no inferred first-party facts, no raw-user-ID default exports, no live notification send",,
7d7bdf0910ad417d3c5351b1,6af709965f75a5fe58973f73,school_list,school_list.add_first,prompt-user,critical,/schools,user_prompt,actionable,user,user-owned profile/school-list/essay/resume/recommendation UI or approved import,"no inferred first-party facts, no raw-user-ID default exports, no live notification send",,
5fe7baf79b85ba8ff2c664bb,e5eb5ad521107e342041d8d1,school_list,school_list.add_first,prompt-user,critical,/schools,user_prompt,actionable,user,user-owned profile/school-list/essay/resume/recommendation UI or approved import,"no inferred first-party facts, no raw-user-ID default exports, no live notification send",,
c1bfefbcc9585dab3799f69a,3d54d460f10b5c31835fd852,school_list,school_list.add_first,prompt-user,critical,/schools,user_prompt,actionable,user,user-owned profile/school-list/essay/resume/recommendation UI or approved import,"no inferred first-party facts, no raw-user-ID default exports, no live notification send",,
2e727e40efed75d342af4ece,d002539f676776bccf924212,school_list,school_list.add_first,prompt-user,critical,/schools,user_prompt,actionable,user,user-owned profile/school-list/essay/resume/recommendation UI or approved import,"no inferred first-party facts, no raw-user-ID default exports, no live notification send",,
d7fa6302612838783ebcfbd7,49ddcd8188ad21af1abfe54b,school_list,school_list.add_first,prompt-user,critical,/schools,user_prompt,actionable,user,user-owned profile/school-list/essay/resume/recommendation UI or approved import,"no inferred first-party facts, no raw-user-ID default exports, no live notification send",,
b0f32ddf6357e8ed20ae598c,2318a8f66e3b62682579cf72,school_list,school_list.add_first,prompt-user,critical,/schools,user_prompt,actionable,user,user-owned profile/school-list/essay/resume/recommendation UI or approved import,"no inferred first-party facts, no raw-user-ID default exports, no live notification send",,
23d887a01b9f9331316d5cde,edf8656340de66ad2b1a5f04,school_list,school_list.add_first,prompt-user,critical,/schools,user_prompt,actionable,user,user-owned profile/school-list/essay/resume/recommendation UI or approved import,"no inferred first-party facts, no raw-user-ID default exports, no live notification send",,
feaaeeb9f40b39d1256387fb,70a9f4cc15716db95627ebba,school_list,school_list.add_first,prompt-user,critical,/schools,user_prompt,actionable,user,user-owned profile/school-list/essay/resume/recommendation UI or approved import,"no inferred first-party facts, no raw-user-ID default exports, no live notification send",,
9a7a5f579df9ab705fee176b,df6ad60971442ce3a78a5b8e,school_list,school_list.add_first,prompt-user,critical,/schools,user_prompt,actionable,user,user-owned profile/school-list/essay/resume/recommendation UI or approved import,"no inferred first-party facts, no raw-user-ID default exports, no live notification send",,
40c0cbec7f9df70d6ea61cf4,cdb3de4ce0ef3ed64dec3459,school_list,school_list.add_first,prompt-user,critical,/schools,user_prompt,actionable,user,user-owned profile/school-list/essay/resume/recommendation UI or approved import,"no inferred first-party facts, no raw-user-ID default exports, no live notification send",,
2c00f293c7853620efafcb47,fb710ffeaf19c387bbace106,school_list,school_list.add_first,prompt-user,critical,/schools,user_prompt,actionable,user,user-owned profile/school-list/essay/resume/recommendation UI or approved import,"no inferred first-party facts, no raw-user-ID default exports, no live notification send",,
6ef981a66708b63e5ba10dc6,41930887de5ea55c4d855179,school_list,school_list.add_first,prompt-user,critical,/schools,user_prompt,actionable,user,user-owned profile/school-list/essay/resume/recommendation UI or approved import,"no inferred first-party facts, no raw-user-ID default exports, no live notification send",,
ed8a3f0dd9da267ca2d7a420,9f569c98279a76b246f22d34,school_list,school_list.add_first,prompt-user,critical,/schools,user_prompt,actionable,user,user-owned profile/school-list/essay/resume/recommendation UI or approved import,"no inferred first-party facts, no raw-user-ID default exports, no live notification send",,
43caeaa95ad2448f41d8ad10,36d74c32e62ca76961ef9c9b,school_list,school_list.add_first,prompt-user,critical,/schools,user_prompt,actionable,user,user-owned profile/school-list/essay/resume/recommendation UI or approved import,"no inferred first-party facts, no raw-user-ID default exports, no live notification send",,
ee136f22ecbda3eea1f6bc24,2e616037f2434675fef46986,school_list,school_list.add_first,prompt-user,critical,/schools,user_prompt,actionable,user,user-owned profile/school-list/essay/resume/recommendation UI or approved import,"no inferred first-party facts, no raw-user-ID default exports, no live notification send",,
b00e382b246da4b4545ef524,e1cb5d51001ca8795cd21902,school_list,school_list.add_first,prompt-user,critical,/schools,user_prompt,actionable,user,user-owned profile/school-list/essay/resume/recommendation UI or approved import,"no inferred first-party facts, no raw-user-ID default exports, no live notification send",,
5ceb1437b344b616fb178066,6d501894f6bba92f86f80fa6,school_list,school_list.add_first,prompt-user,critical,/schools,user_prompt,actionable,user,user-owned profile/school-list/essay/resume/recommendation UI or approved import,"no inferred first-party facts, no raw-user-ID default exports, no live notification send",,
2d23da78c5662a158dd69ac7,eba682cfbebae097f4c0ae9f,school_list,school_list.add_first,prompt-user,critical,/schools,user_prompt,actionable,user,user-owned profile/school-list/essay/resume/recommendation UI or approved import,"no inferred first-party facts, no raw-user-ID default exports, no live notification send",,
8bad82efa538b507e41683b2,3b8abdf96c6a574fb0d9dd91,school_list,school_list.add_first,prompt-user,critical,/schools,user_prompt,actionable,user,user-owned profile/school-list/essay/resume/recommendation UI or approved import,"no inferred first-party facts, no raw-user-ID default exports, no live notification send",,
203aeceed909d51c0b886362,f25654390a2d233810214ce2,school_list,school_list.add_first,prompt-user,critical,/schools,user_prompt,actionable,user,user-owned profile/school-list/essay/resume/recommendation UI or approved import,"no inferred first-party facts, no raw-user-ID default exports, no live notification send",,
2c8d2101527a766ab48b06d2,9df5da1d618929c6035d84c7,school_list,school_list.add_first,prompt-user,critical,/schools,user_prompt,actionable,user,user-owned profile/school-list/essay/resume/recommendation UI or approved import,"no inferred first-party facts, no raw-user-ID default exports, no live notification send",,
85812890a528f8307e951bcd,008ca6ecdcc16768ff74237e,school_list,school_list.add_first,prompt-user,critical,/schools,user_prompt,actionable,user,user-owned profile/school-list/essay/resume/recommendation UI or approved import,"no inferred first-party facts, no raw-user-ID default exports, no live notification send",,
13ddfdd67087d005f1e9784e,7abe0898ff853f00390ad670,school_list,school_list.add_first,prompt-user,critical,/schools,user_prompt,actionable,user,user-owned profile/school-list/essay/resume/recommendation UI or approved import,"no inferred first-party facts, no raw-user-ID default exports, no live notification send",,
116ed52883e30f7fe0452348,907cc5222637babd27c28093,school_list,school_list.add_first,prompt-user,critical,/schools,user_prompt,actionable,user,user-owned profile/school-list/essay/resume/recommendation UI or approved import,"no inferred first-party facts, no raw-user-ID default exports, no live notification send",,
74881781dd597e63c89bdf4a,88a4363bd38e4bf29aa25ac3,school_list,school_list.add_first,prompt-user,critical,/schools,user_prompt,actionable,user,user-owned profile/school-list/essay/resume/recommendation UI or approved import,"no inferred first-party facts, no raw-user-ID default exports, no live notification send",,
d1cc100df4781050fc4268b8,e129b981bf0f8f72f15ea7b7,school_list,school_list.add_first,prompt-user,critical,/schools,user_prompt,actionable,user,user-owned profile/school-list/essay/resume/recommendation UI or approved import,"no inferred first-party facts, no raw-user-ID default exports, no live notification send",,
446743c8ea4e6f720b3b8f2f,7e27f5053ef13c4d0686de20,school_list,school_list.add_first,prompt-user,critical,/schools,user_prompt,actionable,user,user-owned profile/school-list/essay/resume/recommendation UI or approved import,"no inferred first-party facts, no raw-user-ID default exports, no live notification send",,
dc7b0f9293c403ea22e626fe,1a6a6c84be0e6f9817914858,school_list,school_list.add_first,prompt-user,critical,/schools,user_prompt,actionable,user,user-owned profile/school-list/essay/resume/recommendation UI or approved import,"no inferred first-party facts, no raw-user-ID default exports, no live notification send",,
dd060f1ec262f8fedae05e81,e7360770d468adad85fd2454,school_list,school_list.add_first,prompt-user,critical,/schools,user_prompt,actionable,user,user-owned profile/school-list/essay/resume/recommendation UI or approved import,"no inferred first-party facts, no raw-user-ID default exports, no live notification send",,
256dcb88fc22949364fb43be,fad9e8a4151495e5048cbe62,school_list,school_list.add_first,prompt-user,critical,/schools,user_prompt,actionable,user,user-owned profile/school-list/essay/resume/recommendation UI or approved import,"no inferred first-party facts, no raw-user-ID default exports, no live notification send",,
011932b250f52e51dc9bdb00,8ea26400bf5b3891d01fc287,school_list,school_list.add_first,prompt-user,critical,/schools,user_prompt,actionable,user,user-owned profile/school-list/essay/resume/recommendation UI or approved import,"no inferred first-party facts, no raw-user-ID default exports, no live notification send",,
a8678ce76ae9606a1749ca92,d9b81776a7c52ffb6842f667,school_list,school_list.add_first,prompt-user,critical,/schools,user_prompt,actionable,user,user-owned profile/school-list/essay/resume/recommendation UI or approved import,"no inferred first-party facts, no raw-user-ID default exports, no live notification send",,
fae8ac6a7b44b66aa7376f0a,db527bf8b61ae8d191fe3f7c,school_list,school_list.add_first,prompt-user,critical,/schools,user_prompt,actionable,user,user-owned profile/school-list/essay/resume/recommendation UI or approved import,"no inferred first-party facts, no raw-user-ID default exports, no live notification send",,
53f774e54da87112fa549d33,0d44cd863e552b15a59c81e0,school_list,school_list.add_first,prompt-user,critical,/schools,user_prompt,actionable,user,user-owned profile/school-list/essay/resume/recommendation UI or approved import,"no inferred first-party facts, no raw-user-ID default exports, no live notification send",,
a120fc761f0550519aeb8101,202ab6aff932f14f20cc418e,school_list,school_list.add_first,prompt-user,critical,/schools,user_prompt,actionable,user,user-owned profile/school-list/essay/resume/recommendation UI or approved import,"no inferred first-party facts, no raw-user-ID default exports, no live notification send",,
49c9b9585c53479808c1aa54,be537a6ed04deb4159ca5926,school_list,school_list.add_first,prompt-user,critical,/schools,user_prompt,actionable,user,user-owned profile/school-list/essay/resume/recommendation UI or approved import,"no inferred first-party facts, no raw-user-ID default exports, no live notification send",,
9cdd5449018b430ddd1c216e,3f7e17206924d06b6733cf95,school_list,school_list.add_first,prompt-user,critical,/schools,user_prompt,actionable,user,user-owned profile/school-list/essay/resume/recommendation UI or approved import,"no inferred first-party facts, no raw-user-ID default exports, no live notification send",,
4076dfc744c6a200003fcbf1,262b4549039df4afe1f6520f,school_list,school_list.add_first,prompt-user,critical,/schools,user_prompt,actionable,user,user-owned profile/school-list/essay/resume/recommendation UI or approved import,"no inferred first-party facts, no raw-user-ID default exports, no live notification send",,
6bf32e99f416407ec106844b,39d106ab86e8ebc7e0d9cbf2,school_list,school_list.add_first,prompt-user,critical,/schools,user_prompt,actionable,user,user-owned profile/school-list/essay/resume/recommendation UI or approved import,"no inferred first-party facts, no raw-user-ID default exports, no live notification send",,
b51197279058776b36548ca8,3de7bc39e50c7fec8e1873b5,school_list,school_list.add_first,prompt-user,critical,/schools,user_prompt,actionable,user,user-owned profile/school-list/essay/resume/recommendation UI or approved import,"no inferred first-party facts, no raw-user-ID default exports, no live notification send",,
5653ec2f0dd7fe8e7bcd7395,07e90c9e873ae49a0853a7e2,school_list,school_list.add_first,prompt-user,critical,/schools,user_prompt,actionable,user,user-owned profile/school-list/essay/resume/recommendation UI or approved import,"no inferred first-party facts, no raw-user-ID default exports, no live notification send",,
8d2430aec81a2e62ccffb82c,6151690046dd85dc1ac607eb,school_list,school_list.add_first,prompt-user,critical,/schools,user_prompt,actionable,user,user-owned profile/school-list/essay/resume/recommendation UI or approved import,"no inferred first-party facts, no raw-user-ID default exports, no live notification send",,
fc4f2eed19b26afb91981256,1ee13002d269ee15ce5a77b1,school_list,school_list.add_first,prompt-user,critical,/schools,user_prompt,actionable,user,user-owned profile/school-list/essay/resume/recommendation UI or approved import,"no inferred first-party facts, no raw-user-ID default exports, no live notification send",,
a75e7c23a7af24799c73ba87,,school_list,school_list.add_first,prompt-user,critical,/schools,user_prompt,actionable,user,user-owned profile/school-list/essay/resume/recommendation UI or approved import,"no inferred first-party facts, no raw-user-ID default exports, no live notification send",,
186ac5e32029b59bd6bd0108,08473e56ebce9eed5015b231,school_list,school_list.add_first,prompt-user,critical,/schools,user_prompt,actionable,user,user-owned profile/school-list/essay/resume/recommendation UI or approved import,"no inferred first-party facts, no raw-user-ID default exports, no live notification send",,
eeff49f1eb044cba610074fe,,school_list,school_list.add_first,prompt-user,critical,/schools,user_prompt,actionable,user,user-owned profile/school-list/essay/resume/recommendation UI or approved import,"no inferred first-party facts, no raw-user-ID default exports, no live notification send",,
f7d05ad7bbb43d7c89d5eb4a,77bde282a5f5952601f824ba,school_list,school_list.add_first,prompt-user,critical,/schools,user_prompt,actionable,user,user-owned profile/school-list/essay/resume/recommendation UI or approved import,"no inferred first-party facts, no raw-user-ID default exports, no live notification send",,
6d0386656dd839309b3d43af,,school_list,school_list.add_first,prompt-user,critical,/schools,user_prompt,actionable,user,user-owned profile/school-list/essay/resume/recommendation UI or approved import,"no inferred first-party facts, no raw-user-ID default exports, no live notification send",,
1d2745fc721cc39a70068413,6e7a6094a5b37c7994a6c17c,school_list,school_list.add_first,prompt-user,critical,/schools,user_prompt,actionable,user,user-owned profile/school-list/essay/resume/recommendation UI or approved import,"no inferred first-party facts, no raw-user-ID default exports, no live notification send",,
1ca6fd09ac2d78a11431af73,1954f7950db3b5d4fc88f2be,school_list,school_list.add_first,prompt-user,critical,/schools,user_prompt,actionable,user,user-owned profile/school-list/essay/resume/recommendation UI or approved import,"no inferred first-party facts, no raw-user-ID default exports, no live notification send",,
7552cf9a4912abd17e63e3a7,455aa0f351aba56dd53a7766,school_list,school_list.add_first,prompt-user,critical,/schools,user_prompt,actionable,user,user-owned profile/school-list/essay/resume/recommendation UI or approved import,"no inferred first-party facts, no raw-user-ID default exports, no live notification send",,
ba2aac9c68c868692cd05491,8b8b7a6a6f6168f1ce44961f,school_list,school_list.add_first,prompt-user,critical,/schools,user_prompt,actionable,user,user-owned profile/school-list/essay/resume/recommendation UI or approved import,"no inferred first-party facts, no raw-user-ID default exports, no live notification send",,
71bd897cb98d0f99b507827e,7be1cddb397cc938edcb5023,school_list,school_list.add_first,prompt-user,critical,/schools,user_prompt,actionable,user,user-owned profile/school-list/essay/resume/recommendation UI or approved import,"no inferred first-party facts, no raw-user-ID default exports, no live notification send",,
b38527cda505c13492f618c3,f15c770c8eb9da8a35b4bc10,school_list,school_list.add_first,prompt-user,critical,/schools,user_prompt,actionable,user,user-owned profile/school-list/essay/resume/recommendation UI or approved import,"no inferred first-party facts, no raw-user-ID default exports, no live notification send",,
c245e8ddb1dd802dd76784fd,,school_list,school_list.add_first,prompt-user,critical,/schools,user_prompt,actionable,user,user-owned profile/school-list/essay/resume/recommendation UI or approved import,"no inferred first-party facts, no raw-user-ID default exports, no live notification send",,
efc369f175b140cc6cfaabd5,8878f40be606e01448f1ba78,school_list,school_list.add_first,prompt-user,critical,/schools,user_prompt,actionable,user,user-owned profile/school-list/essay/resume/recommendation UI or approved import,"no inferred first-party facts, no raw-user-ID default exports, no live notification send",,
4fb3eca62bc7be0f7466aa1b,a521678dd6717905e4b77c9b,school_list,school_list.add_first,prompt-user,critical,/schools,user_prompt,actionable,user,user-owned profile/school-list/essay/resume/recommendation UI or approved import,"no inferred first-party facts, no raw-user-ID default exports, no live notification send",,
082155ff5cf18544b80aa5c2,c7578ab118ed5950ec2ab0a0,school_list,school_list.add_first,prompt-user,critical,/schools,user_prompt,actionable,user,user-owned profile/school-list/essay/resume/recommendation UI or approved import,"no inferred first-party facts, no raw-user-ID default exports, no live notification send",,
3e2d04adf40a1a68a17f366f,5b1030d65e55700d6417d31c,school_list,school_list.add_first,prompt-user,critical,/schools,user_prompt,actionable,user,user-owned profile/school-list/essay/resume/recommendation UI or approved import,"no inferred first-party facts, no raw-user-ID default exports, no live notification send",,
8cce624789adfbfa8f1aaa59,ec5df1cd62d9e89b270d058c,school_list,school_list.add_first,prompt-user,critical,/schools,user_prompt,actionable,user,user-owned profile/school-list/essay/resume/recommendation UI or approved import,"no inferred first-party facts, no raw-user-ID default exports, no live notification send",,
eb8e7b38428ead9e2dbac563,302ce6ed31b1dd1bc89d402d,school_list,school_list.add_first,prompt-user,critical,/schools,user_prompt,actionable,user,user-owned profile/school-list/essay/resume/recommendation UI or approved import,"no inferred first-party facts, no raw-user-ID default exports, no live notification send",,
ed023c030beda1f843c61196,57fcf3543e67ff4733b9b1f1,school_list,school_list.add_first,prompt-user,critical,/schools,user_prompt,actionable,user,user-owned profile/school-list/essay/resume/recommendation UI or approved import,"no inferred first-party facts, no raw-user-ID default exports, no live notification send",,
58441771bdcbcb38469899c8,73fcd92192668a15d59be8bb,school_list,school_list.add_first,prompt-user,critical,/schools,user_prompt,actionable,user,user-owned profile/school-list/essay/resume/recommendation UI or approved import,"no inferred first-party facts, no raw-user-ID default exports, no live notification send",,
64e3e3f363a805d0fd095944,af20610bce659419911d7263,school_list,school_list.add_first,prompt-user,critical,/schools,user_prompt,actionable,user,user-owned profile/school-list/essay/resume/recommendation UI or approved import,"no inferred first-party facts, no raw-user-ID default exports, no live notification send",,
5f68a7be9980b4f4c0a3f41d,f3bbd1ee9ab2d276ca46c6b4,school_list,school_list.add_first,prompt-user,critical,/schools,user_prompt,actionable,user,user-owned profile/school-list/essay/resume/recommendation UI or approved import,"no inferred first-party facts, no raw-user-ID default exports, no live notification send",,
356668e431f870e4b5880675,c66a5f4d62a44da36c09fabd,school_list,school_list.add_first,prompt-user,critical,/schools,user_prompt,actionable,user,user-owned profile/school-list/essay/resume/recommendation UI or approved import,"no inferred first-party facts, no raw-user-ID default exports, no live notification send",,
d27103aa0406851b40d281cb,0798e48bdc47a9e158d7616b,school_list,school_list.add_first,prompt-user,critical,/schools,user_prompt,actionable,user,user-owned profile/school-list/essay/resume/recommendation UI or approved import,"no inferred first-party facts, no raw-user-ID default exports, no live notification send",,
1db6affb77ea96e568af61aa,ae2fe16b07442ac97f05973e,school_list,school_list.add_first,prompt-user,critical,/schools,user_prompt,actionable,user,user-owned profile/school-list/essay/resume/recommendation UI or approved import,"no inferred first-party facts, no raw-user-ID default exports, no live notification send",,
ae15c862add57c0a55f6271c,8d9d5448ca726eded77d11c8,school_list,school_list.add_first,prompt-user,critical,/schools,user_prompt,actionable,user,user-owned profile/school-list/essay/resume/recommendation UI or approved import,"no inferred first-party facts, no raw-user-ID default exports, no live notification send",,
04eb463422c28239283e3038,8eba29ec3ce2494b00659488,school_list,school_list.add_first,prompt-user,critical,/schools,user_prompt,actionable,user,user-owned profile/school-list/essay/resume/recommendation UI or approved import,"no inferred first-party facts, no raw-user-ID default exports, no live notification send",,
83ea7941f857a55d9311b992,2e9de42325fc12244baf1cfa,school_list,school_list.add_first,prompt-user,critical,/schools,user_prompt,actionable,user,user-owned profile/school-list/essay/resume/recommendation UI or approved import,"no inferred first-party facts, no raw-user-ID default exports, no live notification send",,
c024fcd5365f91370ce747bc,fd35caad8d437f5cac208c14,school_list,school_list.add_first,prompt-user,critical,/schools,user_prompt,actionable,user,user-owned profile/school-list/essay/resume/recommendation UI or approved import,"no inferred first-party facts, no raw-user-ID default exports, no live notification send",,
4d50a9d9f7c5956368d0d762,7f2636766ae843c579ea3c84,school_list,school_list.add_first,prompt-user,critical,/schools,user_prompt,actionable,user,user-owned profile/school-list/essay/resume/recommendation UI or approved import,"no inferred first-party facts, no raw-user-ID default exports, no live notification send",,
676f02ff3d623de9cba3a3a6,54f774e850dd893c5682f457,school_list,school_list.add_first,prompt-user,critical,/schools,user_prompt,actionable,user,user-owned profile/school-list/essay/resume/recommendation UI or approved import,"no inferred first-party facts, no raw-user-ID default exports, no live notification send",,
3886f5bc9075dc9bd18b7224,305f0c27a882b89597bb6d85,school_list,school_list.add_first,prompt-user,critical,/schools,user_prompt,actionable,user,user-owned profile/school-list/essay/resume/recommendation UI or approved import,"no inferred first-party facts, no raw-user-ID default exports, no live notification send",,
ad39de6e802f52909ea470f9,b8242de5f3e19dcbbd923992,school_list,school_list.add_first,prompt-user,critical,/schools,user_prompt,actionable,user,user-owned profile/school-list/essay/resume/recommendation UI or approved import,"no inferred first-party facts, no raw-user-ID default exports, no live notification send",,
5aa53fed204cfea6f5751b71,0090f49b1dc2ab713202df2d,school_list,school_list.add_first,prompt-user,critical,/schools,user_prompt,actionable,user,user-owned profile/school-list/essay/resume/recommendation UI or approved import,"no inferred first-party facts, no raw-user-ID default exports, no live notification send",,
36d8c5ebb7168456659ca6d0,203f98cf29d701080b7b8f1b,school_list,school_list.add_first,prompt-user,critical,/schools,user_prompt,actionable,user,user-owned profile/school-list/essay/resume/recommendation UI or approved import,"no inferred first-party facts, no raw-user-ID default exports, no live notification send",,
d5bdfda45662186ec0058942,2eee8676083362d001d94f25,school_list,school_list.add_first,prompt-user,critical,/schools,user_prompt,actionable,user,user-owned profile/school-list/essay/resume/recommendation UI or approved import,"no inferred first-party facts, no raw-user-ID default exports, no live notification send",,
464c02f613d82f8a087fa74f,bd0ed33c654c6dbbeb80beb3,school_list,school_list.add_first,prompt-user,critical,/schools,user_prompt,actionable,user,user-owned profile/school-list/essay/resume/recommendation UI or approved import,"no inferred first-party facts, no raw-user-ID default exports, no live notification send",,
679cf695cda04ca9747d9038,5a7e9b81a9d783240d9c2925,school_list,school_list.add_first,prompt-user,critical,/schools,user_prompt,actionable,user,user-owned profile/school-list/essay/resume/recommendation UI or approved import,"no inferred first-party facts, no raw-user-ID default exports, no live notification send",,
30eae3a6acc7168528a74b13,8bb29320c8d2bfe26cecbdf3,school_list,school_list.add_first,prompt-user,critical,/schools,user_prompt,actionable,user,user-owned profile/school-list/essay/resume/recommendation UI or approved import,"no inferred first-party facts, no raw-user-ID default exports, no live notification send",,
e02f979e1988a9fd20e757c1,da81728847d2b40469e4d50f,school_list,school_list.add_first,prompt-user,critical,/schools,user_prompt,actionable,user,user-owned profile/school-list/essay/resume/recommendation UI or approved import,"no inferred first-party facts, no raw-user-ID default exports, no live notification send",,
15ecd55050c4e1fa9c1b9c3a,da0baf63f3e3ddd253f8b439,school_list,school_list.add_first,prompt-user,critical,/schools,user_prompt,actionable,user,user-owned profile/school-list/essay/resume/recommendation UI or approved import,"no inferred first-party facts, no raw-user-ID default exports, no live notification send",,
387228252b665c9ff1620043,25c4aca374bb631e2d042261,school_list,school_list.add_first,prompt-user,critical,/schools,user_prompt,actionable,user,user-owned profile/school-list/essay/resume/recommendation UI or approved import,"no inferred first-party facts, no raw-user-ID default exports, no live notification send",,
502bdee5b8668baaa90d1384,c74dc4b8b1914fcfe2be0bab,school_list,school_list.add_first,prompt-user,critical,/schools,user_prompt,actionable,user,user-owned profile/school-list/essay/resume/recommendation UI or approved import,"no inferred first-party facts, no raw-user-ID default exports, no live notification send",,
374a80e4f2d415800aa01355,0566721c05481a7fe9d418bf,school_list,school_list.add_first,prompt-user,critical,/schools,user_prompt,actionable,user,user-owned profile/school-list/essay/resume/recommendation UI or approved import,"no inferred first-party facts, no raw-user-ID default exports, no live notification send",,
f6005a34bc73bfe9879597ef,5978b33826843036742080e3,school_list,school_list.add_first,prompt-user,critical,/schools,user_prompt,actionable,user,user-owned profile/school-list/essay/resume/recommendation UI or approved import,"no inferred first-party facts, no raw-user-ID default exports, no live notification send",,
90e4864752a863ccd17f4cfc,69be23cb779bd0bf204d2644,school_list,school_list.add_first,prompt-user,critical,/schools,user_prompt,actionable,user,user-owned profile/school-list/essay/resume/recommendation UI or approved import,"no inferred first-party facts, no raw-user-ID default exports, no live notification send",,
58a15f8cf6b78a355ee1a924,4126da780ce6ffd29d84aa40,school_list,school_list.add_first,prompt-user,critical,/schools,user_prompt,actionable,user,user-owned profile/school-list/essay/resume/recommendation UI or approved import,"no inferred first-party facts, no raw-user-ID default exports, no live notification send",,
769c369837e0ef82157f71a9,2d6c899696e40c2a8f602f31,school_list,school_list.add_first,prompt-user,critical,/schools,user_prompt,actionable,user,user-owned profile/school-list/essay/resume/recommendation UI or approved import,"no inferred first-party facts, no raw-user-ID default exports, no live notification send",,
e1e64452ff36994276f79d90,20264299948f05eaaa29e30d,school_list,school_list.add_first,prompt-user,critical,/schools,user_prompt,actionable,user,user-owned profile/school-list/essay/resume/recommendation UI or approved import,"no inferred first-party facts, no raw-user-ID default exports, no live notification send",,
343e2be9d70f3d640f3e2ccb,6eeda7d1113a1da8f9d4a916,school_list,school_list.add_first,prompt-user,critical,/schools,user_prompt,actionable,user,user-owned profile/school-list/essay/resume/recommendation UI or approved import,"no inferred first-party facts, no raw-user-ID default exports, no live notification send",,
178fcce401620a0935750fc4,65d65992cc63e78514007c3e,school_list,school_list.add_first,prompt-user,critical,/schools,user_prompt,actionable,user,user-owned profile/school-list/essay/resume/recommendation UI or approved import,"no inferred first-party facts, no raw-user-ID default exports, no live notification send",,
09efa261d0d54ee10ace1d6b,08c3b070a44954a5ea60f4b9,school_list,school_list.add_first,prompt-user,critical,/schools,user_prompt,actionable,user,user-owned profile/school-list/essay/resume/recommendation UI or approved import,"no inferred first-party facts, no raw-user-ID default exports, no live notification send",,
6c76336e5756c3e8ab682a25,3a4cc337723ae046e69da804,school_list,school_list.add_first,prompt-user,critical,/schools,user_prompt,actionable,user,user-owned profile/school-list/essay/resume/recommendation UI or approved import,"no inferred first-party facts, no raw-user-ID default exports, no live notification send",,
ed5d489840ba19243aee99e9,40b258f712c953c00def7d5b,school_list,school_list.add_first,prompt-user,critical,/schools,user_prompt,actionable,user,user-owned profile/school-list/essay/resume/recommendation UI or approved import,"no inferred first-party facts, no raw-user-ID default exports, no live notification send",,
2e89fdceb00b6f0d355e0c0c,f2cc74bc680da596ae5a9cdc,school_list,school_list.add_first,prompt-user,critical,/schools,user_prompt,actionable,user,user-owned profile/school-list/essay/resume/recommendation UI or approved import,"no inferred first-party facts, no raw-user-ID default exports, no live notification send",,
e118caebf6d9a73b87008281,fd1f08fa5a2ae01121d83d53,school_list,school_list.add_first,prompt-user,critical,/schools,user_prompt,actionable,user,user-owned profile/school-list/essay/resume/recommendation UI or approved import,"no inferred first-party facts, no raw-user-ID default exports, no live notification send",,
e353a3b996a6340225790fca,c5ac7f0a5ed9569d715e7deb,school_list,school_list.add_first,prompt-user,critical,/schools,user_prompt,actionable,user,user-owned profile/school-list/essay/resume/recommendation UI or approved import,"no inferred first-party facts, no raw-user-ID default exports, no live notification send",,
704f4383d93a60a5efecfba9,a1a8c2538b2c345237f63f93,school_list,school_list.add_first,prompt-user,critical,/schools,user_prompt,actionable,user,user-owned profile/school-list/essay/resume/recommendation UI or approved import,"no inferred first-party facts, no raw-user-ID default exports, no live notification send",,
a5be59aa7c173575e2fafb68,91ab120b480c0717a776560a,school_list,school_list.add_first,prompt-user,critical,/schools,user_prompt,actionable,user,user-owned profile/school-list/essay/resume/recommendation UI or approved import,"no inferred first-party facts, no raw-user-ID default exports, no live notification send",,
ce52a04eb486e4bf2e694ead,2307cbb781c34923f400410f,school_list,school_list.add_first,prompt-user,critical,/schools,user_prompt,actionable,user,user-owned profile/school-list/essay/resume/recommendation UI or approved import,"no inferred first-party facts, no raw-user-ID default exports, no live notification send",,
c904356409fee3dc7de03a2f,e0e4403d9036c2e60f736cac,school_list,school_list.add_first,prompt-user,critical,/schools,user_prompt,actionable,user,user-owned profile/school-list/essay/resume/recommendation UI or approved import,"no inferred first-party facts, no raw-user-ID default exports, no live notification send",,
de3f6b41a8d0832d30e890b9,b007ee3d47c5dbc32272159d,school_list,school_list.add_first,prompt-user,critical,/schools,user_prompt,actionable,user,user-owned profile/school-list/essay/resume/recommendation UI or approved import,"no inferred first-party facts, no raw-user-ID default exports, no live notification send",,
ea3055a50818c305d96e9cf7,f71bd3d2036c26b7d95f073f,school_list,school_list.add_first,prompt-user,critical,/schools,user_prompt,actionable,user,user-owned profile/school-list/essay/resume/recommendation UI or approved import,"no inferred first-party facts, no raw-user-ID default exports, no live notification send",,
9598a4217600d1bfc381bbc0,081c296c8727fbe89282ec24,school_list,school_list.add_first,prompt-user,critical,/schools,user_prompt,actionable,user,user-owned profile/school-list/essay/resume/recommendation UI or approved import,"no inferred first-party facts, no raw-user-ID default exports, no live notification send",,
6b15197483c1e13c14083631,fb0bdc521513641d1596b171,school_list,school_list.add_first,prompt-user,critical,/schools,user_prompt,actionable,user,user-owned profile/school-list/essay/resume/recommendation UI or approved import,"no inferred first-party facts, no raw-user-ID default exports, no live notification send",,
ff2fe9b7c14ce686a8e2a153,6197b4273bf5815cf1c3ab35,application_analysis,application_analysis.predictions_required,run-prediction,warning,/prediction,system_generation,actionable,system,"dry-run generation from trusted upstream data, followed by normal service write path","no inferred first-party facts, no raw-user-ID default exports, no live notification send",,
b64e5b723764be03656cb771,ea8d98ab016fa2a305eae95a,deadline,deadline.round_missing,review-deadline-source,warning,/timeline,operator_review,review,operator,admin review queue or curated taxonomy/source review workflow,"no inferred first-party facts, no raw-user-ID default exports, no live notification send",cmn1htkpe0010vqf2xzzjz779,University of Illinois Urbana-Champaign
c395b8b19eaf18cedda6211b,626fcdce78f27d9427daf36b,deadline,deadline.round_missing,review-deadline-source,warning,/timeline,operator_review,review,operator,admin review queue or curated taxonomy/source review workflow,"no inferred first-party facts, no raw-user-ID default exports, no live notification send",cmn1htknv000evqf29yjvrstt,"University of California, Berkeley"
ff2fe9b7c14ce686a8e2a153,6197b4273bf5815cf1c3ab35,prediction,prediction.missing,run-prediction,warning,/prediction,system_generation,actionable,system,"dry-run generation from trusted upstream data, followed by normal service write path","no inferred first-party facts, no raw-user-ID default exports, no live notification send",cmn1htknv000evqf29yjvrstt,"University of California, Berkeley"
ff2fe9b7c14ce686a8e2a153,6197b4273bf5815cf1c3ab35,prediction,prediction.missing,run-prediction,warning,/prediction,system_generation,actionable,system,"dry-run generation from trusted upstream data, followed by normal service write path","no inferred first-party facts, no raw-user-ID default exports, no live notification send",cmn1htkny000fvqf2jlmz8ej1,"University of California, Los Angeles"
ff2fe9b7c14ce686a8e2a153,6197b4273bf5815cf1c3ab35,prediction,prediction.missing,run-prediction,warning,/prediction,system_generation,actionable,system,"dry-run generation from trusted upstream data, followed by normal service write path","no inferred first-party facts, no raw-user-ID default exports, no live notification send",cmn1htkou000svqf2356l4yfj,"University of California, San Diego"
ff2fe9b7c14ce686a8e2a153,6197b4273bf5815cf1c3ab35,prediction,prediction.missing,run-prediction,warning,/prediction,system_generation,actionable,system,"dry-run generation from trusted upstream data, followed by normal service write path","no inferred first-party facts, no raw-user-ID default exports, no live notification send",cmn1htkor000rvqf282ibd6kz,"University of California, Davis"
ff2fe9b7c14ce686a8e2a153,6197b4273bf5815cf1c3ab35,prediction,prediction.missing,run-prediction,warning,/prediction,system_generation,actionable,system,"dry-run generation from trusted upstream data, followed by normal service write path","no inferred first-party facts, no raw-user-ID default exports, no live notification send",cmn1htkpb000zvqf2645ltfg6,"University of California, Santa Barbara"
