queue,status,recipientKey,campaignId,domain,action,gap,severity,route,title,content,cta,allowedChannels,liveChannelsDisabled,frequencyDedupeKey,suppressWhen,schoolId,schoolName
user_prompt,ready_for_in_app_admin_delivery,f46de3981f1853f4abbd4641,profile-prompt-user-profile-gpa-anchor,profile,prompt-user,profile.gpa_anchor,critical,/profile?tab=gpa,Complete your GPA anchor,Add GPA and scale so predictions and school-list advice use your real academic baseline.,Update GPA,in_app_readiness_surface|dashboard,redis_notification_feed|remote_push|email,profile-readiness:profile-prompt-user-profile-gpa-anchor:f46de3981f1853f4abbd4641,Profile has GPA value and GPA scale,,
user_prompt,ready_for_in_app_admin_delivery,3dc36e732297447a53963a67,profile-prompt-user-profile-gpa-anchor,profile,prompt-user,profile.gpa_anchor,critical,/profile?tab=gpa,Complete your GPA anchor,Add GPA and scale so predictions and school-list advice use your real academic baseline.,Update GPA,in_app_readiness_surface|dashboard,redis_notification_feed|remote_push|email,profile-readiness:profile-prompt-user-profile-gpa-anchor:3dc36e732297447a53963a67,Profile has GPA value and GPA scale,,
user_prompt,ready_for_in_app_admin_delivery,3aec115dea1871ad7804c5ee,profile-prompt-user-profile-gpa-anchor,profile,prompt-user,profile.gpa_anchor,critical,/profile?tab=gpa,Complete your GPA anchor,Add GPA and scale so predictions and school-list advice use your real academic baseline.,Update GPA,in_app_readiness_surface|dashboard,redis_notification_feed|remote_push|email,profile-readiness:profile-prompt-user-profile-gpa-anchor:3aec115dea1871ad7804c5ee,Profile has GPA value and GPA scale,,
user_prompt,ready_for_in_app_admin_delivery,29076cdf73d07afbecb33d1f,profile-prompt-user-profile-gpa-anchor,profile,prompt-user,profile.gpa_anchor,critical,/profile?tab=gpa,Complete your GPA anchor,Add GPA and scale so predictions and school-list advice use your real academic baseline.,Update GPA,in_app_readiness_surface|dashboard,redis_notification_feed|remote_push|email,profile-readiness:profile-prompt-user-profile-gpa-anchor:29076cdf73d07afbecb33d1f,Profile has GPA value and GPA scale,,
user_prompt,ready_for_in_app_admin_delivery,e6f9022187d9b4ec16d49235,profile-prompt-user-profile-gpa-anchor,profile,prompt-user,profile.gpa_anchor,critical,/profile?tab=gpa,Complete your GPA anchor,Add GPA and scale so predictions and school-list advice use your real academic baseline.,Update GPA,in_app_readiness_surface|dashboard,redis_notification_feed|remote_push|email,profile-readiness:profile-prompt-user-profile-gpa-anchor:e6f9022187d9b4ec16d49235,Profile has GPA value and GPA scale,,
user_prompt,ready_for_in_app_admin_delivery,e449837a18bd87b77a6ef1e5,profile-prompt-user-profile-gpa-anchor,profile,prompt-user,profile.gpa_anchor,critical,/profile?tab=gpa,Complete your GPA anchor,Add GPA and scale so predictions and school-list advice use your real academic baseline.,Update GPA,in_app_readiness_surface|dashboard,redis_notification_feed|remote_push|email,profile-readiness:profile-prompt-user-profile-gpa-anchor:e449837a18bd87b77a6ef1e5,Profile has GPA value and GPA scale,,
user_prompt,ready_for_in_app_admin_delivery,fe2afb920f81889354794d13,profile-prompt-user-profile-gpa-anchor,profile,prompt-user,profile.gpa_anchor,critical,/profile?tab=gpa,Complete your GPA anchor,Add GPA and scale so predictions and school-list advice use your real academic baseline.,Update GPA,in_app_readiness_surface|dashboard,redis_notification_feed|remote_push|email,profile-readiness:profile-prompt-user-profile-gpa-anchor:fe2afb920f81889354794d13,Profile has GPA value and GPA scale,,
user_prompt,ready_for_in_app_admin_delivery,75933046392cb0c42c062611,profile-prompt-user-profile-gpa-anchor,profile,prompt-user,profile.gpa_anchor,critical,/profile?tab=gpa,Complete your GPA anchor,Add GPA and scale so predictions and school-list advice use your real academic baseline.,Update GPA,in_app_readiness_surface|dashboard,redis_notification_feed|remote_push|email,profile-readiness:profile-prompt-user-profile-gpa-anchor:75933046392cb0c42c062611,Profile has GPA value and GPA scale,,
user_prompt,ready_for_in_app_admin_delivery,745052463f3be2c63514db2f,profile-prompt-user-profile-gpa-anchor,profile,prompt-user,profile.gpa_anchor,critical,/profile?tab=gpa,Complete your GPA anchor,Add GPA and scale so predictions and school-list advice use your real academic baseline.,Update GPA,in_app_readiness_surface|dashboard,redis_notification_feed|remote_push|email,profile-readiness:profile-prompt-user-profile-gpa-anchor:745052463f3be2c63514db2f,Profile has GPA value and GPA scale,,
user_prompt,ready_for_in_app_admin_delivery,9d0db16bacd8261ed76c2d8f,profile-prompt-user-profile-gpa-anchor,profile,prompt-user,profile.gpa_anchor,critical,/profile?tab=gpa,Complete your GPA anchor,Add GPA and scale so predictions and school-list advice use your real academic baseline.,Update GPA,in_app_readiness_surface|dashboard,redis_notification_feed|remote_push|email,profile-readiness:profile-prompt-user-profile-gpa-anchor:9d0db16bacd8261ed76c2d8f,Profile has GPA value and GPA scale,,
user_prompt,ready_for_in_app_admin_delivery,2d3538d986b40dbb9773bad5,profile-prompt-user-profile-gpa-anchor,profile,prompt-user,profile.gpa_anchor,critical,/profile?tab=gpa,Complete your GPA anchor,Add GPA and scale so predictions and school-list advice use your real academic baseline.,Update GPA,in_app_readiness_surface|dashboard,redis_notification_feed|remote_push|email,profile-readiness:profile-prompt-user-profile-gpa-anchor:2d3538d986b40dbb9773bad5,Profile has GPA value and GPA scale,,
user_prompt,ready_for_in_app_admin_delivery,bf039e0c60608f4f87581cc9,profile-prompt-user-profile-gpa-anchor,profile,prompt-user,profile.gpa_anchor,critical,/profile?tab=gpa,Complete your GPA anchor,Add GPA and scale so predictions and school-list advice use your real academic baseline.,Update GPA,in_app_readiness_surface|dashboard,redis_notification_feed|remote_push|email,profile-readiness:profile-prompt-user-profile-gpa-anchor:bf039e0c60608f4f87581cc9,Profile has GPA value and GPA scale,,
user_prompt,ready_for_in_app_admin_delivery,366320fee296c0f2fc92761e,profile-prompt-user-profile-gpa-anchor,profile,prompt-user,profile.gpa_anchor,critical,/profile?tab=gpa,Complete your GPA anchor,Add GPA and scale so predictions and school-list advice use your real academic baseline.,Update GPA,in_app_readiness_surface|dashboard,redis_notification_feed|remote_push|email,profile-readiness:profile-prompt-user-profile-gpa-anchor:366320fee296c0f2fc92761e,Profile has GPA value and GPA scale,,
user_prompt,ready_for_in_app_admin_delivery,683b23c8c4fe0d8bc12e5633,profile-prompt-user-profile-gpa-anchor,profile,prompt-user,profile.gpa_anchor,critical,/profile?tab=gpa,Complete your GPA anchor,Add GPA and scale so predictions and school-list advice use your real academic baseline.,Update GPA,in_app_readiness_surface|dashboard,redis_notification_feed|remote_push|email,profile-readiness:profile-prompt-user-profile-gpa-anchor:683b23c8c4fe0d8bc12e5633,Profile has GPA value and GPA scale,,
user_prompt,ready_for_in_app_admin_delivery,b338f5f9fe85ac763c330af1,profile-prompt-user-profile-gpa-anchor,profile,prompt-user,profile.gpa_anchor,critical,/profile?tab=gpa,Complete your GPA anchor,Add GPA and scale so predictions and school-list advice use your real academic baseline.,Update GPA,in_app_readiness_surface|dashboard,redis_notification_feed|remote_push|email,profile-readiness:profile-prompt-user-profile-gpa-anchor:b338f5f9fe85ac763c330af1,Profile has GPA value and GPA scale,,
user_prompt,ready_for_in_app_admin_delivery,e5f7d86f6995efe58037c6fb,profile-prompt-user-profile-gpa-anchor,profile,prompt-user,profile.gpa_anchor,critical,/profile?tab=gpa,Complete your GPA anchor,Add GPA and scale so predictions and school-list advice use your real academic baseline.,Update GPA,in_app_readiness_surface|dashboard,redis_notification_feed|remote_push|email,profile-readiness:profile-prompt-user-profile-gpa-anchor:e5f7d86f6995efe58037c6fb,Profile has GPA value and GPA scale,,
user_prompt,ready_for_in_app_admin_delivery,87a1b361875b527870210e1a,profile-prompt-user-profile-gpa-anchor,profile,prompt-user,profile.gpa_anchor,critical,/profile?tab=gpa,Complete your GPA anchor,Add GPA and scale so predictions and school-list advice use your real academic baseline.,Update GPA,in_app_readiness_surface|dashboard,redis_notification_feed|remote_push|email,profile-readiness:profile-prompt-user-profile-gpa-anchor:87a1b361875b527870210e1a,Profile has GPA value and GPA scale,,
user_prompt,ready_for_in_app_admin_delivery,1d8c13ffebafff31847d9e97,profile-prompt-user-profile-gpa-anchor,profile,prompt-user,profile.gpa_anchor,critical,/profile?tab=gpa,Complete your GPA anchor,Add GPA and scale so predictions and school-list advice use your real academic baseline.,Update GPA,in_app_readiness_surface|dashboard,redis_notification_feed|remote_push|email,profile-readiness:profile-prompt-user-profile-gpa-anchor:1d8c13ffebafff31847d9e97,Profile has GPA value and GPA scale,,
user_prompt,ready_for_in_app_admin_delivery,4fdebab56088e041d556c66e,profile-prompt-user-profile-gpa-anchor,profile,prompt-user,profile.gpa_anchor,critical,/profile?tab=gpa,Complete your GPA anchor,Add GPA and scale so predictions and school-list advice use your real academic baseline.,Update GPA,in_app_readiness_surface|dashboard,redis_notification_feed|remote_push|email,profile-readiness:profile-prompt-user-profile-gpa-anchor:4fdebab56088e041d556c66e,Profile has GPA value and GPA scale,,
user_prompt,ready_for_in_app_admin_delivery,c6a5a94d5d0cb5e5d50b94ca,profile-prompt-user-profile-gpa-anchor,profile,prompt-user,profile.gpa_anchor,critical,/profile?tab=gpa,Complete your GPA anchor,Add GPA and scale so predictions and school-list advice use your real academic baseline.,Update GPA,in_app_readiness_surface|dashboard,redis_notification_feed|remote_push|email,profile-readiness:profile-prompt-user-profile-gpa-anchor:c6a5a94d5d0cb5e5d50b94ca,Profile has GPA value and GPA scale,,
user_prompt,ready_for_in_app_admin_delivery,b5f4ee1c6dd44f7f60bcbd32,profile-prompt-user-profile-gpa-anchor,profile,prompt-user,profile.gpa_anchor,critical,/profile?tab=gpa,Complete your GPA anchor,Add GPA and scale so predictions and school-list advice use your real academic baseline.,Update GPA,in_app_readiness_surface|dashboard,redis_notification_feed|remote_push|email,profile-readiness:profile-prompt-user-profile-gpa-anchor:b5f4ee1c6dd44f7f60bcbd32,Profile has GPA value and GPA scale,,
user_prompt,ready_for_in_app_admin_delivery,626eb5e38882c885cdc64b66,profile-prompt-user-profile-gpa-anchor,profile,prompt-user,profile.gpa_anchor,critical,/profile?tab=gpa,Complete your GPA anchor,Add GPA and scale so predictions and school-list advice use your real academic baseline.,Update GPA,in_app_readiness_surface|dashboard,redis_notification_feed|remote_push|email,profile-readiness:profile-prompt-user-profile-gpa-anchor:626eb5e38882c885cdc64b66,Profile has GPA value and GPA scale,,
user_prompt,ready_for_in_app_admin_delivery,288dfec9fe70b8f130d4b269,profile-prompt-user-profile-gpa-anchor,profile,prompt-user,profile.gpa_anchor,critical,/profile?tab=gpa,Complete your GPA anchor,Add GPA and scale so predictions and school-list advice use your real academic baseline.,Update GPA,in_app_readiness_surface|dashboard,redis_notification_feed|remote_push|email,profile-readiness:profile-prompt-user-profile-gpa-anchor:288dfec9fe70b8f130d4b269,Profile has GPA value and GPA scale,,
user_prompt,ready_for_in_app_admin_delivery,385e5344fb0ba928499b14d9,profile-prompt-user-profile-gpa-anchor,profile,prompt-user,profile.gpa_anchor,critical,/profile?tab=gpa,Complete your GPA anchor,Add GPA and scale so predictions and school-list advice use your real academic baseline.,Update GPA,in_app_readiness_surface|dashboard,redis_notification_feed|remote_push|email,profile-readiness:profile-prompt-user-profile-gpa-anchor:385e5344fb0ba928499b14d9,Profile has GPA value and GPA scale,,
user_prompt,ready_for_in_app_admin_delivery,21b185bc16be52d77c08ac2c,profile-prompt-user-profile-gpa-anchor,profile,prompt-user,profile.gpa_anchor,critical,/profile?tab=gpa,Complete your GPA anchor,Add GPA and scale so predictions and school-list advice use your real academic baseline.,Update GPA,in_app_readiness_surface|dashboard,redis_notification_feed|remote_push|email,profile-readiness:profile-prompt-user-profile-gpa-anchor:21b185bc16be52d77c08ac2c,Profile has GPA value and GPA scale,,
user_prompt,ready_for_in_app_admin_delivery,fad9e50ec597acdb56e97901,profile-prompt-user-profile-gpa-anchor,profile,prompt-user,profile.gpa_anchor,critical,/profile?tab=gpa,Complete your GPA anchor,Add GPA and scale so predictions and school-list advice use your real academic baseline.,Update GPA,in_app_readiness_surface|dashboard,redis_notification_feed|remote_push|email,profile-readiness:profile-prompt-user-profile-gpa-anchor:fad9e50ec597acdb56e97901,Profile has GPA value and GPA scale,,
user_prompt,ready_for_in_app_admin_delivery,4d1f395bd00cc2f44c81f8e0,profile-prompt-user-profile-gpa-anchor,profile,prompt-user,profile.gpa_anchor,critical,/profile?tab=gpa,Complete your GPA anchor,Add GPA and scale so predictions and school-list advice use your real academic baseline.,Update GPA,in_app_readiness_surface|dashboard,redis_notification_feed|remote_push|email,profile-readiness:profile-prompt-user-profile-gpa-anchor:4d1f395bd00cc2f44c81f8e0,Profile has GPA value and GPA scale,,
user_prompt,ready_for_in_app_admin_delivery,7232f1fa4940f02570578fa4,profile-prompt-user-profile-gpa-anchor,profile,prompt-user,profile.gpa_anchor,critical,/profile?tab=gpa,Complete your GPA anchor,Add GPA and scale so predictions and school-list advice use your real academic baseline.,Update GPA,in_app_readiness_surface|dashboard,redis_notification_feed|remote_push|email,profile-readiness:profile-prompt-user-profile-gpa-anchor:7232f1fa4940f02570578fa4,Profile has GPA value and GPA scale,,
user_prompt,ready_for_in_app_admin_delivery,d5668608d88680646b4304d5,profile-prompt-user-profile-gpa-anchor,profile,prompt-user,profile.gpa_anchor,critical,/profile?tab=gpa,Complete your GPA anchor,Add GPA and scale so predictions and school-list advice use your real academic baseline.,Update GPA,in_app_readiness_surface|dashboard,redis_notification_feed|remote_push|email,profile-readiness:profile-prompt-user-profile-gpa-anchor:d5668608d88680646b4304d5,Profile has GPA value and GPA scale,,
user_prompt,ready_for_in_app_admin_delivery,eb5f0931db192e04b5bb694f,profile-prompt-user-profile-gpa-anchor,profile,prompt-user,profile.gpa_anchor,critical,/profile?tab=gpa,Complete your GPA anchor,Add GPA and scale so predictions and school-list advice use your real academic baseline.,Update GPA,in_app_readiness_surface|dashboard,redis_notification_feed|remote_push|email,profile-readiness:profile-prompt-user-profile-gpa-anchor:eb5f0931db192e04b5bb694f,Profile has GPA value and GPA scale,,
user_prompt,ready_for_in_app_admin_delivery,144044aa210635b68bd3413e,profile-prompt-user-profile-gpa-anchor,profile,prompt-user,profile.gpa_anchor,critical,/profile?tab=gpa,Complete your GPA anchor,Add GPA and scale so predictions and school-list advice use your real academic baseline.,Update GPA,in_app_readiness_surface|dashboard,redis_notification_feed|remote_push|email,profile-readiness:profile-prompt-user-profile-gpa-anchor:144044aa210635b68bd3413e,Profile has GPA value and GPA scale,,
user_prompt,ready_for_in_app_admin_delivery,9e7d85fb4bc03da0d6a42f62,profile-prompt-user-profile-gpa-anchor,profile,prompt-user,profile.gpa_anchor,critical,/profile?tab=gpa,Complete your GPA anchor,Add GPA and scale so predictions and school-list advice use your real academic baseline.,Update GPA,in_app_readiness_surface|dashboard,redis_notification_feed|remote_push|email,profile-readiness:profile-prompt-user-profile-gpa-anchor:9e7d85fb4bc03da0d6a42f62,Profile has GPA value and GPA scale,,
user_prompt,ready_for_in_app_admin_delivery,5a1258607ca8af1051025180,profile-prompt-user-profile-gpa-anchor,profile,prompt-user,profile.gpa_anchor,critical,/profile?tab=gpa,Complete your GPA anchor,Add GPA and scale so predictions and school-list advice use your real academic baseline.,Update GPA,in_app_readiness_surface|dashboard,redis_notification_feed|remote_push|email,profile-readiness:profile-prompt-user-profile-gpa-anchor:5a1258607ca8af1051025180,Profile has GPA value and GPA scale,,
user_prompt,ready_for_in_app_admin_delivery,abaf8c9bde037950385c3f12,profile-prompt-user-profile-gpa-anchor,profile,prompt-user,profile.gpa_anchor,critical,/profile?tab=gpa,Complete your GPA anchor,Add GPA and scale so predictions and school-list advice use your real academic baseline.,Update GPA,in_app_readiness_surface|dashboard,redis_notification_feed|remote_push|email,profile-readiness:profile-prompt-user-profile-gpa-anchor:abaf8c9bde037950385c3f12,Profile has GPA value and GPA scale,,
user_prompt,ready_for_in_app_admin_delivery,fa0da822fd523382a860416f,profile-prompt-user-profile-gpa-anchor,profile,prompt-user,profile.gpa_anchor,critical,/profile?tab=gpa,Complete your GPA anchor,Add GPA and scale so predictions and school-list advice use your real academic baseline.,Update GPA,in_app_readiness_surface|dashboard,redis_notification_feed|remote_push|email,profile-readiness:profile-prompt-user-profile-gpa-anchor:fa0da822fd523382a860416f,Profile has GPA value and GPA scale,,
user_prompt,ready_for_in_app_admin_delivery,90f1204abd54fafff4b248e3,profile-prompt-user-profile-gpa-anchor,profile,prompt-user,profile.gpa_anchor,critical,/profile?tab=gpa,Complete your GPA anchor,Add GPA and scale so predictions and school-list advice use your real academic baseline.,Update GPA,in_app_readiness_surface|dashboard,redis_notification_feed|remote_push|email,profile-readiness:profile-prompt-user-profile-gpa-anchor:90f1204abd54fafff4b248e3,Profile has GPA value and GPA scale,,
user_prompt,ready_for_in_app_admin_delivery,e3ad628c231e661f27d886fd,profile-prompt-user-profile-gpa-anchor,profile,prompt-user,profile.gpa_anchor,critical,/profile?tab=gpa,Complete your GPA anchor,Add GPA and scale so predictions and school-list advice use your real academic baseline.,Update GPA,in_app_readiness_surface|dashboard,redis_notification_feed|remote_push|email,profile-readiness:profile-prompt-user-profile-gpa-anchor:e3ad628c231e661f27d886fd,Profile has GPA value and GPA scale,,
user_prompt,ready_for_in_app_admin_delivery,048028fc4ece7871c4c818a1,profile-prompt-user-profile-gpa-anchor,profile,prompt-user,profile.gpa_anchor,critical,/profile?tab=gpa,Complete your GPA anchor,Add GPA and scale so predictions and school-list advice use your real academic baseline.,Update GPA,in_app_readiness_surface|dashboard,redis_notification_feed|remote_push|email,profile-readiness:profile-prompt-user-profile-gpa-anchor:048028fc4ece7871c4c818a1,Profile has GPA value and GPA scale,,
user_prompt,ready_for_in_app_admin_delivery,6ce7ad342b357b3b14deb49c,profile-prompt-user-profile-gpa-anchor,profile,prompt-user,profile.gpa_anchor,critical,/profile?tab=gpa,Complete your GPA anchor,Add GPA and scale so predictions and school-list advice use your real academic baseline.,Update GPA,in_app_readiness_surface|dashboard,redis_notification_feed|remote_push|email,profile-readiness:profile-prompt-user-profile-gpa-anchor:6ce7ad342b357b3b14deb49c,Profile has GPA value and GPA scale,,
user_prompt,ready_for_in_app_admin_delivery,054d410c714fc4cda4394e8c,profile-prompt-user-profile-gpa-anchor,profile,prompt-user,profile.gpa_anchor,critical,/profile?tab=gpa,Complete your GPA anchor,Add GPA and scale so predictions and school-list advice use your real academic baseline.,Update GPA,in_app_readiness_surface|dashboard,redis_notification_feed|remote_push|email,profile-readiness:profile-prompt-user-profile-gpa-anchor:054d410c714fc4cda4394e8c,Profile has GPA value and GPA scale,,
user_prompt,ready_for_in_app_admin_delivery,43f7e141b8b05d5f4b1656ff,profile-prompt-user-profile-gpa-anchor,profile,prompt-user,profile.gpa_anchor,critical,/profile?tab=gpa,Complete your GPA anchor,Add GPA and scale so predictions and school-list advice use your real academic baseline.,Update GPA,in_app_readiness_surface|dashboard,redis_notification_feed|remote_push|email,profile-readiness:profile-prompt-user-profile-gpa-anchor:43f7e141b8b05d5f4b1656ff,Profile has GPA value and GPA scale,,
user_prompt,ready_for_in_app_admin_delivery,ee4954e857d17b8eebb7ae31,profile-prompt-user-profile-gpa-anchor,profile,prompt-user,profile.gpa_anchor,critical,/profile?tab=gpa,Complete your GPA anchor,Add GPA and scale so predictions and school-list advice use your real academic baseline.,Update GPA,in_app_readiness_surface|dashboard,redis_notification_feed|remote_push|email,profile-readiness:profile-prompt-user-profile-gpa-anchor:ee4954e857d17b8eebb7ae31,Profile has GPA value and GPA scale,,
user_prompt,ready_for_in_app_admin_delivery,9d574d111efc9d97b84d6c15,profile-prompt-user-profile-gpa-anchor,profile,prompt-user,profile.gpa_anchor,critical,/profile?tab=gpa,Complete your GPA anchor,Add GPA and scale so predictions and school-list advice use your real academic baseline.,Update GPA,in_app_readiness_surface|dashboard,redis_notification_feed|remote_push|email,profile-readiness:profile-prompt-user-profile-gpa-anchor:9d574d111efc9d97b84d6c15,Profile has GPA value and GPA scale,,
user_prompt,ready_for_in_app_admin_delivery,4abcd46d927f195540b38c5d,profile-prompt-user-profile-gpa-anchor,profile,prompt-user,profile.gpa_anchor,critical,/profile?tab=gpa,Complete your GPA anchor,Add GPA and scale so predictions and school-list advice use your real academic baseline.,Update GPA,in_app_readiness_surface|dashboard,redis_notification_feed|remote_push|email,profile-readiness:profile-prompt-user-profile-gpa-anchor:4abcd46d927f195540b38c5d,Profile has GPA value and GPA scale,,
user_prompt,ready_for_in_app_admin_delivery,3b62c93519e3db6dfe2c3efb,profile-prompt-user-profile-gpa-anchor,profile,prompt-user,profile.gpa_anchor,critical,/profile?tab=gpa,Complete your GPA anchor,Add GPA and scale so predictions and school-list advice use your real academic baseline.,Update GPA,in_app_readiness_surface|dashboard,redis_notification_feed|remote_push|email,profile-readiness:profile-prompt-user-profile-gpa-anchor:3b62c93519e3db6dfe2c3efb,Profile has GPA value and GPA scale,,
user_prompt,ready_for_in_app_admin_delivery,279b99bc08a2c8d50ec3af36,profile-prompt-user-profile-gpa-anchor,profile,prompt-user,profile.gpa_anchor,critical,/profile?tab=gpa,Complete your GPA anchor,Add GPA and scale so predictions and school-list advice use your real academic baseline.,Update GPA,in_app_readiness_surface|dashboard,redis_notification_feed|remote_push|email,profile-readiness:profile-prompt-user-profile-gpa-anchor:279b99bc08a2c8d50ec3af36,Profile has GPA value and GPA scale,,
user_prompt,ready_for_in_app_admin_delivery,74c9ee8d165d193a609087d6,profile-prompt-user-profile-gpa-anchor,profile,prompt-user,profile.gpa_anchor,critical,/profile?tab=gpa,Complete your GPA anchor,Add GPA and scale so predictions and school-list advice use your real academic baseline.,Update GPA,in_app_readiness_surface|dashboard,redis_notification_feed|remote_push|email,profile-readiness:profile-prompt-user-profile-gpa-anchor:74c9ee8d165d193a609087d6,Profile has GPA value and GPA scale,,
user_prompt,ready_for_in_app_admin_delivery,b4c465cc257a5e9d36dcd519,profile-prompt-user-profile-gpa-anchor,profile,prompt-user,profile.gpa_anchor,critical,/profile?tab=gpa,Complete your GPA anchor,Add GPA and scale so predictions and school-list advice use your real academic baseline.,Update GPA,in_app_readiness_surface|dashboard,redis_notification_feed|remote_push|email,profile-readiness:profile-prompt-user-profile-gpa-anchor:b4c465cc257a5e9d36dcd519,Profile has GPA value and GPA scale,,
user_prompt,ready_for_in_app_admin_delivery,d3f2cb982d857949a81c39b9,profile-prompt-user-profile-gpa-anchor,profile,prompt-user,profile.gpa_anchor,critical,/profile?tab=gpa,Complete your GPA anchor,Add GPA and scale so predictions and school-list advice use your real academic baseline.,Update GPA,in_app_readiness_surface|dashboard,redis_notification_feed|remote_push|email,profile-readiness:profile-prompt-user-profile-gpa-anchor:d3f2cb982d857949a81c39b9,Profile has GPA value and GPA scale,,
user_prompt,ready_for_in_app_admin_delivery,4012bad586b0835007dd6107,profile-prompt-user-profile-gpa-anchor,profile,prompt-user,profile.gpa_anchor,critical,/profile?tab=gpa,Complete your GPA anchor,Add GPA and scale so predictions and school-list advice use your real academic baseline.,Update GPA,in_app_readiness_surface|dashboard,redis_notification_feed|remote_push|email,profile-readiness:profile-prompt-user-profile-gpa-anchor:4012bad586b0835007dd6107,Profile has GPA value and GPA scale,,
user_prompt,ready_for_in_app_admin_delivery,876000e8b2adb2f3bce6e5e3,profile-prompt-user-profile-gpa-anchor,profile,prompt-user,profile.gpa_anchor,critical,/profile?tab=gpa,Complete your GPA anchor,Add GPA and scale so predictions and school-list advice use your real academic baseline.,Update GPA,in_app_readiness_surface|dashboard,redis_notification_feed|remote_push|email,profile-readiness:profile-prompt-user-profile-gpa-anchor:876000e8b2adb2f3bce6e5e3,Profile has GPA value and GPA scale,,
user_prompt,ready_for_in_app_admin_delivery,2d38d89c0d25f77c2503a1af,profile-prompt-user-profile-gpa-anchor,profile,prompt-user,profile.gpa_anchor,critical,/profile?tab=gpa,Complete your GPA anchor,Add GPA and scale so predictions and school-list advice use your real academic baseline.,Update GPA,in_app_readiness_surface|dashboard,redis_notification_feed|remote_push|email,profile-readiness:profile-prompt-user-profile-gpa-anchor:2d38d89c0d25f77c2503a1af,Profile has GPA value and GPA scale,,
user_prompt,ready_for_in_app_admin_delivery,6e25deecd13b429aaf14c4a5,profile-prompt-user-profile-gpa-anchor,profile,prompt-user,profile.gpa_anchor,critical,/profile?tab=gpa,Complete your GPA anchor,Add GPA and scale so predictions and school-list advice use your real academic baseline.,Update GPA,in_app_readiness_surface|dashboard,redis_notification_feed|remote_push|email,profile-readiness:profile-prompt-user-profile-gpa-anchor:6e25deecd13b429aaf14c4a5,Profile has GPA value and GPA scale,,
user_prompt,ready_for_in_app_admin_delivery,98574f35c5fc1b5a13b34d2d,profile-prompt-user-profile-gpa-anchor,profile,prompt-user,profile.gpa_anchor,critical,/profile?tab=gpa,Complete your GPA anchor,Add GPA and scale so predictions and school-list advice use your real academic baseline.,Update GPA,in_app_readiness_surface|dashboard,redis_notification_feed|remote_push|email,profile-readiness:profile-prompt-user-profile-gpa-anchor:98574f35c5fc1b5a13b34d2d,Profile has GPA value and GPA scale,,
user_prompt,ready_for_in_app_admin_delivery,3b0ae29aa3a42546f3a20525,profile-prompt-user-profile-gpa-anchor,profile,prompt-user,profile.gpa_anchor,critical,/profile?tab=gpa,Complete your GPA anchor,Add GPA and scale so predictions and school-list advice use your real academic baseline.,Update GPA,in_app_readiness_surface|dashboard,redis_notification_feed|remote_push|email,profile-readiness:profile-prompt-user-profile-gpa-anchor:3b0ae29aa3a42546f3a20525,Profile has GPA value and GPA scale,,
user_prompt,ready_for_in_app_admin_delivery,a00d8f6848b5b8fd53105350,profile-prompt-user-profile-gpa-anchor,profile,prompt-user,profile.gpa_anchor,critical,/profile?tab=gpa,Complete your GPA anchor,Add GPA and scale so predictions and school-list advice use your real academic baseline.,Update GPA,in_app_readiness_surface|dashboard,redis_notification_feed|remote_push|email,profile-readiness:profile-prompt-user-profile-gpa-anchor:a00d8f6848b5b8fd53105350,Profile has GPA value and GPA scale,,
user_prompt,ready_for_in_app_admin_delivery,efefd028899c83b572acbaca,profile-prompt-user-profile-gpa-anchor,profile,prompt-user,profile.gpa_anchor,critical,/profile?tab=gpa,Complete your GPA anchor,Add GPA and scale so predictions and school-list advice use your real academic baseline.,Update GPA,in_app_readiness_surface|dashboard,redis_notification_feed|remote_push|email,profile-readiness:profile-prompt-user-profile-gpa-anchor:efefd028899c83b572acbaca,Profile has GPA value and GPA scale,,
user_prompt,ready_for_in_app_admin_delivery,e68dd4215f226c8e4e76a5ce,profile-prompt-user-profile-gpa-anchor,profile,prompt-user,profile.gpa_anchor,critical,/profile?tab=gpa,Complete your GPA anchor,Add GPA and scale so predictions and school-list advice use your real academic baseline.,Update GPA,in_app_readiness_surface|dashboard,redis_notification_feed|remote_push|email,profile-readiness:profile-prompt-user-profile-gpa-anchor:e68dd4215f226c8e4e76a5ce,Profile has GPA value and GPA scale,,
user_prompt,ready_for_in_app_admin_delivery,81314501c599989cc7264bde,profile-prompt-user-profile-gpa-anchor,profile,prompt-user,profile.gpa_anchor,critical,/profile?tab=gpa,Complete your GPA anchor,Add GPA and scale so predictions and school-list advice use your real academic baseline.,Update GPA,in_app_readiness_surface|dashboard,redis_notification_feed|remote_push|email,profile-readiness:profile-prompt-user-profile-gpa-anchor:81314501c599989cc7264bde,Profile has GPA value and GPA scale,,
user_prompt,ready_for_in_app_admin_delivery,671882419679232da0e380f9,profile-prompt-user-profile-gpa-anchor,profile,prompt-user,profile.gpa_anchor,critical,/profile?tab=gpa,Complete your GPA anchor,Add GPA and scale so predictions and school-list advice use your real academic baseline.,Update GPA,in_app_readiness_surface|dashboard,redis_notification_feed|remote_push|email,profile-readiness:profile-prompt-user-profile-gpa-anchor:671882419679232da0e380f9,Profile has GPA value and GPA scale,,
user_prompt,ready_for_in_app_admin_delivery,09e472b96a6acc4e3214037f,profile-prompt-user-profile-gpa-anchor,profile,prompt-user,profile.gpa_anchor,critical,/profile?tab=gpa,Complete your GPA anchor,Add GPA and scale so predictions and school-list advice use your real academic baseline.,Update GPA,in_app_readiness_surface|dashboard,redis_notification_feed|remote_push|email,profile-readiness:profile-prompt-user-profile-gpa-anchor:09e472b96a6acc4e3214037f,Profile has GPA value and GPA scale,,
user_prompt,ready_for_in_app_admin_delivery,128cf9bdbbd30c4692340893,profile-prompt-user-profile-gpa-anchor,profile,prompt-user,profile.gpa_anchor,critical,/profile?tab=gpa,Complete your GPA anchor,Add GPA and scale so predictions and school-list advice use your real academic baseline.,Update GPA,in_app_readiness_surface|dashboard,redis_notification_feed|remote_push|email,profile-readiness:profile-prompt-user-profile-gpa-anchor:128cf9bdbbd30c4692340893,Profile has GPA value and GPA scale,,
user_prompt,ready_for_in_app_admin_delivery,bde3729d50403544ccebff9a,profile-prompt-user-profile-gpa-anchor,profile,prompt-user,profile.gpa_anchor,critical,/profile?tab=gpa,Complete your GPA anchor,Add GPA and scale so predictions and school-list advice use your real academic baseline.,Update GPA,in_app_readiness_surface|dashboard,redis_notification_feed|remote_push|email,profile-readiness:profile-prompt-user-profile-gpa-anchor:bde3729d50403544ccebff9a,Profile has GPA value and GPA scale,,
user_prompt,ready_for_in_app_admin_delivery,f75a8ccae118bcd318fc5cd2,profile-prompt-user-profile-gpa-anchor,profile,prompt-user,profile.gpa_anchor,critical,/profile?tab=gpa,Complete your GPA anchor,Add GPA and scale so predictions and school-list advice use your real academic baseline.,Update GPA,in_app_readiness_surface|dashboard,redis_notification_feed|remote_push|email,profile-readiness:profile-prompt-user-profile-gpa-anchor:f75a8ccae118bcd318fc5cd2,Profile has GPA value and GPA scale,,
user_prompt,ready_for_in_app_admin_delivery,6216f3543ca1643402cefaaa,profile-prompt-user-profile-gpa-anchor,profile,prompt-user,profile.gpa_anchor,critical,/profile?tab=gpa,Complete your GPA anchor,Add GPA and scale so predictions and school-list advice use your real academic baseline.,Update GPA,in_app_readiness_surface|dashboard,redis_notification_feed|remote_push|email,profile-readiness:profile-prompt-user-profile-gpa-anchor:6216f3543ca1643402cefaaa,Profile has GPA value and GPA scale,,
user_prompt,ready_for_in_app_admin_delivery,3c09f7498dcde215688f728f,profile-prompt-user-profile-gpa-anchor,profile,prompt-user,profile.gpa_anchor,critical,/profile?tab=gpa,Complete your GPA anchor,Add GPA and scale so predictions and school-list advice use your real academic baseline.,Update GPA,in_app_readiness_surface|dashboard,redis_notification_feed|remote_push|email,profile-readiness:profile-prompt-user-profile-gpa-anchor:3c09f7498dcde215688f728f,Profile has GPA value and GPA scale,,
user_prompt,ready_for_in_app_admin_delivery,5dfb40b1a9bf29962c92c4e0,profile-prompt-user-profile-gpa-anchor,profile,prompt-user,profile.gpa_anchor,critical,/profile?tab=gpa,Complete your GPA anchor,Add GPA and scale so predictions and school-list advice use your real academic baseline.,Update GPA,in_app_readiness_surface|dashboard,redis_notification_feed|remote_push|email,profile-readiness:profile-prompt-user-profile-gpa-anchor:5dfb40b1a9bf29962c92c4e0,Profile has GPA value and GPA scale,,
user_prompt,ready_for_in_app_admin_delivery,96e371a4d8ab3bb87e424de2,profile-prompt-user-profile-gpa-anchor,profile,prompt-user,profile.gpa_anchor,critical,/profile?tab=gpa,Complete your GPA anchor,Add GPA and scale so predictions and school-list advice use your real academic baseline.,Update GPA,in_app_readiness_surface|dashboard,redis_notification_feed|remote_push|email,profile-readiness:profile-prompt-user-profile-gpa-anchor:96e371a4d8ab3bb87e424de2,Profile has GPA value and GPA scale,,
user_prompt,ready_for_in_app_admin_delivery,8366ac6e15b379c3156f52a3,profile-prompt-user-profile-gpa-anchor,profile,prompt-user,profile.gpa_anchor,critical,/profile?tab=gpa,Complete your GPA anchor,Add GPA and scale so predictions and school-list advice use your real academic baseline.,Update GPA,in_app_readiness_surface|dashboard,redis_notification_feed|remote_push|email,profile-readiness:profile-prompt-user-profile-gpa-anchor:8366ac6e15b379c3156f52a3,Profile has GPA value and GPA scale,,
user_prompt,ready_for_in_app_admin_delivery,bc2c5e715fa4b0e0b3781a97,profile-prompt-user-profile-gpa-anchor,profile,prompt-user,profile.gpa_anchor,critical,/profile?tab=gpa,Complete your GPA anchor,Add GPA and scale so predictions and school-list advice use your real academic baseline.,Update GPA,in_app_readiness_surface|dashboard,redis_notification_feed|remote_push|email,profile-readiness:profile-prompt-user-profile-gpa-anchor:bc2c5e715fa4b0e0b3781a97,Profile has GPA value and GPA scale,,
user_prompt,ready_for_in_app_admin_delivery,46a752bfbb2e7f744530e13d,profile-prompt-user-profile-gpa-anchor,profile,prompt-user,profile.gpa_anchor,critical,/profile?tab=gpa,Complete your GPA anchor,Add GPA and scale so predictions and school-list advice use your real academic baseline.,Update GPA,in_app_readiness_surface|dashboard,redis_notification_feed|remote_push|email,profile-readiness:profile-prompt-user-profile-gpa-anchor:46a752bfbb2e7f744530e13d,Profile has GPA value and GPA scale,,
user_prompt,ready_for_in_app_admin_delivery,9d220a4364c379c59a202cd4,profile-prompt-user-profile-gpa-anchor,profile,prompt-user,profile.gpa_anchor,critical,/profile?tab=gpa,Complete your GPA anchor,Add GPA and scale so predictions and school-list advice use your real academic baseline.,Update GPA,in_app_readiness_surface|dashboard,redis_notification_feed|remote_push|email,profile-readiness:profile-prompt-user-profile-gpa-anchor:9d220a4364c379c59a202cd4,Profile has GPA value and GPA scale,,
user_prompt,ready_for_in_app_admin_delivery,f76c2626dd527a485a7371c8,profile-prompt-user-profile-gpa-anchor,profile,prompt-user,profile.gpa_anchor,critical,/profile?tab=gpa,Complete your GPA anchor,Add GPA and scale so predictions and school-list advice use your real academic baseline.,Update GPA,in_app_readiness_surface|dashboard,redis_notification_feed|remote_push|email,profile-readiness:profile-prompt-user-profile-gpa-anchor:f76c2626dd527a485a7371c8,Profile has GPA value and GPA scale,,
user_prompt,ready_for_in_app_admin_delivery,7485dc85ce9c7c23100b5076,profile-prompt-user-profile-gpa-anchor,profile,prompt-user,profile.gpa_anchor,critical,/profile?tab=gpa,Complete your GPA anchor,Add GPA and scale so predictions and school-list advice use your real academic baseline.,Update GPA,in_app_readiness_surface|dashboard,redis_notification_feed|remote_push|email,profile-readiness:profile-prompt-user-profile-gpa-anchor:7485dc85ce9c7c23100b5076,Profile has GPA value and GPA scale,,
user_prompt,ready_for_in_app_admin_delivery,493455dcf43164fdafd025ab,profile-prompt-user-profile-gpa-anchor,profile,prompt-user,profile.gpa_anchor,critical,/profile?tab=gpa,Complete your GPA anchor,Add GPA and scale so predictions and school-list advice use your real academic baseline.,Update GPA,in_app_readiness_surface|dashboard,redis_notification_feed|remote_push|email,profile-readiness:profile-prompt-user-profile-gpa-anchor:493455dcf43164fdafd025ab,Profile has GPA value and GPA scale,,
user_prompt,ready_for_in_app_admin_delivery,d44a6faef26ba1d5222a2e39,profile-prompt-user-profile-gpa-anchor,profile,prompt-user,profile.gpa_anchor,critical,/profile?tab=gpa,Complete your GPA anchor,Add GPA and scale so predictions and school-list advice use your real academic baseline.,Update GPA,in_app_readiness_surface|dashboard,redis_notification_feed|remote_push|email,profile-readiness:profile-prompt-user-profile-gpa-anchor:d44a6faef26ba1d5222a2e39,Profile has GPA value and GPA scale,,
user_prompt,ready_for_in_app_admin_delivery,f6cb8463a6bab81fcb529e4f,profile-prompt-user-profile-gpa-anchor,profile,prompt-user,profile.gpa_anchor,critical,/profile?tab=gpa,Complete your GPA anchor,Add GPA and scale so predictions and school-list advice use your real academic baseline.,Update GPA,in_app_readiness_surface|dashboard,redis_notification_feed|remote_push|email,profile-readiness:profile-prompt-user-profile-gpa-anchor:f6cb8463a6bab81fcb529e4f,Profile has GPA value and GPA scale,,
user_prompt,ready_for_in_app_admin_delivery,79737e323e376db6095ff50e,profile-prompt-user-profile-gpa-anchor,profile,prompt-user,profile.gpa_anchor,critical,/profile?tab=gpa,Complete your GPA anchor,Add GPA and scale so predictions and school-list advice use your real academic baseline.,Update GPA,in_app_readiness_surface|dashboard,redis_notification_feed|remote_push|email,profile-readiness:profile-prompt-user-profile-gpa-anchor:79737e323e376db6095ff50e,Profile has GPA value and GPA scale,,
user_prompt,ready_for_in_app_admin_delivery,7ab816c6f8d5cc286f16139a,profile-prompt-user-profile-gpa-anchor,profile,prompt-user,profile.gpa_anchor,critical,/profile?tab=gpa,Complete your GPA anchor,Add GPA and scale so predictions and school-list advice use your real academic baseline.,Update GPA,in_app_readiness_surface|dashboard,redis_notification_feed|remote_push|email,profile-readiness:profile-prompt-user-profile-gpa-anchor:7ab816c6f8d5cc286f16139a,Profile has GPA value and GPA scale,,
user_prompt,ready_for_in_app_admin_delivery,e5c0e17ab64859b74bf6a7ce,profile-prompt-user-profile-gpa-anchor,profile,prompt-user,profile.gpa_anchor,critical,/profile?tab=gpa,Complete your GPA anchor,Add GPA and scale so predictions and school-list advice use your real academic baseline.,Update GPA,in_app_readiness_surface|dashboard,redis_notification_feed|remote_push|email,profile-readiness:profile-prompt-user-profile-gpa-anchor:e5c0e17ab64859b74bf6a7ce,Profile has GPA value and GPA scale,,
user_prompt,ready_for_in_app_admin_delivery,499091972c7cb9710f63f1f4,profile-prompt-user-profile-gpa-anchor,profile,prompt-user,profile.gpa_anchor,critical,/profile?tab=gpa,Complete your GPA anchor,Add GPA and scale so predictions and school-list advice use your real academic baseline.,Update GPA,in_app_readiness_surface|dashboard,redis_notification_feed|remote_push|email,profile-readiness:profile-prompt-user-profile-gpa-anchor:499091972c7cb9710f63f1f4,Profile has GPA value and GPA scale,,
user_prompt,ready_for_in_app_admin_delivery,ee9a1b7f3b9a5b8ba2b2a3ce,profile-prompt-user-profile-gpa-anchor,profile,prompt-user,profile.gpa_anchor,critical,/profile?tab=gpa,Complete your GPA anchor,Add GPA and scale so predictions and school-list advice use your real academic baseline.,Update GPA,in_app_readiness_surface|dashboard,redis_notification_feed|remote_push|email,profile-readiness:profile-prompt-user-profile-gpa-anchor:ee9a1b7f3b9a5b8ba2b2a3ce,Profile has GPA value and GPA scale,,
user_prompt,ready_for_in_app_admin_delivery,594933ae4e120a1f1584356d,profile-prompt-user-profile-gpa-anchor,profile,prompt-user,profile.gpa_anchor,critical,/profile?tab=gpa,Complete your GPA anchor,Add GPA and scale so predictions and school-list advice use your real academic baseline.,Update GPA,in_app_readiness_surface|dashboard,redis_notification_feed|remote_push|email,profile-readiness:profile-prompt-user-profile-gpa-anchor:594933ae4e120a1f1584356d,Profile has GPA value and GPA scale,,
user_prompt,ready_for_in_app_admin_delivery,3afd7b8036e5c1e1e5d7c845,profile-prompt-user-profile-gpa-anchor,profile,prompt-user,profile.gpa_anchor,critical,/profile?tab=gpa,Complete your GPA anchor,Add GPA and scale so predictions and school-list advice use your real academic baseline.,Update GPA,in_app_readiness_surface|dashboard,redis_notification_feed|remote_push|email,profile-readiness:profile-prompt-user-profile-gpa-anchor:3afd7b8036e5c1e1e5d7c845,Profile has GPA value and GPA scale,,
user_prompt,ready_for_in_app_admin_delivery,d27e08ac8b20959602364ff0,profile-prompt-user-profile-gpa-anchor,profile,prompt-user,profile.gpa_anchor,critical,/profile?tab=gpa,Complete your GPA anchor,Add GPA and scale so predictions and school-list advice use your real academic baseline.,Update GPA,in_app_readiness_surface|dashboard,redis_notification_feed|remote_push|email,profile-readiness:profile-prompt-user-profile-gpa-anchor:d27e08ac8b20959602364ff0,Profile has GPA value and GPA scale,,
user_prompt,ready_for_in_app_admin_delivery,250478f9bc807d488188e43a,profile-prompt-user-profile-gpa-anchor,profile,prompt-user,profile.gpa_anchor,critical,/profile?tab=gpa,Complete your GPA anchor,Add GPA and scale so predictions and school-list advice use your real academic baseline.,Update GPA,in_app_readiness_surface|dashboard,redis_notification_feed|remote_push|email,profile-readiness:profile-prompt-user-profile-gpa-anchor:250478f9bc807d488188e43a,Profile has GPA value and GPA scale,,
user_prompt,ready_for_in_app_admin_delivery,eeba0a3855a48d924581623c,profile-prompt-user-profile-gpa-anchor,profile,prompt-user,profile.gpa_anchor,critical,/profile?tab=gpa,Complete your GPA anchor,Add GPA and scale so predictions and school-list advice use your real academic baseline.,Update GPA,in_app_readiness_surface|dashboard,redis_notification_feed|remote_push|email,profile-readiness:profile-prompt-user-profile-gpa-anchor:eeba0a3855a48d924581623c,Profile has GPA value and GPA scale,,
user_prompt,ready_for_in_app_admin_delivery,e459d2836df1c0cc6c82dceb,profile-prompt-user-profile-gpa-anchor,profile,prompt-user,profile.gpa_anchor,critical,/profile?tab=gpa,Complete your GPA anchor,Add GPA and scale so predictions and school-list advice use your real academic baseline.,Update GPA,in_app_readiness_surface|dashboard,redis_notification_feed|remote_push|email,profile-readiness:profile-prompt-user-profile-gpa-anchor:e459d2836df1c0cc6c82dceb,Profile has GPA value and GPA scale,,
user_prompt,ready_for_in_app_admin_delivery,aec864b0bd9e03013c1bd23d,profile-prompt-user-profile-gpa-anchor,profile,prompt-user,profile.gpa_anchor,critical,/profile?tab=gpa,Complete your GPA anchor,Add GPA and scale so predictions and school-list advice use your real academic baseline.,Update GPA,in_app_readiness_surface|dashboard,redis_notification_feed|remote_push|email,profile-readiness:profile-prompt-user-profile-gpa-anchor:aec864b0bd9e03013c1bd23d,Profile has GPA value and GPA scale,,
user_prompt,ready_for_in_app_admin_delivery,540754f3060141f2b8358f73,profile-prompt-user-profile-gpa-anchor,profile,prompt-user,profile.gpa_anchor,critical,/profile?tab=gpa,Complete your GPA anchor,Add GPA and scale so predictions and school-list advice use your real academic baseline.,Update GPA,in_app_readiness_surface|dashboard,redis_notification_feed|remote_push|email,profile-readiness:profile-prompt-user-profile-gpa-anchor:540754f3060141f2b8358f73,Profile has GPA value and GPA scale,,
user_prompt,ready_for_in_app_admin_delivery,8b9063753df9105b7b12e477,profile-prompt-user-profile-gpa-anchor,profile,prompt-user,profile.gpa_anchor,critical,/profile?tab=gpa,Complete your GPA anchor,Add GPA and scale so predictions and school-list advice use your real academic baseline.,Update GPA,in_app_readiness_surface|dashboard,redis_notification_feed|remote_push|email,profile-readiness:profile-prompt-user-profile-gpa-anchor:8b9063753df9105b7b12e477,Profile has GPA value and GPA scale,,
user_prompt,ready_for_in_app_admin_delivery,9c98541c41c8d2c277251c30,profile-prompt-user-profile-gpa-anchor,profile,prompt-user,profile.gpa_anchor,critical,/profile?tab=gpa,Complete your GPA anchor,Add GPA and scale so predictions and school-list advice use your real academic baseline.,Update GPA,in_app_readiness_surface|dashboard,redis_notification_feed|remote_push|email,profile-readiness:profile-prompt-user-profile-gpa-anchor:9c98541c41c8d2c277251c30,Profile has GPA value and GPA scale,,
user_prompt,ready_for_in_app_admin_delivery,f811873eb9c4893968cd0bf6,profile-prompt-user-profile-gpa-anchor,profile,prompt-user,profile.gpa_anchor,critical,/profile?tab=gpa,Complete your GPA anchor,Add GPA and scale so predictions and school-list advice use your real academic baseline.,Update GPA,in_app_readiness_surface|dashboard,redis_notification_feed|remote_push|email,profile-readiness:profile-prompt-user-profile-gpa-anchor:f811873eb9c4893968cd0bf6,Profile has GPA value and GPA scale,,
user_prompt,ready_for_in_app_admin_delivery,38513449c80d8608d453d1a8,profile-prompt-user-profile-gpa-anchor,profile,prompt-user,profile.gpa_anchor,critical,/profile?tab=gpa,Complete your GPA anchor,Add GPA and scale so predictions and school-list advice use your real academic baseline.,Update GPA,in_app_readiness_surface|dashboard,redis_notification_feed|remote_push|email,profile-readiness:profile-prompt-user-profile-gpa-anchor:38513449c80d8608d453d1a8,Profile has GPA value and GPA scale,,
user_prompt,ready_for_in_app_admin_delivery,708ca028a5ed9809c9b06bac,profile-prompt-user-profile-gpa-anchor,profile,prompt-user,profile.gpa_anchor,critical,/profile?tab=gpa,Complete your GPA anchor,Add GPA and scale so predictions and school-list advice use your real academic baseline.,Update GPA,in_app_readiness_surface|dashboard,redis_notification_feed|remote_push|email,profile-readiness:profile-prompt-user-profile-gpa-anchor:708ca028a5ed9809c9b06bac,Profile has GPA value and GPA scale,,
user_prompt,ready_for_in_app_admin_delivery,c2a7e031b5c8c4fbb8009d27,profile-prompt-user-profile-gpa-anchor,profile,prompt-user,profile.gpa_anchor,critical,/profile?tab=gpa,Complete your GPA anchor,Add GPA and scale so predictions and school-list advice use your real academic baseline.,Update GPA,in_app_readiness_surface|dashboard,redis_notification_feed|remote_push|email,profile-readiness:profile-prompt-user-profile-gpa-anchor:c2a7e031b5c8c4fbb8009d27,Profile has GPA value and GPA scale,,
user_prompt,ready_for_in_app_admin_delivery,0e0218d4eec178ae14d0895a,profile-prompt-user-profile-gpa-anchor,profile,prompt-user,profile.gpa_anchor,critical,/profile?tab=gpa,Complete your GPA anchor,Add GPA and scale so predictions and school-list advice use your real academic baseline.,Update GPA,in_app_readiness_surface|dashboard,redis_notification_feed|remote_push|email,profile-readiness:profile-prompt-user-profile-gpa-anchor:0e0218d4eec178ae14d0895a,Profile has GPA value and GPA scale,,
user_prompt,ready_for_in_app_admin_delivery,2d361e3c8b12cd5dc12f9b4c,profile-prompt-user-profile-gpa-anchor,profile,prompt-user,profile.gpa_anchor,critical,/profile?tab=gpa,Complete your GPA anchor,Add GPA and scale so predictions and school-list advice use your real academic baseline.,Update GPA,in_app_readiness_surface|dashboard,redis_notification_feed|remote_push|email,profile-readiness:profile-prompt-user-profile-gpa-anchor:2d361e3c8b12cd5dc12f9b4c,Profile has GPA value and GPA scale,,
user_prompt,ready_for_in_app_admin_delivery,6527db866ca438e56f6b6c07,profile-prompt-user-profile-gpa-anchor,profile,prompt-user,profile.gpa_anchor,critical,/profile?tab=gpa,Complete your GPA anchor,Add GPA and scale so predictions and school-list advice use your real academic baseline.,Update GPA,in_app_readiness_surface|dashboard,redis_notification_feed|remote_push|email,profile-readiness:profile-prompt-user-profile-gpa-anchor:6527db866ca438e56f6b6c07,Profile has GPA value and GPA scale,,
user_prompt,ready_for_in_app_admin_delivery,a3765184683ddbf1a3263f80,profile-prompt-user-profile-gpa-anchor,profile,prompt-user,profile.gpa_anchor,critical,/profile?tab=gpa,Complete your GPA anchor,Add GPA and scale so predictions and school-list advice use your real academic baseline.,Update GPA,in_app_readiness_surface|dashboard,redis_notification_feed|remote_push|email,profile-readiness:profile-prompt-user-profile-gpa-anchor:a3765184683ddbf1a3263f80,Profile has GPA value and GPA scale,,
user_prompt,ready_for_in_app_admin_delivery,0984f97b4c9e411ae688c719,profile-prompt-user-profile-gpa-anchor,profile,prompt-user,profile.gpa_anchor,critical,/profile?tab=gpa,Complete your GPA anchor,Add GPA and scale so predictions and school-list advice use your real academic baseline.,Update GPA,in_app_readiness_surface|dashboard,redis_notification_feed|remote_push|email,profile-readiness:profile-prompt-user-profile-gpa-anchor:0984f97b4c9e411ae688c719,Profile has GPA value and GPA scale,,
user_prompt,ready_for_in_app_admin_delivery,d2dfa091194b4b601fd93a2f,profile-prompt-user-profile-gpa-anchor,profile,prompt-user,profile.gpa_anchor,critical,/profile?tab=gpa,Complete your GPA anchor,Add GPA and scale so predictions and school-list advice use your real academic baseline.,Update GPA,in_app_readiness_surface|dashboard,redis_notification_feed|remote_push|email,profile-readiness:profile-prompt-user-profile-gpa-anchor:d2dfa091194b4b601fd93a2f,Profile has GPA value and GPA scale,,
user_prompt,ready_for_in_app_admin_delivery,3f67df57cfda6fa11994c000,profile-prompt-user-profile-gpa-anchor,profile,prompt-user,profile.gpa_anchor,critical,/profile?tab=gpa,Complete your GPA anchor,Add GPA and scale so predictions and school-list advice use your real academic baseline.,Update GPA,in_app_readiness_surface|dashboard,redis_notification_feed|remote_push|email,profile-readiness:profile-prompt-user-profile-gpa-anchor:3f67df57cfda6fa11994c000,Profile has GPA value and GPA scale,,
user_prompt,ready_for_in_app_admin_delivery,2cdd1d6c37e7b4e60206872e,profile-prompt-user-profile-gpa-anchor,profile,prompt-user,profile.gpa_anchor,critical,/profile?tab=gpa,Complete your GPA anchor,Add GPA and scale so predictions and school-list advice use your real academic baseline.,Update GPA,in_app_readiness_surface|dashboard,redis_notification_feed|remote_push|email,profile-readiness:profile-prompt-user-profile-gpa-anchor:2cdd1d6c37e7b4e60206872e,Profile has GPA value and GPA scale,,
user_prompt,ready_for_in_app_admin_delivery,282b8d78bc025cdab396c69a,profile-prompt-user-profile-gpa-anchor,profile,prompt-user,profile.gpa_anchor,critical,/profile?tab=gpa,Complete your GPA anchor,Add GPA and scale so predictions and school-list advice use your real academic baseline.,Update GPA,in_app_readiness_surface|dashboard,redis_notification_feed|remote_push|email,profile-readiness:profile-prompt-user-profile-gpa-anchor:282b8d78bc025cdab396c69a,Profile has GPA value and GPA scale,,
user_prompt,ready_for_in_app_admin_delivery,1866a2d45ee8d3a871ad2e71,profile-prompt-user-profile-gpa-anchor,profile,prompt-user,profile.gpa_anchor,critical,/profile?tab=gpa,Complete your GPA anchor,Add GPA and scale so predictions and school-list advice use your real academic baseline.,Update GPA,in_app_readiness_surface|dashboard,redis_notification_feed|remote_push|email,profile-readiness:profile-prompt-user-profile-gpa-anchor:1866a2d45ee8d3a871ad2e71,Profile has GPA value and GPA scale,,
user_prompt,ready_for_in_app_admin_delivery,4b7e1334a900ac684d603b62,profile-prompt-user-profile-gpa-anchor,profile,prompt-user,profile.gpa_anchor,critical,/profile?tab=gpa,Complete your GPA anchor,Add GPA and scale so predictions and school-list advice use your real academic baseline.,Update GPA,in_app_readiness_surface|dashboard,redis_notification_feed|remote_push|email,profile-readiness:profile-prompt-user-profile-gpa-anchor:4b7e1334a900ac684d603b62,Profile has GPA value and GPA scale,,
user_prompt,ready_for_in_app_admin_delivery,2e6cda3073191443688cd586,profile-prompt-user-profile-gpa-anchor,profile,prompt-user,profile.gpa_anchor,critical,/profile?tab=gpa,Complete your GPA anchor,Add GPA and scale so predictions and school-list advice use your real academic baseline.,Update GPA,in_app_readiness_surface|dashboard,redis_notification_feed|remote_push|email,profile-readiness:profile-prompt-user-profile-gpa-anchor:2e6cda3073191443688cd586,Profile has GPA value and GPA scale,,
user_prompt,ready_for_in_app_admin_delivery,36ed3d17c59c821773e09ca1,profile-prompt-user-profile-gpa-anchor,profile,prompt-user,profile.gpa_anchor,critical,/profile?tab=gpa,Complete your GPA anchor,Add GPA and scale so predictions and school-list advice use your real academic baseline.,Update GPA,in_app_readiness_surface|dashboard,redis_notification_feed|remote_push|email,profile-readiness:profile-prompt-user-profile-gpa-anchor:36ed3d17c59c821773e09ca1,Profile has GPA value and GPA scale,,
user_prompt,ready_for_in_app_admin_delivery,10f66e162b2a7d95bc50da70,profile-prompt-user-profile-gpa-anchor,profile,prompt-user,profile.gpa_anchor,critical,/profile?tab=gpa,Complete your GPA anchor,Add GPA and scale so predictions and school-list advice use your real academic baseline.,Update GPA,in_app_readiness_surface|dashboard,redis_notification_feed|remote_push|email,profile-readiness:profile-prompt-user-profile-gpa-anchor:10f66e162b2a7d95bc50da70,Profile has GPA value and GPA scale,,
user_prompt,ready_for_in_app_admin_delivery,d418c7bf3670b6453a63d813,profile-prompt-user-profile-gpa-anchor,profile,prompt-user,profile.gpa_anchor,critical,/profile?tab=gpa,Complete your GPA anchor,Add GPA and scale so predictions and school-list advice use your real academic baseline.,Update GPA,in_app_readiness_surface|dashboard,redis_notification_feed|remote_push|email,profile-readiness:profile-prompt-user-profile-gpa-anchor:d418c7bf3670b6453a63d813,Profile has GPA value and GPA scale,,
user_prompt,ready_for_in_app_admin_delivery,df6d2abb27451f5fa1dc8379,profile-prompt-user-profile-gpa-anchor,profile,prompt-user,profile.gpa_anchor,critical,/profile?tab=gpa,Complete your GPA anchor,Add GPA and scale so predictions and school-list advice use your real academic baseline.,Update GPA,in_app_readiness_surface|dashboard,redis_notification_feed|remote_push|email,profile-readiness:profile-prompt-user-profile-gpa-anchor:df6d2abb27451f5fa1dc8379,Profile has GPA value and GPA scale,,
user_prompt,ready_for_in_app_admin_delivery,4c30c695722622a47cc1a82e,profile-prompt-user-profile-gpa-anchor,profile,prompt-user,profile.gpa_anchor,critical,/profile?tab=gpa,Complete your GPA anchor,Add GPA and scale so predictions and school-list advice use your real academic baseline.,Update GPA,in_app_readiness_surface|dashboard,redis_notification_feed|remote_push|email,profile-readiness:profile-prompt-user-profile-gpa-anchor:4c30c695722622a47cc1a82e,Profile has GPA value and GPA scale,,
user_prompt,ready_for_in_app_admin_delivery,fabb30faa4f6f41348116c7e,profile-prompt-user-profile-gpa-anchor,profile,prompt-user,profile.gpa_anchor,critical,/profile?tab=gpa,Complete your GPA anchor,Add GPA and scale so predictions and school-list advice use your real academic baseline.,Update GPA,in_app_readiness_surface|dashboard,redis_notification_feed|remote_push|email,profile-readiness:profile-prompt-user-profile-gpa-anchor:fabb30faa4f6f41348116c7e,Profile has GPA value and GPA scale,,
user_prompt,ready_for_in_app_admin_delivery,9f540ba4a720667a80bf9f98,profile-prompt-user-profile-gpa-anchor,profile,prompt-user,profile.gpa_anchor,critical,/profile?tab=gpa,Complete your GPA anchor,Add GPA and scale so predictions and school-list advice use your real academic baseline.,Update GPA,in_app_readiness_surface|dashboard,redis_notification_feed|remote_push|email,profile-readiness:profile-prompt-user-profile-gpa-anchor:9f540ba4a720667a80bf9f98,Profile has GPA value and GPA scale,,
user_prompt,ready_for_in_app_admin_delivery,a90bde0a302d98c0ecd110eb,profile-prompt-user-profile-gpa-anchor,profile,prompt-user,profile.gpa_anchor,critical,/profile?tab=gpa,Complete your GPA anchor,Add GPA and scale so predictions and school-list advice use your real academic baseline.,Update GPA,in_app_readiness_surface|dashboard,redis_notification_feed|remote_push|email,profile-readiness:profile-prompt-user-profile-gpa-anchor:a90bde0a302d98c0ecd110eb,Profile has GPA value and GPA scale,,
user_prompt,ready_for_in_app_admin_delivery,576ad17c7ef49e92e56c56f4,profile-prompt-user-profile-gpa-anchor,profile,prompt-user,profile.gpa_anchor,critical,/profile?tab=gpa,Complete your GPA anchor,Add GPA and scale so predictions and school-list advice use your real academic baseline.,Update GPA,in_app_readiness_surface|dashboard,redis_notification_feed|remote_push|email,profile-readiness:profile-prompt-user-profile-gpa-anchor:576ad17c7ef49e92e56c56f4,Profile has GPA value and GPA scale,,
user_prompt,ready_for_in_app_admin_delivery,d0a6c2932159a68b1829944a,profile-prompt-user-profile-gpa-anchor,profile,prompt-user,profile.gpa_anchor,critical,/profile?tab=gpa,Complete your GPA anchor,Add GPA and scale so predictions and school-list advice use your real academic baseline.,Update GPA,in_app_readiness_surface|dashboard,redis_notification_feed|remote_push|email,profile-readiness:profile-prompt-user-profile-gpa-anchor:d0a6c2932159a68b1829944a,Profile has GPA value and GPA scale,,
user_prompt,ready_for_in_app_admin_delivery,09b0d988d0b0c1669bd07bb5,profile-prompt-user-profile-gpa-anchor,profile,prompt-user,profile.gpa_anchor,critical,/profile?tab=gpa,Complete your GPA anchor,Add GPA and scale so predictions and school-list advice use your real academic baseline.,Update GPA,in_app_readiness_surface|dashboard,redis_notification_feed|remote_push|email,profile-readiness:profile-prompt-user-profile-gpa-anchor:09b0d988d0b0c1669bd07bb5,Profile has GPA value and GPA scale,,
user_prompt,ready_for_in_app_admin_delivery,18bdef37a4018bbe19cbf58b,profile-prompt-user-profile-gpa-anchor,profile,prompt-user,profile.gpa_anchor,critical,/profile?tab=gpa,Complete your GPA anchor,Add GPA and scale so predictions and school-list advice use your real academic baseline.,Update GPA,in_app_readiness_surface|dashboard,redis_notification_feed|remote_push|email,profile-readiness:profile-prompt-user-profile-gpa-anchor:18bdef37a4018bbe19cbf58b,Profile has GPA value and GPA scale,,
user_prompt,ready_for_in_app_admin_delivery,6486146070efd5bc9be34f72,profile-prompt-user-profile-gpa-anchor,profile,prompt-user,profile.gpa_anchor,critical,/profile?tab=gpa,Complete your GPA anchor,Add GPA and scale so predictions and school-list advice use your real academic baseline.,Update GPA,in_app_readiness_surface|dashboard,redis_notification_feed|remote_push|email,profile-readiness:profile-prompt-user-profile-gpa-anchor:6486146070efd5bc9be34f72,Profile has GPA value and GPA scale,,
user_prompt,ready_for_in_app_admin_delivery,91aded673af60a06a5d6a4f1,profile-prompt-user-profile-gpa-anchor,profile,prompt-user,profile.gpa_anchor,critical,/profile?tab=gpa,Complete your GPA anchor,Add GPA and scale so predictions and school-list advice use your real academic baseline.,Update GPA,in_app_readiness_surface|dashboard,redis_notification_feed|remote_push|email,profile-readiness:profile-prompt-user-profile-gpa-anchor:91aded673af60a06a5d6a4f1,Profile has GPA value and GPA scale,,
user_prompt,ready_for_in_app_admin_delivery,0e240658b0ed5ddc5ddac053,profile-prompt-user-profile-gpa-anchor,profile,prompt-user,profile.gpa_anchor,critical,/profile?tab=gpa,Complete your GPA anchor,Add GPA and scale so predictions and school-list advice use your real academic baseline.,Update GPA,in_app_readiness_surface|dashboard,redis_notification_feed|remote_push|email,profile-readiness:profile-prompt-user-profile-gpa-anchor:0e240658b0ed5ddc5ddac053,Profile has GPA value and GPA scale,,
user_prompt,ready_for_in_app_admin_delivery,160fbb2e25a95bb3f9eced86,profile-prompt-user-profile-gpa-anchor,profile,prompt-user,profile.gpa_anchor,critical,/profile?tab=gpa,Complete your GPA anchor,Add GPA and scale so predictions and school-list advice use your real academic baseline.,Update GPA,in_app_readiness_surface|dashboard,redis_notification_feed|remote_push|email,profile-readiness:profile-prompt-user-profile-gpa-anchor:160fbb2e25a95bb3f9eced86,Profile has GPA value and GPA scale,,
user_prompt,ready_for_in_app_admin_delivery,ddf064cfc49aa62c9d8707cc,profile-prompt-user-profile-gpa-anchor,profile,prompt-user,profile.gpa_anchor,critical,/profile?tab=gpa,Complete your GPA anchor,Add GPA and scale so predictions and school-list advice use your real academic baseline.,Update GPA,in_app_readiness_surface|dashboard,redis_notification_feed|remote_push|email,profile-readiness:profile-prompt-user-profile-gpa-anchor:ddf064cfc49aa62c9d8707cc,Profile has GPA value and GPA scale,,
user_prompt,ready_for_in_app_admin_delivery,a790099ccfefc40ce8696476,profile-prompt-user-profile-gpa-anchor,profile,prompt-user,profile.gpa_anchor,critical,/profile?tab=gpa,Complete your GPA anchor,Add GPA and scale so predictions and school-list advice use your real academic baseline.,Update GPA,in_app_readiness_surface|dashboard,redis_notification_feed|remote_push|email,profile-readiness:profile-prompt-user-profile-gpa-anchor:a790099ccfefc40ce8696476,Profile has GPA value and GPA scale,,
user_prompt,ready_for_in_app_admin_delivery,e05394e22942d705c03859bd,profile-prompt-user-profile-gpa-anchor,profile,prompt-user,profile.gpa_anchor,critical,/profile?tab=gpa,Complete your GPA anchor,Add GPA and scale so predictions and school-list advice use your real academic baseline.,Update GPA,in_app_readiness_surface|dashboard,redis_notification_feed|remote_push|email,profile-readiness:profile-prompt-user-profile-gpa-anchor:e05394e22942d705c03859bd,Profile has GPA value and GPA scale,,
user_prompt,ready_for_in_app_admin_delivery,a995021d6a20228df7f3d2c7,profile-prompt-user-profile-gpa-anchor,profile,prompt-user,profile.gpa_anchor,critical,/profile?tab=gpa,Complete your GPA anchor,Add GPA and scale so predictions and school-list advice use your real academic baseline.,Update GPA,in_app_readiness_surface|dashboard,redis_notification_feed|remote_push|email,profile-readiness:profile-prompt-user-profile-gpa-anchor:a995021d6a20228df7f3d2c7,Profile has GPA value and GPA scale,,
user_prompt,ready_for_in_app_admin_delivery,ac0b7ebf3137a6b7af99d582,profile-prompt-user-profile-major,profile,prompt-user,profile.major,critical,/profile?tab=basic,Add your intended major,Your major helps recommendations and application analysis compare the right programs.,Add major,in_app_readiness_surface|dashboard,redis_notification_feed|remote_push|email,profile-readiness:profile-prompt-user-profile-major:ac0b7ebf3137a6b7af99d582,Profile intendedMajor or targetMajor is set,,
user_prompt,ready_for_in_app_admin_delivery,f46de3981f1853f4abbd4641,profile-prompt-user-profile-major,profile,prompt-user,profile.major,critical,/profile?tab=basic,Add your intended major,Your major helps recommendations and application analysis compare the right programs.,Add major,in_app_readiness_surface|dashboard,redis_notification_feed|remote_push|email,profile-readiness:profile-prompt-user-profile-major:f46de3981f1853f4abbd4641,Profile intendedMajor or targetMajor is set,,
user_prompt,ready_for_in_app_admin_delivery,3dc36e732297447a53963a67,profile-prompt-user-profile-major,profile,prompt-user,profile.major,critical,/profile?tab=basic,Add your intended major,Your major helps recommendations and application analysis compare the right programs.,Add major,in_app_readiness_surface|dashboard,redis_notification_feed|remote_push|email,profile-readiness:profile-prompt-user-profile-major:3dc36e732297447a53963a67,Profile intendedMajor or targetMajor is set,,
user_prompt,ready_for_in_app_admin_delivery,3aec115dea1871ad7804c5ee,profile-prompt-user-profile-major,profile,prompt-user,profile.major,critical,/profile?tab=basic,Add your intended major,Your major helps recommendations and application analysis compare the right programs.,Add major,in_app_readiness_surface|dashboard,redis_notification_feed|remote_push|email,profile-readiness:profile-prompt-user-profile-major:3aec115dea1871ad7804c5ee,Profile intendedMajor or targetMajor is set,,
user_prompt,ready_for_in_app_admin_delivery,29076cdf73d07afbecb33d1f,profile-prompt-user-profile-major,profile,prompt-user,profile.major,critical,/profile?tab=basic,Add your intended major,Your major helps recommendations and application analysis compare the right programs.,Add major,in_app_readiness_surface|dashboard,redis_notification_feed|remote_push|email,profile-readiness:profile-prompt-user-profile-major:29076cdf73d07afbecb33d1f,Profile intendedMajor or targetMajor is set,,
user_prompt,ready_for_in_app_admin_delivery,e6f9022187d9b4ec16d49235,profile-prompt-user-profile-major,profile,prompt-user,profile.major,critical,/profile?tab=basic,Add your intended major,Your major helps recommendations and application analysis compare the right programs.,Add major,in_app_readiness_surface|dashboard,redis_notification_feed|remote_push|email,profile-readiness:profile-prompt-user-profile-major:e6f9022187d9b4ec16d49235,Profile intendedMajor or targetMajor is set,,
user_prompt,ready_for_in_app_admin_delivery,e449837a18bd87b77a6ef1e5,profile-prompt-user-profile-major,profile,prompt-user,profile.major,critical,/profile?tab=basic,Add your intended major,Your major helps recommendations and application analysis compare the right programs.,Add major,in_app_readiness_surface|dashboard,redis_notification_feed|remote_push|email,profile-readiness:profile-prompt-user-profile-major:e449837a18bd87b77a6ef1e5,Profile intendedMajor or targetMajor is set,,
user_prompt,ready_for_in_app_admin_delivery,fe2afb920f81889354794d13,profile-prompt-user-profile-major,profile,prompt-user,profile.major,critical,/profile?tab=basic,Add your intended major,Your major helps recommendations and application analysis compare the right programs.,Add major,in_app_readiness_surface|dashboard,redis_notification_feed|remote_push|email,profile-readiness:profile-prompt-user-profile-major:fe2afb920f81889354794d13,Profile intendedMajor or targetMajor is set,,
user_prompt,ready_for_in_app_admin_delivery,75933046392cb0c42c062611,profile-prompt-user-profile-major,profile,prompt-user,profile.major,critical,/profile?tab=basic,Add your intended major,Your major helps recommendations and application analysis compare the right programs.,Add major,in_app_readiness_surface|dashboard,redis_notification_feed|remote_push|email,profile-readiness:profile-prompt-user-profile-major:75933046392cb0c42c062611,Profile intendedMajor or targetMajor is set,,
user_prompt,ready_for_in_app_admin_delivery,745052463f3be2c63514db2f,profile-prompt-user-profile-major,profile,prompt-user,profile.major,critical,/profile?tab=basic,Add your intended major,Your major helps recommendations and application analysis compare the right programs.,Add major,in_app_readiness_surface|dashboard,redis_notification_feed|remote_push|email,profile-readiness:profile-prompt-user-profile-major:745052463f3be2c63514db2f,Profile intendedMajor or targetMajor is set,,
user_prompt,ready_for_in_app_admin_delivery,9d0db16bacd8261ed76c2d8f,profile-prompt-user-profile-major,profile,prompt-user,profile.major,critical,/profile?tab=basic,Add your intended major,Your major helps recommendations and application analysis compare the right programs.,Add major,in_app_readiness_surface|dashboard,redis_notification_feed|remote_push|email,profile-readiness:profile-prompt-user-profile-major:9d0db16bacd8261ed76c2d8f,Profile intendedMajor or targetMajor is set,,
user_prompt,ready_for_in_app_admin_delivery,2d3538d986b40dbb9773bad5,profile-prompt-user-profile-major,profile,prompt-user,profile.major,critical,/profile?tab=basic,Add your intended major,Your major helps recommendations and application analysis compare the right programs.,Add major,in_app_readiness_surface|dashboard,redis_notification_feed|remote_push|email,profile-readiness:profile-prompt-user-profile-major:2d3538d986b40dbb9773bad5,Profile intendedMajor or targetMajor is set,,
user_prompt,ready_for_in_app_admin_delivery,bf039e0c60608f4f87581cc9,profile-prompt-user-profile-major,profile,prompt-user,profile.major,critical,/profile?tab=basic,Add your intended major,Your major helps recommendations and application analysis compare the right programs.,Add major,in_app_readiness_surface|dashboard,redis_notification_feed|remote_push|email,profile-readiness:profile-prompt-user-profile-major:bf039e0c60608f4f87581cc9,Profile intendedMajor or targetMajor is set,,
user_prompt,ready_for_in_app_admin_delivery,366320fee296c0f2fc92761e,profile-prompt-user-profile-major,profile,prompt-user,profile.major,critical,/profile?tab=basic,Add your intended major,Your major helps recommendations and application analysis compare the right programs.,Add major,in_app_readiness_surface|dashboard,redis_notification_feed|remote_push|email,profile-readiness:profile-prompt-user-profile-major:366320fee296c0f2fc92761e,Profile intendedMajor or targetMajor is set,,
user_prompt,ready_for_in_app_admin_delivery,683b23c8c4fe0d8bc12e5633,profile-prompt-user-profile-major,profile,prompt-user,profile.major,critical,/profile?tab=basic,Add your intended major,Your major helps recommendations and application analysis compare the right programs.,Add major,in_app_readiness_surface|dashboard,redis_notification_feed|remote_push|email,profile-readiness:profile-prompt-user-profile-major:683b23c8c4fe0d8bc12e5633,Profile intendedMajor or targetMajor is set,,
user_prompt,ready_for_in_app_admin_delivery,b338f5f9fe85ac763c330af1,profile-prompt-user-profile-major,profile,prompt-user,profile.major,critical,/profile?tab=basic,Add your intended major,Your major helps recommendations and application analysis compare the right programs.,Add major,in_app_readiness_surface|dashboard,redis_notification_feed|remote_push|email,profile-readiness:profile-prompt-user-profile-major:b338f5f9fe85ac763c330af1,Profile intendedMajor or targetMajor is set,,
user_prompt,ready_for_in_app_admin_delivery,e5f7d86f6995efe58037c6fb,profile-prompt-user-profile-major,profile,prompt-user,profile.major,critical,/profile?tab=basic,Add your intended major,Your major helps recommendations and application analysis compare the right programs.,Add major,in_app_readiness_surface|dashboard,redis_notification_feed|remote_push|email,profile-readiness:profile-prompt-user-profile-major:e5f7d86f6995efe58037c6fb,Profile intendedMajor or targetMajor is set,,
user_prompt,ready_for_in_app_admin_delivery,87a1b361875b527870210e1a,profile-prompt-user-profile-major,profile,prompt-user,profile.major,critical,/profile?tab=basic,Add your intended major,Your major helps recommendations and application analysis compare the right programs.,Add major,in_app_readiness_surface|dashboard,redis_notification_feed|remote_push|email,profile-readiness:profile-prompt-user-profile-major:87a1b361875b527870210e1a,Profile intendedMajor or targetMajor is set,,
user_prompt,ready_for_in_app_admin_delivery,1d8c13ffebafff31847d9e97,profile-prompt-user-profile-major,profile,prompt-user,profile.major,critical,/profile?tab=basic,Add your intended major,Your major helps recommendations and application analysis compare the right programs.,Add major,in_app_readiness_surface|dashboard,redis_notification_feed|remote_push|email,profile-readiness:profile-prompt-user-profile-major:1d8c13ffebafff31847d9e97,Profile intendedMajor or targetMajor is set,,
user_prompt,ready_for_in_app_admin_delivery,4fdebab56088e041d556c66e,profile-prompt-user-profile-major,profile,prompt-user,profile.major,critical,/profile?tab=basic,Add your intended major,Your major helps recommendations and application analysis compare the right programs.,Add major,in_app_readiness_surface|dashboard,redis_notification_feed|remote_push|email,profile-readiness:profile-prompt-user-profile-major:4fdebab56088e041d556c66e,Profile intendedMajor or targetMajor is set,,
user_prompt,ready_for_in_app_admin_delivery,c6a5a94d5d0cb5e5d50b94ca,profile-prompt-user-profile-major,profile,prompt-user,profile.major,critical,/profile?tab=basic,Add your intended major,Your major helps recommendations and application analysis compare the right programs.,Add major,in_app_readiness_surface|dashboard,redis_notification_feed|remote_push|email,profile-readiness:profile-prompt-user-profile-major:c6a5a94d5d0cb5e5d50b94ca,Profile intendedMajor or targetMajor is set,,
user_prompt,ready_for_in_app_admin_delivery,b5f4ee1c6dd44f7f60bcbd32,profile-prompt-user-profile-major,profile,prompt-user,profile.major,critical,/profile?tab=basic,Add your intended major,Your major helps recommendations and application analysis compare the right programs.,Add major,in_app_readiness_surface|dashboard,redis_notification_feed|remote_push|email,profile-readiness:profile-prompt-user-profile-major:b5f4ee1c6dd44f7f60bcbd32,Profile intendedMajor or targetMajor is set,,
user_prompt,ready_for_in_app_admin_delivery,626eb5e38882c885cdc64b66,profile-prompt-user-profile-major,profile,prompt-user,profile.major,critical,/profile?tab=basic,Add your intended major,Your major helps recommendations and application analysis compare the right programs.,Add major,in_app_readiness_surface|dashboard,redis_notification_feed|remote_push|email,profile-readiness:profile-prompt-user-profile-major:626eb5e38882c885cdc64b66,Profile intendedMajor or targetMajor is set,,
user_prompt,ready_for_in_app_admin_delivery,288dfec9fe70b8f130d4b269,profile-prompt-user-profile-major,profile,prompt-user,profile.major,critical,/profile?tab=basic,Add your intended major,Your major helps recommendations and application analysis compare the right programs.,Add major,in_app_readiness_surface|dashboard,redis_notification_feed|remote_push|email,profile-readiness:profile-prompt-user-profile-major:288dfec9fe70b8f130d4b269,Profile intendedMajor or targetMajor is set,,
user_prompt,ready_for_in_app_admin_delivery,385e5344fb0ba928499b14d9,profile-prompt-user-profile-major,profile,prompt-user,profile.major,critical,/profile?tab=basic,Add your intended major,Your major helps recommendations and application analysis compare the right programs.,Add major,in_app_readiness_surface|dashboard,redis_notification_feed|remote_push|email,profile-readiness:profile-prompt-user-profile-major:385e5344fb0ba928499b14d9,Profile intendedMajor or targetMajor is set,,
user_prompt,ready_for_in_app_admin_delivery,21b185bc16be52d77c08ac2c,profile-prompt-user-profile-major,profile,prompt-user,profile.major,critical,/profile?tab=basic,Add your intended major,Your major helps recommendations and application analysis compare the right programs.,Add major,in_app_readiness_surface|dashboard,redis_notification_feed|remote_push|email,profile-readiness:profile-prompt-user-profile-major:21b185bc16be52d77c08ac2c,Profile intendedMajor or targetMajor is set,,
user_prompt,ready_for_in_app_admin_delivery,fad9e50ec597acdb56e97901,profile-prompt-user-profile-major,profile,prompt-user,profile.major,critical,/profile?tab=basic,Add your intended major,Your major helps recommendations and application analysis compare the right programs.,Add major,in_app_readiness_surface|dashboard,redis_notification_feed|remote_push|email,profile-readiness:profile-prompt-user-profile-major:fad9e50ec597acdb56e97901,Profile intendedMajor or targetMajor is set,,
user_prompt,ready_for_in_app_admin_delivery,4d1f395bd00cc2f44c81f8e0,profile-prompt-user-profile-major,profile,prompt-user,profile.major,critical,/profile?tab=basic,Add your intended major,Your major helps recommendations and application analysis compare the right programs.,Add major,in_app_readiness_surface|dashboard,redis_notification_feed|remote_push|email,profile-readiness:profile-prompt-user-profile-major:4d1f395bd00cc2f44c81f8e0,Profile intendedMajor or targetMajor is set,,
user_prompt,ready_for_in_app_admin_delivery,7232f1fa4940f02570578fa4,profile-prompt-user-profile-major,profile,prompt-user,profile.major,critical,/profile?tab=basic,Add your intended major,Your major helps recommendations and application analysis compare the right programs.,Add major,in_app_readiness_surface|dashboard,redis_notification_feed|remote_push|email,profile-readiness:profile-prompt-user-profile-major:7232f1fa4940f02570578fa4,Profile intendedMajor or targetMajor is set,,
user_prompt,ready_for_in_app_admin_delivery,d5668608d88680646b4304d5,profile-prompt-user-profile-major,profile,prompt-user,profile.major,critical,/profile?tab=basic,Add your intended major,Your major helps recommendations and application analysis compare the right programs.,Add major,in_app_readiness_surface|dashboard,redis_notification_feed|remote_push|email,profile-readiness:profile-prompt-user-profile-major:d5668608d88680646b4304d5,Profile intendedMajor or targetMajor is set,,
user_prompt,ready_for_in_app_admin_delivery,eb5f0931db192e04b5bb694f,profile-prompt-user-profile-major,profile,prompt-user,profile.major,critical,/profile?tab=basic,Add your intended major,Your major helps recommendations and application analysis compare the right programs.,Add major,in_app_readiness_surface|dashboard,redis_notification_feed|remote_push|email,profile-readiness:profile-prompt-user-profile-major:eb5f0931db192e04b5bb694f,Profile intendedMajor or targetMajor is set,,
user_prompt,ready_for_in_app_admin_delivery,144044aa210635b68bd3413e,profile-prompt-user-profile-major,profile,prompt-user,profile.major,critical,/profile?tab=basic,Add your intended major,Your major helps recommendations and application analysis compare the right programs.,Add major,in_app_readiness_surface|dashboard,redis_notification_feed|remote_push|email,profile-readiness:profile-prompt-user-profile-major:144044aa210635b68bd3413e,Profile intendedMajor or targetMajor is set,,
user_prompt,ready_for_in_app_admin_delivery,9e7d85fb4bc03da0d6a42f62,profile-prompt-user-profile-major,profile,prompt-user,profile.major,critical,/profile?tab=basic,Add your intended major,Your major helps recommendations and application analysis compare the right programs.,Add major,in_app_readiness_surface|dashboard,redis_notification_feed|remote_push|email,profile-readiness:profile-prompt-user-profile-major:9e7d85fb4bc03da0d6a42f62,Profile intendedMajor or targetMajor is set,,
user_prompt,ready_for_in_app_admin_delivery,5a1258607ca8af1051025180,profile-prompt-user-profile-major,profile,prompt-user,profile.major,critical,/profile?tab=basic,Add your intended major,Your major helps recommendations and application analysis compare the right programs.,Add major,in_app_readiness_surface|dashboard,redis_notification_feed|remote_push|email,profile-readiness:profile-prompt-user-profile-major:5a1258607ca8af1051025180,Profile intendedMajor or targetMajor is set,,
user_prompt,ready_for_in_app_admin_delivery,abaf8c9bde037950385c3f12,profile-prompt-user-profile-major,profile,prompt-user,profile.major,critical,/profile?tab=basic,Add your intended major,Your major helps recommendations and application analysis compare the right programs.,Add major,in_app_readiness_surface|dashboard,redis_notification_feed|remote_push|email,profile-readiness:profile-prompt-user-profile-major:abaf8c9bde037950385c3f12,Profile intendedMajor or targetMajor is set,,
user_prompt,ready_for_in_app_admin_delivery,fa0da822fd523382a860416f,profile-prompt-user-profile-major,profile,prompt-user,profile.major,critical,/profile?tab=basic,Add your intended major,Your major helps recommendations and application analysis compare the right programs.,Add major,in_app_readiness_surface|dashboard,redis_notification_feed|remote_push|email,profile-readiness:profile-prompt-user-profile-major:fa0da822fd523382a860416f,Profile intendedMajor or targetMajor is set,,
user_prompt,ready_for_in_app_admin_delivery,90f1204abd54fafff4b248e3,profile-prompt-user-profile-major,profile,prompt-user,profile.major,critical,/profile?tab=basic,Add your intended major,Your major helps recommendations and application analysis compare the right programs.,Add major,in_app_readiness_surface|dashboard,redis_notification_feed|remote_push|email,profile-readiness:profile-prompt-user-profile-major:90f1204abd54fafff4b248e3,Profile intendedMajor or targetMajor is set,,
user_prompt,ready_for_in_app_admin_delivery,e3ad628c231e661f27d886fd,profile-prompt-user-profile-major,profile,prompt-user,profile.major,critical,/profile?tab=basic,Add your intended major,Your major helps recommendations and application analysis compare the right programs.,Add major,in_app_readiness_surface|dashboard,redis_notification_feed|remote_push|email,profile-readiness:profile-prompt-user-profile-major:e3ad628c231e661f27d886fd,Profile intendedMajor or targetMajor is set,,
user_prompt,ready_for_in_app_admin_delivery,048028fc4ece7871c4c818a1,profile-prompt-user-profile-major,profile,prompt-user,profile.major,critical,/profile?tab=basic,Add your intended major,Your major helps recommendations and application analysis compare the right programs.,Add major,in_app_readiness_surface|dashboard,redis_notification_feed|remote_push|email,profile-readiness:profile-prompt-user-profile-major:048028fc4ece7871c4c818a1,Profile intendedMajor or targetMajor is set,,
user_prompt,ready_for_in_app_admin_delivery,6ce7ad342b357b3b14deb49c,profile-prompt-user-profile-major,profile,prompt-user,profile.major,critical,/profile?tab=basic,Add your intended major,Your major helps recommendations and application analysis compare the right programs.,Add major,in_app_readiness_surface|dashboard,redis_notification_feed|remote_push|email,profile-readiness:profile-prompt-user-profile-major:6ce7ad342b357b3b14deb49c,Profile intendedMajor or targetMajor is set,,
user_prompt,ready_for_in_app_admin_delivery,054d410c714fc4cda4394e8c,profile-prompt-user-profile-major,profile,prompt-user,profile.major,critical,/profile?tab=basic,Add your intended major,Your major helps recommendations and application analysis compare the right programs.,Add major,in_app_readiness_surface|dashboard,redis_notification_feed|remote_push|email,profile-readiness:profile-prompt-user-profile-major:054d410c714fc4cda4394e8c,Profile intendedMajor or targetMajor is set,,
user_prompt,ready_for_in_app_admin_delivery,43f7e141b8b05d5f4b1656ff,profile-prompt-user-profile-major,profile,prompt-user,profile.major,critical,/profile?tab=basic,Add your intended major,Your major helps recommendations and application analysis compare the right programs.,Add major,in_app_readiness_surface|dashboard,redis_notification_feed|remote_push|email,profile-readiness:profile-prompt-user-profile-major:43f7e141b8b05d5f4b1656ff,Profile intendedMajor or targetMajor is set,,
user_prompt,ready_for_in_app_admin_delivery,ee4954e857d17b8eebb7ae31,profile-prompt-user-profile-major,profile,prompt-user,profile.major,critical,/profile?tab=basic,Add your intended major,Your major helps recommendations and application analysis compare the right programs.,Add major,in_app_readiness_surface|dashboard,redis_notification_feed|remote_push|email,profile-readiness:profile-prompt-user-profile-major:ee4954e857d17b8eebb7ae31,Profile intendedMajor or targetMajor is set,,
user_prompt,ready_for_in_app_admin_delivery,9d574d111efc9d97b84d6c15,profile-prompt-user-profile-major,profile,prompt-user,profile.major,critical,/profile?tab=basic,Add your intended major,Your major helps recommendations and application analysis compare the right programs.,Add major,in_app_readiness_surface|dashboard,redis_notification_feed|remote_push|email,profile-readiness:profile-prompt-user-profile-major:9d574d111efc9d97b84d6c15,Profile intendedMajor or targetMajor is set,,
user_prompt,ready_for_in_app_admin_delivery,4abcd46d927f195540b38c5d,profile-prompt-user-profile-major,profile,prompt-user,profile.major,critical,/profile?tab=basic,Add your intended major,Your major helps recommendations and application analysis compare the right programs.,Add major,in_app_readiness_surface|dashboard,redis_notification_feed|remote_push|email,profile-readiness:profile-prompt-user-profile-major:4abcd46d927f195540b38c5d,Profile intendedMajor or targetMajor is set,,
user_prompt,ready_for_in_app_admin_delivery,3b62c93519e3db6dfe2c3efb,profile-prompt-user-profile-major,profile,prompt-user,profile.major,critical,/profile?tab=basic,Add your intended major,Your major helps recommendations and application analysis compare the right programs.,Add major,in_app_readiness_surface|dashboard,redis_notification_feed|remote_push|email,profile-readiness:profile-prompt-user-profile-major:3b62c93519e3db6dfe2c3efb,Profile intendedMajor or targetMajor is set,,
user_prompt,ready_for_in_app_admin_delivery,279b99bc08a2c8d50ec3af36,profile-prompt-user-profile-major,profile,prompt-user,profile.major,critical,/profile?tab=basic,Add your intended major,Your major helps recommendations and application analysis compare the right programs.,Add major,in_app_readiness_surface|dashboard,redis_notification_feed|remote_push|email,profile-readiness:profile-prompt-user-profile-major:279b99bc08a2c8d50ec3af36,Profile intendedMajor or targetMajor is set,,
user_prompt,ready_for_in_app_admin_delivery,74c9ee8d165d193a609087d6,profile-prompt-user-profile-major,profile,prompt-user,profile.major,critical,/profile?tab=basic,Add your intended major,Your major helps recommendations and application analysis compare the right programs.,Add major,in_app_readiness_surface|dashboard,redis_notification_feed|remote_push|email,profile-readiness:profile-prompt-user-profile-major:74c9ee8d165d193a609087d6,Profile intendedMajor or targetMajor is set,,
user_prompt,ready_for_in_app_admin_delivery,b4c465cc257a5e9d36dcd519,profile-prompt-user-profile-major,profile,prompt-user,profile.major,critical,/profile?tab=basic,Add your intended major,Your major helps recommendations and application analysis compare the right programs.,Add major,in_app_readiness_surface|dashboard,redis_notification_feed|remote_push|email,profile-readiness:profile-prompt-user-profile-major:b4c465cc257a5e9d36dcd519,Profile intendedMajor or targetMajor is set,,
user_prompt,ready_for_in_app_admin_delivery,d3f2cb982d857949a81c39b9,profile-prompt-user-profile-major,profile,prompt-user,profile.major,critical,/profile?tab=basic,Add your intended major,Your major helps recommendations and application analysis compare the right programs.,Add major,in_app_readiness_surface|dashboard,redis_notification_feed|remote_push|email,profile-readiness:profile-prompt-user-profile-major:d3f2cb982d857949a81c39b9,Profile intendedMajor or targetMajor is set,,
user_prompt,ready_for_in_app_admin_delivery,4012bad586b0835007dd6107,profile-prompt-user-profile-major,profile,prompt-user,profile.major,critical,/profile?tab=basic,Add your intended major,Your major helps recommendations and application analysis compare the right programs.,Add major,in_app_readiness_surface|dashboard,redis_notification_feed|remote_push|email,profile-readiness:profile-prompt-user-profile-major:4012bad586b0835007dd6107,Profile intendedMajor or targetMajor is set,,
user_prompt,ready_for_in_app_admin_delivery,876000e8b2adb2f3bce6e5e3,profile-prompt-user-profile-major,profile,prompt-user,profile.major,critical,/profile?tab=basic,Add your intended major,Your major helps recommendations and application analysis compare the right programs.,Add major,in_app_readiness_surface|dashboard,redis_notification_feed|remote_push|email,profile-readiness:profile-prompt-user-profile-major:876000e8b2adb2f3bce6e5e3,Profile intendedMajor or targetMajor is set,,
user_prompt,ready_for_in_app_admin_delivery,2d38d89c0d25f77c2503a1af,profile-prompt-user-profile-major,profile,prompt-user,profile.major,critical,/profile?tab=basic,Add your intended major,Your major helps recommendations and application analysis compare the right programs.,Add major,in_app_readiness_surface|dashboard,redis_notification_feed|remote_push|email,profile-readiness:profile-prompt-user-profile-major:2d38d89c0d25f77c2503a1af,Profile intendedMajor or targetMajor is set,,
user_prompt,ready_for_in_app_admin_delivery,6e25deecd13b429aaf14c4a5,profile-prompt-user-profile-major,profile,prompt-user,profile.major,critical,/profile?tab=basic,Add your intended major,Your major helps recommendations and application analysis compare the right programs.,Add major,in_app_readiness_surface|dashboard,redis_notification_feed|remote_push|email,profile-readiness:profile-prompt-user-profile-major:6e25deecd13b429aaf14c4a5,Profile intendedMajor or targetMajor is set,,
user_prompt,ready_for_in_app_admin_delivery,98574f35c5fc1b5a13b34d2d,profile-prompt-user-profile-major,profile,prompt-user,profile.major,critical,/profile?tab=basic,Add your intended major,Your major helps recommendations and application analysis compare the right programs.,Add major,in_app_readiness_surface|dashboard,redis_notification_feed|remote_push|email,profile-readiness:profile-prompt-user-profile-major:98574f35c5fc1b5a13b34d2d,Profile intendedMajor or targetMajor is set,,
user_prompt,ready_for_in_app_admin_delivery,3b0ae29aa3a42546f3a20525,profile-prompt-user-profile-major,profile,prompt-user,profile.major,critical,/profile?tab=basic,Add your intended major,Your major helps recommendations and application analysis compare the right programs.,Add major,in_app_readiness_surface|dashboard,redis_notification_feed|remote_push|email,profile-readiness:profile-prompt-user-profile-major:3b0ae29aa3a42546f3a20525,Profile intendedMajor or targetMajor is set,,
user_prompt,ready_for_in_app_admin_delivery,a00d8f6848b5b8fd53105350,profile-prompt-user-profile-major,profile,prompt-user,profile.major,critical,/profile?tab=basic,Add your intended major,Your major helps recommendations and application analysis compare the right programs.,Add major,in_app_readiness_surface|dashboard,redis_notification_feed|remote_push|email,profile-readiness:profile-prompt-user-profile-major:a00d8f6848b5b8fd53105350,Profile intendedMajor or targetMajor is set,,
user_prompt,ready_for_in_app_admin_delivery,efefd028899c83b572acbaca,profile-prompt-user-profile-major,profile,prompt-user,profile.major,critical,/profile?tab=basic,Add your intended major,Your major helps recommendations and application analysis compare the right programs.,Add major,in_app_readiness_surface|dashboard,redis_notification_feed|remote_push|email,profile-readiness:profile-prompt-user-profile-major:efefd028899c83b572acbaca,Profile intendedMajor or targetMajor is set,,
user_prompt,ready_for_in_app_admin_delivery,e68dd4215f226c8e4e76a5ce,profile-prompt-user-profile-major,profile,prompt-user,profile.major,critical,/profile?tab=basic,Add your intended major,Your major helps recommendations and application analysis compare the right programs.,Add major,in_app_readiness_surface|dashboard,redis_notification_feed|remote_push|email,profile-readiness:profile-prompt-user-profile-major:e68dd4215f226c8e4e76a5ce,Profile intendedMajor or targetMajor is set,,
user_prompt,ready_for_in_app_admin_delivery,81314501c599989cc7264bde,profile-prompt-user-profile-major,profile,prompt-user,profile.major,critical,/profile?tab=basic,Add your intended major,Your major helps recommendations and application analysis compare the right programs.,Add major,in_app_readiness_surface|dashboard,redis_notification_feed|remote_push|email,profile-readiness:profile-prompt-user-profile-major:81314501c599989cc7264bde,Profile intendedMajor or targetMajor is set,,
user_prompt,ready_for_in_app_admin_delivery,671882419679232da0e380f9,profile-prompt-user-profile-major,profile,prompt-user,profile.major,critical,/profile?tab=basic,Add your intended major,Your major helps recommendations and application analysis compare the right programs.,Add major,in_app_readiness_surface|dashboard,redis_notification_feed|remote_push|email,profile-readiness:profile-prompt-user-profile-major:671882419679232da0e380f9,Profile intendedMajor or targetMajor is set,,
user_prompt,ready_for_in_app_admin_delivery,09e472b96a6acc4e3214037f,profile-prompt-user-profile-major,profile,prompt-user,profile.major,critical,/profile?tab=basic,Add your intended major,Your major helps recommendations and application analysis compare the right programs.,Add major,in_app_readiness_surface|dashboard,redis_notification_feed|remote_push|email,profile-readiness:profile-prompt-user-profile-major:09e472b96a6acc4e3214037f,Profile intendedMajor or targetMajor is set,,
user_prompt,ready_for_in_app_admin_delivery,128cf9bdbbd30c4692340893,profile-prompt-user-profile-major,profile,prompt-user,profile.major,critical,/profile?tab=basic,Add your intended major,Your major helps recommendations and application analysis compare the right programs.,Add major,in_app_readiness_surface|dashboard,redis_notification_feed|remote_push|email,profile-readiness:profile-prompt-user-profile-major:128cf9bdbbd30c4692340893,Profile intendedMajor or targetMajor is set,,
user_prompt,ready_for_in_app_admin_delivery,bde3729d50403544ccebff9a,profile-prompt-user-profile-major,profile,prompt-user,profile.major,critical,/profile?tab=basic,Add your intended major,Your major helps recommendations and application analysis compare the right programs.,Add major,in_app_readiness_surface|dashboard,redis_notification_feed|remote_push|email,profile-readiness:profile-prompt-user-profile-major:bde3729d50403544ccebff9a,Profile intendedMajor or targetMajor is set,,
user_prompt,ready_for_in_app_admin_delivery,f75a8ccae118bcd318fc5cd2,profile-prompt-user-profile-major,profile,prompt-user,profile.major,critical,/profile?tab=basic,Add your intended major,Your major helps recommendations and application analysis compare the right programs.,Add major,in_app_readiness_surface|dashboard,redis_notification_feed|remote_push|email,profile-readiness:profile-prompt-user-profile-major:f75a8ccae118bcd318fc5cd2,Profile intendedMajor or targetMajor is set,,
user_prompt,ready_for_in_app_admin_delivery,6216f3543ca1643402cefaaa,profile-prompt-user-profile-major,profile,prompt-user,profile.major,critical,/profile?tab=basic,Add your intended major,Your major helps recommendations and application analysis compare the right programs.,Add major,in_app_readiness_surface|dashboard,redis_notification_feed|remote_push|email,profile-readiness:profile-prompt-user-profile-major:6216f3543ca1643402cefaaa,Profile intendedMajor or targetMajor is set,,
user_prompt,ready_for_in_app_admin_delivery,3c09f7498dcde215688f728f,profile-prompt-user-profile-major,profile,prompt-user,profile.major,critical,/profile?tab=basic,Add your intended major,Your major helps recommendations and application analysis compare the right programs.,Add major,in_app_readiness_surface|dashboard,redis_notification_feed|remote_push|email,profile-readiness:profile-prompt-user-profile-major:3c09f7498dcde215688f728f,Profile intendedMajor or targetMajor is set,,
user_prompt,ready_for_in_app_admin_delivery,5dfb40b1a9bf29962c92c4e0,profile-prompt-user-profile-major,profile,prompt-user,profile.major,critical,/profile?tab=basic,Add your intended major,Your major helps recommendations and application analysis compare the right programs.,Add major,in_app_readiness_surface|dashboard,redis_notification_feed|remote_push|email,profile-readiness:profile-prompt-user-profile-major:5dfb40b1a9bf29962c92c4e0,Profile intendedMajor or targetMajor is set,,
user_prompt,ready_for_in_app_admin_delivery,96e371a4d8ab3bb87e424de2,profile-prompt-user-profile-major,profile,prompt-user,profile.major,critical,/profile?tab=basic,Add your intended major,Your major helps recommendations and application analysis compare the right programs.,Add major,in_app_readiness_surface|dashboard,redis_notification_feed|remote_push|email,profile-readiness:profile-prompt-user-profile-major:96e371a4d8ab3bb87e424de2,Profile intendedMajor or targetMajor is set,,
user_prompt,ready_for_in_app_admin_delivery,8366ac6e15b379c3156f52a3,profile-prompt-user-profile-major,profile,prompt-user,profile.major,critical,/profile?tab=basic,Add your intended major,Your major helps recommendations and application analysis compare the right programs.,Add major,in_app_readiness_surface|dashboard,redis_notification_feed|remote_push|email,profile-readiness:profile-prompt-user-profile-major:8366ac6e15b379c3156f52a3,Profile intendedMajor or targetMajor is set,,
user_prompt,ready_for_in_app_admin_delivery,bc2c5e715fa4b0e0b3781a97,profile-prompt-user-profile-major,profile,prompt-user,profile.major,critical,/profile?tab=basic,Add your intended major,Your major helps recommendations and application analysis compare the right programs.,Add major,in_app_readiness_surface|dashboard,redis_notification_feed|remote_push|email,profile-readiness:profile-prompt-user-profile-major:bc2c5e715fa4b0e0b3781a97,Profile intendedMajor or targetMajor is set,,
user_prompt,ready_for_in_app_admin_delivery,46a752bfbb2e7f744530e13d,profile-prompt-user-profile-major,profile,prompt-user,profile.major,critical,/profile?tab=basic,Add your intended major,Your major helps recommendations and application analysis compare the right programs.,Add major,in_app_readiness_surface|dashboard,redis_notification_feed|remote_push|email,profile-readiness:profile-prompt-user-profile-major:46a752bfbb2e7f744530e13d,Profile intendedMajor or targetMajor is set,,
user_prompt,ready_for_in_app_admin_delivery,9d220a4364c379c59a202cd4,profile-prompt-user-profile-major,profile,prompt-user,profile.major,critical,/profile?tab=basic,Add your intended major,Your major helps recommendations and application analysis compare the right programs.,Add major,in_app_readiness_surface|dashboard,redis_notification_feed|remote_push|email,profile-readiness:profile-prompt-user-profile-major:9d220a4364c379c59a202cd4,Profile intendedMajor or targetMajor is set,,
user_prompt,ready_for_in_app_admin_delivery,f76c2626dd527a485a7371c8,profile-prompt-user-profile-major,profile,prompt-user,profile.major,critical,/profile?tab=basic,Add your intended major,Your major helps recommendations and application analysis compare the right programs.,Add major,in_app_readiness_surface|dashboard,redis_notification_feed|remote_push|email,profile-readiness:profile-prompt-user-profile-major:f76c2626dd527a485a7371c8,Profile intendedMajor or targetMajor is set,,
user_prompt,ready_for_in_app_admin_delivery,7485dc85ce9c7c23100b5076,profile-prompt-user-profile-major,profile,prompt-user,profile.major,critical,/profile?tab=basic,Add your intended major,Your major helps recommendations and application analysis compare the right programs.,Add major,in_app_readiness_surface|dashboard,redis_notification_feed|remote_push|email,profile-readiness:profile-prompt-user-profile-major:7485dc85ce9c7c23100b5076,Profile intendedMajor or targetMajor is set,,
user_prompt,ready_for_in_app_admin_delivery,493455dcf43164fdafd025ab,profile-prompt-user-profile-major,profile,prompt-user,profile.major,critical,/profile?tab=basic,Add your intended major,Your major helps recommendations and application analysis compare the right programs.,Add major,in_app_readiness_surface|dashboard,redis_notification_feed|remote_push|email,profile-readiness:profile-prompt-user-profile-major:493455dcf43164fdafd025ab,Profile intendedMajor or targetMajor is set,,
user_prompt,ready_for_in_app_admin_delivery,d44a6faef26ba1d5222a2e39,profile-prompt-user-profile-major,profile,prompt-user,profile.major,critical,/profile?tab=basic,Add your intended major,Your major helps recommendations and application analysis compare the right programs.,Add major,in_app_readiness_surface|dashboard,redis_notification_feed|remote_push|email,profile-readiness:profile-prompt-user-profile-major:d44a6faef26ba1d5222a2e39,Profile intendedMajor or targetMajor is set,,
user_prompt,ready_for_in_app_admin_delivery,f6cb8463a6bab81fcb529e4f,profile-prompt-user-profile-major,profile,prompt-user,profile.major,critical,/profile?tab=basic,Add your intended major,Your major helps recommendations and application analysis compare the right programs.,Add major,in_app_readiness_surface|dashboard,redis_notification_feed|remote_push|email,profile-readiness:profile-prompt-user-profile-major:f6cb8463a6bab81fcb529e4f,Profile intendedMajor or targetMajor is set,,
user_prompt,ready_for_in_app_admin_delivery,79737e323e376db6095ff50e,profile-prompt-user-profile-major,profile,prompt-user,profile.major,critical,/profile?tab=basic,Add your intended major,Your major helps recommendations and application analysis compare the right programs.,Add major,in_app_readiness_surface|dashboard,redis_notification_feed|remote_push|email,profile-readiness:profile-prompt-user-profile-major:79737e323e376db6095ff50e,Profile intendedMajor or targetMajor is set,,
user_prompt,ready_for_in_app_admin_delivery,7ab816c6f8d5cc286f16139a,profile-prompt-user-profile-major,profile,prompt-user,profile.major,critical,/profile?tab=basic,Add your intended major,Your major helps recommendations and application analysis compare the right programs.,Add major,in_app_readiness_surface|dashboard,redis_notification_feed|remote_push|email,profile-readiness:profile-prompt-user-profile-major:7ab816c6f8d5cc286f16139a,Profile intendedMajor or targetMajor is set,,
user_prompt,ready_for_in_app_admin_delivery,e5c0e17ab64859b74bf6a7ce,profile-prompt-user-profile-major,profile,prompt-user,profile.major,critical,/profile?tab=basic,Add your intended major,Your major helps recommendations and application analysis compare the right programs.,Add major,in_app_readiness_surface|dashboard,redis_notification_feed|remote_push|email,profile-readiness:profile-prompt-user-profile-major:e5c0e17ab64859b74bf6a7ce,Profile intendedMajor or targetMajor is set,,
user_prompt,ready_for_in_app_admin_delivery,499091972c7cb9710f63f1f4,profile-prompt-user-profile-major,profile,prompt-user,profile.major,critical,/profile?tab=basic,Add your intended major,Your major helps recommendations and application analysis compare the right programs.,Add major,in_app_readiness_surface|dashboard,redis_notification_feed|remote_push|email,profile-readiness:profile-prompt-user-profile-major:499091972c7cb9710f63f1f4,Profile intendedMajor or targetMajor is set,,
user_prompt,ready_for_in_app_admin_delivery,ee9a1b7f3b9a5b8ba2b2a3ce,profile-prompt-user-profile-major,profile,prompt-user,profile.major,critical,/profile?tab=basic,Add your intended major,Your major helps recommendations and application analysis compare the right programs.,Add major,in_app_readiness_surface|dashboard,redis_notification_feed|remote_push|email,profile-readiness:profile-prompt-user-profile-major:ee9a1b7f3b9a5b8ba2b2a3ce,Profile intendedMajor or targetMajor is set,,
user_prompt,ready_for_in_app_admin_delivery,594933ae4e120a1f1584356d,profile-prompt-user-profile-major,profile,prompt-user,profile.major,critical,/profile?tab=basic,Add your intended major,Your major helps recommendations and application analysis compare the right programs.,Add major,in_app_readiness_surface|dashboard,redis_notification_feed|remote_push|email,profile-readiness:profile-prompt-user-profile-major:594933ae4e120a1f1584356d,Profile intendedMajor or targetMajor is set,,
user_prompt,ready_for_in_app_admin_delivery,3afd7b8036e5c1e1e5d7c845,profile-prompt-user-profile-major,profile,prompt-user,profile.major,critical,/profile?tab=basic,Add your intended major,Your major helps recommendations and application analysis compare the right programs.,Add major,in_app_readiness_surface|dashboard,redis_notification_feed|remote_push|email,profile-readiness:profile-prompt-user-profile-major:3afd7b8036e5c1e1e5d7c845,Profile intendedMajor or targetMajor is set,,
user_prompt,ready_for_in_app_admin_delivery,d27e08ac8b20959602364ff0,profile-prompt-user-profile-major,profile,prompt-user,profile.major,critical,/profile?tab=basic,Add your intended major,Your major helps recommendations and application analysis compare the right programs.,Add major,in_app_readiness_surface|dashboard,redis_notification_feed|remote_push|email,profile-readiness:profile-prompt-user-profile-major:d27e08ac8b20959602364ff0,Profile intendedMajor or targetMajor is set,,
user_prompt,ready_for_in_app_admin_delivery,250478f9bc807d488188e43a,profile-prompt-user-profile-major,profile,prompt-user,profile.major,critical,/profile?tab=basic,Add your intended major,Your major helps recommendations and application analysis compare the right programs.,Add major,in_app_readiness_surface|dashboard,redis_notification_feed|remote_push|email,profile-readiness:profile-prompt-user-profile-major:250478f9bc807d488188e43a,Profile intendedMajor or targetMajor is set,,
user_prompt,ready_for_in_app_admin_delivery,eeba0a3855a48d924581623c,profile-prompt-user-profile-major,profile,prompt-user,profile.major,critical,/profile?tab=basic,Add your intended major,Your major helps recommendations and application analysis compare the right programs.,Add major,in_app_readiness_surface|dashboard,redis_notification_feed|remote_push|email,profile-readiness:profile-prompt-user-profile-major:eeba0a3855a48d924581623c,Profile intendedMajor or targetMajor is set,,
user_prompt,ready_for_in_app_admin_delivery,e459d2836df1c0cc6c82dceb,profile-prompt-user-profile-major,profile,prompt-user,profile.major,critical,/profile?tab=basic,Add your intended major,Your major helps recommendations and application analysis compare the right programs.,Add major,in_app_readiness_surface|dashboard,redis_notification_feed|remote_push|email,profile-readiness:profile-prompt-user-profile-major:e459d2836df1c0cc6c82dceb,Profile intendedMajor or targetMajor is set,,
user_prompt,ready_for_in_app_admin_delivery,aec864b0bd9e03013c1bd23d,profile-prompt-user-profile-major,profile,prompt-user,profile.major,critical,/profile?tab=basic,Add your intended major,Your major helps recommendations and application analysis compare the right programs.,Add major,in_app_readiness_surface|dashboard,redis_notification_feed|remote_push|email,profile-readiness:profile-prompt-user-profile-major:aec864b0bd9e03013c1bd23d,Profile intendedMajor or targetMajor is set,,
user_prompt,ready_for_in_app_admin_delivery,540754f3060141f2b8358f73,profile-prompt-user-profile-major,profile,prompt-user,profile.major,critical,/profile?tab=basic,Add your intended major,Your major helps recommendations and application analysis compare the right programs.,Add major,in_app_readiness_surface|dashboard,redis_notification_feed|remote_push|email,profile-readiness:profile-prompt-user-profile-major:540754f3060141f2b8358f73,Profile intendedMajor or targetMajor is set,,
user_prompt,ready_for_in_app_admin_delivery,8b9063753df9105b7b12e477,profile-prompt-user-profile-major,profile,prompt-user,profile.major,critical,/profile?tab=basic,Add your intended major,Your major helps recommendations and application analysis compare the right programs.,Add major,in_app_readiness_surface|dashboard,redis_notification_feed|remote_push|email,profile-readiness:profile-prompt-user-profile-major:8b9063753df9105b7b12e477,Profile intendedMajor or targetMajor is set,,
user_prompt,ready_for_in_app_admin_delivery,9c98541c41c8d2c277251c30,profile-prompt-user-profile-major,profile,prompt-user,profile.major,critical,/profile?tab=basic,Add your intended major,Your major helps recommendations and application analysis compare the right programs.,Add major,in_app_readiness_surface|dashboard,redis_notification_feed|remote_push|email,profile-readiness:profile-prompt-user-profile-major:9c98541c41c8d2c277251c30,Profile intendedMajor or targetMajor is set,,
user_prompt,ready_for_in_app_admin_delivery,f811873eb9c4893968cd0bf6,profile-prompt-user-profile-major,profile,prompt-user,profile.major,critical,/profile?tab=basic,Add your intended major,Your major helps recommendations and application analysis compare the right programs.,Add major,in_app_readiness_surface|dashboard,redis_notification_feed|remote_push|email,profile-readiness:profile-prompt-user-profile-major:f811873eb9c4893968cd0bf6,Profile intendedMajor or targetMajor is set,,
user_prompt,ready_for_in_app_admin_delivery,38513449c80d8608d453d1a8,profile-prompt-user-profile-major,profile,prompt-user,profile.major,critical,/profile?tab=basic,Add your intended major,Your major helps recommendations and application analysis compare the right programs.,Add major,in_app_readiness_surface|dashboard,redis_notification_feed|remote_push|email,profile-readiness:profile-prompt-user-profile-major:38513449c80d8608d453d1a8,Profile intendedMajor or targetMajor is set,,
user_prompt,ready_for_in_app_admin_delivery,708ca028a5ed9809c9b06bac,profile-prompt-user-profile-major,profile,prompt-user,profile.major,critical,/profile?tab=basic,Add your intended major,Your major helps recommendations and application analysis compare the right programs.,Add major,in_app_readiness_surface|dashboard,redis_notification_feed|remote_push|email,profile-readiness:profile-prompt-user-profile-major:708ca028a5ed9809c9b06bac,Profile intendedMajor or targetMajor is set,,
user_prompt,ready_for_in_app_admin_delivery,c2a7e031b5c8c4fbb8009d27,profile-prompt-user-profile-major,profile,prompt-user,profile.major,critical,/profile?tab=basic,Add your intended major,Your major helps recommendations and application analysis compare the right programs.,Add major,in_app_readiness_surface|dashboard,redis_notification_feed|remote_push|email,profile-readiness:profile-prompt-user-profile-major:c2a7e031b5c8c4fbb8009d27,Profile intendedMajor or targetMajor is set,,
user_prompt,ready_for_in_app_admin_delivery,0e0218d4eec178ae14d0895a,profile-prompt-user-profile-major,profile,prompt-user,profile.major,critical,/profile?tab=basic,Add your intended major,Your major helps recommendations and application analysis compare the right programs.,Add major,in_app_readiness_surface|dashboard,redis_notification_feed|remote_push|email,profile-readiness:profile-prompt-user-profile-major:0e0218d4eec178ae14d0895a,Profile intendedMajor or targetMajor is set,,
user_prompt,ready_for_in_app_admin_delivery,2d361e3c8b12cd5dc12f9b4c,profile-prompt-user-profile-major,profile,prompt-user,profile.major,critical,/profile?tab=basic,Add your intended major,Your major helps recommendations and application analysis compare the right programs.,Add major,in_app_readiness_surface|dashboard,redis_notification_feed|remote_push|email,profile-readiness:profile-prompt-user-profile-major:2d361e3c8b12cd5dc12f9b4c,Profile intendedMajor or targetMajor is set,,
user_prompt,ready_for_in_app_admin_delivery,5364f9b995e1a6efbfa9858f,profile-prompt-user-profile-missing,profile,prompt-user,profile.missing,critical,/profile,Create your profile,"A profile is required before predictions, school planning, essays, and timelines can become personalized.",Create profile,in_app_readiness_surface|dashboard,redis_notification_feed|remote_push|email,profile-readiness:profile-prompt-user-profile-missing:5364f9b995e1a6efbfa9858f,Profile row exists for user,,
user_prompt,ready_for_in_app_admin_delivery,92349fe3dedf888ceb1d3ff8,profile-prompt-user-profile-missing,profile,prompt-user,profile.missing,critical,/profile,Create your profile,"A profile is required before predictions, school planning, essays, and timelines can become personalized.",Create profile,in_app_readiness_surface|dashboard,redis_notification_feed|remote_push|email,profile-readiness:profile-prompt-user-profile-missing:92349fe3dedf888ceb1d3ff8,Profile row exists for user,,
user_prompt,ready_for_in_app_admin_delivery,76428c0bc12e5f8a82059c87,profile-prompt-user-profile-missing,profile,prompt-user,profile.missing,critical,/profile,Create your profile,"A profile is required before predictions, school planning, essays, and timelines can become personalized.",Create profile,in_app_readiness_surface|dashboard,redis_notification_feed|remote_push|email,profile-readiness:profile-prompt-user-profile-missing:76428c0bc12e5f8a82059c87,Profile row exists for user,,
user_prompt,ready_for_in_app_admin_delivery,658c551b01997776794f7117,profile-prompt-user-profile-missing,profile,prompt-user,profile.missing,critical,/profile,Create your profile,"A profile is required before predictions, school planning, essays, and timelines can become personalized.",Create profile,in_app_readiness_surface|dashboard,redis_notification_feed|remote_push|email,profile-readiness:profile-prompt-user-profile-missing:658c551b01997776794f7117,Profile row exists for user,,
user_prompt,ready_for_in_app_admin_delivery,802483c05fc63b56d5113074,profile-prompt-user-profile-test-strategy,profile,prompt-user,profile.test_strategy,critical,/profile?tab=scores,Set your test strategy,"Tell us whether you have scores, plan to test, or are applying test-optional.",Update scores,in_app_readiness_surface|dashboard,redis_notification_feed|remote_push|email,profile-readiness:profile-prompt-user-profile-test-strategy:802483c05fc63b56d5113074,Profile has test scores or explicit test plan,,
user_prompt,ready_for_in_app_admin_delivery,035afbe63d4a9d1d9f332693,profile-prompt-user-profile-test-strategy,profile,prompt-user,profile.test_strategy,critical,/profile?tab=scores,Set your test strategy,"Tell us whether you have scores, plan to test, or are applying test-optional.",Update scores,in_app_readiness_surface|dashboard,redis_notification_feed|remote_push|email,profile-readiness:profile-prompt-user-profile-test-strategy:035afbe63d4a9d1d9f332693,Profile has test scores or explicit test plan,,
user_prompt,ready_for_in_app_admin_delivery,fef3b25574072f4313df5e9c,profile-prompt-user-profile-test-strategy,profile,prompt-user,profile.test_strategy,critical,/profile?tab=scores,Set your test strategy,"Tell us whether you have scores, plan to test, or are applying test-optional.",Update scores,in_app_readiness_surface|dashboard,redis_notification_feed|remote_push|email,profile-readiness:profile-prompt-user-profile-test-strategy:fef3b25574072f4313df5e9c,Profile has test scores or explicit test plan,,
user_prompt,ready_for_in_app_admin_delivery,4a8a9364139ccecaa6673095,profile-prompt-user-profile-test-strategy,profile,prompt-user,profile.test_strategy,critical,/profile?tab=scores,Set your test strategy,"Tell us whether you have scores, plan to test, or are applying test-optional.",Update scores,in_app_readiness_surface|dashboard,redis_notification_feed|remote_push|email,profile-readiness:profile-prompt-user-profile-test-strategy:4a8a9364139ccecaa6673095,Profile has test scores or explicit test plan,,
user_prompt,ready_for_in_app_admin_delivery,39277806d696167bec33dacd,profile-prompt-user-profile-test-strategy,profile,prompt-user,profile.test_strategy,critical,/profile?tab=scores,Set your test strategy,"Tell us whether you have scores, plan to test, or are applying test-optional.",Update scores,in_app_readiness_surface|dashboard,redis_notification_feed|remote_push|email,profile-readiness:profile-prompt-user-profile-test-strategy:39277806d696167bec33dacd,Profile has test scores or explicit test plan,,
user_prompt,ready_for_in_app_admin_delivery,68bda0008706cf69fbe951c5,profile-prompt-user-profile-test-strategy,profile,prompt-user,profile.test_strategy,critical,/profile?tab=scores,Set your test strategy,"Tell us whether you have scores, plan to test, or are applying test-optional.",Update scores,in_app_readiness_surface|dashboard,redis_notification_feed|remote_push|email,profile-readiness:profile-prompt-user-profile-test-strategy:68bda0008706cf69fbe951c5,Profile has test scores or explicit test plan,,
user_prompt,ready_for_in_app_admin_delivery,f46de3981f1853f4abbd4641,profile-prompt-user-profile-test-strategy,profile,prompt-user,profile.test_strategy,critical,/profile?tab=scores,Set your test strategy,"Tell us whether you have scores, plan to test, or are applying test-optional.",Update scores,in_app_readiness_surface|dashboard,redis_notification_feed|remote_push|email,profile-readiness:profile-prompt-user-profile-test-strategy:f46de3981f1853f4abbd4641,Profile has test scores or explicit test plan,,
user_prompt,ready_for_in_app_admin_delivery,3dc36e732297447a53963a67,profile-prompt-user-profile-test-strategy,profile,prompt-user,profile.test_strategy,critical,/profile?tab=scores,Set your test strategy,"Tell us whether you have scores, plan to test, or are applying test-optional.",Update scores,in_app_readiness_surface|dashboard,redis_notification_feed|remote_push|email,profile-readiness:profile-prompt-user-profile-test-strategy:3dc36e732297447a53963a67,Profile has test scores or explicit test plan,,
user_prompt,ready_for_in_app_admin_delivery,3aec115dea1871ad7804c5ee,profile-prompt-user-profile-test-strategy,profile,prompt-user,profile.test_strategy,critical,/profile?tab=scores,Set your test strategy,"Tell us whether you have scores, plan to test, or are applying test-optional.",Update scores,in_app_readiness_surface|dashboard,redis_notification_feed|remote_push|email,profile-readiness:profile-prompt-user-profile-test-strategy:3aec115dea1871ad7804c5ee,Profile has test scores or explicit test plan,,
user_prompt,ready_for_in_app_admin_delivery,29076cdf73d07afbecb33d1f,profile-prompt-user-profile-test-strategy,profile,prompt-user,profile.test_strategy,critical,/profile?tab=scores,Set your test strategy,"Tell us whether you have scores, plan to test, or are applying test-optional.",Update scores,in_app_readiness_surface|dashboard,redis_notification_feed|remote_push|email,profile-readiness:profile-prompt-user-profile-test-strategy:29076cdf73d07afbecb33d1f,Profile has test scores or explicit test plan,,
user_prompt,ready_for_in_app_admin_delivery,e6f9022187d9b4ec16d49235,profile-prompt-user-profile-test-strategy,profile,prompt-user,profile.test_strategy,critical,/profile?tab=scores,Set your test strategy,"Tell us whether you have scores, plan to test, or are applying test-optional.",Update scores,in_app_readiness_surface|dashboard,redis_notification_feed|remote_push|email,profile-readiness:profile-prompt-user-profile-test-strategy:e6f9022187d9b4ec16d49235,Profile has test scores or explicit test plan,,
user_prompt,ready_for_in_app_admin_delivery,e449837a18bd87b77a6ef1e5,profile-prompt-user-profile-test-strategy,profile,prompt-user,profile.test_strategy,critical,/profile?tab=scores,Set your test strategy,"Tell us whether you have scores, plan to test, or are applying test-optional.",Update scores,in_app_readiness_surface|dashboard,redis_notification_feed|remote_push|email,profile-readiness:profile-prompt-user-profile-test-strategy:e449837a18bd87b77a6ef1e5,Profile has test scores or explicit test plan,,
user_prompt,ready_for_in_app_admin_delivery,fe2afb920f81889354794d13,profile-prompt-user-profile-test-strategy,profile,prompt-user,profile.test_strategy,critical,/profile?tab=scores,Set your test strategy,"Tell us whether you have scores, plan to test, or are applying test-optional.",Update scores,in_app_readiness_surface|dashboard,redis_notification_feed|remote_push|email,profile-readiness:profile-prompt-user-profile-test-strategy:fe2afb920f81889354794d13,Profile has test scores or explicit test plan,,
user_prompt,ready_for_in_app_admin_delivery,75933046392cb0c42c062611,profile-prompt-user-profile-test-strategy,profile,prompt-user,profile.test_strategy,critical,/profile?tab=scores,Set your test strategy,"Tell us whether you have scores, plan to test, or are applying test-optional.",Update scores,in_app_readiness_surface|dashboard,redis_notification_feed|remote_push|email,profile-readiness:profile-prompt-user-profile-test-strategy:75933046392cb0c42c062611,Profile has test scores or explicit test plan,,
user_prompt,ready_for_in_app_admin_delivery,745052463f3be2c63514db2f,profile-prompt-user-profile-test-strategy,profile,prompt-user,profile.test_strategy,critical,/profile?tab=scores,Set your test strategy,"Tell us whether you have scores, plan to test, or are applying test-optional.",Update scores,in_app_readiness_surface|dashboard,redis_notification_feed|remote_push|email,profile-readiness:profile-prompt-user-profile-test-strategy:745052463f3be2c63514db2f,Profile has test scores or explicit test plan,,
user_prompt,ready_for_in_app_admin_delivery,9d0db16bacd8261ed76c2d8f,profile-prompt-user-profile-test-strategy,profile,prompt-user,profile.test_strategy,critical,/profile?tab=scores,Set your test strategy,"Tell us whether you have scores, plan to test, or are applying test-optional.",Update scores,in_app_readiness_surface|dashboard,redis_notification_feed|remote_push|email,profile-readiness:profile-prompt-user-profile-test-strategy:9d0db16bacd8261ed76c2d8f,Profile has test scores or explicit test plan,,
user_prompt,ready_for_in_app_admin_delivery,2d3538d986b40dbb9773bad5,profile-prompt-user-profile-test-strategy,profile,prompt-user,profile.test_strategy,critical,/profile?tab=scores,Set your test strategy,"Tell us whether you have scores, plan to test, or are applying test-optional.",Update scores,in_app_readiness_surface|dashboard,redis_notification_feed|remote_push|email,profile-readiness:profile-prompt-user-profile-test-strategy:2d3538d986b40dbb9773bad5,Profile has test scores or explicit test plan,,
user_prompt,ready_for_in_app_admin_delivery,bf039e0c60608f4f87581cc9,profile-prompt-user-profile-test-strategy,profile,prompt-user,profile.test_strategy,critical,/profile?tab=scores,Set your test strategy,"Tell us whether you have scores, plan to test, or are applying test-optional.",Update scores,in_app_readiness_surface|dashboard,redis_notification_feed|remote_push|email,profile-readiness:profile-prompt-user-profile-test-strategy:bf039e0c60608f4f87581cc9,Profile has test scores or explicit test plan,,
user_prompt,ready_for_in_app_admin_delivery,366320fee296c0f2fc92761e,profile-prompt-user-profile-test-strategy,profile,prompt-user,profile.test_strategy,critical,/profile?tab=scores,Set your test strategy,"Tell us whether you have scores, plan to test, or are applying test-optional.",Update scores,in_app_readiness_surface|dashboard,redis_notification_feed|remote_push|email,profile-readiness:profile-prompt-user-profile-test-strategy:366320fee296c0f2fc92761e,Profile has test scores or explicit test plan,,
user_prompt,ready_for_in_app_admin_delivery,683b23c8c4fe0d8bc12e5633,profile-prompt-user-profile-test-strategy,profile,prompt-user,profile.test_strategy,critical,/profile?tab=scores,Set your test strategy,"Tell us whether you have scores, plan to test, or are applying test-optional.",Update scores,in_app_readiness_surface|dashboard,redis_notification_feed|remote_push|email,profile-readiness:profile-prompt-user-profile-test-strategy:683b23c8c4fe0d8bc12e5633,Profile has test scores or explicit test plan,,
user_prompt,ready_for_in_app_admin_delivery,b338f5f9fe85ac763c330af1,profile-prompt-user-profile-test-strategy,profile,prompt-user,profile.test_strategy,critical,/profile?tab=scores,Set your test strategy,"Tell us whether you have scores, plan to test, or are applying test-optional.",Update scores,in_app_readiness_surface|dashboard,redis_notification_feed|remote_push|email,profile-readiness:profile-prompt-user-profile-test-strategy:b338f5f9fe85ac763c330af1,Profile has test scores or explicit test plan,,
user_prompt,ready_for_in_app_admin_delivery,e5f7d86f6995efe58037c6fb,profile-prompt-user-profile-test-strategy,profile,prompt-user,profile.test_strategy,critical,/profile?tab=scores,Set your test strategy,"Tell us whether you have scores, plan to test, or are applying test-optional.",Update scores,in_app_readiness_surface|dashboard,redis_notification_feed|remote_push|email,profile-readiness:profile-prompt-user-profile-test-strategy:e5f7d86f6995efe58037c6fb,Profile has test scores or explicit test plan,,
user_prompt,ready_for_in_app_admin_delivery,87a1b361875b527870210e1a,profile-prompt-user-profile-test-strategy,profile,prompt-user,profile.test_strategy,critical,/profile?tab=scores,Set your test strategy,"Tell us whether you have scores, plan to test, or are applying test-optional.",Update scores,in_app_readiness_surface|dashboard,redis_notification_feed|remote_push|email,profile-readiness:profile-prompt-user-profile-test-strategy:87a1b361875b527870210e1a,Profile has test scores or explicit test plan,,
user_prompt,ready_for_in_app_admin_delivery,1d8c13ffebafff31847d9e97,profile-prompt-user-profile-test-strategy,profile,prompt-user,profile.test_strategy,critical,/profile?tab=scores,Set your test strategy,"Tell us whether you have scores, plan to test, or are applying test-optional.",Update scores,in_app_readiness_surface|dashboard,redis_notification_feed|remote_push|email,profile-readiness:profile-prompt-user-profile-test-strategy:1d8c13ffebafff31847d9e97,Profile has test scores or explicit test plan,,
user_prompt,ready_for_in_app_admin_delivery,4fdebab56088e041d556c66e,profile-prompt-user-profile-test-strategy,profile,prompt-user,profile.test_strategy,critical,/profile?tab=scores,Set your test strategy,"Tell us whether you have scores, plan to test, or are applying test-optional.",Update scores,in_app_readiness_surface|dashboard,redis_notification_feed|remote_push|email,profile-readiness:profile-prompt-user-profile-test-strategy:4fdebab56088e041d556c66e,Profile has test scores or explicit test plan,,
user_prompt,ready_for_in_app_admin_delivery,c6a5a94d5d0cb5e5d50b94ca,profile-prompt-user-profile-test-strategy,profile,prompt-user,profile.test_strategy,critical,/profile?tab=scores,Set your test strategy,"Tell us whether you have scores, plan to test, or are applying test-optional.",Update scores,in_app_readiness_surface|dashboard,redis_notification_feed|remote_push|email,profile-readiness:profile-prompt-user-profile-test-strategy:c6a5a94d5d0cb5e5d50b94ca,Profile has test scores or explicit test plan,,
user_prompt,ready_for_in_app_admin_delivery,b5f4ee1c6dd44f7f60bcbd32,profile-prompt-user-profile-test-strategy,profile,prompt-user,profile.test_strategy,critical,/profile?tab=scores,Set your test strategy,"Tell us whether you have scores, plan to test, or are applying test-optional.",Update scores,in_app_readiness_surface|dashboard,redis_notification_feed|remote_push|email,profile-readiness:profile-prompt-user-profile-test-strategy:b5f4ee1c6dd44f7f60bcbd32,Profile has test scores or explicit test plan,,
user_prompt,ready_for_in_app_admin_delivery,626eb5e38882c885cdc64b66,profile-prompt-user-profile-test-strategy,profile,prompt-user,profile.test_strategy,critical,/profile?tab=scores,Set your test strategy,"Tell us whether you have scores, plan to test, or are applying test-optional.",Update scores,in_app_readiness_surface|dashboard,redis_notification_feed|remote_push|email,profile-readiness:profile-prompt-user-profile-test-strategy:626eb5e38882c885cdc64b66,Profile has test scores or explicit test plan,,
user_prompt,ready_for_in_app_admin_delivery,288dfec9fe70b8f130d4b269,profile-prompt-user-profile-test-strategy,profile,prompt-user,profile.test_strategy,critical,/profile?tab=scores,Set your test strategy,"Tell us whether you have scores, plan to test, or are applying test-optional.",Update scores,in_app_readiness_surface|dashboard,redis_notification_feed|remote_push|email,profile-readiness:profile-prompt-user-profile-test-strategy:288dfec9fe70b8f130d4b269,Profile has test scores or explicit test plan,,
user_prompt,ready_for_in_app_admin_delivery,385e5344fb0ba928499b14d9,profile-prompt-user-profile-test-strategy,profile,prompt-user,profile.test_strategy,critical,/profile?tab=scores,Set your test strategy,"Tell us whether you have scores, plan to test, or are applying test-optional.",Update scores,in_app_readiness_surface|dashboard,redis_notification_feed|remote_push|email,profile-readiness:profile-prompt-user-profile-test-strategy:385e5344fb0ba928499b14d9,Profile has test scores or explicit test plan,,
user_prompt,ready_for_in_app_admin_delivery,21b185bc16be52d77c08ac2c,profile-prompt-user-profile-test-strategy,profile,prompt-user,profile.test_strategy,critical,/profile?tab=scores,Set your test strategy,"Tell us whether you have scores, plan to test, or are applying test-optional.",Update scores,in_app_readiness_surface|dashboard,redis_notification_feed|remote_push|email,profile-readiness:profile-prompt-user-profile-test-strategy:21b185bc16be52d77c08ac2c,Profile has test scores or explicit test plan,,
user_prompt,ready_for_in_app_admin_delivery,fad9e50ec597acdb56e97901,profile-prompt-user-profile-test-strategy,profile,prompt-user,profile.test_strategy,critical,/profile?tab=scores,Set your test strategy,"Tell us whether you have scores, plan to test, or are applying test-optional.",Update scores,in_app_readiness_surface|dashboard,redis_notification_feed|remote_push|email,profile-readiness:profile-prompt-user-profile-test-strategy:fad9e50ec597acdb56e97901,Profile has test scores or explicit test plan,,
user_prompt,ready_for_in_app_admin_delivery,4d1f395bd00cc2f44c81f8e0,profile-prompt-user-profile-test-strategy,profile,prompt-user,profile.test_strategy,critical,/profile?tab=scores,Set your test strategy,"Tell us whether you have scores, plan to test, or are applying test-optional.",Update scores,in_app_readiness_surface|dashboard,redis_notification_feed|remote_push|email,profile-readiness:profile-prompt-user-profile-test-strategy:4d1f395bd00cc2f44c81f8e0,Profile has test scores or explicit test plan,,
user_prompt,ready_for_in_app_admin_delivery,7232f1fa4940f02570578fa4,profile-prompt-user-profile-test-strategy,profile,prompt-user,profile.test_strategy,critical,/profile?tab=scores,Set your test strategy,"Tell us whether you have scores, plan to test, or are applying test-optional.",Update scores,in_app_readiness_surface|dashboard,redis_notification_feed|remote_push|email,profile-readiness:profile-prompt-user-profile-test-strategy:7232f1fa4940f02570578fa4,Profile has test scores or explicit test plan,,
user_prompt,ready_for_in_app_admin_delivery,d5668608d88680646b4304d5,profile-prompt-user-profile-test-strategy,profile,prompt-user,profile.test_strategy,critical,/profile?tab=scores,Set your test strategy,"Tell us whether you have scores, plan to test, or are applying test-optional.",Update scores,in_app_readiness_surface|dashboard,redis_notification_feed|remote_push|email,profile-readiness:profile-prompt-user-profile-test-strategy:d5668608d88680646b4304d5,Profile has test scores or explicit test plan,,
user_prompt,ready_for_in_app_admin_delivery,eb5f0931db192e04b5bb694f,profile-prompt-user-profile-test-strategy,profile,prompt-user,profile.test_strategy,critical,/profile?tab=scores,Set your test strategy,"Tell us whether you have scores, plan to test, or are applying test-optional.",Update scores,in_app_readiness_surface|dashboard,redis_notification_feed|remote_push|email,profile-readiness:profile-prompt-user-profile-test-strategy:eb5f0931db192e04b5bb694f,Profile has test scores or explicit test plan,,
user_prompt,ready_for_in_app_admin_delivery,144044aa210635b68bd3413e,profile-prompt-user-profile-test-strategy,profile,prompt-user,profile.test_strategy,critical,/profile?tab=scores,Set your test strategy,"Tell us whether you have scores, plan to test, or are applying test-optional.",Update scores,in_app_readiness_surface|dashboard,redis_notification_feed|remote_push|email,profile-readiness:profile-prompt-user-profile-test-strategy:144044aa210635b68bd3413e,Profile has test scores or explicit test plan,,
user_prompt,ready_for_in_app_admin_delivery,9e7d85fb4bc03da0d6a42f62,profile-prompt-user-profile-test-strategy,profile,prompt-user,profile.test_strategy,critical,/profile?tab=scores,Set your test strategy,"Tell us whether you have scores, plan to test, or are applying test-optional.",Update scores,in_app_readiness_surface|dashboard,redis_notification_feed|remote_push|email,profile-readiness:profile-prompt-user-profile-test-strategy:9e7d85fb4bc03da0d6a42f62,Profile has test scores or explicit test plan,,
user_prompt,ready_for_in_app_admin_delivery,5a1258607ca8af1051025180,profile-prompt-user-profile-test-strategy,profile,prompt-user,profile.test_strategy,critical,/profile?tab=scores,Set your test strategy,"Tell us whether you have scores, plan to test, or are applying test-optional.",Update scores,in_app_readiness_surface|dashboard,redis_notification_feed|remote_push|email,profile-readiness:profile-prompt-user-profile-test-strategy:5a1258607ca8af1051025180,Profile has test scores or explicit test plan,,
user_prompt,ready_for_in_app_admin_delivery,abaf8c9bde037950385c3f12,profile-prompt-user-profile-test-strategy,profile,prompt-user,profile.test_strategy,critical,/profile?tab=scores,Set your test strategy,"Tell us whether you have scores, plan to test, or are applying test-optional.",Update scores,in_app_readiness_surface|dashboard,redis_notification_feed|remote_push|email,profile-readiness:profile-prompt-user-profile-test-strategy:abaf8c9bde037950385c3f12,Profile has test scores or explicit test plan,,
user_prompt,ready_for_in_app_admin_delivery,fa0da822fd523382a860416f,profile-prompt-user-profile-test-strategy,profile,prompt-user,profile.test_strategy,critical,/profile?tab=scores,Set your test strategy,"Tell us whether you have scores, plan to test, or are applying test-optional.",Update scores,in_app_readiness_surface|dashboard,redis_notification_feed|remote_push|email,profile-readiness:profile-prompt-user-profile-test-strategy:fa0da822fd523382a860416f,Profile has test scores or explicit test plan,,
user_prompt,ready_for_in_app_admin_delivery,90f1204abd54fafff4b248e3,profile-prompt-user-profile-test-strategy,profile,prompt-user,profile.test_strategy,critical,/profile?tab=scores,Set your test strategy,"Tell us whether you have scores, plan to test, or are applying test-optional.",Update scores,in_app_readiness_surface|dashboard,redis_notification_feed|remote_push|email,profile-readiness:profile-prompt-user-profile-test-strategy:90f1204abd54fafff4b248e3,Profile has test scores or explicit test plan,,
user_prompt,ready_for_in_app_admin_delivery,e3ad628c231e661f27d886fd,profile-prompt-user-profile-test-strategy,profile,prompt-user,profile.test_strategy,critical,/profile?tab=scores,Set your test strategy,"Tell us whether you have scores, plan to test, or are applying test-optional.",Update scores,in_app_readiness_surface|dashboard,redis_notification_feed|remote_push|email,profile-readiness:profile-prompt-user-profile-test-strategy:e3ad628c231e661f27d886fd,Profile has test scores or explicit test plan,,
user_prompt,ready_for_in_app_admin_delivery,048028fc4ece7871c4c818a1,profile-prompt-user-profile-test-strategy,profile,prompt-user,profile.test_strategy,critical,/profile?tab=scores,Set your test strategy,"Tell us whether you have scores, plan to test, or are applying test-optional.",Update scores,in_app_readiness_surface|dashboard,redis_notification_feed|remote_push|email,profile-readiness:profile-prompt-user-profile-test-strategy:048028fc4ece7871c4c818a1,Profile has test scores or explicit test plan,,
user_prompt,ready_for_in_app_admin_delivery,6ce7ad342b357b3b14deb49c,profile-prompt-user-profile-test-strategy,profile,prompt-user,profile.test_strategy,critical,/profile?tab=scores,Set your test strategy,"Tell us whether you have scores, plan to test, or are applying test-optional.",Update scores,in_app_readiness_surface|dashboard,redis_notification_feed|remote_push|email,profile-readiness:profile-prompt-user-profile-test-strategy:6ce7ad342b357b3b14deb49c,Profile has test scores or explicit test plan,,
user_prompt,ready_for_in_app_admin_delivery,054d410c714fc4cda4394e8c,profile-prompt-user-profile-test-strategy,profile,prompt-user,profile.test_strategy,critical,/profile?tab=scores,Set your test strategy,"Tell us whether you have scores, plan to test, or are applying test-optional.",Update scores,in_app_readiness_surface|dashboard,redis_notification_feed|remote_push|email,profile-readiness:profile-prompt-user-profile-test-strategy:054d410c714fc4cda4394e8c,Profile has test scores or explicit test plan,,
user_prompt,ready_for_in_app_admin_delivery,43f7e141b8b05d5f4b1656ff,profile-prompt-user-profile-test-strategy,profile,prompt-user,profile.test_strategy,critical,/profile?tab=scores,Set your test strategy,"Tell us whether you have scores, plan to test, or are applying test-optional.",Update scores,in_app_readiness_surface|dashboard,redis_notification_feed|remote_push|email,profile-readiness:profile-prompt-user-profile-test-strategy:43f7e141b8b05d5f4b1656ff,Profile has test scores or explicit test plan,,
user_prompt,ready_for_in_app_admin_delivery,ee4954e857d17b8eebb7ae31,profile-prompt-user-profile-test-strategy,profile,prompt-user,profile.test_strategy,critical,/profile?tab=scores,Set your test strategy,"Tell us whether you have scores, plan to test, or are applying test-optional.",Update scores,in_app_readiness_surface|dashboard,redis_notification_feed|remote_push|email,profile-readiness:profile-prompt-user-profile-test-strategy:ee4954e857d17b8eebb7ae31,Profile has test scores or explicit test plan,,
user_prompt,ready_for_in_app_admin_delivery,9d574d111efc9d97b84d6c15,profile-prompt-user-profile-test-strategy,profile,prompt-user,profile.test_strategy,critical,/profile?tab=scores,Set your test strategy,"Tell us whether you have scores, plan to test, or are applying test-optional.",Update scores,in_app_readiness_surface|dashboard,redis_notification_feed|remote_push|email,profile-readiness:profile-prompt-user-profile-test-strategy:9d574d111efc9d97b84d6c15,Profile has test scores or explicit test plan,,
user_prompt,ready_for_in_app_admin_delivery,4abcd46d927f195540b38c5d,profile-prompt-user-profile-test-strategy,profile,prompt-user,profile.test_strategy,critical,/profile?tab=scores,Set your test strategy,"Tell us whether you have scores, plan to test, or are applying test-optional.",Update scores,in_app_readiness_surface|dashboard,redis_notification_feed|remote_push|email,profile-readiness:profile-prompt-user-profile-test-strategy:4abcd46d927f195540b38c5d,Profile has test scores or explicit test plan,,
user_prompt,ready_for_in_app_admin_delivery,3b62c93519e3db6dfe2c3efb,profile-prompt-user-profile-test-strategy,profile,prompt-user,profile.test_strategy,critical,/profile?tab=scores,Set your test strategy,"Tell us whether you have scores, plan to test, or are applying test-optional.",Update scores,in_app_readiness_surface|dashboard,redis_notification_feed|remote_push|email,profile-readiness:profile-prompt-user-profile-test-strategy:3b62c93519e3db6dfe2c3efb,Profile has test scores or explicit test plan,,
user_prompt,ready_for_in_app_admin_delivery,279b99bc08a2c8d50ec3af36,profile-prompt-user-profile-test-strategy,profile,prompt-user,profile.test_strategy,critical,/profile?tab=scores,Set your test strategy,"Tell us whether you have scores, plan to test, or are applying test-optional.",Update scores,in_app_readiness_surface|dashboard,redis_notification_feed|remote_push|email,profile-readiness:profile-prompt-user-profile-test-strategy:279b99bc08a2c8d50ec3af36,Profile has test scores or explicit test plan,,
user_prompt,ready_for_in_app_admin_delivery,74c9ee8d165d193a609087d6,profile-prompt-user-profile-test-strategy,profile,prompt-user,profile.test_strategy,critical,/profile?tab=scores,Set your test strategy,"Tell us whether you have scores, plan to test, or are applying test-optional.",Update scores,in_app_readiness_surface|dashboard,redis_notification_feed|remote_push|email,profile-readiness:profile-prompt-user-profile-test-strategy:74c9ee8d165d193a609087d6,Profile has test scores or explicit test plan,,
user_prompt,ready_for_in_app_admin_delivery,b4c465cc257a5e9d36dcd519,profile-prompt-user-profile-test-strategy,profile,prompt-user,profile.test_strategy,critical,/profile?tab=scores,Set your test strategy,"Tell us whether you have scores, plan to test, or are applying test-optional.",Update scores,in_app_readiness_surface|dashboard,redis_notification_feed|remote_push|email,profile-readiness:profile-prompt-user-profile-test-strategy:b4c465cc257a5e9d36dcd519,Profile has test scores or explicit test plan,,
user_prompt,ready_for_in_app_admin_delivery,d3f2cb982d857949a81c39b9,profile-prompt-user-profile-test-strategy,profile,prompt-user,profile.test_strategy,critical,/profile?tab=scores,Set your test strategy,"Tell us whether you have scores, plan to test, or are applying test-optional.",Update scores,in_app_readiness_surface|dashboard,redis_notification_feed|remote_push|email,profile-readiness:profile-prompt-user-profile-test-strategy:d3f2cb982d857949a81c39b9,Profile has test scores or explicit test plan,,
user_prompt,ready_for_in_app_admin_delivery,4012bad586b0835007dd6107,profile-prompt-user-profile-test-strategy,profile,prompt-user,profile.test_strategy,critical,/profile?tab=scores,Set your test strategy,"Tell us whether you have scores, plan to test, or are applying test-optional.",Update scores,in_app_readiness_surface|dashboard,redis_notification_feed|remote_push|email,profile-readiness:profile-prompt-user-profile-test-strategy:4012bad586b0835007dd6107,Profile has test scores or explicit test plan,,
user_prompt,ready_for_in_app_admin_delivery,876000e8b2adb2f3bce6e5e3,profile-prompt-user-profile-test-strategy,profile,prompt-user,profile.test_strategy,critical,/profile?tab=scores,Set your test strategy,"Tell us whether you have scores, plan to test, or are applying test-optional.",Update scores,in_app_readiness_surface|dashboard,redis_notification_feed|remote_push|email,profile-readiness:profile-prompt-user-profile-test-strategy:876000e8b2adb2f3bce6e5e3,Profile has test scores or explicit test plan,,
user_prompt,ready_for_in_app_admin_delivery,2d38d89c0d25f77c2503a1af,profile-prompt-user-profile-test-strategy,profile,prompt-user,profile.test_strategy,critical,/profile?tab=scores,Set your test strategy,"Tell us whether you have scores, plan to test, or are applying test-optional.",Update scores,in_app_readiness_surface|dashboard,redis_notification_feed|remote_push|email,profile-readiness:profile-prompt-user-profile-test-strategy:2d38d89c0d25f77c2503a1af,Profile has test scores or explicit test plan,,
user_prompt,ready_for_in_app_admin_delivery,6e25deecd13b429aaf14c4a5,profile-prompt-user-profile-test-strategy,profile,prompt-user,profile.test_strategy,critical,/profile?tab=scores,Set your test strategy,"Tell us whether you have scores, plan to test, or are applying test-optional.",Update scores,in_app_readiness_surface|dashboard,redis_notification_feed|remote_push|email,profile-readiness:profile-prompt-user-profile-test-strategy:6e25deecd13b429aaf14c4a5,Profile has test scores or explicit test plan,,
user_prompt,ready_for_in_app_admin_delivery,98574f35c5fc1b5a13b34d2d,profile-prompt-user-profile-test-strategy,profile,prompt-user,profile.test_strategy,critical,/profile?tab=scores,Set your test strategy,"Tell us whether you have scores, plan to test, or are applying test-optional.",Update scores,in_app_readiness_surface|dashboard,redis_notification_feed|remote_push|email,profile-readiness:profile-prompt-user-profile-test-strategy:98574f35c5fc1b5a13b34d2d,Profile has test scores or explicit test plan,,
user_prompt,ready_for_in_app_admin_delivery,3b0ae29aa3a42546f3a20525,profile-prompt-user-profile-test-strategy,profile,prompt-user,profile.test_strategy,critical,/profile?tab=scores,Set your test strategy,"Tell us whether you have scores, plan to test, or are applying test-optional.",Update scores,in_app_readiness_surface|dashboard,redis_notification_feed|remote_push|email,profile-readiness:profile-prompt-user-profile-test-strategy:3b0ae29aa3a42546f3a20525,Profile has test scores or explicit test plan,,
user_prompt,ready_for_in_app_admin_delivery,a00d8f6848b5b8fd53105350,profile-prompt-user-profile-test-strategy,profile,prompt-user,profile.test_strategy,critical,/profile?tab=scores,Set your test strategy,"Tell us whether you have scores, plan to test, or are applying test-optional.",Update scores,in_app_readiness_surface|dashboard,redis_notification_feed|remote_push|email,profile-readiness:profile-prompt-user-profile-test-strategy:a00d8f6848b5b8fd53105350,Profile has test scores or explicit test plan,,
user_prompt,ready_for_in_app_admin_delivery,efefd028899c83b572acbaca,profile-prompt-user-profile-test-strategy,profile,prompt-user,profile.test_strategy,critical,/profile?tab=scores,Set your test strategy,"Tell us whether you have scores, plan to test, or are applying test-optional.",Update scores,in_app_readiness_surface|dashboard,redis_notification_feed|remote_push|email,profile-readiness:profile-prompt-user-profile-test-strategy:efefd028899c83b572acbaca,Profile has test scores or explicit test plan,,
user_prompt,ready_for_in_app_admin_delivery,e68dd4215f226c8e4e76a5ce,profile-prompt-user-profile-test-strategy,profile,prompt-user,profile.test_strategy,critical,/profile?tab=scores,Set your test strategy,"Tell us whether you have scores, plan to test, or are applying test-optional.",Update scores,in_app_readiness_surface|dashboard,redis_notification_feed|remote_push|email,profile-readiness:profile-prompt-user-profile-test-strategy:e68dd4215f226c8e4e76a5ce,Profile has test scores or explicit test plan,,
user_prompt,ready_for_in_app_admin_delivery,6527db866ca438e56f6b6c07,profile-prompt-user-profile-test-strategy,profile,prompt-user,profile.test_strategy,critical,/profile?tab=scores,Set your test strategy,"Tell us whether you have scores, plan to test, or are applying test-optional.",Update scores,in_app_readiness_surface|dashboard,redis_notification_feed|remote_push|email,profile-readiness:profile-prompt-user-profile-test-strategy:6527db866ca438e56f6b6c07,Profile has test scores or explicit test plan,,
user_prompt,ready_for_in_app_admin_delivery,a3765184683ddbf1a3263f80,profile-prompt-user-profile-test-strategy,profile,prompt-user,profile.test_strategy,critical,/profile?tab=scores,Set your test strategy,"Tell us whether you have scores, plan to test, or are applying test-optional.",Update scores,in_app_readiness_surface|dashboard,redis_notification_feed|remote_push|email,profile-readiness:profile-prompt-user-profile-test-strategy:a3765184683ddbf1a3263f80,Profile has test scores or explicit test plan,,
user_prompt,ready_for_in_app_admin_delivery,0984f97b4c9e411ae688c719,profile-prompt-user-profile-test-strategy,profile,prompt-user,profile.test_strategy,critical,/profile?tab=scores,Set your test strategy,"Tell us whether you have scores, plan to test, or are applying test-optional.",Update scores,in_app_readiness_surface|dashboard,redis_notification_feed|remote_push|email,profile-readiness:profile-prompt-user-profile-test-strategy:0984f97b4c9e411ae688c719,Profile has test scores or explicit test plan,,
user_prompt,ready_for_in_app_admin_delivery,d2dfa091194b4b601fd93a2f,profile-prompt-user-profile-test-strategy,profile,prompt-user,profile.test_strategy,critical,/profile?tab=scores,Set your test strategy,"Tell us whether you have scores, plan to test, or are applying test-optional.",Update scores,in_app_readiness_surface|dashboard,redis_notification_feed|remote_push|email,profile-readiness:profile-prompt-user-profile-test-strategy:d2dfa091194b4b601fd93a2f,Profile has test scores or explicit test plan,,
user_prompt,ready_for_in_app_admin_delivery,3f67df57cfda6fa11994c000,profile-prompt-user-profile-test-strategy,profile,prompt-user,profile.test_strategy,critical,/profile?tab=scores,Set your test strategy,"Tell us whether you have scores, plan to test, or are applying test-optional.",Update scores,in_app_readiness_surface|dashboard,redis_notification_feed|remote_push|email,profile-readiness:profile-prompt-user-profile-test-strategy:3f67df57cfda6fa11994c000,Profile has test scores or explicit test plan,,
user_prompt,ready_for_in_app_admin_delivery,2cdd1d6c37e7b4e60206872e,profile-prompt-user-profile-test-strategy,profile,prompt-user,profile.test_strategy,critical,/profile?tab=scores,Set your test strategy,"Tell us whether you have scores, plan to test, or are applying test-optional.",Update scores,in_app_readiness_surface|dashboard,redis_notification_feed|remote_push|email,profile-readiness:profile-prompt-user-profile-test-strategy:2cdd1d6c37e7b4e60206872e,Profile has test scores or explicit test plan,,
user_prompt,ready_for_in_app_admin_delivery,282b8d78bc025cdab396c69a,profile-prompt-user-profile-test-strategy,profile,prompt-user,profile.test_strategy,critical,/profile?tab=scores,Set your test strategy,"Tell us whether you have scores, plan to test, or are applying test-optional.",Update scores,in_app_readiness_surface|dashboard,redis_notification_feed|remote_push|email,profile-readiness:profile-prompt-user-profile-test-strategy:282b8d78bc025cdab396c69a,Profile has test scores or explicit test plan,,
user_prompt,ready_for_in_app_admin_delivery,1866a2d45ee8d3a871ad2e71,profile-prompt-user-profile-test-strategy,profile,prompt-user,profile.test_strategy,critical,/profile?tab=scores,Set your test strategy,"Tell us whether you have scores, plan to test, or are applying test-optional.",Update scores,in_app_readiness_surface|dashboard,redis_notification_feed|remote_push|email,profile-readiness:profile-prompt-user-profile-test-strategy:1866a2d45ee8d3a871ad2e71,Profile has test scores or explicit test plan,,
user_prompt,ready_for_in_app_admin_delivery,4b7e1334a900ac684d603b62,profile-prompt-user-profile-test-strategy,profile,prompt-user,profile.test_strategy,critical,/profile?tab=scores,Set your test strategy,"Tell us whether you have scores, plan to test, or are applying test-optional.",Update scores,in_app_readiness_surface|dashboard,redis_notification_feed|remote_push|email,profile-readiness:profile-prompt-user-profile-test-strategy:4b7e1334a900ac684d603b62,Profile has test scores or explicit test plan,,
user_prompt,ready_for_in_app_admin_delivery,2e6cda3073191443688cd586,profile-prompt-user-profile-test-strategy,profile,prompt-user,profile.test_strategy,critical,/profile?tab=scores,Set your test strategy,"Tell us whether you have scores, plan to test, or are applying test-optional.",Update scores,in_app_readiness_surface|dashboard,redis_notification_feed|remote_push|email,profile-readiness:profile-prompt-user-profile-test-strategy:2e6cda3073191443688cd586,Profile has test scores or explicit test plan,,
user_prompt,ready_for_in_app_admin_delivery,36ed3d17c59c821773e09ca1,profile-prompt-user-profile-test-strategy,profile,prompt-user,profile.test_strategy,critical,/profile?tab=scores,Set your test strategy,"Tell us whether you have scores, plan to test, or are applying test-optional.",Update scores,in_app_readiness_surface|dashboard,redis_notification_feed|remote_push|email,profile-readiness:profile-prompt-user-profile-test-strategy:36ed3d17c59c821773e09ca1,Profile has test scores or explicit test plan,,
user_prompt,ready_for_in_app_admin_delivery,10f66e162b2a7d95bc50da70,profile-prompt-user-profile-test-strategy,profile,prompt-user,profile.test_strategy,critical,/profile?tab=scores,Set your test strategy,"Tell us whether you have scores, plan to test, or are applying test-optional.",Update scores,in_app_readiness_surface|dashboard,redis_notification_feed|remote_push|email,profile-readiness:profile-prompt-user-profile-test-strategy:10f66e162b2a7d95bc50da70,Profile has test scores or explicit test plan,,
user_prompt,ready_for_in_app_admin_delivery,d418c7bf3670b6453a63d813,profile-prompt-user-profile-test-strategy,profile,prompt-user,profile.test_strategy,critical,/profile?tab=scores,Set your test strategy,"Tell us whether you have scores, plan to test, or are applying test-optional.",Update scores,in_app_readiness_surface|dashboard,redis_notification_feed|remote_push|email,profile-readiness:profile-prompt-user-profile-test-strategy:d418c7bf3670b6453a63d813,Profile has test scores or explicit test plan,,
user_prompt,ready_for_in_app_admin_delivery,df6d2abb27451f5fa1dc8379,profile-prompt-user-profile-test-strategy,profile,prompt-user,profile.test_strategy,critical,/profile?tab=scores,Set your test strategy,"Tell us whether you have scores, plan to test, or are applying test-optional.",Update scores,in_app_readiness_surface|dashboard,redis_notification_feed|remote_push|email,profile-readiness:profile-prompt-user-profile-test-strategy:df6d2abb27451f5fa1dc8379,Profile has test scores or explicit test plan,,
user_prompt,ready_for_in_app_admin_delivery,4c30c695722622a47cc1a82e,profile-prompt-user-profile-test-strategy,profile,prompt-user,profile.test_strategy,critical,/profile?tab=scores,Set your test strategy,"Tell us whether you have scores, plan to test, or are applying test-optional.",Update scores,in_app_readiness_surface|dashboard,redis_notification_feed|remote_push|email,profile-readiness:profile-prompt-user-profile-test-strategy:4c30c695722622a47cc1a82e,Profile has test scores or explicit test plan,,
user_prompt,ready_for_in_app_admin_delivery,fabb30faa4f6f41348116c7e,profile-prompt-user-profile-test-strategy,profile,prompt-user,profile.test_strategy,critical,/profile?tab=scores,Set your test strategy,"Tell us whether you have scores, plan to test, or are applying test-optional.",Update scores,in_app_readiness_surface|dashboard,redis_notification_feed|remote_push|email,profile-readiness:profile-prompt-user-profile-test-strategy:fabb30faa4f6f41348116c7e,Profile has test scores or explicit test plan,,
user_prompt,ready_for_in_app_admin_delivery,9f540ba4a720667a80bf9f98,profile-prompt-user-profile-test-strategy,profile,prompt-user,profile.test_strategy,critical,/profile?tab=scores,Set your test strategy,"Tell us whether you have scores, plan to test, or are applying test-optional.",Update scores,in_app_readiness_surface|dashboard,redis_notification_feed|remote_push|email,profile-readiness:profile-prompt-user-profile-test-strategy:9f540ba4a720667a80bf9f98,Profile has test scores or explicit test plan,,
user_prompt,ready_for_in_app_admin_delivery,a90bde0a302d98c0ecd110eb,profile-prompt-user-profile-test-strategy,profile,prompt-user,profile.test_strategy,critical,/profile?tab=scores,Set your test strategy,"Tell us whether you have scores, plan to test, or are applying test-optional.",Update scores,in_app_readiness_surface|dashboard,redis_notification_feed|remote_push|email,profile-readiness:profile-prompt-user-profile-test-strategy:a90bde0a302d98c0ecd110eb,Profile has test scores or explicit test plan,,
user_prompt,ready_for_in_app_admin_delivery,576ad17c7ef49e92e56c56f4,profile-prompt-user-profile-test-strategy,profile,prompt-user,profile.test_strategy,critical,/profile?tab=scores,Set your test strategy,"Tell us whether you have scores, plan to test, or are applying test-optional.",Update scores,in_app_readiness_surface|dashboard,redis_notification_feed|remote_push|email,profile-readiness:profile-prompt-user-profile-test-strategy:576ad17c7ef49e92e56c56f4,Profile has test scores or explicit test plan,,
user_prompt,ready_for_in_app_admin_delivery,d0a6c2932159a68b1829944a,profile-prompt-user-profile-test-strategy,profile,prompt-user,profile.test_strategy,critical,/profile?tab=scores,Set your test strategy,"Tell us whether you have scores, plan to test, or are applying test-optional.",Update scores,in_app_readiness_surface|dashboard,redis_notification_feed|remote_push|email,profile-readiness:profile-prompt-user-profile-test-strategy:d0a6c2932159a68b1829944a,Profile has test scores or explicit test plan,,
user_prompt,ready_for_in_app_admin_delivery,09b0d988d0b0c1669bd07bb5,profile-prompt-user-profile-test-strategy,profile,prompt-user,profile.test_strategy,critical,/profile?tab=scores,Set your test strategy,"Tell us whether you have scores, plan to test, or are applying test-optional.",Update scores,in_app_readiness_surface|dashboard,redis_notification_feed|remote_push|email,profile-readiness:profile-prompt-user-profile-test-strategy:09b0d988d0b0c1669bd07bb5,Profile has test scores or explicit test plan,,
user_prompt,ready_for_in_app_admin_delivery,18bdef37a4018bbe19cbf58b,profile-prompt-user-profile-test-strategy,profile,prompt-user,profile.test_strategy,critical,/profile?tab=scores,Set your test strategy,"Tell us whether you have scores, plan to test, or are applying test-optional.",Update scores,in_app_readiness_surface|dashboard,redis_notification_feed|remote_push|email,profile-readiness:profile-prompt-user-profile-test-strategy:18bdef37a4018bbe19cbf58b,Profile has test scores or explicit test plan,,
user_prompt,ready_for_in_app_admin_delivery,6486146070efd5bc9be34f72,profile-prompt-user-profile-test-strategy,profile,prompt-user,profile.test_strategy,critical,/profile?tab=scores,Set your test strategy,"Tell us whether you have scores, plan to test, or are applying test-optional.",Update scores,in_app_readiness_surface|dashboard,redis_notification_feed|remote_push|email,profile-readiness:profile-prompt-user-profile-test-strategy:6486146070efd5bc9be34f72,Profile has test scores or explicit test plan,,
user_prompt,ready_for_in_app_admin_delivery,91aded673af60a06a5d6a4f1,profile-prompt-user-profile-test-strategy,profile,prompt-user,profile.test_strategy,critical,/profile?tab=scores,Set your test strategy,"Tell us whether you have scores, plan to test, or are applying test-optional.",Update scores,in_app_readiness_surface|dashboard,redis_notification_feed|remote_push|email,profile-readiness:profile-prompt-user-profile-test-strategy:91aded673af60a06a5d6a4f1,Profile has test scores or explicit test plan,,
user_prompt,ready_for_in_app_admin_delivery,0e240658b0ed5ddc5ddac053,profile-prompt-user-profile-test-strategy,profile,prompt-user,profile.test_strategy,critical,/profile?tab=scores,Set your test strategy,"Tell us whether you have scores, plan to test, or are applying test-optional.",Update scores,in_app_readiness_surface|dashboard,redis_notification_feed|remote_push|email,profile-readiness:profile-prompt-user-profile-test-strategy:0e240658b0ed5ddc5ddac053,Profile has test scores or explicit test plan,,
user_prompt,ready_for_in_app_admin_delivery,160fbb2e25a95bb3f9eced86,profile-prompt-user-profile-test-strategy,profile,prompt-user,profile.test_strategy,critical,/profile?tab=scores,Set your test strategy,"Tell us whether you have scores, plan to test, or are applying test-optional.",Update scores,in_app_readiness_surface|dashboard,redis_notification_feed|remote_push|email,profile-readiness:profile-prompt-user-profile-test-strategy:160fbb2e25a95bb3f9eced86,Profile has test scores or explicit test plan,,
user_prompt,ready_for_in_app_admin_delivery,ddf064cfc49aa62c9d8707cc,profile-prompt-user-profile-test-strategy,profile,prompt-user,profile.test_strategy,critical,/profile?tab=scores,Set your test strategy,"Tell us whether you have scores, plan to test, or are applying test-optional.",Update scores,in_app_readiness_surface|dashboard,redis_notification_feed|remote_push|email,profile-readiness:profile-prompt-user-profile-test-strategy:ddf064cfc49aa62c9d8707cc,Profile has test scores or explicit test plan,,
user_prompt,ready_for_in_app_admin_delivery,a790099ccfefc40ce8696476,profile-prompt-user-profile-test-strategy,profile,prompt-user,profile.test_strategy,critical,/profile?tab=scores,Set your test strategy,"Tell us whether you have scores, plan to test, or are applying test-optional.",Update scores,in_app_readiness_surface|dashboard,redis_notification_feed|remote_push|email,profile-readiness:profile-prompt-user-profile-test-strategy:a790099ccfefc40ce8696476,Profile has test scores or explicit test plan,,
user_prompt,ready_for_in_app_admin_delivery,e05394e22942d705c03859bd,profile-prompt-user-profile-test-strategy,profile,prompt-user,profile.test_strategy,critical,/profile?tab=scores,Set your test strategy,"Tell us whether you have scores, plan to test, or are applying test-optional.",Update scores,in_app_readiness_surface|dashboard,redis_notification_feed|remote_push|email,profile-readiness:profile-prompt-user-profile-test-strategy:e05394e22942d705c03859bd,Profile has test scores or explicit test plan,,
user_prompt,ready_for_in_app_admin_delivery,a995021d6a20228df7f3d2c7,profile-prompt-user-profile-test-strategy,profile,prompt-user,profile.test_strategy,critical,/profile?tab=scores,Set your test strategy,"Tell us whether you have scores, plan to test, or are applying test-optional.",Update scores,in_app_readiness_surface|dashboard,redis_notification_feed|remote_push|email,profile-readiness:profile-prompt-user-profile-test-strategy:a995021d6a20228df7f3d2c7,Profile has test scores or explicit test plan,,
user_prompt,ready_for_in_app_admin_delivery,802483c05fc63b56d5113074,school-list-prompt-user-school-list-add-first,school_list,prompt-user,school_list.add_first,critical,/schools,Add your first target school,"A school list unlocks school-specific readiness, deadlines, predictions, and essays.",Add schools,in_app_readiness_surface|dashboard,redis_notification_feed|remote_push|email,profile-readiness:school-list-prompt-user-school-list-add-first:802483c05fc63b56d5113074,SchoolListItem count > 0,,
user_prompt,ready_for_in_app_admin_delivery,035afbe63d4a9d1d9f332693,school-list-prompt-user-school-list-add-first,school_list,prompt-user,school_list.add_first,critical,/schools,Add your first target school,"A school list unlocks school-specific readiness, deadlines, predictions, and essays.",Add schools,in_app_readiness_surface|dashboard,redis_notification_feed|remote_push|email,profile-readiness:school-list-prompt-user-school-list-add-first:035afbe63d4a9d1d9f332693,SchoolListItem count > 0,,
user_prompt,ready_for_in_app_admin_delivery,fef3b25574072f4313df5e9c,school-list-prompt-user-school-list-add-first,school_list,prompt-user,school_list.add_first,critical,/schools,Add your first target school,"A school list unlocks school-specific readiness, deadlines, predictions, and essays.",Add schools,in_app_readiness_surface|dashboard,redis_notification_feed|remote_push|email,profile-readiness:school-list-prompt-user-school-list-add-first:fef3b25574072f4313df5e9c,SchoolListItem count > 0,,
user_prompt,ready_for_in_app_admin_delivery,4a8a9364139ccecaa6673095,school-list-prompt-user-school-list-add-first,school_list,prompt-user,school_list.add_first,critical,/schools,Add your first target school,"A school list unlocks school-specific readiness, deadlines, predictions, and essays.",Add schools,in_app_readiness_surface|dashboard,redis_notification_feed|remote_push|email,profile-readiness:school-list-prompt-user-school-list-add-first:4a8a9364139ccecaa6673095,SchoolListItem count > 0,,
user_prompt,ready_for_in_app_admin_delivery,fdac0aac949da6fd1ae3920c,school-list-prompt-user-school-list-add-first,school_list,prompt-user,school_list.add_first,critical,/schools,Add your first target school,"A school list unlocks school-specific readiness, deadlines, predictions, and essays.",Add schools,in_app_readiness_surface|dashboard,redis_notification_feed|remote_push|email,profile-readiness:school-list-prompt-user-school-list-add-first:fdac0aac949da6fd1ae3920c,SchoolListItem count > 0,,
user_prompt,ready_for_in_app_admin_delivery,39277806d696167bec33dacd,school-list-prompt-user-school-list-add-first,school_list,prompt-user,school_list.add_first,critical,/schools,Add your first target school,"A school list unlocks school-specific readiness, deadlines, predictions, and essays.",Add schools,in_app_readiness_surface|dashboard,redis_notification_feed|remote_push|email,profile-readiness:school-list-prompt-user-school-list-add-first:39277806d696167bec33dacd,SchoolListItem count > 0,,
user_prompt,ready_for_in_app_admin_delivery,68bda0008706cf69fbe951c5,school-list-prompt-user-school-list-add-first,school_list,prompt-user,school_list.add_first,critical,/schools,Add your first target school,"A school list unlocks school-specific readiness, deadlines, predictions, and essays.",Add schools,in_app_readiness_surface|dashboard,redis_notification_feed|remote_push|email,profile-readiness:school-list-prompt-user-school-list-add-first:68bda0008706cf69fbe951c5,SchoolListItem count > 0,,
user_prompt,ready_for_in_app_admin_delivery,f46de3981f1853f4abbd4641,school-list-prompt-user-school-list-add-first,school_list,prompt-user,school_list.add_first,critical,/schools,Add your first target school,"A school list unlocks school-specific readiness, deadlines, predictions, and essays.",Add schools,in_app_readiness_surface|dashboard,redis_notification_feed|remote_push|email,profile-readiness:school-list-prompt-user-school-list-add-first:f46de3981f1853f4abbd4641,SchoolListItem count > 0,,
user_prompt,ready_for_in_app_admin_delivery,3dc36e732297447a53963a67,school-list-prompt-user-school-list-add-first,school_list,prompt-user,school_list.add_first,critical,/schools,Add your first target school,"A school list unlocks school-specific readiness, deadlines, predictions, and essays.",Add schools,in_app_readiness_surface|dashboard,redis_notification_feed|remote_push|email,profile-readiness:school-list-prompt-user-school-list-add-first:3dc36e732297447a53963a67,SchoolListItem count > 0,,
user_prompt,ready_for_in_app_admin_delivery,3aec115dea1871ad7804c5ee,school-list-prompt-user-school-list-add-first,school_list,prompt-user,school_list.add_first,critical,/schools,Add your first target school,"A school list unlocks school-specific readiness, deadlines, predictions, and essays.",Add schools,in_app_readiness_surface|dashboard,redis_notification_feed|remote_push|email,profile-readiness:school-list-prompt-user-school-list-add-first:3aec115dea1871ad7804c5ee,SchoolListItem count > 0,,
user_prompt,ready_for_in_app_admin_delivery,29076cdf73d07afbecb33d1f,school-list-prompt-user-school-list-add-first,school_list,prompt-user,school_list.add_first,critical,/schools,Add your first target school,"A school list unlocks school-specific readiness, deadlines, predictions, and essays.",Add schools,in_app_readiness_surface|dashboard,redis_notification_feed|remote_push|email,profile-readiness:school-list-prompt-user-school-list-add-first:29076cdf73d07afbecb33d1f,SchoolListItem count > 0,,
user_prompt,ready_for_in_app_admin_delivery,e6f9022187d9b4ec16d49235,school-list-prompt-user-school-list-add-first,school_list,prompt-user,school_list.add_first,critical,/schools,Add your first target school,"A school list unlocks school-specific readiness, deadlines, predictions, and essays.",Add schools,in_app_readiness_surface|dashboard,redis_notification_feed|remote_push|email,profile-readiness:school-list-prompt-user-school-list-add-first:e6f9022187d9b4ec16d49235,SchoolListItem count > 0,,
user_prompt,ready_for_in_app_admin_delivery,e449837a18bd87b77a6ef1e5,school-list-prompt-user-school-list-add-first,school_list,prompt-user,school_list.add_first,critical,/schools,Add your first target school,"A school list unlocks school-specific readiness, deadlines, predictions, and essays.",Add schools,in_app_readiness_surface|dashboard,redis_notification_feed|remote_push|email,profile-readiness:school-list-prompt-user-school-list-add-first:e449837a18bd87b77a6ef1e5,SchoolListItem count > 0,,
user_prompt,ready_for_in_app_admin_delivery,fe2afb920f81889354794d13,school-list-prompt-user-school-list-add-first,school_list,prompt-user,school_list.add_first,critical,/schools,Add your first target school,"A school list unlocks school-specific readiness, deadlines, predictions, and essays.",Add schools,in_app_readiness_surface|dashboard,redis_notification_feed|remote_push|email,profile-readiness:school-list-prompt-user-school-list-add-first:fe2afb920f81889354794d13,SchoolListItem count > 0,,
user_prompt,ready_for_in_app_admin_delivery,75933046392cb0c42c062611,school-list-prompt-user-school-list-add-first,school_list,prompt-user,school_list.add_first,critical,/schools,Add your first target school,"A school list unlocks school-specific readiness, deadlines, predictions, and essays.",Add schools,in_app_readiness_surface|dashboard,redis_notification_feed|remote_push|email,profile-readiness:school-list-prompt-user-school-list-add-first:75933046392cb0c42c062611,SchoolListItem count > 0,,
user_prompt,ready_for_in_app_admin_delivery,745052463f3be2c63514db2f,school-list-prompt-user-school-list-add-first,school_list,prompt-user,school_list.add_first,critical,/schools,Add your first target school,"A school list unlocks school-specific readiness, deadlines, predictions, and essays.",Add schools,in_app_readiness_surface|dashboard,redis_notification_feed|remote_push|email,profile-readiness:school-list-prompt-user-school-list-add-first:745052463f3be2c63514db2f,SchoolListItem count > 0,,
user_prompt,ready_for_in_app_admin_delivery,9d0db16bacd8261ed76c2d8f,school-list-prompt-user-school-list-add-first,school_list,prompt-user,school_list.add_first,critical,/schools,Add your first target school,"A school list unlocks school-specific readiness, deadlines, predictions, and essays.",Add schools,in_app_readiness_surface|dashboard,redis_notification_feed|remote_push|email,profile-readiness:school-list-prompt-user-school-list-add-first:9d0db16bacd8261ed76c2d8f,SchoolListItem count > 0,,
user_prompt,ready_for_in_app_admin_delivery,2d3538d986b40dbb9773bad5,school-list-prompt-user-school-list-add-first,school_list,prompt-user,school_list.add_first,critical,/schools,Add your first target school,"A school list unlocks school-specific readiness, deadlines, predictions, and essays.",Add schools,in_app_readiness_surface|dashboard,redis_notification_feed|remote_push|email,profile-readiness:school-list-prompt-user-school-list-add-first:2d3538d986b40dbb9773bad5,SchoolListItem count > 0,,
user_prompt,ready_for_in_app_admin_delivery,bf039e0c60608f4f87581cc9,school-list-prompt-user-school-list-add-first,school_list,prompt-user,school_list.add_first,critical,/schools,Add your first target school,"A school list unlocks school-specific readiness, deadlines, predictions, and essays.",Add schools,in_app_readiness_surface|dashboard,redis_notification_feed|remote_push|email,profile-readiness:school-list-prompt-user-school-list-add-first:bf039e0c60608f4f87581cc9,SchoolListItem count > 0,,
user_prompt,ready_for_in_app_admin_delivery,366320fee296c0f2fc92761e,school-list-prompt-user-school-list-add-first,school_list,prompt-user,school_list.add_first,critical,/schools,Add your first target school,"A school list unlocks school-specific readiness, deadlines, predictions, and essays.",Add schools,in_app_readiness_surface|dashboard,redis_notification_feed|remote_push|email,profile-readiness:school-list-prompt-user-school-list-add-first:366320fee296c0f2fc92761e,SchoolListItem count > 0,,
user_prompt,ready_for_in_app_admin_delivery,683b23c8c4fe0d8bc12e5633,school-list-prompt-user-school-list-add-first,school_list,prompt-user,school_list.add_first,critical,/schools,Add your first target school,"A school list unlocks school-specific readiness, deadlines, predictions, and essays.",Add schools,in_app_readiness_surface|dashboard,redis_notification_feed|remote_push|email,profile-readiness:school-list-prompt-user-school-list-add-first:683b23c8c4fe0d8bc12e5633,SchoolListItem count > 0,,
user_prompt,ready_for_in_app_admin_delivery,b338f5f9fe85ac763c330af1,school-list-prompt-user-school-list-add-first,school_list,prompt-user,school_list.add_first,critical,/schools,Add your first target school,"A school list unlocks school-specific readiness, deadlines, predictions, and essays.",Add schools,in_app_readiness_surface|dashboard,redis_notification_feed|remote_push|email,profile-readiness:school-list-prompt-user-school-list-add-first:b338f5f9fe85ac763c330af1,SchoolListItem count > 0,,
user_prompt,ready_for_in_app_admin_delivery,e5f7d86f6995efe58037c6fb,school-list-prompt-user-school-list-add-first,school_list,prompt-user,school_list.add_first,critical,/schools,Add your first target school,"A school list unlocks school-specific readiness, deadlines, predictions, and essays.",Add schools,in_app_readiness_surface|dashboard,redis_notification_feed|remote_push|email,profile-readiness:school-list-prompt-user-school-list-add-first:e5f7d86f6995efe58037c6fb,SchoolListItem count > 0,,
user_prompt,ready_for_in_app_admin_delivery,87a1b361875b527870210e1a,school-list-prompt-user-school-list-add-first,school_list,prompt-user,school_list.add_first,critical,/schools,Add your first target school,"A school list unlocks school-specific readiness, deadlines, predictions, and essays.",Add schools,in_app_readiness_surface|dashboard,redis_notification_feed|remote_push|email,profile-readiness:school-list-prompt-user-school-list-add-first:87a1b361875b527870210e1a,SchoolListItem count > 0,,
user_prompt,ready_for_in_app_admin_delivery,1d8c13ffebafff31847d9e97,school-list-prompt-user-school-list-add-first,school_list,prompt-user,school_list.add_first,critical,/schools,Add your first target school,"A school list unlocks school-specific readiness, deadlines, predictions, and essays.",Add schools,in_app_readiness_surface|dashboard,redis_notification_feed|remote_push|email,profile-readiness:school-list-prompt-user-school-list-add-first:1d8c13ffebafff31847d9e97,SchoolListItem count > 0,,
user_prompt,ready_for_in_app_admin_delivery,4fdebab56088e041d556c66e,school-list-prompt-user-school-list-add-first,school_list,prompt-user,school_list.add_first,critical,/schools,Add your first target school,"A school list unlocks school-specific readiness, deadlines, predictions, and essays.",Add schools,in_app_readiness_surface|dashboard,redis_notification_feed|remote_push|email,profile-readiness:school-list-prompt-user-school-list-add-first:4fdebab56088e041d556c66e,SchoolListItem count > 0,,
user_prompt,ready_for_in_app_admin_delivery,c6a5a94d5d0cb5e5d50b94ca,school-list-prompt-user-school-list-add-first,school_list,prompt-user,school_list.add_first,critical,/schools,Add your first target school,"A school list unlocks school-specific readiness, deadlines, predictions, and essays.",Add schools,in_app_readiness_surface|dashboard,redis_notification_feed|remote_push|email,profile-readiness:school-list-prompt-user-school-list-add-first:c6a5a94d5d0cb5e5d50b94ca,SchoolListItem count > 0,,
user_prompt,ready_for_in_app_admin_delivery,b7c12fd19a1f88e9c26f3161,school-list-prompt-user-school-list-add-first,school_list,prompt-user,school_list.add_first,critical,/schools,Add your first target school,"A school list unlocks school-specific readiness, deadlines, predictions, and essays.",Add schools,in_app_readiness_surface|dashboard,redis_notification_feed|remote_push|email,profile-readiness:school-list-prompt-user-school-list-add-first:b7c12fd19a1f88e9c26f3161,SchoolListItem count > 0,,
user_prompt,ready_for_in_app_admin_delivery,dd2e368ddefcbd51a6671fb7,school-list-prompt-user-school-list-add-first,school_list,prompt-user,school_list.add_first,critical,/schools,Add your first target school,"A school list unlocks school-specific readiness, deadlines, predictions, and essays.",Add schools,in_app_readiness_surface|dashboard,redis_notification_feed|remote_push|email,profile-readiness:school-list-prompt-user-school-list-add-first:dd2e368ddefcbd51a6671fb7,SchoolListItem count > 0,,
user_prompt,ready_for_in_app_admin_delivery,062809d29de1fd84fd860c56,school-list-prompt-user-school-list-add-first,school_list,prompt-user,school_list.add_first,critical,/schools,Add your first target school,"A school list unlocks school-specific readiness, deadlines, predictions, and essays.",Add schools,in_app_readiness_surface|dashboard,redis_notification_feed|remote_push|email,profile-readiness:school-list-prompt-user-school-list-add-first:062809d29de1fd84fd860c56,SchoolListItem count > 0,,
user_prompt,ready_for_in_app_admin_delivery,e30f76775969a451a2b4ae69,school-list-prompt-user-school-list-add-first,school_list,prompt-user,school_list.add_first,critical,/schools,Add your first target school,"A school list unlocks school-specific readiness, deadlines, predictions, and essays.",Add schools,in_app_readiness_surface|dashboard,redis_notification_feed|remote_push|email,profile-readiness:school-list-prompt-user-school-list-add-first:e30f76775969a451a2b4ae69,SchoolListItem count > 0,,
user_prompt,ready_for_in_app_admin_delivery,b5f4ee1c6dd44f7f60bcbd32,school-list-prompt-user-school-list-add-first,school_list,prompt-user,school_list.add_first,critical,/schools,Add your first target school,"A school list unlocks school-specific readiness, deadlines, predictions, and essays.",Add schools,in_app_readiness_surface|dashboard,redis_notification_feed|remote_push|email,profile-readiness:school-list-prompt-user-school-list-add-first:b5f4ee1c6dd44f7f60bcbd32,SchoolListItem count > 0,,
user_prompt,ready_for_in_app_admin_delivery,626eb5e38882c885cdc64b66,school-list-prompt-user-school-list-add-first,school_list,prompt-user,school_list.add_first,critical,/schools,Add your first target school,"A school list unlocks school-specific readiness, deadlines, predictions, and essays.",Add schools,in_app_readiness_surface|dashboard,redis_notification_feed|remote_push|email,profile-readiness:school-list-prompt-user-school-list-add-first:626eb5e38882c885cdc64b66,SchoolListItem count > 0,,
user_prompt,ready_for_in_app_admin_delivery,288dfec9fe70b8f130d4b269,school-list-prompt-user-school-list-add-first,school_list,prompt-user,school_list.add_first,critical,/schools,Add your first target school,"A school list unlocks school-specific readiness, deadlines, predictions, and essays.",Add schools,in_app_readiness_surface|dashboard,redis_notification_feed|remote_push|email,profile-readiness:school-list-prompt-user-school-list-add-first:288dfec9fe70b8f130d4b269,SchoolListItem count > 0,,
user_prompt,ready_for_in_app_admin_delivery,385e5344fb0ba928499b14d9,school-list-prompt-user-school-list-add-first,school_list,prompt-user,school_list.add_first,critical,/schools,Add your first target school,"A school list unlocks school-specific readiness, deadlines, predictions, and essays.",Add schools,in_app_readiness_surface|dashboard,redis_notification_feed|remote_push|email,profile-readiness:school-list-prompt-user-school-list-add-first:385e5344fb0ba928499b14d9,SchoolListItem count > 0,,
user_prompt,ready_for_in_app_admin_delivery,21b185bc16be52d77c08ac2c,school-list-prompt-user-school-list-add-first,school_list,prompt-user,school_list.add_first,critical,/schools,Add your first target school,"A school list unlocks school-specific readiness, deadlines, predictions, and essays.",Add schools,in_app_readiness_surface|dashboard,redis_notification_feed|remote_push|email,profile-readiness:school-list-prompt-user-school-list-add-first:21b185bc16be52d77c08ac2c,SchoolListItem count > 0,,
user_prompt,ready_for_in_app_admin_delivery,fad9e50ec597acdb56e97901,school-list-prompt-user-school-list-add-first,school_list,prompt-user,school_list.add_first,critical,/schools,Add your first target school,"A school list unlocks school-specific readiness, deadlines, predictions, and essays.",Add schools,in_app_readiness_surface|dashboard,redis_notification_feed|remote_push|email,profile-readiness:school-list-prompt-user-school-list-add-first:fad9e50ec597acdb56e97901,SchoolListItem count > 0,,
user_prompt,ready_for_in_app_admin_delivery,4d1f395bd00cc2f44c81f8e0,school-list-prompt-user-school-list-add-first,school_list,prompt-user,school_list.add_first,critical,/schools,Add your first target school,"A school list unlocks school-specific readiness, deadlines, predictions, and essays.",Add schools,in_app_readiness_surface|dashboard,redis_notification_feed|remote_push|email,profile-readiness:school-list-prompt-user-school-list-add-first:4d1f395bd00cc2f44c81f8e0,SchoolListItem count > 0,,
user_prompt,ready_for_in_app_admin_delivery,7232f1fa4940f02570578fa4,school-list-prompt-user-school-list-add-first,school_list,prompt-user,school_list.add_first,critical,/schools,Add your first target school,"A school list unlocks school-specific readiness, deadlines, predictions, and essays.",Add schools,in_app_readiness_surface|dashboard,redis_notification_feed|remote_push|email,profile-readiness:school-list-prompt-user-school-list-add-first:7232f1fa4940f02570578fa4,SchoolListItem count > 0,,
user_prompt,ready_for_in_app_admin_delivery,d5668608d88680646b4304d5,school-list-prompt-user-school-list-add-first,school_list,prompt-user,school_list.add_first,critical,/schools,Add your first target school,"A school list unlocks school-specific readiness, deadlines, predictions, and essays.",Add schools,in_app_readiness_surface|dashboard,redis_notification_feed|remote_push|email,profile-readiness:school-list-prompt-user-school-list-add-first:d5668608d88680646b4304d5,SchoolListItem count > 0,,
user_prompt,ready_for_in_app_admin_delivery,eb5f0931db192e04b5bb694f,school-list-prompt-user-school-list-add-first,school_list,prompt-user,school_list.add_first,critical,/schools,Add your first target school,"A school list unlocks school-specific readiness, deadlines, predictions, and essays.",Add schools,in_app_readiness_surface|dashboard,redis_notification_feed|remote_push|email,profile-readiness:school-list-prompt-user-school-list-add-first:eb5f0931db192e04b5bb694f,SchoolListItem count > 0,,
user_prompt,ready_for_in_app_admin_delivery,144044aa210635b68bd3413e,school-list-prompt-user-school-list-add-first,school_list,prompt-user,school_list.add_first,critical,/schools,Add your first target school,"A school list unlocks school-specific readiness, deadlines, predictions, and essays.",Add schools,in_app_readiness_surface|dashboard,redis_notification_feed|remote_push|email,profile-readiness:school-list-prompt-user-school-list-add-first:144044aa210635b68bd3413e,SchoolListItem count > 0,,
user_prompt,ready_for_in_app_admin_delivery,9e7d85fb4bc03da0d6a42f62,school-list-prompt-user-school-list-add-first,school_list,prompt-user,school_list.add_first,critical,/schools,Add your first target school,"A school list unlocks school-specific readiness, deadlines, predictions, and essays.",Add schools,in_app_readiness_surface|dashboard,redis_notification_feed|remote_push|email,profile-readiness:school-list-prompt-user-school-list-add-first:9e7d85fb4bc03da0d6a42f62,SchoolListItem count > 0,,
user_prompt,ready_for_in_app_admin_delivery,5a1258607ca8af1051025180,school-list-prompt-user-school-list-add-first,school_list,prompt-user,school_list.add_first,critical,/schools,Add your first target school,"A school list unlocks school-specific readiness, deadlines, predictions, and essays.",Add schools,in_app_readiness_surface|dashboard,redis_notification_feed|remote_push|email,profile-readiness:school-list-prompt-user-school-list-add-first:5a1258607ca8af1051025180,SchoolListItem count > 0,,
user_prompt,ready_for_in_app_admin_delivery,abaf8c9bde037950385c3f12,school-list-prompt-user-school-list-add-first,school_list,prompt-user,school_list.add_first,critical,/schools,Add your first target school,"A school list unlocks school-specific readiness, deadlines, predictions, and essays.",Add schools,in_app_readiness_surface|dashboard,redis_notification_feed|remote_push|email,profile-readiness:school-list-prompt-user-school-list-add-first:abaf8c9bde037950385c3f12,SchoolListItem count > 0,,
user_prompt,ready_for_in_app_admin_delivery,fa0da822fd523382a860416f,school-list-prompt-user-school-list-add-first,school_list,prompt-user,school_list.add_first,critical,/schools,Add your first target school,"A school list unlocks school-specific readiness, deadlines, predictions, and essays.",Add schools,in_app_readiness_surface|dashboard,redis_notification_feed|remote_push|email,profile-readiness:school-list-prompt-user-school-list-add-first:fa0da822fd523382a860416f,SchoolListItem count > 0,,
user_prompt,ready_for_in_app_admin_delivery,90f1204abd54fafff4b248e3,school-list-prompt-user-school-list-add-first,school_list,prompt-user,school_list.add_first,critical,/schools,Add your first target school,"A school list unlocks school-specific readiness, deadlines, predictions, and essays.",Add schools,in_app_readiness_surface|dashboard,redis_notification_feed|remote_push|email,profile-readiness:school-list-prompt-user-school-list-add-first:90f1204abd54fafff4b248e3,SchoolListItem count > 0,,
user_prompt,ready_for_in_app_admin_delivery,e3ad628c231e661f27d886fd,school-list-prompt-user-school-list-add-first,school_list,prompt-user,school_list.add_first,critical,/schools,Add your first target school,"A school list unlocks school-specific readiness, deadlines, predictions, and essays.",Add schools,in_app_readiness_surface|dashboard,redis_notification_feed|remote_push|email,profile-readiness:school-list-prompt-user-school-list-add-first:e3ad628c231e661f27d886fd,SchoolListItem count > 0,,
user_prompt,ready_for_in_app_admin_delivery,048028fc4ece7871c4c818a1,school-list-prompt-user-school-list-add-first,school_list,prompt-user,school_list.add_first,critical,/schools,Add your first target school,"A school list unlocks school-specific readiness, deadlines, predictions, and essays.",Add schools,in_app_readiness_surface|dashboard,redis_notification_feed|remote_push|email,profile-readiness:school-list-prompt-user-school-list-add-first:048028fc4ece7871c4c818a1,SchoolListItem count > 0,,
user_prompt,ready_for_in_app_admin_delivery,6ce7ad342b357b3b14deb49c,school-list-prompt-user-school-list-add-first,school_list,prompt-user,school_list.add_first,critical,/schools,Add your first target school,"A school list unlocks school-specific readiness, deadlines, predictions, and essays.",Add schools,in_app_readiness_surface|dashboard,redis_notification_feed|remote_push|email,profile-readiness:school-list-prompt-user-school-list-add-first:6ce7ad342b357b3b14deb49c,SchoolListItem count > 0,,
user_prompt,ready_for_in_app_admin_delivery,054d410c714fc4cda4394e8c,school-list-prompt-user-school-list-add-first,school_list,prompt-user,school_list.add_first,critical,/schools,Add your first target school,"A school list unlocks school-specific readiness, deadlines, predictions, and essays.",Add schools,in_app_readiness_surface|dashboard,redis_notification_feed|remote_push|email,profile-readiness:school-list-prompt-user-school-list-add-first:054d410c714fc4cda4394e8c,SchoolListItem count > 0,,
user_prompt,ready_for_in_app_admin_delivery,43f7e141b8b05d5f4b1656ff,school-list-prompt-user-school-list-add-first,school_list,prompt-user,school_list.add_first,critical,/schools,Add your first target school,"A school list unlocks school-specific readiness, deadlines, predictions, and essays.",Add schools,in_app_readiness_surface|dashboard,redis_notification_feed|remote_push|email,profile-readiness:school-list-prompt-user-school-list-add-first:43f7e141b8b05d5f4b1656ff,SchoolListItem count > 0,,
user_prompt,ready_for_in_app_admin_delivery,ee4954e857d17b8eebb7ae31,school-list-prompt-user-school-list-add-first,school_list,prompt-user,school_list.add_first,critical,/schools,Add your first target school,"A school list unlocks school-specific readiness, deadlines, predictions, and essays.",Add schools,in_app_readiness_surface|dashboard,redis_notification_feed|remote_push|email,profile-readiness:school-list-prompt-user-school-list-add-first:ee4954e857d17b8eebb7ae31,SchoolListItem count > 0,,
user_prompt,ready_for_in_app_admin_delivery,9d574d111efc9d97b84d6c15,school-list-prompt-user-school-list-add-first,school_list,prompt-user,school_list.add_first,critical,/schools,Add your first target school,"A school list unlocks school-specific readiness, deadlines, predictions, and essays.",Add schools,in_app_readiness_surface|dashboard,redis_notification_feed|remote_push|email,profile-readiness:school-list-prompt-user-school-list-add-first:9d574d111efc9d97b84d6c15,SchoolListItem count > 0,,
user_prompt,ready_for_in_app_admin_delivery,4abcd46d927f195540b38c5d,school-list-prompt-user-school-list-add-first,school_list,prompt-user,school_list.add_first,critical,/schools,Add your first target school,"A school list unlocks school-specific readiness, deadlines, predictions, and essays.",Add schools,in_app_readiness_surface|dashboard,redis_notification_feed|remote_push|email,profile-readiness:school-list-prompt-user-school-list-add-first:4abcd46d927f195540b38c5d,SchoolListItem count > 0,,
user_prompt,ready_for_in_app_admin_delivery,3b62c93519e3db6dfe2c3efb,school-list-prompt-user-school-list-add-first,school_list,prompt-user,school_list.add_first,critical,/schools,Add your first target school,"A school list unlocks school-specific readiness, deadlines, predictions, and essays.",Add schools,in_app_readiness_surface|dashboard,redis_notification_feed|remote_push|email,profile-readiness:school-list-prompt-user-school-list-add-first:3b62c93519e3db6dfe2c3efb,SchoolListItem count > 0,,
user_prompt,ready_for_in_app_admin_delivery,279b99bc08a2c8d50ec3af36,school-list-prompt-user-school-list-add-first,school_list,prompt-user,school_list.add_first,critical,/schools,Add your first target school,"A school list unlocks school-specific readiness, deadlines, predictions, and essays.",Add schools,in_app_readiness_surface|dashboard,redis_notification_feed|remote_push|email,profile-readiness:school-list-prompt-user-school-list-add-first:279b99bc08a2c8d50ec3af36,SchoolListItem count > 0,,
user_prompt,ready_for_in_app_admin_delivery,74c9ee8d165d193a609087d6,school-list-prompt-user-school-list-add-first,school_list,prompt-user,school_list.add_first,critical,/schools,Add your first target school,"A school list unlocks school-specific readiness, deadlines, predictions, and essays.",Add schools,in_app_readiness_surface|dashboard,redis_notification_feed|remote_push|email,profile-readiness:school-list-prompt-user-school-list-add-first:74c9ee8d165d193a609087d6,SchoolListItem count > 0,,
user_prompt,ready_for_in_app_admin_delivery,b4c465cc257a5e9d36dcd519,school-list-prompt-user-school-list-add-first,school_list,prompt-user,school_list.add_first,critical,/schools,Add your first target school,"A school list unlocks school-specific readiness, deadlines, predictions, and essays.",Add schools,in_app_readiness_surface|dashboard,redis_notification_feed|remote_push|email,profile-readiness:school-list-prompt-user-school-list-add-first:b4c465cc257a5e9d36dcd519,SchoolListItem count > 0,,
user_prompt,ready_for_in_app_admin_delivery,d3f2cb982d857949a81c39b9,school-list-prompt-user-school-list-add-first,school_list,prompt-user,school_list.add_first,critical,/schools,Add your first target school,"A school list unlocks school-specific readiness, deadlines, predictions, and essays.",Add schools,in_app_readiness_surface|dashboard,redis_notification_feed|remote_push|email,profile-readiness:school-list-prompt-user-school-list-add-first:d3f2cb982d857949a81c39b9,SchoolListItem count > 0,,
user_prompt,ready_for_in_app_admin_delivery,4012bad586b0835007dd6107,school-list-prompt-user-school-list-add-first,school_list,prompt-user,school_list.add_first,critical,/schools,Add your first target school,"A school list unlocks school-specific readiness, deadlines, predictions, and essays.",Add schools,in_app_readiness_surface|dashboard,redis_notification_feed|remote_push|email,profile-readiness:school-list-prompt-user-school-list-add-first:4012bad586b0835007dd6107,SchoolListItem count > 0,,
user_prompt,ready_for_in_app_admin_delivery,876000e8b2adb2f3bce6e5e3,school-list-prompt-user-school-list-add-first,school_list,prompt-user,school_list.add_first,critical,/schools,Add your first target school,"A school list unlocks school-specific readiness, deadlines, predictions, and essays.",Add schools,in_app_readiness_surface|dashboard,redis_notification_feed|remote_push|email,profile-readiness:school-list-prompt-user-school-list-add-first:876000e8b2adb2f3bce6e5e3,SchoolListItem count > 0,,
user_prompt,ready_for_in_app_admin_delivery,2d38d89c0d25f77c2503a1af,school-list-prompt-user-school-list-add-first,school_list,prompt-user,school_list.add_first,critical,/schools,Add your first target school,"A school list unlocks school-specific readiness, deadlines, predictions, and essays.",Add schools,in_app_readiness_surface|dashboard,redis_notification_feed|remote_push|email,profile-readiness:school-list-prompt-user-school-list-add-first:2d38d89c0d25f77c2503a1af,SchoolListItem count > 0,,
user_prompt,ready_for_in_app_admin_delivery,6e25deecd13b429aaf14c4a5,school-list-prompt-user-school-list-add-first,school_list,prompt-user,school_list.add_first,critical,/schools,Add your first target school,"A school list unlocks school-specific readiness, deadlines, predictions, and essays.",Add schools,in_app_readiness_surface|dashboard,redis_notification_feed|remote_push|email,profile-readiness:school-list-prompt-user-school-list-add-first:6e25deecd13b429aaf14c4a5,SchoolListItem count > 0,,
user_prompt,ready_for_in_app_admin_delivery,98574f35c5fc1b5a13b34d2d,school-list-prompt-user-school-list-add-first,school_list,prompt-user,school_list.add_first,critical,/schools,Add your first target school,"A school list unlocks school-specific readiness, deadlines, predictions, and essays.",Add schools,in_app_readiness_surface|dashboard,redis_notification_feed|remote_push|email,profile-readiness:school-list-prompt-user-school-list-add-first:98574f35c5fc1b5a13b34d2d,SchoolListItem count > 0,,
user_prompt,ready_for_in_app_admin_delivery,3b0ae29aa3a42546f3a20525,school-list-prompt-user-school-list-add-first,school_list,prompt-user,school_list.add_first,critical,/schools,Add your first target school,"A school list unlocks school-specific readiness, deadlines, predictions, and essays.",Add schools,in_app_readiness_surface|dashboard,redis_notification_feed|remote_push|email,profile-readiness:school-list-prompt-user-school-list-add-first:3b0ae29aa3a42546f3a20525,SchoolListItem count > 0,,
user_prompt,ready_for_in_app_admin_delivery,a00d8f6848b5b8fd53105350,school-list-prompt-user-school-list-add-first,school_list,prompt-user,school_list.add_first,critical,/schools,Add your first target school,"A school list unlocks school-specific readiness, deadlines, predictions, and essays.",Add schools,in_app_readiness_surface|dashboard,redis_notification_feed|remote_push|email,profile-readiness:school-list-prompt-user-school-list-add-first:a00d8f6848b5b8fd53105350,SchoolListItem count > 0,,
user_prompt,ready_for_in_app_admin_delivery,efefd028899c83b572acbaca,school-list-prompt-user-school-list-add-first,school_list,prompt-user,school_list.add_first,critical,/schools,Add your first target school,"A school list unlocks school-specific readiness, deadlines, predictions, and essays.",Add schools,in_app_readiness_surface|dashboard,redis_notification_feed|remote_push|email,profile-readiness:school-list-prompt-user-school-list-add-first:efefd028899c83b572acbaca,SchoolListItem count > 0,,
user_prompt,ready_for_in_app_admin_delivery,e68dd4215f226c8e4e76a5ce,school-list-prompt-user-school-list-add-first,school_list,prompt-user,school_list.add_first,critical,/schools,Add your first target school,"A school list unlocks school-specific readiness, deadlines, predictions, and essays.",Add schools,in_app_readiness_surface|dashboard,redis_notification_feed|remote_push|email,profile-readiness:school-list-prompt-user-school-list-add-first:e68dd4215f226c8e4e76a5ce,SchoolListItem count > 0,,
user_prompt,ready_for_in_app_admin_delivery,81314501c599989cc7264bde,school-list-prompt-user-school-list-add-first,school_list,prompt-user,school_list.add_first,critical,/schools,Add your first target school,"A school list unlocks school-specific readiness, deadlines, predictions, and essays.",Add schools,in_app_readiness_surface|dashboard,redis_notification_feed|remote_push|email,profile-readiness:school-list-prompt-user-school-list-add-first:81314501c599989cc7264bde,SchoolListItem count > 0,,
user_prompt,ready_for_in_app_admin_delivery,671882419679232da0e380f9,school-list-prompt-user-school-list-add-first,school_list,prompt-user,school_list.add_first,critical,/schools,Add your first target school,"A school list unlocks school-specific readiness, deadlines, predictions, and essays.",Add schools,in_app_readiness_surface|dashboard,redis_notification_feed|remote_push|email,profile-readiness:school-list-prompt-user-school-list-add-first:671882419679232da0e380f9,SchoolListItem count > 0,,
user_prompt,ready_for_in_app_admin_delivery,09e472b96a6acc4e3214037f,school-list-prompt-user-school-list-add-first,school_list,prompt-user,school_list.add_first,critical,/schools,Add your first target school,"A school list unlocks school-specific readiness, deadlines, predictions, and essays.",Add schools,in_app_readiness_surface|dashboard,redis_notification_feed|remote_push|email,profile-readiness:school-list-prompt-user-school-list-add-first:09e472b96a6acc4e3214037f,SchoolListItem count > 0,,
user_prompt,ready_for_in_app_admin_delivery,128cf9bdbbd30c4692340893,school-list-prompt-user-school-list-add-first,school_list,prompt-user,school_list.add_first,critical,/schools,Add your first target school,"A school list unlocks school-specific readiness, deadlines, predictions, and essays.",Add schools,in_app_readiness_surface|dashboard,redis_notification_feed|remote_push|email,profile-readiness:school-list-prompt-user-school-list-add-first:128cf9bdbbd30c4692340893,SchoolListItem count > 0,,
user_prompt,ready_for_in_app_admin_delivery,bde3729d50403544ccebff9a,school-list-prompt-user-school-list-add-first,school_list,prompt-user,school_list.add_first,critical,/schools,Add your first target school,"A school list unlocks school-specific readiness, deadlines, predictions, and essays.",Add schools,in_app_readiness_surface|dashboard,redis_notification_feed|remote_push|email,profile-readiness:school-list-prompt-user-school-list-add-first:bde3729d50403544ccebff9a,SchoolListItem count > 0,,
user_prompt,ready_for_in_app_admin_delivery,f75a8ccae118bcd318fc5cd2,school-list-prompt-user-school-list-add-first,school_list,prompt-user,school_list.add_first,critical,/schools,Add your first target school,"A school list unlocks school-specific readiness, deadlines, predictions, and essays.",Add schools,in_app_readiness_surface|dashboard,redis_notification_feed|remote_push|email,profile-readiness:school-list-prompt-user-school-list-add-first:f75a8ccae118bcd318fc5cd2,SchoolListItem count > 0,,
user_prompt,ready_for_in_app_admin_delivery,6216f3543ca1643402cefaaa,school-list-prompt-user-school-list-add-first,school_list,prompt-user,school_list.add_first,critical,/schools,Add your first target school,"A school list unlocks school-specific readiness, deadlines, predictions, and essays.",Add schools,in_app_readiness_surface|dashboard,redis_notification_feed|remote_push|email,profile-readiness:school-list-prompt-user-school-list-add-first:6216f3543ca1643402cefaaa,SchoolListItem count > 0,,
user_prompt,ready_for_in_app_admin_delivery,3c09f7498dcde215688f728f,school-list-prompt-user-school-list-add-first,school_list,prompt-user,school_list.add_first,critical,/schools,Add your first target school,"A school list unlocks school-specific readiness, deadlines, predictions, and essays.",Add schools,in_app_readiness_surface|dashboard,redis_notification_feed|remote_push|email,profile-readiness:school-list-prompt-user-school-list-add-first:3c09f7498dcde215688f728f,SchoolListItem count > 0,,
user_prompt,ready_for_in_app_admin_delivery,5dfb40b1a9bf29962c92c4e0,school-list-prompt-user-school-list-add-first,school_list,prompt-user,school_list.add_first,critical,/schools,Add your first target school,"A school list unlocks school-specific readiness, deadlines, predictions, and essays.",Add schools,in_app_readiness_surface|dashboard,redis_notification_feed|remote_push|email,profile-readiness:school-list-prompt-user-school-list-add-first:5dfb40b1a9bf29962c92c4e0,SchoolListItem count > 0,,
user_prompt,ready_for_in_app_admin_delivery,96e371a4d8ab3bb87e424de2,school-list-prompt-user-school-list-add-first,school_list,prompt-user,school_list.add_first,critical,/schools,Add your first target school,"A school list unlocks school-specific readiness, deadlines, predictions, and essays.",Add schools,in_app_readiness_surface|dashboard,redis_notification_feed|remote_push|email,profile-readiness:school-list-prompt-user-school-list-add-first:96e371a4d8ab3bb87e424de2,SchoolListItem count > 0,,
user_prompt,ready_for_in_app_admin_delivery,8366ac6e15b379c3156f52a3,school-list-prompt-user-school-list-add-first,school_list,prompt-user,school_list.add_first,critical,/schools,Add your first target school,"A school list unlocks school-specific readiness, deadlines, predictions, and essays.",Add schools,in_app_readiness_surface|dashboard,redis_notification_feed|remote_push|email,profile-readiness:school-list-prompt-user-school-list-add-first:8366ac6e15b379c3156f52a3,SchoolListItem count > 0,,
user_prompt,ready_for_in_app_admin_delivery,bc2c5e715fa4b0e0b3781a97,school-list-prompt-user-school-list-add-first,school_list,prompt-user,school_list.add_first,critical,/schools,Add your first target school,"A school list unlocks school-specific readiness, deadlines, predictions, and essays.",Add schools,in_app_readiness_surface|dashboard,redis_notification_feed|remote_push|email,profile-readiness:school-list-prompt-user-school-list-add-first:bc2c5e715fa4b0e0b3781a97,SchoolListItem count > 0,,
user_prompt,ready_for_in_app_admin_delivery,46a752bfbb2e7f744530e13d,school-list-prompt-user-school-list-add-first,school_list,prompt-user,school_list.add_first,critical,/schools,Add your first target school,"A school list unlocks school-specific readiness, deadlines, predictions, and essays.",Add schools,in_app_readiness_surface|dashboard,redis_notification_feed|remote_push|email,profile-readiness:school-list-prompt-user-school-list-add-first:46a752bfbb2e7f744530e13d,SchoolListItem count > 0,,
user_prompt,ready_for_in_app_admin_delivery,9d220a4364c379c59a202cd4,school-list-prompt-user-school-list-add-first,school_list,prompt-user,school_list.add_first,critical,/schools,Add your first target school,"A school list unlocks school-specific readiness, deadlines, predictions, and essays.",Add schools,in_app_readiness_surface|dashboard,redis_notification_feed|remote_push|email,profile-readiness:school-list-prompt-user-school-list-add-first:9d220a4364c379c59a202cd4,SchoolListItem count > 0,,
user_prompt,ready_for_in_app_admin_delivery,f76c2626dd527a485a7371c8,school-list-prompt-user-school-list-add-first,school_list,prompt-user,school_list.add_first,critical,/schools,Add your first target school,"A school list unlocks school-specific readiness, deadlines, predictions, and essays.",Add schools,in_app_readiness_surface|dashboard,redis_notification_feed|remote_push|email,profile-readiness:school-list-prompt-user-school-list-add-first:f76c2626dd527a485a7371c8,SchoolListItem count > 0,,
user_prompt,ready_for_in_app_admin_delivery,7485dc85ce9c7c23100b5076,school-list-prompt-user-school-list-add-first,school_list,prompt-user,school_list.add_first,critical,/schools,Add your first target school,"A school list unlocks school-specific readiness, deadlines, predictions, and essays.",Add schools,in_app_readiness_surface|dashboard,redis_notification_feed|remote_push|email,profile-readiness:school-list-prompt-user-school-list-add-first:7485dc85ce9c7c23100b5076,SchoolListItem count > 0,,
user_prompt,ready_for_in_app_admin_delivery,493455dcf43164fdafd025ab,school-list-prompt-user-school-list-add-first,school_list,prompt-user,school_list.add_first,critical,/schools,Add your first target school,"A school list unlocks school-specific readiness, deadlines, predictions, and essays.",Add schools,in_app_readiness_surface|dashboard,redis_notification_feed|remote_push|email,profile-readiness:school-list-prompt-user-school-list-add-first:493455dcf43164fdafd025ab,SchoolListItem count > 0,,
user_prompt,ready_for_in_app_admin_delivery,d44a6faef26ba1d5222a2e39,school-list-prompt-user-school-list-add-first,school_list,prompt-user,school_list.add_first,critical,/schools,Add your first target school,"A school list unlocks school-specific readiness, deadlines, predictions, and essays.",Add schools,in_app_readiness_surface|dashboard,redis_notification_feed|remote_push|email,profile-readiness:school-list-prompt-user-school-list-add-first:d44a6faef26ba1d5222a2e39,SchoolListItem count > 0,,
user_prompt,ready_for_in_app_admin_delivery,f6cb8463a6bab81fcb529e4f,school-list-prompt-user-school-list-add-first,school_list,prompt-user,school_list.add_first,critical,/schools,Add your first target school,"A school list unlocks school-specific readiness, deadlines, predictions, and essays.",Add schools,in_app_readiness_surface|dashboard,redis_notification_feed|remote_push|email,profile-readiness:school-list-prompt-user-school-list-add-first:f6cb8463a6bab81fcb529e4f,SchoolListItem count > 0,,
user_prompt,ready_for_in_app_admin_delivery,79737e323e376db6095ff50e,school-list-prompt-user-school-list-add-first,school_list,prompt-user,school_list.add_first,critical,/schools,Add your first target school,"A school list unlocks school-specific readiness, deadlines, predictions, and essays.",Add schools,in_app_readiness_surface|dashboard,redis_notification_feed|remote_push|email,profile-readiness:school-list-prompt-user-school-list-add-first:79737e323e376db6095ff50e,SchoolListItem count > 0,,
user_prompt,ready_for_in_app_admin_delivery,7ab816c6f8d5cc286f16139a,school-list-prompt-user-school-list-add-first,school_list,prompt-user,school_list.add_first,critical,/schools,Add your first target school,"A school list unlocks school-specific readiness, deadlines, predictions, and essays.",Add schools,in_app_readiness_surface|dashboard,redis_notification_feed|remote_push|email,profile-readiness:school-list-prompt-user-school-list-add-first:7ab816c6f8d5cc286f16139a,SchoolListItem count > 0,,
user_prompt,ready_for_in_app_admin_delivery,e5c0e17ab64859b74bf6a7ce,school-list-prompt-user-school-list-add-first,school_list,prompt-user,school_list.add_first,critical,/schools,Add your first target school,"A school list unlocks school-specific readiness, deadlines, predictions, and essays.",Add schools,in_app_readiness_surface|dashboard,redis_notification_feed|remote_push|email,profile-readiness:school-list-prompt-user-school-list-add-first:e5c0e17ab64859b74bf6a7ce,SchoolListItem count > 0,,
user_prompt,ready_for_in_app_admin_delivery,499091972c7cb9710f63f1f4,school-list-prompt-user-school-list-add-first,school_list,prompt-user,school_list.add_first,critical,/schools,Add your first target school,"A school list unlocks school-specific readiness, deadlines, predictions, and essays.",Add schools,in_app_readiness_surface|dashboard,redis_notification_feed|remote_push|email,profile-readiness:school-list-prompt-user-school-list-add-first:499091972c7cb9710f63f1f4,SchoolListItem count > 0,,
user_prompt,ready_for_in_app_admin_delivery,ee9a1b7f3b9a5b8ba2b2a3ce,school-list-prompt-user-school-list-add-first,school_list,prompt-user,school_list.add_first,critical,/schools,Add your first target school,"A school list unlocks school-specific readiness, deadlines, predictions, and essays.",Add schools,in_app_readiness_surface|dashboard,redis_notification_feed|remote_push|email,profile-readiness:school-list-prompt-user-school-list-add-first:ee9a1b7f3b9a5b8ba2b2a3ce,SchoolListItem count > 0,,
user_prompt,ready_for_in_app_admin_delivery,594933ae4e120a1f1584356d,school-list-prompt-user-school-list-add-first,school_list,prompt-user,school_list.add_first,critical,/schools,Add your first target school,"A school list unlocks school-specific readiness, deadlines, predictions, and essays.",Add schools,in_app_readiness_surface|dashboard,redis_notification_feed|remote_push|email,profile-readiness:school-list-prompt-user-school-list-add-first:594933ae4e120a1f1584356d,SchoolListItem count > 0,,
user_prompt,ready_for_in_app_admin_delivery,3afd7b8036e5c1e1e5d7c845,school-list-prompt-user-school-list-add-first,school_list,prompt-user,school_list.add_first,critical,/schools,Add your first target school,"A school list unlocks school-specific readiness, deadlines, predictions, and essays.",Add schools,in_app_readiness_surface|dashboard,redis_notification_feed|remote_push|email,profile-readiness:school-list-prompt-user-school-list-add-first:3afd7b8036e5c1e1e5d7c845,SchoolListItem count > 0,,
user_prompt,ready_for_in_app_admin_delivery,d27e08ac8b20959602364ff0,school-list-prompt-user-school-list-add-first,school_list,prompt-user,school_list.add_first,critical,/schools,Add your first target school,"A school list unlocks school-specific readiness, deadlines, predictions, and essays.",Add schools,in_app_readiness_surface|dashboard,redis_notification_feed|remote_push|email,profile-readiness:school-list-prompt-user-school-list-add-first:d27e08ac8b20959602364ff0,SchoolListItem count > 0,,
user_prompt,ready_for_in_app_admin_delivery,250478f9bc807d488188e43a,school-list-prompt-user-school-list-add-first,school_list,prompt-user,school_list.add_first,critical,/schools,Add your first target school,"A school list unlocks school-specific readiness, deadlines, predictions, and essays.",Add schools,in_app_readiness_surface|dashboard,redis_notification_feed|remote_push|email,profile-readiness:school-list-prompt-user-school-list-add-first:250478f9bc807d488188e43a,SchoolListItem count > 0,,
user_prompt,ready_for_in_app_admin_delivery,eeba0a3855a48d924581623c,school-list-prompt-user-school-list-add-first,school_list,prompt-user,school_list.add_first,critical,/schools,Add your first target school,"A school list unlocks school-specific readiness, deadlines, predictions, and essays.",Add schools,in_app_readiness_surface|dashboard,redis_notification_feed|remote_push|email,profile-readiness:school-list-prompt-user-school-list-add-first:eeba0a3855a48d924581623c,SchoolListItem count > 0,,
user_prompt,ready_for_in_app_admin_delivery,e459d2836df1c0cc6c82dceb,school-list-prompt-user-school-list-add-first,school_list,prompt-user,school_list.add_first,critical,/schools,Add your first target school,"A school list unlocks school-specific readiness, deadlines, predictions, and essays.",Add schools,in_app_readiness_surface|dashboard,redis_notification_feed|remote_push|email,profile-readiness:school-list-prompt-user-school-list-add-first:e459d2836df1c0cc6c82dceb,SchoolListItem count > 0,,
user_prompt,ready_for_in_app_admin_delivery,aec864b0bd9e03013c1bd23d,school-list-prompt-user-school-list-add-first,school_list,prompt-user,school_list.add_first,critical,/schools,Add your first target school,"A school list unlocks school-specific readiness, deadlines, predictions, and essays.",Add schools,in_app_readiness_surface|dashboard,redis_notification_feed|remote_push|email,profile-readiness:school-list-prompt-user-school-list-add-first:aec864b0bd9e03013c1bd23d,SchoolListItem count > 0,,
user_prompt,ready_for_in_app_admin_delivery,540754f3060141f2b8358f73,school-list-prompt-user-school-list-add-first,school_list,prompt-user,school_list.add_first,critical,/schools,Add your first target school,"A school list unlocks school-specific readiness, deadlines, predictions, and essays.",Add schools,in_app_readiness_surface|dashboard,redis_notification_feed|remote_push|email,profile-readiness:school-list-prompt-user-school-list-add-first:540754f3060141f2b8358f73,SchoolListItem count > 0,,
user_prompt,ready_for_in_app_admin_delivery,8b9063753df9105b7b12e477,school-list-prompt-user-school-list-add-first,school_list,prompt-user,school_list.add_first,critical,/schools,Add your first target school,"A school list unlocks school-specific readiness, deadlines, predictions, and essays.",Add schools,in_app_readiness_surface|dashboard,redis_notification_feed|remote_push|email,profile-readiness:school-list-prompt-user-school-list-add-first:8b9063753df9105b7b12e477,SchoolListItem count > 0,,
user_prompt,ready_for_in_app_admin_delivery,5364f9b995e1a6efbfa9858f,school-list-prompt-user-school-list-add-first,school_list,prompt-user,school_list.add_first,critical,/schools,Add your first target school,"A school list unlocks school-specific readiness, deadlines, predictions, and essays.",Add schools,in_app_readiness_surface|dashboard,redis_notification_feed|remote_push|email,profile-readiness:school-list-prompt-user-school-list-add-first:5364f9b995e1a6efbfa9858f,SchoolListItem count > 0,,
user_prompt,ready_for_in_app_admin_delivery,9c98541c41c8d2c277251c30,school-list-prompt-user-school-list-add-first,school_list,prompt-user,school_list.add_first,critical,/schools,Add your first target school,"A school list unlocks school-specific readiness, deadlines, predictions, and essays.",Add schools,in_app_readiness_surface|dashboard,redis_notification_feed|remote_push|email,profile-readiness:school-list-prompt-user-school-list-add-first:9c98541c41c8d2c277251c30,SchoolListItem count > 0,,
user_prompt,ready_for_in_app_admin_delivery,92349fe3dedf888ceb1d3ff8,school-list-prompt-user-school-list-add-first,school_list,prompt-user,school_list.add_first,critical,/schools,Add your first target school,"A school list unlocks school-specific readiness, deadlines, predictions, and essays.",Add schools,in_app_readiness_surface|dashboard,redis_notification_feed|remote_push|email,profile-readiness:school-list-prompt-user-school-list-add-first:92349fe3dedf888ceb1d3ff8,SchoolListItem count > 0,,
user_prompt,ready_for_in_app_admin_delivery,f811873eb9c4893968cd0bf6,school-list-prompt-user-school-list-add-first,school_list,prompt-user,school_list.add_first,critical,/schools,Add your first target school,"A school list unlocks school-specific readiness, deadlines, predictions, and essays.",Add schools,in_app_readiness_surface|dashboard,redis_notification_feed|remote_push|email,profile-readiness:school-list-prompt-user-school-list-add-first:f811873eb9c4893968cd0bf6,SchoolListItem count > 0,,
user_prompt,ready_for_in_app_admin_delivery,76428c0bc12e5f8a82059c87,school-list-prompt-user-school-list-add-first,school_list,prompt-user,school_list.add_first,critical,/schools,Add your first target school,"A school list unlocks school-specific readiness, deadlines, predictions, and essays.",Add schools,in_app_readiness_surface|dashboard,redis_notification_feed|remote_push|email,profile-readiness:school-list-prompt-user-school-list-add-first:76428c0bc12e5f8a82059c87,SchoolListItem count > 0,,
user_prompt,ready_for_in_app_admin_delivery,38513449c80d8608d453d1a8,school-list-prompt-user-school-list-add-first,school_list,prompt-user,school_list.add_first,critical,/schools,Add your first target school,"A school list unlocks school-specific readiness, deadlines, predictions, and essays.",Add schools,in_app_readiness_surface|dashboard,redis_notification_feed|remote_push|email,profile-readiness:school-list-prompt-user-school-list-add-first:38513449c80d8608d453d1a8,SchoolListItem count > 0,,
user_prompt,ready_for_in_app_admin_delivery,708ca028a5ed9809c9b06bac,school-list-prompt-user-school-list-add-first,school_list,prompt-user,school_list.add_first,critical,/schools,Add your first target school,"A school list unlocks school-specific readiness, deadlines, predictions, and essays.",Add schools,in_app_readiness_surface|dashboard,redis_notification_feed|remote_push|email,profile-readiness:school-list-prompt-user-school-list-add-first:708ca028a5ed9809c9b06bac,SchoolListItem count > 0,,
user_prompt,ready_for_in_app_admin_delivery,c2a7e031b5c8c4fbb8009d27,school-list-prompt-user-school-list-add-first,school_list,prompt-user,school_list.add_first,critical,/schools,Add your first target school,"A school list unlocks school-specific readiness, deadlines, predictions, and essays.",Add schools,in_app_readiness_surface|dashboard,redis_notification_feed|remote_push|email,profile-readiness:school-list-prompt-user-school-list-add-first:c2a7e031b5c8c4fbb8009d27,SchoolListItem count > 0,,
user_prompt,ready_for_in_app_admin_delivery,0e0218d4eec178ae14d0895a,school-list-prompt-user-school-list-add-first,school_list,prompt-user,school_list.add_first,critical,/schools,Add your first target school,"A school list unlocks school-specific readiness, deadlines, predictions, and essays.",Add schools,in_app_readiness_surface|dashboard,redis_notification_feed|remote_push|email,profile-readiness:school-list-prompt-user-school-list-add-first:0e0218d4eec178ae14d0895a,SchoolListItem count > 0,,
user_prompt,ready_for_in_app_admin_delivery,2d361e3c8b12cd5dc12f9b4c,school-list-prompt-user-school-list-add-first,school_list,prompt-user,school_list.add_first,critical,/schools,Add your first target school,"A school list unlocks school-specific readiness, deadlines, predictions, and essays.",Add schools,in_app_readiness_surface|dashboard,redis_notification_feed|remote_push|email,profile-readiness:school-list-prompt-user-school-list-add-first:2d361e3c8b12cd5dc12f9b4c,SchoolListItem count > 0,,
user_prompt,ready_for_in_app_admin_delivery,289345ad1b8f6120174beca6,school-list-prompt-user-school-list-add-first,school_list,prompt-user,school_list.add_first,critical,/schools,Add your first target school,"A school list unlocks school-specific readiness, deadlines, predictions, and essays.",Add schools,in_app_readiness_surface|dashboard,redis_notification_feed|remote_push|email,profile-readiness:school-list-prompt-user-school-list-add-first:289345ad1b8f6120174beca6,SchoolListItem count > 0,,
user_prompt,ready_for_in_app_admin_delivery,658c551b01997776794f7117,school-list-prompt-user-school-list-add-first,school_list,prompt-user,school_list.add_first,critical,/schools,Add your first target school,"A school list unlocks school-specific readiness, deadlines, predictions, and essays.",Add schools,in_app_readiness_surface|dashboard,redis_notification_feed|remote_push|email,profile-readiness:school-list-prompt-user-school-list-add-first:658c551b01997776794f7117,SchoolListItem count > 0,,
user_prompt,ready_for_in_app_admin_delivery,245f4ae153eb6bf549ffa449,school-list-prompt-user-school-list-add-first,school_list,prompt-user,school_list.add_first,critical,/schools,Add your first target school,"A school list unlocks school-specific readiness, deadlines, predictions, and essays.",Add schools,in_app_readiness_surface|dashboard,redis_notification_feed|remote_push|email,profile-readiness:school-list-prompt-user-school-list-add-first:245f4ae153eb6bf549ffa449,SchoolListItem count > 0,,
user_prompt,ready_for_in_app_admin_delivery,b0bb1e7f7e6c5ca36c495b28,school-list-prompt-user-school-list-add-first,school_list,prompt-user,school_list.add_first,critical,/schools,Add your first target school,"A school list unlocks school-specific readiness, deadlines, predictions, and essays.",Add schools,in_app_readiness_surface|dashboard,redis_notification_feed|remote_push|email,profile-readiness:school-list-prompt-user-school-list-add-first:b0bb1e7f7e6c5ca36c495b28,SchoolListItem count > 0,,
user_prompt,ready_for_in_app_admin_delivery,789fa80ec8187b8e6d87972e,school-list-prompt-user-school-list-add-first,school_list,prompt-user,school_list.add_first,critical,/schools,Add your first target school,"A school list unlocks school-specific readiness, deadlines, predictions, and essays.",Add schools,in_app_readiness_surface|dashboard,redis_notification_feed|remote_push|email,profile-readiness:school-list-prompt-user-school-list-add-first:789fa80ec8187b8e6d87972e,SchoolListItem count > 0,,
user_prompt,ready_for_in_app_admin_delivery,c8789c9b521d45030a2fb844,school-list-prompt-user-school-list-add-first,school_list,prompt-user,school_list.add_first,critical,/schools,Add your first target school,"A school list unlocks school-specific readiness, deadlines, predictions, and essays.",Add schools,in_app_readiness_surface|dashboard,redis_notification_feed|remote_push|email,profile-readiness:school-list-prompt-user-school-list-add-first:c8789c9b521d45030a2fb844,SchoolListItem count > 0,,
user_prompt,ready_for_in_app_admin_delivery,047fbb2b1257b6188c1c338e,school-list-prompt-user-school-list-add-first,school_list,prompt-user,school_list.add_first,critical,/schools,Add your first target school,"A school list unlocks school-specific readiness, deadlines, predictions, and essays.",Add schools,in_app_readiness_surface|dashboard,redis_notification_feed|remote_push|email,profile-readiness:school-list-prompt-user-school-list-add-first:047fbb2b1257b6188c1c338e,SchoolListItem count > 0,,
user_prompt,ready_for_in_app_admin_delivery,9a17753b6f92c305cf1d00e6,school-list-prompt-user-school-list-add-first,school_list,prompt-user,school_list.add_first,critical,/schools,Add your first target school,"A school list unlocks school-specific readiness, deadlines, predictions, and essays.",Add schools,in_app_readiness_surface|dashboard,redis_notification_feed|remote_push|email,profile-readiness:school-list-prompt-user-school-list-add-first:9a17753b6f92c305cf1d00e6,SchoolListItem count > 0,,
user_prompt,ready_for_in_app_admin_delivery,00e1f822258b7e9c7710824d,school-list-prompt-user-school-list-add-first,school_list,prompt-user,school_list.add_first,critical,/schools,Add your first target school,"A school list unlocks school-specific readiness, deadlines, predictions, and essays.",Add schools,in_app_readiness_surface|dashboard,redis_notification_feed|remote_push|email,profile-readiness:school-list-prompt-user-school-list-add-first:00e1f822258b7e9c7710824d,SchoolListItem count > 0,,
user_prompt,ready_for_in_app_admin_delivery,681f630e1598a0f84dfbdad9,school-list-prompt-user-school-list-add-first,school_list,prompt-user,school_list.add_first,critical,/schools,Add your first target school,"A school list unlocks school-specific readiness, deadlines, predictions, and essays.",Add schools,in_app_readiness_surface|dashboard,redis_notification_feed|remote_push|email,profile-readiness:school-list-prompt-user-school-list-add-first:681f630e1598a0f84dfbdad9,SchoolListItem count > 0,,
user_prompt,ready_for_in_app_admin_delivery,3db5a85c977720262ae3558c,school-list-prompt-user-school-list-add-first,school_list,prompt-user,school_list.add_first,critical,/schools,Add your first target school,"A school list unlocks school-specific readiness, deadlines, predictions, and essays.",Add schools,in_app_readiness_surface|dashboard,redis_notification_feed|remote_push|email,profile-readiness:school-list-prompt-user-school-list-add-first:3db5a85c977720262ae3558c,SchoolListItem count > 0,,
user_prompt,ready_for_in_app_admin_delivery,cad09eb9c12777a1903efa82,school-list-prompt-user-school-list-add-first,school_list,prompt-user,school_list.add_first,critical,/schools,Add your first target school,"A school list unlocks school-specific readiness, deadlines, predictions, and essays.",Add schools,in_app_readiness_surface|dashboard,redis_notification_feed|remote_push|email,profile-readiness:school-list-prompt-user-school-list-add-first:cad09eb9c12777a1903efa82,SchoolListItem count > 0,,
user_prompt,ready_for_in_app_admin_delivery,5de8dd131d908be3f8be7a2d,school-list-prompt-user-school-list-add-first,school_list,prompt-user,school_list.add_first,critical,/schools,Add your first target school,"A school list unlocks school-specific readiness, deadlines, predictions, and essays.",Add schools,in_app_readiness_surface|dashboard,redis_notification_feed|remote_push|email,profile-readiness:school-list-prompt-user-school-list-add-first:5de8dd131d908be3f8be7a2d,SchoolListItem count > 0,,
user_prompt,ready_for_in_app_admin_delivery,a59059c654235239f0a6c65f,school-list-prompt-user-school-list-add-first,school_list,prompt-user,school_list.add_first,critical,/schools,Add your first target school,"A school list unlocks school-specific readiness, deadlines, predictions, and essays.",Add schools,in_app_readiness_surface|dashboard,redis_notification_feed|remote_push|email,profile-readiness:school-list-prompt-user-school-list-add-first:a59059c654235239f0a6c65f,SchoolListItem count > 0,,
user_prompt,ready_for_in_app_admin_delivery,a9f610abf63d7843a44ff565,school-list-prompt-user-school-list-add-first,school_list,prompt-user,school_list.add_first,critical,/schools,Add your first target school,"A school list unlocks school-specific readiness, deadlines, predictions, and essays.",Add schools,in_app_readiness_surface|dashboard,redis_notification_feed|remote_push|email,profile-readiness:school-list-prompt-user-school-list-add-first:a9f610abf63d7843a44ff565,SchoolListItem count > 0,,
user_prompt,ready_for_in_app_admin_delivery,938e10d6b09fbb6b6b230e4e,school-list-prompt-user-school-list-add-first,school_list,prompt-user,school_list.add_first,critical,/schools,Add your first target school,"A school list unlocks school-specific readiness, deadlines, predictions, and essays.",Add schools,in_app_readiness_surface|dashboard,redis_notification_feed|remote_push|email,profile-readiness:school-list-prompt-user-school-list-add-first:938e10d6b09fbb6b6b230e4e,SchoolListItem count > 0,,
user_prompt,ready_for_in_app_admin_delivery,a8615f48d9550a80dc5627ea,school-list-prompt-user-school-list-add-first,school_list,prompt-user,school_list.add_first,critical,/schools,Add your first target school,"A school list unlocks school-specific readiness, deadlines, predictions, and essays.",Add schools,in_app_readiness_surface|dashboard,redis_notification_feed|remote_push|email,profile-readiness:school-list-prompt-user-school-list-add-first:a8615f48d9550a80dc5627ea,SchoolListItem count > 0,,
user_prompt,ready_for_in_app_admin_delivery,5fc2b5b85c0ba89f9ac12c27,school-list-prompt-user-school-list-add-first,school_list,prompt-user,school_list.add_first,critical,/schools,Add your first target school,"A school list unlocks school-specific readiness, deadlines, predictions, and essays.",Add schools,in_app_readiness_surface|dashboard,redis_notification_feed|remote_push|email,profile-readiness:school-list-prompt-user-school-list-add-first:5fc2b5b85c0ba89f9ac12c27,SchoolListItem count > 0,,
user_prompt,ready_for_in_app_admin_delivery,23525cc368de8b7e63422191,school-list-prompt-user-school-list-add-first,school_list,prompt-user,school_list.add_first,critical,/schools,Add your first target school,"A school list unlocks school-specific readiness, deadlines, predictions, and essays.",Add schools,in_app_readiness_surface|dashboard,redis_notification_feed|remote_push|email,profile-readiness:school-list-prompt-user-school-list-add-first:23525cc368de8b7e63422191,SchoolListItem count > 0,,
user_prompt,ready_for_in_app_admin_delivery,e9e452388d9c685c51e9a2c9,school-list-prompt-user-school-list-add-first,school_list,prompt-user,school_list.add_first,critical,/schools,Add your first target school,"A school list unlocks school-specific readiness, deadlines, predictions, and essays.",Add schools,in_app_readiness_surface|dashboard,redis_notification_feed|remote_push|email,profile-readiness:school-list-prompt-user-school-list-add-first:e9e452388d9c685c51e9a2c9,SchoolListItem count > 0,,
user_prompt,ready_for_in_app_admin_delivery,6527db866ca438e56f6b6c07,school-list-prompt-user-school-list-add-first,school_list,prompt-user,school_list.add_first,critical,/schools,Add your first target school,"A school list unlocks school-specific readiness, deadlines, predictions, and essays.",Add schools,in_app_readiness_surface|dashboard,redis_notification_feed|remote_push|email,profile-readiness:school-list-prompt-user-school-list-add-first:6527db866ca438e56f6b6c07,SchoolListItem count > 0,,
user_prompt,ready_for_in_app_admin_delivery,a3765184683ddbf1a3263f80,school-list-prompt-user-school-list-add-first,school_list,prompt-user,school_list.add_first,critical,/schools,Add your first target school,"A school list unlocks school-specific readiness, deadlines, predictions, and essays.",Add schools,in_app_readiness_surface|dashboard,redis_notification_feed|remote_push|email,profile-readiness:school-list-prompt-user-school-list-add-first:a3765184683ddbf1a3263f80,SchoolListItem count > 0,,
user_prompt,ready_for_in_app_admin_delivery,0984f97b4c9e411ae688c719,school-list-prompt-user-school-list-add-first,school_list,prompt-user,school_list.add_first,critical,/schools,Add your first target school,"A school list unlocks school-specific readiness, deadlines, predictions, and essays.",Add schools,in_app_readiness_surface|dashboard,redis_notification_feed|remote_push|email,profile-readiness:school-list-prompt-user-school-list-add-first:0984f97b4c9e411ae688c719,SchoolListItem count > 0,,
user_prompt,ready_for_in_app_admin_delivery,d2dfa091194b4b601fd93a2f,school-list-prompt-user-school-list-add-first,school_list,prompt-user,school_list.add_first,critical,/schools,Add your first target school,"A school list unlocks school-specific readiness, deadlines, predictions, and essays.",Add schools,in_app_readiness_surface|dashboard,redis_notification_feed|remote_push|email,profile-readiness:school-list-prompt-user-school-list-add-first:d2dfa091194b4b601fd93a2f,SchoolListItem count > 0,,
user_prompt,ready_for_in_app_admin_delivery,3f67df57cfda6fa11994c000,school-list-prompt-user-school-list-add-first,school_list,prompt-user,school_list.add_first,critical,/schools,Add your first target school,"A school list unlocks school-specific readiness, deadlines, predictions, and essays.",Add schools,in_app_readiness_surface|dashboard,redis_notification_feed|remote_push|email,profile-readiness:school-list-prompt-user-school-list-add-first:3f67df57cfda6fa11994c000,SchoolListItem count > 0,,
user_prompt,ready_for_in_app_admin_delivery,2cdd1d6c37e7b4e60206872e,school-list-prompt-user-school-list-add-first,school_list,prompt-user,school_list.add_first,critical,/schools,Add your first target school,"A school list unlocks school-specific readiness, deadlines, predictions, and essays.",Add schools,in_app_readiness_surface|dashboard,redis_notification_feed|remote_push|email,profile-readiness:school-list-prompt-user-school-list-add-first:2cdd1d6c37e7b4e60206872e,SchoolListItem count > 0,,
user_prompt,ready_for_in_app_admin_delivery,282b8d78bc025cdab396c69a,school-list-prompt-user-school-list-add-first,school_list,prompt-user,school_list.add_first,critical,/schools,Add your first target school,"A school list unlocks school-specific readiness, deadlines, predictions, and essays.",Add schools,in_app_readiness_surface|dashboard,redis_notification_feed|remote_push|email,profile-readiness:school-list-prompt-user-school-list-add-first:282b8d78bc025cdab396c69a,SchoolListItem count > 0,,
user_prompt,ready_for_in_app_admin_delivery,1866a2d45ee8d3a871ad2e71,school-list-prompt-user-school-list-add-first,school_list,prompt-user,school_list.add_first,critical,/schools,Add your first target school,"A school list unlocks school-specific readiness, deadlines, predictions, and essays.",Add schools,in_app_readiness_surface|dashboard,redis_notification_feed|remote_push|email,profile-readiness:school-list-prompt-user-school-list-add-first:1866a2d45ee8d3a871ad2e71,SchoolListItem count > 0,,
user_prompt,ready_for_in_app_admin_delivery,4b7e1334a900ac684d603b62,school-list-prompt-user-school-list-add-first,school_list,prompt-user,school_list.add_first,critical,/schools,Add your first target school,"A school list unlocks school-specific readiness, deadlines, predictions, and essays.",Add schools,in_app_readiness_surface|dashboard,redis_notification_feed|remote_push|email,profile-readiness:school-list-prompt-user-school-list-add-first:4b7e1334a900ac684d603b62,SchoolListItem count > 0,,
user_prompt,ready_for_in_app_admin_delivery,2e6cda3073191443688cd586,school-list-prompt-user-school-list-add-first,school_list,prompt-user,school_list.add_first,critical,/schools,Add your first target school,"A school list unlocks school-specific readiness, deadlines, predictions, and essays.",Add schools,in_app_readiness_surface|dashboard,redis_notification_feed|remote_push|email,profile-readiness:school-list-prompt-user-school-list-add-first:2e6cda3073191443688cd586,SchoolListItem count > 0,,
user_prompt,ready_for_in_app_admin_delivery,36ed3d17c59c821773e09ca1,school-list-prompt-user-school-list-add-first,school_list,prompt-user,school_list.add_first,critical,/schools,Add your first target school,"A school list unlocks school-specific readiness, deadlines, predictions, and essays.",Add schools,in_app_readiness_surface|dashboard,redis_notification_feed|remote_push|email,profile-readiness:school-list-prompt-user-school-list-add-first:36ed3d17c59c821773e09ca1,SchoolListItem count > 0,,
user_prompt,ready_for_in_app_admin_delivery,10f66e162b2a7d95bc50da70,school-list-prompt-user-school-list-add-first,school_list,prompt-user,school_list.add_first,critical,/schools,Add your first target school,"A school list unlocks school-specific readiness, deadlines, predictions, and essays.",Add schools,in_app_readiness_surface|dashboard,redis_notification_feed|remote_push|email,profile-readiness:school-list-prompt-user-school-list-add-first:10f66e162b2a7d95bc50da70,SchoolListItem count > 0,,
user_prompt,ready_for_in_app_admin_delivery,d418c7bf3670b6453a63d813,school-list-prompt-user-school-list-add-first,school_list,prompt-user,school_list.add_first,critical,/schools,Add your first target school,"A school list unlocks school-specific readiness, deadlines, predictions, and essays.",Add schools,in_app_readiness_surface|dashboard,redis_notification_feed|remote_push|email,profile-readiness:school-list-prompt-user-school-list-add-first:d418c7bf3670b6453a63d813,SchoolListItem count > 0,,
user_prompt,ready_for_in_app_admin_delivery,df6d2abb27451f5fa1dc8379,school-list-prompt-user-school-list-add-first,school_list,prompt-user,school_list.add_first,critical,/schools,Add your first target school,"A school list unlocks school-specific readiness, deadlines, predictions, and essays.",Add schools,in_app_readiness_surface|dashboard,redis_notification_feed|remote_push|email,profile-readiness:school-list-prompt-user-school-list-add-first:df6d2abb27451f5fa1dc8379,SchoolListItem count > 0,,
user_prompt,ready_for_in_app_admin_delivery,4c30c695722622a47cc1a82e,school-list-prompt-user-school-list-add-first,school_list,prompt-user,school_list.add_first,critical,/schools,Add your first target school,"A school list unlocks school-specific readiness, deadlines, predictions, and essays.",Add schools,in_app_readiness_surface|dashboard,redis_notification_feed|remote_push|email,profile-readiness:school-list-prompt-user-school-list-add-first:4c30c695722622a47cc1a82e,SchoolListItem count > 0,,
user_prompt,ready_for_in_app_admin_delivery,fabb30faa4f6f41348116c7e,school-list-prompt-user-school-list-add-first,school_list,prompt-user,school_list.add_first,critical,/schools,Add your first target school,"A school list unlocks school-specific readiness, deadlines, predictions, and essays.",Add schools,in_app_readiness_surface|dashboard,redis_notification_feed|remote_push|email,profile-readiness:school-list-prompt-user-school-list-add-first:fabb30faa4f6f41348116c7e,SchoolListItem count > 0,,
user_prompt,ready_for_in_app_admin_delivery,9f540ba4a720667a80bf9f98,school-list-prompt-user-school-list-add-first,school_list,prompt-user,school_list.add_first,critical,/schools,Add your first target school,"A school list unlocks school-specific readiness, deadlines, predictions, and essays.",Add schools,in_app_readiness_surface|dashboard,redis_notification_feed|remote_push|email,profile-readiness:school-list-prompt-user-school-list-add-first:9f540ba4a720667a80bf9f98,SchoolListItem count > 0,,
user_prompt,ready_for_in_app_admin_delivery,a90bde0a302d98c0ecd110eb,school-list-prompt-user-school-list-add-first,school_list,prompt-user,school_list.add_first,critical,/schools,Add your first target school,"A school list unlocks school-specific readiness, deadlines, predictions, and essays.",Add schools,in_app_readiness_surface|dashboard,redis_notification_feed|remote_push|email,profile-readiness:school-list-prompt-user-school-list-add-first:a90bde0a302d98c0ecd110eb,SchoolListItem count > 0,,
user_prompt,ready_for_in_app_admin_delivery,576ad17c7ef49e92e56c56f4,school-list-prompt-user-school-list-add-first,school_list,prompt-user,school_list.add_first,critical,/schools,Add your first target school,"A school list unlocks school-specific readiness, deadlines, predictions, and essays.",Add schools,in_app_readiness_surface|dashboard,redis_notification_feed|remote_push|email,profile-readiness:school-list-prompt-user-school-list-add-first:576ad17c7ef49e92e56c56f4,SchoolListItem count > 0,,
user_prompt,ready_for_in_app_admin_delivery,d0a6c2932159a68b1829944a,school-list-prompt-user-school-list-add-first,school_list,prompt-user,school_list.add_first,critical,/schools,Add your first target school,"A school list unlocks school-specific readiness, deadlines, predictions, and essays.",Add schools,in_app_readiness_surface|dashboard,redis_notification_feed|remote_push|email,profile-readiness:school-list-prompt-user-school-list-add-first:d0a6c2932159a68b1829944a,SchoolListItem count > 0,,
user_prompt,ready_for_in_app_admin_delivery,09b0d988d0b0c1669bd07bb5,school-list-prompt-user-school-list-add-first,school_list,prompt-user,school_list.add_first,critical,/schools,Add your first target school,"A school list unlocks school-specific readiness, deadlines, predictions, and essays.",Add schools,in_app_readiness_surface|dashboard,redis_notification_feed|remote_push|email,profile-readiness:school-list-prompt-user-school-list-add-first:09b0d988d0b0c1669bd07bb5,SchoolListItem count > 0,,
user_prompt,ready_for_in_app_admin_delivery,18bdef37a4018bbe19cbf58b,school-list-prompt-user-school-list-add-first,school_list,prompt-user,school_list.add_first,critical,/schools,Add your first target school,"A school list unlocks school-specific readiness, deadlines, predictions, and essays.",Add schools,in_app_readiness_surface|dashboard,redis_notification_feed|remote_push|email,profile-readiness:school-list-prompt-user-school-list-add-first:18bdef37a4018bbe19cbf58b,SchoolListItem count > 0,,
user_prompt,ready_for_in_app_admin_delivery,6486146070efd5bc9be34f72,school-list-prompt-user-school-list-add-first,school_list,prompt-user,school_list.add_first,critical,/schools,Add your first target school,"A school list unlocks school-specific readiness, deadlines, predictions, and essays.",Add schools,in_app_readiness_surface|dashboard,redis_notification_feed|remote_push|email,profile-readiness:school-list-prompt-user-school-list-add-first:6486146070efd5bc9be34f72,SchoolListItem count > 0,,
user_prompt,ready_for_in_app_admin_delivery,91aded673af60a06a5d6a4f1,school-list-prompt-user-school-list-add-first,school_list,prompt-user,school_list.add_first,critical,/schools,Add your first target school,"A school list unlocks school-specific readiness, deadlines, predictions, and essays.",Add schools,in_app_readiness_surface|dashboard,redis_notification_feed|remote_push|email,profile-readiness:school-list-prompt-user-school-list-add-first:91aded673af60a06a5d6a4f1,SchoolListItem count > 0,,
user_prompt,ready_for_in_app_admin_delivery,0e240658b0ed5ddc5ddac053,school-list-prompt-user-school-list-add-first,school_list,prompt-user,school_list.add_first,critical,/schools,Add your first target school,"A school list unlocks school-specific readiness, deadlines, predictions, and essays.",Add schools,in_app_readiness_surface|dashboard,redis_notification_feed|remote_push|email,profile-readiness:school-list-prompt-user-school-list-add-first:0e240658b0ed5ddc5ddac053,SchoolListItem count > 0,,
user_prompt,ready_for_in_app_admin_delivery,160fbb2e25a95bb3f9eced86,school-list-prompt-user-school-list-add-first,school_list,prompt-user,school_list.add_first,critical,/schools,Add your first target school,"A school list unlocks school-specific readiness, deadlines, predictions, and essays.",Add schools,in_app_readiness_surface|dashboard,redis_notification_feed|remote_push|email,profile-readiness:school-list-prompt-user-school-list-add-first:160fbb2e25a95bb3f9eced86,SchoolListItem count > 0,,
user_prompt,ready_for_in_app_admin_delivery,ddf064cfc49aa62c9d8707cc,school-list-prompt-user-school-list-add-first,school_list,prompt-user,school_list.add_first,critical,/schools,Add your first target school,"A school list unlocks school-specific readiness, deadlines, predictions, and essays.",Add schools,in_app_readiness_surface|dashboard,redis_notification_feed|remote_push|email,profile-readiness:school-list-prompt-user-school-list-add-first:ddf064cfc49aa62c9d8707cc,SchoolListItem count > 0,,
user_prompt,ready_for_in_app_admin_delivery,a790099ccfefc40ce8696476,school-list-prompt-user-school-list-add-first,school_list,prompt-user,school_list.add_first,critical,/schools,Add your first target school,"A school list unlocks school-specific readiness, deadlines, predictions, and essays.",Add schools,in_app_readiness_surface|dashboard,redis_notification_feed|remote_push|email,profile-readiness:school-list-prompt-user-school-list-add-first:a790099ccfefc40ce8696476,SchoolListItem count > 0,,
user_prompt,ready_for_in_app_admin_delivery,e05394e22942d705c03859bd,school-list-prompt-user-school-list-add-first,school_list,prompt-user,school_list.add_first,critical,/schools,Add your first target school,"A school list unlocks school-specific readiness, deadlines, predictions, and essays.",Add schools,in_app_readiness_surface|dashboard,redis_notification_feed|remote_push|email,profile-readiness:school-list-prompt-user-school-list-add-first:e05394e22942d705c03859bd,SchoolListItem count > 0,,
user_prompt,ready_for_in_app_admin_delivery,a995021d6a20228df7f3d2c7,school-list-prompt-user-school-list-add-first,school_list,prompt-user,school_list.add_first,critical,/schools,Add your first target school,"A school list unlocks school-specific readiness, deadlines, predictions, and essays.",Add schools,in_app_readiness_surface|dashboard,redis_notification_feed|remote_push|email,profile-readiness:school-list-prompt-user-school-list-add-first:a995021d6a20228df7f3d2c7,SchoolListItem count > 0,,
user_prompt,ready_for_in_app_admin_delivery,33a18bd87c4167c2d25c8f80,school-list-prompt-user-school-list-add-first,school_list,prompt-user,school_list.add_first,critical,/schools,Add your first target school,"A school list unlocks school-specific readiness, deadlines, predictions, and essays.",Add schools,in_app_readiness_surface|dashboard,redis_notification_feed|remote_push|email,profile-readiness:school-list-prompt-user-school-list-add-first:33a18bd87c4167c2d25c8f80,SchoolListItem count > 0,,
user_prompt,ready_for_in_app_admin_delivery,2000da6ed500774c6aea6a3f,school-list-prompt-user-school-list-add-first,school_list,prompt-user,school_list.add_first,critical,/schools,Add your first target school,"A school list unlocks school-specific readiness, deadlines, predictions, and essays.",Add schools,in_app_readiness_surface|dashboard,redis_notification_feed|remote_push|email,profile-readiness:school-list-prompt-user-school-list-add-first:2000da6ed500774c6aea6a3f,SchoolListItem count > 0,,
user_prompt,ready_for_in_app_admin_delivery,62e20c0d2922ccd5833fc157,school-list-prompt-user-school-list-add-first,school_list,prompt-user,school_list.add_first,critical,/schools,Add your first target school,"A school list unlocks school-specific readiness, deadlines, predictions, and essays.",Add schools,in_app_readiness_surface|dashboard,redis_notification_feed|remote_push|email,profile-readiness:school-list-prompt-user-school-list-add-first:62e20c0d2922ccd5833fc157,SchoolListItem count > 0,,
user_prompt,ready_for_in_app_admin_delivery,7f3e88c6566d0a0a68d15f41,school-list-prompt-user-school-list-add-first,school_list,prompt-user,school_list.add_first,critical,/schools,Add your first target school,"A school list unlocks school-specific readiness, deadlines, predictions, and essays.",Add schools,in_app_readiness_surface|dashboard,redis_notification_feed|remote_push|email,profile-readiness:school-list-prompt-user-school-list-add-first:7f3e88c6566d0a0a68d15f41,SchoolListItem count > 0,,
user_prompt,ready_for_in_app_admin_delivery,3f93bbee58f8299dcd02e13c,school-list-prompt-user-school-list-add-first,school_list,prompt-user,school_list.add_first,critical,/schools,Add your first target school,"A school list unlocks school-specific readiness, deadlines, predictions, and essays.",Add schools,in_app_readiness_surface|dashboard,redis_notification_feed|remote_push|email,profile-readiness:school-list-prompt-user-school-list-add-first:3f93bbee58f8299dcd02e13c,SchoolListItem count > 0,,
system_generation,ready_for_system_generation,12621386061ae4d2da4997fd,application-analysis-run-prediction-application-analysis-predictions-required,application_analysis,run-prediction,application_analysis.predictions_required,warning,/prediction,,,,admin_queue,redis_notification_feed|remote_push|email,,Fresh authoritative prediction exists for selected schools,,
operator_review,ready_for_operator_review,a2f55545fca8f7f659477f4c,deadline-review-deadline-source-deadline-round-missing,deadline,review-deadline-source,deadline.round_missing,warning,/timeline,,,,admin_queue,redis_notification_feed|remote_push|email,,Deadline evidence confirms the selected school round,cmn1htkpe0010vqf2xzzjz779,University of Illinois Urbana-Champaign
operator_review,ready_for_operator_review,6e0d22223b9fe7404d8768fa,deadline-review-deadline-source-deadline-round-missing,deadline,review-deadline-source,deadline.round_missing,warning,/timeline,,,,admin_queue,redis_notification_feed|remote_push|email,,Deadline evidence confirms the selected school round,cmn1htknv000evqf29yjvrstt,"University of California, Berkeley"
system_generation,ready_for_system_generation,12621386061ae4d2da4997fd,prediction-run-prediction-prediction-missing,prediction,run-prediction,prediction.missing,warning,/prediction,,,,admin_queue,redis_notification_feed|remote_push|email,,Fresh authoritative prediction exists for selected schools,cmn1htknv000evqf29yjvrstt,"University of California, Berkeley"
system_generation,ready_for_system_generation,12621386061ae4d2da4997fd,prediction-run-prediction-prediction-missing,prediction,run-prediction,prediction.missing,warning,/prediction,,,,admin_queue,redis_notification_feed|remote_push|email,,Fresh authoritative prediction exists for selected schools,cmn1htkny000fvqf2jlmz8ej1,"University of California, Los Angeles"
system_generation,ready_for_system_generation,12621386061ae4d2da4997fd,prediction-run-prediction-prediction-missing,prediction,run-prediction,prediction.missing,warning,/prediction,,,,admin_queue,redis_notification_feed|remote_push|email,,Fresh authoritative prediction exists for selected schools,cmn1htkou000svqf2356l4yfj,"University of California, San Diego"
system_generation,ready_for_system_generation,12621386061ae4d2da4997fd,prediction-run-prediction-prediction-missing,prediction,run-prediction,prediction.missing,warning,/prediction,,,,admin_queue,redis_notification_feed|remote_push|email,,Fresh authoritative prediction exists for selected schools,cmn1htkor000rvqf282ibd6kz,"University of California, Davis"
system_generation,ready_for_system_generation,12621386061ae4d2da4997fd,prediction-run-prediction-prediction-missing,prediction,run-prediction,prediction.missing,warning,/prediction,,,,admin_queue,redis_notification_feed|remote_push|email,,Fresh authoritative prediction exists for selected schools,cmn1htkpb000zvqf2645ltfg6,"University of California, Santa Barbara"
user_prompt,ready_for_in_app_admin_delivery,802483c05fc63b56d5113074,profile-prompt-user-profile-activities,profile,prompt-user,profile.activities,warning,/profile?tab=activities,Add activities,Activities make profile analysis and school fit less generic.,Add activities,in_app_readiness_surface|dashboard,redis_notification_feed|remote_push|email,profile-readiness:profile-prompt-user-profile-activities:802483c05fc63b56d5113074,User has at least one activity row,,
user_prompt,ready_for_in_app_admin_delivery,ac0b7ebf3137a6b7af99d582,profile-prompt-user-profile-activities,profile,prompt-user,profile.activities,warning,/profile?tab=activities,Add activities,Activities make profile analysis and school fit less generic.,Add activities,in_app_readiness_surface|dashboard,redis_notification_feed|remote_push|email,profile-readiness:profile-prompt-user-profile-activities:ac0b7ebf3137a6b7af99d582,User has at least one activity row,,
user_prompt,ready_for_in_app_admin_delivery,035afbe63d4a9d1d9f332693,profile-prompt-user-profile-activities,profile,prompt-user,profile.activities,warning,/profile?tab=activities,Add activities,Activities make profile analysis and school fit less generic.,Add activities,in_app_readiness_surface|dashboard,redis_notification_feed|remote_push|email,profile-readiness:profile-prompt-user-profile-activities:035afbe63d4a9d1d9f332693,User has at least one activity row,,
user_prompt,ready_for_in_app_admin_delivery,fef3b25574072f4313df5e9c,profile-prompt-user-profile-activities,profile,prompt-user,profile.activities,warning,/profile?tab=activities,Add activities,Activities make profile analysis and school fit less generic.,Add activities,in_app_readiness_surface|dashboard,redis_notification_feed|remote_push|email,profile-readiness:profile-prompt-user-profile-activities:fef3b25574072f4313df5e9c,User has at least one activity row,,
user_prompt,ready_for_in_app_admin_delivery,4a8a9364139ccecaa6673095,profile-prompt-user-profile-activities,profile,prompt-user,profile.activities,warning,/profile?tab=activities,Add activities,Activities make profile analysis and school fit less generic.,Add activities,in_app_readiness_surface|dashboard,redis_notification_feed|remote_push|email,profile-readiness:profile-prompt-user-profile-activities:4a8a9364139ccecaa6673095,User has at least one activity row,,
user_prompt,ready_for_in_app_admin_delivery,fdac0aac949da6fd1ae3920c,profile-prompt-user-profile-activities,profile,prompt-user,profile.activities,warning,/profile?tab=activities,Add activities,Activities make profile analysis and school fit less generic.,Add activities,in_app_readiness_surface|dashboard,redis_notification_feed|remote_push|email,profile-readiness:profile-prompt-user-profile-activities:fdac0aac949da6fd1ae3920c,User has at least one activity row,,
user_prompt,ready_for_in_app_admin_delivery,39277806d696167bec33dacd,profile-prompt-user-profile-activities,profile,prompt-user,profile.activities,warning,/profile?tab=activities,Add activities,Activities make profile analysis and school fit less generic.,Add activities,in_app_readiness_surface|dashboard,redis_notification_feed|remote_push|email,profile-readiness:profile-prompt-user-profile-activities:39277806d696167bec33dacd,User has at least one activity row,,
user_prompt,ready_for_in_app_admin_delivery,68bda0008706cf69fbe951c5,profile-prompt-user-profile-activities,profile,prompt-user,profile.activities,warning,/profile?tab=activities,Add activities,Activities make profile analysis and school fit less generic.,Add activities,in_app_readiness_surface|dashboard,redis_notification_feed|remote_push|email,profile-readiness:profile-prompt-user-profile-activities:68bda0008706cf69fbe951c5,User has at least one activity row,,
user_prompt,ready_for_in_app_admin_delivery,f46de3981f1853f4abbd4641,profile-prompt-user-profile-activities,profile,prompt-user,profile.activities,warning,/profile?tab=activities,Add activities,Activities make profile analysis and school fit less generic.,Add activities,in_app_readiness_surface|dashboard,redis_notification_feed|remote_push|email,profile-readiness:profile-prompt-user-profile-activities:f46de3981f1853f4abbd4641,User has at least one activity row,,
user_prompt,ready_for_in_app_admin_delivery,3dc36e732297447a53963a67,profile-prompt-user-profile-activities,profile,prompt-user,profile.activities,warning,/profile?tab=activities,Add activities,Activities make profile analysis and school fit less generic.,Add activities,in_app_readiness_surface|dashboard,redis_notification_feed|remote_push|email,profile-readiness:profile-prompt-user-profile-activities:3dc36e732297447a53963a67,User has at least one activity row,,
user_prompt,ready_for_in_app_admin_delivery,3aec115dea1871ad7804c5ee,profile-prompt-user-profile-activities,profile,prompt-user,profile.activities,warning,/profile?tab=activities,Add activities,Activities make profile analysis and school fit less generic.,Add activities,in_app_readiness_surface|dashboard,redis_notification_feed|remote_push|email,profile-readiness:profile-prompt-user-profile-activities:3aec115dea1871ad7804c5ee,User has at least one activity row,,
user_prompt,ready_for_in_app_admin_delivery,29076cdf73d07afbecb33d1f,profile-prompt-user-profile-activities,profile,prompt-user,profile.activities,warning,/profile?tab=activities,Add activities,Activities make profile analysis and school fit less generic.,Add activities,in_app_readiness_surface|dashboard,redis_notification_feed|remote_push|email,profile-readiness:profile-prompt-user-profile-activities:29076cdf73d07afbecb33d1f,User has at least one activity row,,
user_prompt,ready_for_in_app_admin_delivery,e6f9022187d9b4ec16d49235,profile-prompt-user-profile-activities,profile,prompt-user,profile.activities,warning,/profile?tab=activities,Add activities,Activities make profile analysis and school fit less generic.,Add activities,in_app_readiness_surface|dashboard,redis_notification_feed|remote_push|email,profile-readiness:profile-prompt-user-profile-activities:e6f9022187d9b4ec16d49235,User has at least one activity row,,
user_prompt,ready_for_in_app_admin_delivery,e449837a18bd87b77a6ef1e5,profile-prompt-user-profile-activities,profile,prompt-user,profile.activities,warning,/profile?tab=activities,Add activities,Activities make profile analysis and school fit less generic.,Add activities,in_app_readiness_surface|dashboard,redis_notification_feed|remote_push|email,profile-readiness:profile-prompt-user-profile-activities:e449837a18bd87b77a6ef1e5,User has at least one activity row,,
user_prompt,ready_for_in_app_admin_delivery,fe2afb920f81889354794d13,profile-prompt-user-profile-activities,profile,prompt-user,profile.activities,warning,/profile?tab=activities,Add activities,Activities make profile analysis and school fit less generic.,Add activities,in_app_readiness_surface|dashboard,redis_notification_feed|remote_push|email,profile-readiness:profile-prompt-user-profile-activities:fe2afb920f81889354794d13,User has at least one activity row,,
user_prompt,ready_for_in_app_admin_delivery,75933046392cb0c42c062611,profile-prompt-user-profile-activities,profile,prompt-user,profile.activities,warning,/profile?tab=activities,Add activities,Activities make profile analysis and school fit less generic.,Add activities,in_app_readiness_surface|dashboard,redis_notification_feed|remote_push|email,profile-readiness:profile-prompt-user-profile-activities:75933046392cb0c42c062611,User has at least one activity row,,
user_prompt,ready_for_in_app_admin_delivery,745052463f3be2c63514db2f,profile-prompt-user-profile-activities,profile,prompt-user,profile.activities,warning,/profile?tab=activities,Add activities,Activities make profile analysis and school fit less generic.,Add activities,in_app_readiness_surface|dashboard,redis_notification_feed|remote_push|email,profile-readiness:profile-prompt-user-profile-activities:745052463f3be2c63514db2f,User has at least one activity row,,
user_prompt,ready_for_in_app_admin_delivery,9d0db16bacd8261ed76c2d8f,profile-prompt-user-profile-activities,profile,prompt-user,profile.activities,warning,/profile?tab=activities,Add activities,Activities make profile analysis and school fit less generic.,Add activities,in_app_readiness_surface|dashboard,redis_notification_feed|remote_push|email,profile-readiness:profile-prompt-user-profile-activities:9d0db16bacd8261ed76c2d8f,User has at least one activity row,,
user_prompt,ready_for_in_app_admin_delivery,2d3538d986b40dbb9773bad5,profile-prompt-user-profile-activities,profile,prompt-user,profile.activities,warning,/profile?tab=activities,Add activities,Activities make profile analysis and school fit less generic.,Add activities,in_app_readiness_surface|dashboard,redis_notification_feed|remote_push|email,profile-readiness:profile-prompt-user-profile-activities:2d3538d986b40dbb9773bad5,User has at least one activity row,,
user_prompt,ready_for_in_app_admin_delivery,bf039e0c60608f4f87581cc9,profile-prompt-user-profile-activities,profile,prompt-user,profile.activities,warning,/profile?tab=activities,Add activities,Activities make profile analysis and school fit less generic.,Add activities,in_app_readiness_surface|dashboard,redis_notification_feed|remote_push|email,profile-readiness:profile-prompt-user-profile-activities:bf039e0c60608f4f87581cc9,User has at least one activity row,,
user_prompt,ready_for_in_app_admin_delivery,366320fee296c0f2fc92761e,profile-prompt-user-profile-activities,profile,prompt-user,profile.activities,warning,/profile?tab=activities,Add activities,Activities make profile analysis and school fit less generic.,Add activities,in_app_readiness_surface|dashboard,redis_notification_feed|remote_push|email,profile-readiness:profile-prompt-user-profile-activities:366320fee296c0f2fc92761e,User has at least one activity row,,
user_prompt,ready_for_in_app_admin_delivery,683b23c8c4fe0d8bc12e5633,profile-prompt-user-profile-activities,profile,prompt-user,profile.activities,warning,/profile?tab=activities,Add activities,Activities make profile analysis and school fit less generic.,Add activities,in_app_readiness_surface|dashboard,redis_notification_feed|remote_push|email,profile-readiness:profile-prompt-user-profile-activities:683b23c8c4fe0d8bc12e5633,User has at least one activity row,,
user_prompt,ready_for_in_app_admin_delivery,b338f5f9fe85ac763c330af1,profile-prompt-user-profile-activities,profile,prompt-user,profile.activities,warning,/profile?tab=activities,Add activities,Activities make profile analysis and school fit less generic.,Add activities,in_app_readiness_surface|dashboard,redis_notification_feed|remote_push|email,profile-readiness:profile-prompt-user-profile-activities:b338f5f9fe85ac763c330af1,User has at least one activity row,,
user_prompt,ready_for_in_app_admin_delivery,e5f7d86f6995efe58037c6fb,profile-prompt-user-profile-activities,profile,prompt-user,profile.activities,warning,/profile?tab=activities,Add activities,Activities make profile analysis and school fit less generic.,Add activities,in_app_readiness_surface|dashboard,redis_notification_feed|remote_push|email,profile-readiness:profile-prompt-user-profile-activities:e5f7d86f6995efe58037c6fb,User has at least one activity row,,
user_prompt,ready_for_in_app_admin_delivery,87a1b361875b527870210e1a,profile-prompt-user-profile-activities,profile,prompt-user,profile.activities,warning,/profile?tab=activities,Add activities,Activities make profile analysis and school fit less generic.,Add activities,in_app_readiness_surface|dashboard,redis_notification_feed|remote_push|email,profile-readiness:profile-prompt-user-profile-activities:87a1b361875b527870210e1a,User has at least one activity row,,
user_prompt,ready_for_in_app_admin_delivery,1d8c13ffebafff31847d9e97,profile-prompt-user-profile-activities,profile,prompt-user,profile.activities,warning,/profile?tab=activities,Add activities,Activities make profile analysis and school fit less generic.,Add activities,in_app_readiness_surface|dashboard,redis_notification_feed|remote_push|email,profile-readiness:profile-prompt-user-profile-activities:1d8c13ffebafff31847d9e97,User has at least one activity row,,
user_prompt,ready_for_in_app_admin_delivery,4fdebab56088e041d556c66e,profile-prompt-user-profile-activities,profile,prompt-user,profile.activities,warning,/profile?tab=activities,Add activities,Activities make profile analysis and school fit less generic.,Add activities,in_app_readiness_surface|dashboard,redis_notification_feed|remote_push|email,profile-readiness:profile-prompt-user-profile-activities:4fdebab56088e041d556c66e,User has at least one activity row,,
user_prompt,ready_for_in_app_admin_delivery,c6a5a94d5d0cb5e5d50b94ca,profile-prompt-user-profile-activities,profile,prompt-user,profile.activities,warning,/profile?tab=activities,Add activities,Activities make profile analysis and school fit less generic.,Add activities,in_app_readiness_surface|dashboard,redis_notification_feed|remote_push|email,profile-readiness:profile-prompt-user-profile-activities:c6a5a94d5d0cb5e5d50b94ca,User has at least one activity row,,
user_prompt,ready_for_in_app_admin_delivery,b5f4ee1c6dd44f7f60bcbd32,profile-prompt-user-profile-activities,profile,prompt-user,profile.activities,warning,/profile?tab=activities,Add activities,Activities make profile analysis and school fit less generic.,Add activities,in_app_readiness_surface|dashboard,redis_notification_feed|remote_push|email,profile-readiness:profile-prompt-user-profile-activities:b5f4ee1c6dd44f7f60bcbd32,User has at least one activity row,,
user_prompt,ready_for_in_app_admin_delivery,626eb5e38882c885cdc64b66,profile-prompt-user-profile-activities,profile,prompt-user,profile.activities,warning,/profile?tab=activities,Add activities,Activities make profile analysis and school fit less generic.,Add activities,in_app_readiness_surface|dashboard,redis_notification_feed|remote_push|email,profile-readiness:profile-prompt-user-profile-activities:626eb5e38882c885cdc64b66,User has at least one activity row,,
user_prompt,ready_for_in_app_admin_delivery,288dfec9fe70b8f130d4b269,profile-prompt-user-profile-activities,profile,prompt-user,profile.activities,warning,/profile?tab=activities,Add activities,Activities make profile analysis and school fit less generic.,Add activities,in_app_readiness_surface|dashboard,redis_notification_feed|remote_push|email,profile-readiness:profile-prompt-user-profile-activities:288dfec9fe70b8f130d4b269,User has at least one activity row,,
user_prompt,ready_for_in_app_admin_delivery,385e5344fb0ba928499b14d9,profile-prompt-user-profile-activities,profile,prompt-user,profile.activities,warning,/profile?tab=activities,Add activities,Activities make profile analysis and school fit less generic.,Add activities,in_app_readiness_surface|dashboard,redis_notification_feed|remote_push|email,profile-readiness:profile-prompt-user-profile-activities:385e5344fb0ba928499b14d9,User has at least one activity row,,
user_prompt,ready_for_in_app_admin_delivery,21b185bc16be52d77c08ac2c,profile-prompt-user-profile-activities,profile,prompt-user,profile.activities,warning,/profile?tab=activities,Add activities,Activities make profile analysis and school fit less generic.,Add activities,in_app_readiness_surface|dashboard,redis_notification_feed|remote_push|email,profile-readiness:profile-prompt-user-profile-activities:21b185bc16be52d77c08ac2c,User has at least one activity row,,
user_prompt,ready_for_in_app_admin_delivery,fad9e50ec597acdb56e97901,profile-prompt-user-profile-activities,profile,prompt-user,profile.activities,warning,/profile?tab=activities,Add activities,Activities make profile analysis and school fit less generic.,Add activities,in_app_readiness_surface|dashboard,redis_notification_feed|remote_push|email,profile-readiness:profile-prompt-user-profile-activities:fad9e50ec597acdb56e97901,User has at least one activity row,,
user_prompt,ready_for_in_app_admin_delivery,4d1f395bd00cc2f44c81f8e0,profile-prompt-user-profile-activities,profile,prompt-user,profile.activities,warning,/profile?tab=activities,Add activities,Activities make profile analysis and school fit less generic.,Add activities,in_app_readiness_surface|dashboard,redis_notification_feed|remote_push|email,profile-readiness:profile-prompt-user-profile-activities:4d1f395bd00cc2f44c81f8e0,User has at least one activity row,,
user_prompt,ready_for_in_app_admin_delivery,7232f1fa4940f02570578fa4,profile-prompt-user-profile-activities,profile,prompt-user,profile.activities,warning,/profile?tab=activities,Add activities,Activities make profile analysis and school fit less generic.,Add activities,in_app_readiness_surface|dashboard,redis_notification_feed|remote_push|email,profile-readiness:profile-prompt-user-profile-activities:7232f1fa4940f02570578fa4,User has at least one activity row,,
user_prompt,ready_for_in_app_admin_delivery,d5668608d88680646b4304d5,profile-prompt-user-profile-activities,profile,prompt-user,profile.activities,warning,/profile?tab=activities,Add activities,Activities make profile analysis and school fit less generic.,Add activities,in_app_readiness_surface|dashboard,redis_notification_feed|remote_push|email,profile-readiness:profile-prompt-user-profile-activities:d5668608d88680646b4304d5,User has at least one activity row,,
user_prompt,ready_for_in_app_admin_delivery,eb5f0931db192e04b5bb694f,profile-prompt-user-profile-activities,profile,prompt-user,profile.activities,warning,/profile?tab=activities,Add activities,Activities make profile analysis and school fit less generic.,Add activities,in_app_readiness_surface|dashboard,redis_notification_feed|remote_push|email,profile-readiness:profile-prompt-user-profile-activities:eb5f0931db192e04b5bb694f,User has at least one activity row,,
user_prompt,ready_for_in_app_admin_delivery,144044aa210635b68bd3413e,profile-prompt-user-profile-activities,profile,prompt-user,profile.activities,warning,/profile?tab=activities,Add activities,Activities make profile analysis and school fit less generic.,Add activities,in_app_readiness_surface|dashboard,redis_notification_feed|remote_push|email,profile-readiness:profile-prompt-user-profile-activities:144044aa210635b68bd3413e,User has at least one activity row,,
user_prompt,ready_for_in_app_admin_delivery,9e7d85fb4bc03da0d6a42f62,profile-prompt-user-profile-activities,profile,prompt-user,profile.activities,warning,/profile?tab=activities,Add activities,Activities make profile analysis and school fit less generic.,Add activities,in_app_readiness_surface|dashboard,redis_notification_feed|remote_push|email,profile-readiness:profile-prompt-user-profile-activities:9e7d85fb4bc03da0d6a42f62,User has at least one activity row,,
user_prompt,ready_for_in_app_admin_delivery,5a1258607ca8af1051025180,profile-prompt-user-profile-activities,profile,prompt-user,profile.activities,warning,/profile?tab=activities,Add activities,Activities make profile analysis and school fit less generic.,Add activities,in_app_readiness_surface|dashboard,redis_notification_feed|remote_push|email,profile-readiness:profile-prompt-user-profile-activities:5a1258607ca8af1051025180,User has at least one activity row,,
user_prompt,ready_for_in_app_admin_delivery,abaf8c9bde037950385c3f12,profile-prompt-user-profile-activities,profile,prompt-user,profile.activities,warning,/profile?tab=activities,Add activities,Activities make profile analysis and school fit less generic.,Add activities,in_app_readiness_surface|dashboard,redis_notification_feed|remote_push|email,profile-readiness:profile-prompt-user-profile-activities:abaf8c9bde037950385c3f12,User has at least one activity row,,
user_prompt,ready_for_in_app_admin_delivery,fa0da822fd523382a860416f,profile-prompt-user-profile-activities,profile,prompt-user,profile.activities,warning,/profile?tab=activities,Add activities,Activities make profile analysis and school fit less generic.,Add activities,in_app_readiness_surface|dashboard,redis_notification_feed|remote_push|email,profile-readiness:profile-prompt-user-profile-activities:fa0da822fd523382a860416f,User has at least one activity row,,
user_prompt,ready_for_in_app_admin_delivery,90f1204abd54fafff4b248e3,profile-prompt-user-profile-activities,profile,prompt-user,profile.activities,warning,/profile?tab=activities,Add activities,Activities make profile analysis and school fit less generic.,Add activities,in_app_readiness_surface|dashboard,redis_notification_feed|remote_push|email,profile-readiness:profile-prompt-user-profile-activities:90f1204abd54fafff4b248e3,User has at least one activity row,,
user_prompt,ready_for_in_app_admin_delivery,e3ad628c231e661f27d886fd,profile-prompt-user-profile-activities,profile,prompt-user,profile.activities,warning,/profile?tab=activities,Add activities,Activities make profile analysis and school fit less generic.,Add activities,in_app_readiness_surface|dashboard,redis_notification_feed|remote_push|email,profile-readiness:profile-prompt-user-profile-activities:e3ad628c231e661f27d886fd,User has at least one activity row,,
user_prompt,ready_for_in_app_admin_delivery,048028fc4ece7871c4c818a1,profile-prompt-user-profile-activities,profile,prompt-user,profile.activities,warning,/profile?tab=activities,Add activities,Activities make profile analysis and school fit less generic.,Add activities,in_app_readiness_surface|dashboard,redis_notification_feed|remote_push|email,profile-readiness:profile-prompt-user-profile-activities:048028fc4ece7871c4c818a1,User has at least one activity row,,
user_prompt,ready_for_in_app_admin_delivery,6ce7ad342b357b3b14deb49c,profile-prompt-user-profile-activities,profile,prompt-user,profile.activities,warning,/profile?tab=activities,Add activities,Activities make profile analysis and school fit less generic.,Add activities,in_app_readiness_surface|dashboard,redis_notification_feed|remote_push|email,profile-readiness:profile-prompt-user-profile-activities:6ce7ad342b357b3b14deb49c,User has at least one activity row,,
user_prompt,ready_for_in_app_admin_delivery,054d410c714fc4cda4394e8c,profile-prompt-user-profile-activities,profile,prompt-user,profile.activities,warning,/profile?tab=activities,Add activities,Activities make profile analysis and school fit less generic.,Add activities,in_app_readiness_surface|dashboard,redis_notification_feed|remote_push|email,profile-readiness:profile-prompt-user-profile-activities:054d410c714fc4cda4394e8c,User has at least one activity row,,
user_prompt,ready_for_in_app_admin_delivery,43f7e141b8b05d5f4b1656ff,profile-prompt-user-profile-activities,profile,prompt-user,profile.activities,warning,/profile?tab=activities,Add activities,Activities make profile analysis and school fit less generic.,Add activities,in_app_readiness_surface|dashboard,redis_notification_feed|remote_push|email,profile-readiness:profile-prompt-user-profile-activities:43f7e141b8b05d5f4b1656ff,User has at least one activity row,,
user_prompt,ready_for_in_app_admin_delivery,ee4954e857d17b8eebb7ae31,profile-prompt-user-profile-activities,profile,prompt-user,profile.activities,warning,/profile?tab=activities,Add activities,Activities make profile analysis and school fit less generic.,Add activities,in_app_readiness_surface|dashboard,redis_notification_feed|remote_push|email,profile-readiness:profile-prompt-user-profile-activities:ee4954e857d17b8eebb7ae31,User has at least one activity row,,
user_prompt,ready_for_in_app_admin_delivery,9d574d111efc9d97b84d6c15,profile-prompt-user-profile-activities,profile,prompt-user,profile.activities,warning,/profile?tab=activities,Add activities,Activities make profile analysis and school fit less generic.,Add activities,in_app_readiness_surface|dashboard,redis_notification_feed|remote_push|email,profile-readiness:profile-prompt-user-profile-activities:9d574d111efc9d97b84d6c15,User has at least one activity row,,
user_prompt,ready_for_in_app_admin_delivery,4abcd46d927f195540b38c5d,profile-prompt-user-profile-activities,profile,prompt-user,profile.activities,warning,/profile?tab=activities,Add activities,Activities make profile analysis and school fit less generic.,Add activities,in_app_readiness_surface|dashboard,redis_notification_feed|remote_push|email,profile-readiness:profile-prompt-user-profile-activities:4abcd46d927f195540b38c5d,User has at least one activity row,,
user_prompt,ready_for_in_app_admin_delivery,3b62c93519e3db6dfe2c3efb,profile-prompt-user-profile-activities,profile,prompt-user,profile.activities,warning,/profile?tab=activities,Add activities,Activities make profile analysis and school fit less generic.,Add activities,in_app_readiness_surface|dashboard,redis_notification_feed|remote_push|email,profile-readiness:profile-prompt-user-profile-activities:3b62c93519e3db6dfe2c3efb,User has at least one activity row,,
user_prompt,ready_for_in_app_admin_delivery,279b99bc08a2c8d50ec3af36,profile-prompt-user-profile-activities,profile,prompt-user,profile.activities,warning,/profile?tab=activities,Add activities,Activities make profile analysis and school fit less generic.,Add activities,in_app_readiness_surface|dashboard,redis_notification_feed|remote_push|email,profile-readiness:profile-prompt-user-profile-activities:279b99bc08a2c8d50ec3af36,User has at least one activity row,,
user_prompt,ready_for_in_app_admin_delivery,74c9ee8d165d193a609087d6,profile-prompt-user-profile-activities,profile,prompt-user,profile.activities,warning,/profile?tab=activities,Add activities,Activities make profile analysis and school fit less generic.,Add activities,in_app_readiness_surface|dashboard,redis_notification_feed|remote_push|email,profile-readiness:profile-prompt-user-profile-activities:74c9ee8d165d193a609087d6,User has at least one activity row,,
user_prompt,ready_for_in_app_admin_delivery,b4c465cc257a5e9d36dcd519,profile-prompt-user-profile-activities,profile,prompt-user,profile.activities,warning,/profile?tab=activities,Add activities,Activities make profile analysis and school fit less generic.,Add activities,in_app_readiness_surface|dashboard,redis_notification_feed|remote_push|email,profile-readiness:profile-prompt-user-profile-activities:b4c465cc257a5e9d36dcd519,User has at least one activity row,,
user_prompt,ready_for_in_app_admin_delivery,d3f2cb982d857949a81c39b9,profile-prompt-user-profile-activities,profile,prompt-user,profile.activities,warning,/profile?tab=activities,Add activities,Activities make profile analysis and school fit less generic.,Add activities,in_app_readiness_surface|dashboard,redis_notification_feed|remote_push|email,profile-readiness:profile-prompt-user-profile-activities:d3f2cb982d857949a81c39b9,User has at least one activity row,,
user_prompt,ready_for_in_app_admin_delivery,4012bad586b0835007dd6107,profile-prompt-user-profile-activities,profile,prompt-user,profile.activities,warning,/profile?tab=activities,Add activities,Activities make profile analysis and school fit less generic.,Add activities,in_app_readiness_surface|dashboard,redis_notification_feed|remote_push|email,profile-readiness:profile-prompt-user-profile-activities:4012bad586b0835007dd6107,User has at least one activity row,,
user_prompt,ready_for_in_app_admin_delivery,876000e8b2adb2f3bce6e5e3,profile-prompt-user-profile-activities,profile,prompt-user,profile.activities,warning,/profile?tab=activities,Add activities,Activities make profile analysis and school fit less generic.,Add activities,in_app_readiness_surface|dashboard,redis_notification_feed|remote_push|email,profile-readiness:profile-prompt-user-profile-activities:876000e8b2adb2f3bce6e5e3,User has at least one activity row,,
user_prompt,ready_for_in_app_admin_delivery,2d38d89c0d25f77c2503a1af,profile-prompt-user-profile-activities,profile,prompt-user,profile.activities,warning,/profile?tab=activities,Add activities,Activities make profile analysis and school fit less generic.,Add activities,in_app_readiness_surface|dashboard,redis_notification_feed|remote_push|email,profile-readiness:profile-prompt-user-profile-activities:2d38d89c0d25f77c2503a1af,User has at least one activity row,,
user_prompt,ready_for_in_app_admin_delivery,6e25deecd13b429aaf14c4a5,profile-prompt-user-profile-activities,profile,prompt-user,profile.activities,warning,/profile?tab=activities,Add activities,Activities make profile analysis and school fit less generic.,Add activities,in_app_readiness_surface|dashboard,redis_notification_feed|remote_push|email,profile-readiness:profile-prompt-user-profile-activities:6e25deecd13b429aaf14c4a5,User has at least one activity row,,
user_prompt,ready_for_in_app_admin_delivery,98574f35c5fc1b5a13b34d2d,profile-prompt-user-profile-activities,profile,prompt-user,profile.activities,warning,/profile?tab=activities,Add activities,Activities make profile analysis and school fit less generic.,Add activities,in_app_readiness_surface|dashboard,redis_notification_feed|remote_push|email,profile-readiness:profile-prompt-user-profile-activities:98574f35c5fc1b5a13b34d2d,User has at least one activity row,,
user_prompt,ready_for_in_app_admin_delivery,3b0ae29aa3a42546f3a20525,profile-prompt-user-profile-activities,profile,prompt-user,profile.activities,warning,/profile?tab=activities,Add activities,Activities make profile analysis and school fit less generic.,Add activities,in_app_readiness_surface|dashboard,redis_notification_feed|remote_push|email,profile-readiness:profile-prompt-user-profile-activities:3b0ae29aa3a42546f3a20525,User has at least one activity row,,
user_prompt,ready_for_in_app_admin_delivery,a00d8f6848b5b8fd53105350,profile-prompt-user-profile-activities,profile,prompt-user,profile.activities,warning,/profile?tab=activities,Add activities,Activities make profile analysis and school fit less generic.,Add activities,in_app_readiness_surface|dashboard,redis_notification_feed|remote_push|email,profile-readiness:profile-prompt-user-profile-activities:a00d8f6848b5b8fd53105350,User has at least one activity row,,
user_prompt,ready_for_in_app_admin_delivery,efefd028899c83b572acbaca,profile-prompt-user-profile-activities,profile,prompt-user,profile.activities,warning,/profile?tab=activities,Add activities,Activities make profile analysis and school fit less generic.,Add activities,in_app_readiness_surface|dashboard,redis_notification_feed|remote_push|email,profile-readiness:profile-prompt-user-profile-activities:efefd028899c83b572acbaca,User has at least one activity row,,
user_prompt,ready_for_in_app_admin_delivery,e68dd4215f226c8e4e76a5ce,profile-prompt-user-profile-activities,profile,prompt-user,profile.activities,warning,/profile?tab=activities,Add activities,Activities make profile analysis and school fit less generic.,Add activities,in_app_readiness_surface|dashboard,redis_notification_feed|remote_push|email,profile-readiness:profile-prompt-user-profile-activities:e68dd4215f226c8e4e76a5ce,User has at least one activity row,,
user_prompt,ready_for_in_app_admin_delivery,81314501c599989cc7264bde,profile-prompt-user-profile-activities,profile,prompt-user,profile.activities,warning,/profile?tab=activities,Add activities,Activities make profile analysis and school fit less generic.,Add activities,in_app_readiness_surface|dashboard,redis_notification_feed|remote_push|email,profile-readiness:profile-prompt-user-profile-activities:81314501c599989cc7264bde,User has at least one activity row,,
user_prompt,ready_for_in_app_admin_delivery,671882419679232da0e380f9,profile-prompt-user-profile-activities,profile,prompt-user,profile.activities,warning,/profile?tab=activities,Add activities,Activities make profile analysis and school fit less generic.,Add activities,in_app_readiness_surface|dashboard,redis_notification_feed|remote_push|email,profile-readiness:profile-prompt-user-profile-activities:671882419679232da0e380f9,User has at least one activity row,,
user_prompt,ready_for_in_app_admin_delivery,09e472b96a6acc4e3214037f,profile-prompt-user-profile-activities,profile,prompt-user,profile.activities,warning,/profile?tab=activities,Add activities,Activities make profile analysis and school fit less generic.,Add activities,in_app_readiness_surface|dashboard,redis_notification_feed|remote_push|email,profile-readiness:profile-prompt-user-profile-activities:09e472b96a6acc4e3214037f,User has at least one activity row,,
user_prompt,ready_for_in_app_admin_delivery,128cf9bdbbd30c4692340893,profile-prompt-user-profile-activities,profile,prompt-user,profile.activities,warning,/profile?tab=activities,Add activities,Activities make profile analysis and school fit less generic.,Add activities,in_app_readiness_surface|dashboard,redis_notification_feed|remote_push|email,profile-readiness:profile-prompt-user-profile-activities:128cf9bdbbd30c4692340893,User has at least one activity row,,
user_prompt,ready_for_in_app_admin_delivery,bde3729d50403544ccebff9a,profile-prompt-user-profile-activities,profile,prompt-user,profile.activities,warning,/profile?tab=activities,Add activities,Activities make profile analysis and school fit less generic.,Add activities,in_app_readiness_surface|dashboard,redis_notification_feed|remote_push|email,profile-readiness:profile-prompt-user-profile-activities:bde3729d50403544ccebff9a,User has at least one activity row,,
user_prompt,ready_for_in_app_admin_delivery,f75a8ccae118bcd318fc5cd2,profile-prompt-user-profile-activities,profile,prompt-user,profile.activities,warning,/profile?tab=activities,Add activities,Activities make profile analysis and school fit less generic.,Add activities,in_app_readiness_surface|dashboard,redis_notification_feed|remote_push|email,profile-readiness:profile-prompt-user-profile-activities:f75a8ccae118bcd318fc5cd2,User has at least one activity row,,
user_prompt,ready_for_in_app_admin_delivery,6216f3543ca1643402cefaaa,profile-prompt-user-profile-activities,profile,prompt-user,profile.activities,warning,/profile?tab=activities,Add activities,Activities make profile analysis and school fit less generic.,Add activities,in_app_readiness_surface|dashboard,redis_notification_feed|remote_push|email,profile-readiness:profile-prompt-user-profile-activities:6216f3543ca1643402cefaaa,User has at least one activity row,,
user_prompt,ready_for_in_app_admin_delivery,3c09f7498dcde215688f728f,profile-prompt-user-profile-activities,profile,prompt-user,profile.activities,warning,/profile?tab=activities,Add activities,Activities make profile analysis and school fit less generic.,Add activities,in_app_readiness_surface|dashboard,redis_notification_feed|remote_push|email,profile-readiness:profile-prompt-user-profile-activities:3c09f7498dcde215688f728f,User has at least one activity row,,
user_prompt,ready_for_in_app_admin_delivery,5dfb40b1a9bf29962c92c4e0,profile-prompt-user-profile-activities,profile,prompt-user,profile.activities,warning,/profile?tab=activities,Add activities,Activities make profile analysis and school fit less generic.,Add activities,in_app_readiness_surface|dashboard,redis_notification_feed|remote_push|email,profile-readiness:profile-prompt-user-profile-activities:5dfb40b1a9bf29962c92c4e0,User has at least one activity row,,
user_prompt,ready_for_in_app_admin_delivery,96e371a4d8ab3bb87e424de2,profile-prompt-user-profile-activities,profile,prompt-user,profile.activities,warning,/profile?tab=activities,Add activities,Activities make profile analysis and school fit less generic.,Add activities,in_app_readiness_surface|dashboard,redis_notification_feed|remote_push|email,profile-readiness:profile-prompt-user-profile-activities:96e371a4d8ab3bb87e424de2,User has at least one activity row,,
user_prompt,ready_for_in_app_admin_delivery,8366ac6e15b379c3156f52a3,profile-prompt-user-profile-activities,profile,prompt-user,profile.activities,warning,/profile?tab=activities,Add activities,Activities make profile analysis and school fit less generic.,Add activities,in_app_readiness_surface|dashboard,redis_notification_feed|remote_push|email,profile-readiness:profile-prompt-user-profile-activities:8366ac6e15b379c3156f52a3,User has at least one activity row,,
user_prompt,ready_for_in_app_admin_delivery,bc2c5e715fa4b0e0b3781a97,profile-prompt-user-profile-activities,profile,prompt-user,profile.activities,warning,/profile?tab=activities,Add activities,Activities make profile analysis and school fit less generic.,Add activities,in_app_readiness_surface|dashboard,redis_notification_feed|remote_push|email,profile-readiness:profile-prompt-user-profile-activities:bc2c5e715fa4b0e0b3781a97,User has at least one activity row,,
user_prompt,ready_for_in_app_admin_delivery,46a752bfbb2e7f744530e13d,profile-prompt-user-profile-activities,profile,prompt-user,profile.activities,warning,/profile?tab=activities,Add activities,Activities make profile analysis and school fit less generic.,Add activities,in_app_readiness_surface|dashboard,redis_notification_feed|remote_push|email,profile-readiness:profile-prompt-user-profile-activities:46a752bfbb2e7f744530e13d,User has at least one activity row,,
user_prompt,ready_for_in_app_admin_delivery,9d220a4364c379c59a202cd4,profile-prompt-user-profile-activities,profile,prompt-user,profile.activities,warning,/profile?tab=activities,Add activities,Activities make profile analysis and school fit less generic.,Add activities,in_app_readiness_surface|dashboard,redis_notification_feed|remote_push|email,profile-readiness:profile-prompt-user-profile-activities:9d220a4364c379c59a202cd4,User has at least one activity row,,
user_prompt,ready_for_in_app_admin_delivery,f76c2626dd527a485a7371c8,profile-prompt-user-profile-activities,profile,prompt-user,profile.activities,warning,/profile?tab=activities,Add activities,Activities make profile analysis and school fit less generic.,Add activities,in_app_readiness_surface|dashboard,redis_notification_feed|remote_push|email,profile-readiness:profile-prompt-user-profile-activities:f76c2626dd527a485a7371c8,User has at least one activity row,,
user_prompt,ready_for_in_app_admin_delivery,7485dc85ce9c7c23100b5076,profile-prompt-user-profile-activities,profile,prompt-user,profile.activities,warning,/profile?tab=activities,Add activities,Activities make profile analysis and school fit less generic.,Add activities,in_app_readiness_surface|dashboard,redis_notification_feed|remote_push|email,profile-readiness:profile-prompt-user-profile-activities:7485dc85ce9c7c23100b5076,User has at least one activity row,,
user_prompt,ready_for_in_app_admin_delivery,493455dcf43164fdafd025ab,profile-prompt-user-profile-activities,profile,prompt-user,profile.activities,warning,/profile?tab=activities,Add activities,Activities make profile analysis and school fit less generic.,Add activities,in_app_readiness_surface|dashboard,redis_notification_feed|remote_push|email,profile-readiness:profile-prompt-user-profile-activities:493455dcf43164fdafd025ab,User has at least one activity row,,
user_prompt,ready_for_in_app_admin_delivery,d44a6faef26ba1d5222a2e39,profile-prompt-user-profile-activities,profile,prompt-user,profile.activities,warning,/profile?tab=activities,Add activities,Activities make profile analysis and school fit less generic.,Add activities,in_app_readiness_surface|dashboard,redis_notification_feed|remote_push|email,profile-readiness:profile-prompt-user-profile-activities:d44a6faef26ba1d5222a2e39,User has at least one activity row,,
user_prompt,ready_for_in_app_admin_delivery,f6cb8463a6bab81fcb529e4f,profile-prompt-user-profile-activities,profile,prompt-user,profile.activities,warning,/profile?tab=activities,Add activities,Activities make profile analysis and school fit less generic.,Add activities,in_app_readiness_surface|dashboard,redis_notification_feed|remote_push|email,profile-readiness:profile-prompt-user-profile-activities:f6cb8463a6bab81fcb529e4f,User has at least one activity row,,
user_prompt,ready_for_in_app_admin_delivery,79737e323e376db6095ff50e,profile-prompt-user-profile-activities,profile,prompt-user,profile.activities,warning,/profile?tab=activities,Add activities,Activities make profile analysis and school fit less generic.,Add activities,in_app_readiness_surface|dashboard,redis_notification_feed|remote_push|email,profile-readiness:profile-prompt-user-profile-activities:79737e323e376db6095ff50e,User has at least one activity row,,
user_prompt,ready_for_in_app_admin_delivery,7ab816c6f8d5cc286f16139a,profile-prompt-user-profile-activities,profile,prompt-user,profile.activities,warning,/profile?tab=activities,Add activities,Activities make profile analysis and school fit less generic.,Add activities,in_app_readiness_surface|dashboard,redis_notification_feed|remote_push|email,profile-readiness:profile-prompt-user-profile-activities:7ab816c6f8d5cc286f16139a,User has at least one activity row,,
user_prompt,ready_for_in_app_admin_delivery,e5c0e17ab64859b74bf6a7ce,profile-prompt-user-profile-activities,profile,prompt-user,profile.activities,warning,/profile?tab=activities,Add activities,Activities make profile analysis and school fit less generic.,Add activities,in_app_readiness_surface|dashboard,redis_notification_feed|remote_push|email,profile-readiness:profile-prompt-user-profile-activities:e5c0e17ab64859b74bf6a7ce,User has at least one activity row,,
user_prompt,ready_for_in_app_admin_delivery,499091972c7cb9710f63f1f4,profile-prompt-user-profile-activities,profile,prompt-user,profile.activities,warning,/profile?tab=activities,Add activities,Activities make profile analysis and school fit less generic.,Add activities,in_app_readiness_surface|dashboard,redis_notification_feed|remote_push|email,profile-readiness:profile-prompt-user-profile-activities:499091972c7cb9710f63f1f4,User has at least one activity row,,
user_prompt,ready_for_in_app_admin_delivery,ee9a1b7f3b9a5b8ba2b2a3ce,profile-prompt-user-profile-activities,profile,prompt-user,profile.activities,warning,/profile?tab=activities,Add activities,Activities make profile analysis and school fit less generic.,Add activities,in_app_readiness_surface|dashboard,redis_notification_feed|remote_push|email,profile-readiness:profile-prompt-user-profile-activities:ee9a1b7f3b9a5b8ba2b2a3ce,User has at least one activity row,,
user_prompt,ready_for_in_app_admin_delivery,594933ae4e120a1f1584356d,profile-prompt-user-profile-activities,profile,prompt-user,profile.activities,warning,/profile?tab=activities,Add activities,Activities make profile analysis and school fit less generic.,Add activities,in_app_readiness_surface|dashboard,redis_notification_feed|remote_push|email,profile-readiness:profile-prompt-user-profile-activities:594933ae4e120a1f1584356d,User has at least one activity row,,
user_prompt,ready_for_in_app_admin_delivery,3afd7b8036e5c1e1e5d7c845,profile-prompt-user-profile-activities,profile,prompt-user,profile.activities,warning,/profile?tab=activities,Add activities,Activities make profile analysis and school fit less generic.,Add activities,in_app_readiness_surface|dashboard,redis_notification_feed|remote_push|email,profile-readiness:profile-prompt-user-profile-activities:3afd7b8036e5c1e1e5d7c845,User has at least one activity row,,
user_prompt,ready_for_in_app_admin_delivery,d27e08ac8b20959602364ff0,profile-prompt-user-profile-activities,profile,prompt-user,profile.activities,warning,/profile?tab=activities,Add activities,Activities make profile analysis and school fit less generic.,Add activities,in_app_readiness_surface|dashboard,redis_notification_feed|remote_push|email,profile-readiness:profile-prompt-user-profile-activities:d27e08ac8b20959602364ff0,User has at least one activity row,,
user_prompt,ready_for_in_app_admin_delivery,250478f9bc807d488188e43a,profile-prompt-user-profile-activities,profile,prompt-user,profile.activities,warning,/profile?tab=activities,Add activities,Activities make profile analysis and school fit less generic.,Add activities,in_app_readiness_surface|dashboard,redis_notification_feed|remote_push|email,profile-readiness:profile-prompt-user-profile-activities:250478f9bc807d488188e43a,User has at least one activity row,,
user_prompt,ready_for_in_app_admin_delivery,eeba0a3855a48d924581623c,profile-prompt-user-profile-activities,profile,prompt-user,profile.activities,warning,/profile?tab=activities,Add activities,Activities make profile analysis and school fit less generic.,Add activities,in_app_readiness_surface|dashboard,redis_notification_feed|remote_push|email,profile-readiness:profile-prompt-user-profile-activities:eeba0a3855a48d924581623c,User has at least one activity row,,
user_prompt,ready_for_in_app_admin_delivery,e459d2836df1c0cc6c82dceb,profile-prompt-user-profile-activities,profile,prompt-user,profile.activities,warning,/profile?tab=activities,Add activities,Activities make profile analysis and school fit less generic.,Add activities,in_app_readiness_surface|dashboard,redis_notification_feed|remote_push|email,profile-readiness:profile-prompt-user-profile-activities:e459d2836df1c0cc6c82dceb,User has at least one activity row,,
user_prompt,ready_for_in_app_admin_delivery,aec864b0bd9e03013c1bd23d,profile-prompt-user-profile-activities,profile,prompt-user,profile.activities,warning,/profile?tab=activities,Add activities,Activities make profile analysis and school fit less generic.,Add activities,in_app_readiness_surface|dashboard,redis_notification_feed|remote_push|email,profile-readiness:profile-prompt-user-profile-activities:aec864b0bd9e03013c1bd23d,User has at least one activity row,,
user_prompt,ready_for_in_app_admin_delivery,540754f3060141f2b8358f73,profile-prompt-user-profile-activities,profile,prompt-user,profile.activities,warning,/profile?tab=activities,Add activities,Activities make profile analysis and school fit less generic.,Add activities,in_app_readiness_surface|dashboard,redis_notification_feed|remote_push|email,profile-readiness:profile-prompt-user-profile-activities:540754f3060141f2b8358f73,User has at least one activity row,,
user_prompt,ready_for_in_app_admin_delivery,8b9063753df9105b7b12e477,profile-prompt-user-profile-activities,profile,prompt-user,profile.activities,warning,/profile?tab=activities,Add activities,Activities make profile analysis and school fit less generic.,Add activities,in_app_readiness_surface|dashboard,redis_notification_feed|remote_push|email,profile-readiness:profile-prompt-user-profile-activities:8b9063753df9105b7b12e477,User has at least one activity row,,
user_prompt,ready_for_in_app_admin_delivery,9c98541c41c8d2c277251c30,profile-prompt-user-profile-activities,profile,prompt-user,profile.activities,warning,/profile?tab=activities,Add activities,Activities make profile analysis and school fit less generic.,Add activities,in_app_readiness_surface|dashboard,redis_notification_feed|remote_push|email,profile-readiness:profile-prompt-user-profile-activities:9c98541c41c8d2c277251c30,User has at least one activity row,,
user_prompt,ready_for_in_app_admin_delivery,f811873eb9c4893968cd0bf6,profile-prompt-user-profile-activities,profile,prompt-user,profile.activities,warning,/profile?tab=activities,Add activities,Activities make profile analysis and school fit less generic.,Add activities,in_app_readiness_surface|dashboard,redis_notification_feed|remote_push|email,profile-readiness:profile-prompt-user-profile-activities:f811873eb9c4893968cd0bf6,User has at least one activity row,,
user_prompt,ready_for_in_app_admin_delivery,38513449c80d8608d453d1a8,profile-prompt-user-profile-activities,profile,prompt-user,profile.activities,warning,/profile?tab=activities,Add activities,Activities make profile analysis and school fit less generic.,Add activities,in_app_readiness_surface|dashboard,redis_notification_feed|remote_push|email,profile-readiness:profile-prompt-user-profile-activities:38513449c80d8608d453d1a8,User has at least one activity row,,
user_prompt,ready_for_in_app_admin_delivery,708ca028a5ed9809c9b06bac,profile-prompt-user-profile-activities,profile,prompt-user,profile.activities,warning,/profile?tab=activities,Add activities,Activities make profile analysis and school fit less generic.,Add activities,in_app_readiness_surface|dashboard,redis_notification_feed|remote_push|email,profile-readiness:profile-prompt-user-profile-activities:708ca028a5ed9809c9b06bac,User has at least one activity row,,
user_prompt,ready_for_in_app_admin_delivery,c2a7e031b5c8c4fbb8009d27,profile-prompt-user-profile-activities,profile,prompt-user,profile.activities,warning,/profile?tab=activities,Add activities,Activities make profile analysis and school fit less generic.,Add activities,in_app_readiness_surface|dashboard,redis_notification_feed|remote_push|email,profile-readiness:profile-prompt-user-profile-activities:c2a7e031b5c8c4fbb8009d27,User has at least one activity row,,
user_prompt,ready_for_in_app_admin_delivery,0e0218d4eec178ae14d0895a,profile-prompt-user-profile-activities,profile,prompt-user,profile.activities,warning,/profile?tab=activities,Add activities,Activities make profile analysis and school fit less generic.,Add activities,in_app_readiness_surface|dashboard,redis_notification_feed|remote_push|email,profile-readiness:profile-prompt-user-profile-activities:0e0218d4eec178ae14d0895a,User has at least one activity row,,
user_prompt,ready_for_in_app_admin_delivery,2d361e3c8b12cd5dc12f9b4c,profile-prompt-user-profile-activities,profile,prompt-user,profile.activities,warning,/profile?tab=activities,Add activities,Activities make profile analysis and school fit less generic.,Add activities,in_app_readiness_surface|dashboard,redis_notification_feed|remote_push|email,profile-readiness:profile-prompt-user-profile-activities:2d361e3c8b12cd5dc12f9b4c,User has at least one activity row,,
user_prompt,ready_for_in_app_admin_delivery,789fa80ec8187b8e6d87972e,profile-prompt-user-profile-activities,profile,prompt-user,profile.activities,warning,/profile?tab=activities,Add activities,Activities make profile analysis and school fit less generic.,Add activities,in_app_readiness_surface|dashboard,redis_notification_feed|remote_push|email,profile-readiness:profile-prompt-user-profile-activities:789fa80ec8187b8e6d87972e,User has at least one activity row,,
user_prompt,ready_for_in_app_admin_delivery,c8789c9b521d45030a2fb844,profile-prompt-user-profile-activities,profile,prompt-user,profile.activities,warning,/profile?tab=activities,Add activities,Activities make profile analysis and school fit less generic.,Add activities,in_app_readiness_surface|dashboard,redis_notification_feed|remote_push|email,profile-readiness:profile-prompt-user-profile-activities:c8789c9b521d45030a2fb844,User has at least one activity row,,
user_prompt,ready_for_in_app_admin_delivery,047fbb2b1257b6188c1c338e,profile-prompt-user-profile-activities,profile,prompt-user,profile.activities,warning,/profile?tab=activities,Add activities,Activities make profile analysis and school fit less generic.,Add activities,in_app_readiness_surface|dashboard,redis_notification_feed|remote_push|email,profile-readiness:profile-prompt-user-profile-activities:047fbb2b1257b6188c1c338e,User has at least one activity row,,
user_prompt,ready_for_in_app_admin_delivery,9a17753b6f92c305cf1d00e6,profile-prompt-user-profile-activities,profile,prompt-user,profile.activities,warning,/profile?tab=activities,Add activities,Activities make profile analysis and school fit less generic.,Add activities,in_app_readiness_surface|dashboard,redis_notification_feed|remote_push|email,profile-readiness:profile-prompt-user-profile-activities:9a17753b6f92c305cf1d00e6,User has at least one activity row,,
user_prompt,ready_for_in_app_admin_delivery,681f630e1598a0f84dfbdad9,profile-prompt-user-profile-activities,profile,prompt-user,profile.activities,warning,/profile?tab=activities,Add activities,Activities make profile analysis and school fit less generic.,Add activities,in_app_readiness_surface|dashboard,redis_notification_feed|remote_push|email,profile-readiness:profile-prompt-user-profile-activities:681f630e1598a0f84dfbdad9,User has at least one activity row,,
user_prompt,ready_for_in_app_admin_delivery,3db5a85c977720262ae3558c,profile-prompt-user-profile-activities,profile,prompt-user,profile.activities,warning,/profile?tab=activities,Add activities,Activities make profile analysis and school fit less generic.,Add activities,in_app_readiness_surface|dashboard,redis_notification_feed|remote_push|email,profile-readiness:profile-prompt-user-profile-activities:3db5a85c977720262ae3558c,User has at least one activity row,,
user_prompt,ready_for_in_app_admin_delivery,cad09eb9c12777a1903efa82,profile-prompt-user-profile-activities,profile,prompt-user,profile.activities,warning,/profile?tab=activities,Add activities,Activities make profile analysis and school fit less generic.,Add activities,in_app_readiness_surface|dashboard,redis_notification_feed|remote_push|email,profile-readiness:profile-prompt-user-profile-activities:cad09eb9c12777a1903efa82,User has at least one activity row,,
user_prompt,ready_for_in_app_admin_delivery,a9f610abf63d7843a44ff565,profile-prompt-user-profile-activities,profile,prompt-user,profile.activities,warning,/profile?tab=activities,Add activities,Activities make profile analysis and school fit less generic.,Add activities,in_app_readiness_surface|dashboard,redis_notification_feed|remote_push|email,profile-readiness:profile-prompt-user-profile-activities:a9f610abf63d7843a44ff565,User has at least one activity row,,
user_prompt,ready_for_in_app_admin_delivery,938e10d6b09fbb6b6b230e4e,profile-prompt-user-profile-activities,profile,prompt-user,profile.activities,warning,/profile?tab=activities,Add activities,Activities make profile analysis and school fit less generic.,Add activities,in_app_readiness_surface|dashboard,redis_notification_feed|remote_push|email,profile-readiness:profile-prompt-user-profile-activities:938e10d6b09fbb6b6b230e4e,User has at least one activity row,,
user_prompt,ready_for_in_app_admin_delivery,a8615f48d9550a80dc5627ea,profile-prompt-user-profile-activities,profile,prompt-user,profile.activities,warning,/profile?tab=activities,Add activities,Activities make profile analysis and school fit less generic.,Add activities,in_app_readiness_surface|dashboard,redis_notification_feed|remote_push|email,profile-readiness:profile-prompt-user-profile-activities:a8615f48d9550a80dc5627ea,User has at least one activity row,,
user_prompt,ready_for_in_app_admin_delivery,5fc2b5b85c0ba89f9ac12c27,profile-prompt-user-profile-activities,profile,prompt-user,profile.activities,warning,/profile?tab=activities,Add activities,Activities make profile analysis and school fit less generic.,Add activities,in_app_readiness_surface|dashboard,redis_notification_feed|remote_push|email,profile-readiness:profile-prompt-user-profile-activities:5fc2b5b85c0ba89f9ac12c27,User has at least one activity row,,
user_prompt,ready_for_in_app_admin_delivery,23525cc368de8b7e63422191,profile-prompt-user-profile-activities,profile,prompt-user,profile.activities,warning,/profile?tab=activities,Add activities,Activities make profile analysis and school fit less generic.,Add activities,in_app_readiness_surface|dashboard,redis_notification_feed|remote_push|email,profile-readiness:profile-prompt-user-profile-activities:23525cc368de8b7e63422191,User has at least one activity row,,
user_prompt,ready_for_in_app_admin_delivery,e9e452388d9c685c51e9a2c9,profile-prompt-user-profile-activities,profile,prompt-user,profile.activities,warning,/profile?tab=activities,Add activities,Activities make profile analysis and school fit less generic.,Add activities,in_app_readiness_surface|dashboard,redis_notification_feed|remote_push|email,profile-readiness:profile-prompt-user-profile-activities:e9e452388d9c685c51e9a2c9,User has at least one activity row,,
user_prompt,ready_for_in_app_admin_delivery,6527db866ca438e56f6b6c07,profile-prompt-user-profile-activities,profile,prompt-user,profile.activities,warning,/profile?tab=activities,Add activities,Activities make profile analysis and school fit less generic.,Add activities,in_app_readiness_surface|dashboard,redis_notification_feed|remote_push|email,profile-readiness:profile-prompt-user-profile-activities:6527db866ca438e56f6b6c07,User has at least one activity row,,
user_prompt,ready_for_in_app_admin_delivery,a3765184683ddbf1a3263f80,profile-prompt-user-profile-activities,profile,prompt-user,profile.activities,warning,/profile?tab=activities,Add activities,Activities make profile analysis and school fit less generic.,Add activities,in_app_readiness_surface|dashboard,redis_notification_feed|remote_push|email,profile-readiness:profile-prompt-user-profile-activities:a3765184683ddbf1a3263f80,User has at least one activity row,,
user_prompt,ready_for_in_app_admin_delivery,0984f97b4c9e411ae688c719,profile-prompt-user-profile-activities,profile,prompt-user,profile.activities,warning,/profile?tab=activities,Add activities,Activities make profile analysis and school fit less generic.,Add activities,in_app_readiness_surface|dashboard,redis_notification_feed|remote_push|email,profile-readiness:profile-prompt-user-profile-activities:0984f97b4c9e411ae688c719,User has at least one activity row,,
user_prompt,ready_for_in_app_admin_delivery,d2dfa091194b4b601fd93a2f,profile-prompt-user-profile-activities,profile,prompt-user,profile.activities,warning,/profile?tab=activities,Add activities,Activities make profile analysis and school fit less generic.,Add activities,in_app_readiness_surface|dashboard,redis_notification_feed|remote_push|email,profile-readiness:profile-prompt-user-profile-activities:d2dfa091194b4b601fd93a2f,User has at least one activity row,,
user_prompt,ready_for_in_app_admin_delivery,3f67df57cfda6fa11994c000,profile-prompt-user-profile-activities,profile,prompt-user,profile.activities,warning,/profile?tab=activities,Add activities,Activities make profile analysis and school fit less generic.,Add activities,in_app_readiness_surface|dashboard,redis_notification_feed|remote_push|email,profile-readiness:profile-prompt-user-profile-activities:3f67df57cfda6fa11994c000,User has at least one activity row,,
user_prompt,ready_for_in_app_admin_delivery,2cdd1d6c37e7b4e60206872e,profile-prompt-user-profile-activities,profile,prompt-user,profile.activities,warning,/profile?tab=activities,Add activities,Activities make profile analysis and school fit less generic.,Add activities,in_app_readiness_surface|dashboard,redis_notification_feed|remote_push|email,profile-readiness:profile-prompt-user-profile-activities:2cdd1d6c37e7b4e60206872e,User has at least one activity row,,
user_prompt,ready_for_in_app_admin_delivery,282b8d78bc025cdab396c69a,profile-prompt-user-profile-activities,profile,prompt-user,profile.activities,warning,/profile?tab=activities,Add activities,Activities make profile analysis and school fit less generic.,Add activities,in_app_readiness_surface|dashboard,redis_notification_feed|remote_push|email,profile-readiness:profile-prompt-user-profile-activities:282b8d78bc025cdab396c69a,User has at least one activity row,,
user_prompt,ready_for_in_app_admin_delivery,1866a2d45ee8d3a871ad2e71,profile-prompt-user-profile-activities,profile,prompt-user,profile.activities,warning,/profile?tab=activities,Add activities,Activities make profile analysis and school fit less generic.,Add activities,in_app_readiness_surface|dashboard,redis_notification_feed|remote_push|email,profile-readiness:profile-prompt-user-profile-activities:1866a2d45ee8d3a871ad2e71,User has at least one activity row,,
user_prompt,ready_for_in_app_admin_delivery,4b7e1334a900ac684d603b62,profile-prompt-user-profile-activities,profile,prompt-user,profile.activities,warning,/profile?tab=activities,Add activities,Activities make profile analysis and school fit less generic.,Add activities,in_app_readiness_surface|dashboard,redis_notification_feed|remote_push|email,profile-readiness:profile-prompt-user-profile-activities:4b7e1334a900ac684d603b62,User has at least one activity row,,
user_prompt,ready_for_in_app_admin_delivery,2e6cda3073191443688cd586,profile-prompt-user-profile-activities,profile,prompt-user,profile.activities,warning,/profile?tab=activities,Add activities,Activities make profile analysis and school fit less generic.,Add activities,in_app_readiness_surface|dashboard,redis_notification_feed|remote_push|email,profile-readiness:profile-prompt-user-profile-activities:2e6cda3073191443688cd586,User has at least one activity row,,
user_prompt,ready_for_in_app_admin_delivery,36ed3d17c59c821773e09ca1,profile-prompt-user-profile-activities,profile,prompt-user,profile.activities,warning,/profile?tab=activities,Add activities,Activities make profile analysis and school fit less generic.,Add activities,in_app_readiness_surface|dashboard,redis_notification_feed|remote_push|email,profile-readiness:profile-prompt-user-profile-activities:36ed3d17c59c821773e09ca1,User has at least one activity row,,
user_prompt,ready_for_in_app_admin_delivery,10f66e162b2a7d95bc50da70,profile-prompt-user-profile-activities,profile,prompt-user,profile.activities,warning,/profile?tab=activities,Add activities,Activities make profile analysis and school fit less generic.,Add activities,in_app_readiness_surface|dashboard,redis_notification_feed|remote_push|email,profile-readiness:profile-prompt-user-profile-activities:10f66e162b2a7d95bc50da70,User has at least one activity row,,
user_prompt,ready_for_in_app_admin_delivery,d418c7bf3670b6453a63d813,profile-prompt-user-profile-activities,profile,prompt-user,profile.activities,warning,/profile?tab=activities,Add activities,Activities make profile analysis and school fit less generic.,Add activities,in_app_readiness_surface|dashboard,redis_notification_feed|remote_push|email,profile-readiness:profile-prompt-user-profile-activities:d418c7bf3670b6453a63d813,User has at least one activity row,,
user_prompt,ready_for_in_app_admin_delivery,df6d2abb27451f5fa1dc8379,profile-prompt-user-profile-activities,profile,prompt-user,profile.activities,warning,/profile?tab=activities,Add activities,Activities make profile analysis and school fit less generic.,Add activities,in_app_readiness_surface|dashboard,redis_notification_feed|remote_push|email,profile-readiness:profile-prompt-user-profile-activities:df6d2abb27451f5fa1dc8379,User has at least one activity row,,
user_prompt,ready_for_in_app_admin_delivery,4c30c695722622a47cc1a82e,profile-prompt-user-profile-activities,profile,prompt-user,profile.activities,warning,/profile?tab=activities,Add activities,Activities make profile analysis and school fit less generic.,Add activities,in_app_readiness_surface|dashboard,redis_notification_feed|remote_push|email,profile-readiness:profile-prompt-user-profile-activities:4c30c695722622a47cc1a82e,User has at least one activity row,,
user_prompt,ready_for_in_app_admin_delivery,fabb30faa4f6f41348116c7e,profile-prompt-user-profile-activities,profile,prompt-user,profile.activities,warning,/profile?tab=activities,Add activities,Activities make profile analysis and school fit less generic.,Add activities,in_app_readiness_surface|dashboard,redis_notification_feed|remote_push|email,profile-readiness:profile-prompt-user-profile-activities:fabb30faa4f6f41348116c7e,User has at least one activity row,,
user_prompt,ready_for_in_app_admin_delivery,9f540ba4a720667a80bf9f98,profile-prompt-user-profile-activities,profile,prompt-user,profile.activities,warning,/profile?tab=activities,Add activities,Activities make profile analysis and school fit less generic.,Add activities,in_app_readiness_surface|dashboard,redis_notification_feed|remote_push|email,profile-readiness:profile-prompt-user-profile-activities:9f540ba4a720667a80bf9f98,User has at least one activity row,,
user_prompt,ready_for_in_app_admin_delivery,a90bde0a302d98c0ecd110eb,profile-prompt-user-profile-activities,profile,prompt-user,profile.activities,warning,/profile?tab=activities,Add activities,Activities make profile analysis and school fit less generic.,Add activities,in_app_readiness_surface|dashboard,redis_notification_feed|remote_push|email,profile-readiness:profile-prompt-user-profile-activities:a90bde0a302d98c0ecd110eb,User has at least one activity row,,
user_prompt,ready_for_in_app_admin_delivery,576ad17c7ef49e92e56c56f4,profile-prompt-user-profile-activities,profile,prompt-user,profile.activities,warning,/profile?tab=activities,Add activities,Activities make profile analysis and school fit less generic.,Add activities,in_app_readiness_surface|dashboard,redis_notification_feed|remote_push|email,profile-readiness:profile-prompt-user-profile-activities:576ad17c7ef49e92e56c56f4,User has at least one activity row,,
user_prompt,ready_for_in_app_admin_delivery,d0a6c2932159a68b1829944a,profile-prompt-user-profile-activities,profile,prompt-user,profile.activities,warning,/profile?tab=activities,Add activities,Activities make profile analysis and school fit less generic.,Add activities,in_app_readiness_surface|dashboard,redis_notification_feed|remote_push|email,profile-readiness:profile-prompt-user-profile-activities:d0a6c2932159a68b1829944a,User has at least one activity row,,
user_prompt,ready_for_in_app_admin_delivery,09b0d988d0b0c1669bd07bb5,profile-prompt-user-profile-activities,profile,prompt-user,profile.activities,warning,/profile?tab=activities,Add activities,Activities make profile analysis and school fit less generic.,Add activities,in_app_readiness_surface|dashboard,redis_notification_feed|remote_push|email,profile-readiness:profile-prompt-user-profile-activities:09b0d988d0b0c1669bd07bb5,User has at least one activity row,,
user_prompt,ready_for_in_app_admin_delivery,18bdef37a4018bbe19cbf58b,profile-prompt-user-profile-activities,profile,prompt-user,profile.activities,warning,/profile?tab=activities,Add activities,Activities make profile analysis and school fit less generic.,Add activities,in_app_readiness_surface|dashboard,redis_notification_feed|remote_push|email,profile-readiness:profile-prompt-user-profile-activities:18bdef37a4018bbe19cbf58b,User has at least one activity row,,
user_prompt,ready_for_in_app_admin_delivery,6486146070efd5bc9be34f72,profile-prompt-user-profile-activities,profile,prompt-user,profile.activities,warning,/profile?tab=activities,Add activities,Activities make profile analysis and school fit less generic.,Add activities,in_app_readiness_surface|dashboard,redis_notification_feed|remote_push|email,profile-readiness:profile-prompt-user-profile-activities:6486146070efd5bc9be34f72,User has at least one activity row,,
user_prompt,ready_for_in_app_admin_delivery,91aded673af60a06a5d6a4f1,profile-prompt-user-profile-activities,profile,prompt-user,profile.activities,warning,/profile?tab=activities,Add activities,Activities make profile analysis and school fit less generic.,Add activities,in_app_readiness_surface|dashboard,redis_notification_feed|remote_push|email,profile-readiness:profile-prompt-user-profile-activities:91aded673af60a06a5d6a4f1,User has at least one activity row,,
user_prompt,ready_for_in_app_admin_delivery,0e240658b0ed5ddc5ddac053,profile-prompt-user-profile-activities,profile,prompt-user,profile.activities,warning,/profile?tab=activities,Add activities,Activities make profile analysis and school fit less generic.,Add activities,in_app_readiness_surface|dashboard,redis_notification_feed|remote_push|email,profile-readiness:profile-prompt-user-profile-activities:0e240658b0ed5ddc5ddac053,User has at least one activity row,,
user_prompt,ready_for_in_app_admin_delivery,160fbb2e25a95bb3f9eced86,profile-prompt-user-profile-activities,profile,prompt-user,profile.activities,warning,/profile?tab=activities,Add activities,Activities make profile analysis and school fit less generic.,Add activities,in_app_readiness_surface|dashboard,redis_notification_feed|remote_push|email,profile-readiness:profile-prompt-user-profile-activities:160fbb2e25a95bb3f9eced86,User has at least one activity row,,
user_prompt,ready_for_in_app_admin_delivery,ddf064cfc49aa62c9d8707cc,profile-prompt-user-profile-activities,profile,prompt-user,profile.activities,warning,/profile?tab=activities,Add activities,Activities make profile analysis and school fit less generic.,Add activities,in_app_readiness_surface|dashboard,redis_notification_feed|remote_push|email,profile-readiness:profile-prompt-user-profile-activities:ddf064cfc49aa62c9d8707cc,User has at least one activity row,,
user_prompt,ready_for_in_app_admin_delivery,a790099ccfefc40ce8696476,profile-prompt-user-profile-activities,profile,prompt-user,profile.activities,warning,/profile?tab=activities,Add activities,Activities make profile analysis and school fit less generic.,Add activities,in_app_readiness_surface|dashboard,redis_notification_feed|remote_push|email,profile-readiness:profile-prompt-user-profile-activities:a790099ccfefc40ce8696476,User has at least one activity row,,
user_prompt,ready_for_in_app_admin_delivery,e05394e22942d705c03859bd,profile-prompt-user-profile-activities,profile,prompt-user,profile.activities,warning,/profile?tab=activities,Add activities,Activities make profile analysis and school fit less generic.,Add activities,in_app_readiness_surface|dashboard,redis_notification_feed|remote_push|email,profile-readiness:profile-prompt-user-profile-activities:e05394e22942d705c03859bd,User has at least one activity row,,
user_prompt,ready_for_in_app_admin_delivery,a995021d6a20228df7f3d2c7,profile-prompt-user-profile-activities,profile,prompt-user,profile.activities,warning,/profile?tab=activities,Add activities,Activities make profile analysis and school fit less generic.,Add activities,in_app_readiness_surface|dashboard,redis_notification_feed|remote_push|email,profile-readiness:profile-prompt-user-profile-activities:a995021d6a20228df7f3d2c7,User has at least one activity row,,
user_prompt,ready_for_in_app_admin_delivery,33a18bd87c4167c2d25c8f80,profile-prompt-user-profile-activities,profile,prompt-user,profile.activities,warning,/profile?tab=activities,Add activities,Activities make profile analysis and school fit less generic.,Add activities,in_app_readiness_surface|dashboard,redis_notification_feed|remote_push|email,profile-readiness:profile-prompt-user-profile-activities:33a18bd87c4167c2d25c8f80,User has at least one activity row,,
user_prompt,ready_for_in_app_admin_delivery,2000da6ed500774c6aea6a3f,profile-prompt-user-profile-activities,profile,prompt-user,profile.activities,warning,/profile?tab=activities,Add activities,Activities make profile analysis and school fit less generic.,Add activities,in_app_readiness_surface|dashboard,redis_notification_feed|remote_push|email,profile-readiness:profile-prompt-user-profile-activities:2000da6ed500774c6aea6a3f,User has at least one activity row,,
user_prompt,ready_for_in_app_admin_delivery,62e20c0d2922ccd5833fc157,profile-prompt-user-profile-activities,profile,prompt-user,profile.activities,warning,/profile?tab=activities,Add activities,Activities make profile analysis and school fit less generic.,Add activities,in_app_readiness_surface|dashboard,redis_notification_feed|remote_push|email,profile-readiness:profile-prompt-user-profile-activities:62e20c0d2922ccd5833fc157,User has at least one activity row,,
user_prompt,ready_for_in_app_admin_delivery,7f3e88c6566d0a0a68d15f41,profile-prompt-user-profile-activities,profile,prompt-user,profile.activities,warning,/profile?tab=activities,Add activities,Activities make profile analysis and school fit less generic.,Add activities,in_app_readiness_surface|dashboard,redis_notification_feed|remote_push|email,profile-readiness:profile-prompt-user-profile-activities:7f3e88c6566d0a0a68d15f41,User has at least one activity row,,
user_prompt,ready_for_in_app_admin_delivery,3f93bbee58f8299dcd02e13c,profile-prompt-user-profile-activities,profile,prompt-user,profile.activities,warning,/profile?tab=activities,Add activities,Activities make profile analysis and school fit less generic.,Add activities,in_app_readiness_surface|dashboard,redis_notification_feed|remote_push|email,profile-readiness:profile-prompt-user-profile-activities:3f93bbee58f8299dcd02e13c,User has at least one activity row,,
user_prompt,ready_for_in_app_admin_delivery,802483c05fc63b56d5113074,profile-prompt-user-profile-basic-context,profile,prompt-user,profile.basic_context,warning,/profile?tab=basic,Complete basic school context,"Grade, curriculum, and school context help compare your profile fairly.",Update profile,in_app_readiness_surface|dashboard,redis_notification_feed|remote_push|email,profile-readiness:profile-prompt-user-profile-basic-context:802483c05fc63b56d5113074,Profile school/grade/curriculum context exists,,
user_prompt,ready_for_in_app_admin_delivery,f46de3981f1853f4abbd4641,profile-prompt-user-profile-basic-context,profile,prompt-user,profile.basic_context,warning,/profile?tab=basic,Complete basic school context,"Grade, curriculum, and school context help compare your profile fairly.",Update profile,in_app_readiness_surface|dashboard,redis_notification_feed|remote_push|email,profile-readiness:profile-prompt-user-profile-basic-context:f46de3981f1853f4abbd4641,Profile school/grade/curriculum context exists,,
user_prompt,ready_for_in_app_admin_delivery,3dc36e732297447a53963a67,profile-prompt-user-profile-basic-context,profile,prompt-user,profile.basic_context,warning,/profile?tab=basic,Complete basic school context,"Grade, curriculum, and school context help compare your profile fairly.",Update profile,in_app_readiness_surface|dashboard,redis_notification_feed|remote_push|email,profile-readiness:profile-prompt-user-profile-basic-context:3dc36e732297447a53963a67,Profile school/grade/curriculum context exists,,
user_prompt,ready_for_in_app_admin_delivery,3aec115dea1871ad7804c5ee,profile-prompt-user-profile-basic-context,profile,prompt-user,profile.basic_context,warning,/profile?tab=basic,Complete basic school context,"Grade, curriculum, and school context help compare your profile fairly.",Update profile,in_app_readiness_surface|dashboard,redis_notification_feed|remote_push|email,profile-readiness:profile-prompt-user-profile-basic-context:3aec115dea1871ad7804c5ee,Profile school/grade/curriculum context exists,,
user_prompt,ready_for_in_app_admin_delivery,29076cdf73d07afbecb33d1f,profile-prompt-user-profile-basic-context,profile,prompt-user,profile.basic_context,warning,/profile?tab=basic,Complete basic school context,"Grade, curriculum, and school context help compare your profile fairly.",Update profile,in_app_readiness_surface|dashboard,redis_notification_feed|remote_push|email,profile-readiness:profile-prompt-user-profile-basic-context:29076cdf73d07afbecb33d1f,Profile school/grade/curriculum context exists,,
user_prompt,ready_for_in_app_admin_delivery,e6f9022187d9b4ec16d49235,profile-prompt-user-profile-basic-context,profile,prompt-user,profile.basic_context,warning,/profile?tab=basic,Complete basic school context,"Grade, curriculum, and school context help compare your profile fairly.",Update profile,in_app_readiness_surface|dashboard,redis_notification_feed|remote_push|email,profile-readiness:profile-prompt-user-profile-basic-context:e6f9022187d9b4ec16d49235,Profile school/grade/curriculum context exists,,
user_prompt,ready_for_in_app_admin_delivery,e449837a18bd87b77a6ef1e5,profile-prompt-user-profile-basic-context,profile,prompt-user,profile.basic_context,warning,/profile?tab=basic,Complete basic school context,"Grade, curriculum, and school context help compare your profile fairly.",Update profile,in_app_readiness_surface|dashboard,redis_notification_feed|remote_push|email,profile-readiness:profile-prompt-user-profile-basic-context:e449837a18bd87b77a6ef1e5,Profile school/grade/curriculum context exists,,
user_prompt,ready_for_in_app_admin_delivery,fe2afb920f81889354794d13,profile-prompt-user-profile-basic-context,profile,prompt-user,profile.basic_context,warning,/profile?tab=basic,Complete basic school context,"Grade, curriculum, and school context help compare your profile fairly.",Update profile,in_app_readiness_surface|dashboard,redis_notification_feed|remote_push|email,profile-readiness:profile-prompt-user-profile-basic-context:fe2afb920f81889354794d13,Profile school/grade/curriculum context exists,,
user_prompt,ready_for_in_app_admin_delivery,75933046392cb0c42c062611,profile-prompt-user-profile-basic-context,profile,prompt-user,profile.basic_context,warning,/profile?tab=basic,Complete basic school context,"Grade, curriculum, and school context help compare your profile fairly.",Update profile,in_app_readiness_surface|dashboard,redis_notification_feed|remote_push|email,profile-readiness:profile-prompt-user-profile-basic-context:75933046392cb0c42c062611,Profile school/grade/curriculum context exists,,
user_prompt,ready_for_in_app_admin_delivery,745052463f3be2c63514db2f,profile-prompt-user-profile-basic-context,profile,prompt-user,profile.basic_context,warning,/profile?tab=basic,Complete basic school context,"Grade, curriculum, and school context help compare your profile fairly.",Update profile,in_app_readiness_surface|dashboard,redis_notification_feed|remote_push|email,profile-readiness:profile-prompt-user-profile-basic-context:745052463f3be2c63514db2f,Profile school/grade/curriculum context exists,,
user_prompt,ready_for_in_app_admin_delivery,9d0db16bacd8261ed76c2d8f,profile-prompt-user-profile-basic-context,profile,prompt-user,profile.basic_context,warning,/profile?tab=basic,Complete basic school context,"Grade, curriculum, and school context help compare your profile fairly.",Update profile,in_app_readiness_surface|dashboard,redis_notification_feed|remote_push|email,profile-readiness:profile-prompt-user-profile-basic-context:9d0db16bacd8261ed76c2d8f,Profile school/grade/curriculum context exists,,
user_prompt,ready_for_in_app_admin_delivery,2d3538d986b40dbb9773bad5,profile-prompt-user-profile-basic-context,profile,prompt-user,profile.basic_context,warning,/profile?tab=basic,Complete basic school context,"Grade, curriculum, and school context help compare your profile fairly.",Update profile,in_app_readiness_surface|dashboard,redis_notification_feed|remote_push|email,profile-readiness:profile-prompt-user-profile-basic-context:2d3538d986b40dbb9773bad5,Profile school/grade/curriculum context exists,,
user_prompt,ready_for_in_app_admin_delivery,bf039e0c60608f4f87581cc9,profile-prompt-user-profile-basic-context,profile,prompt-user,profile.basic_context,warning,/profile?tab=basic,Complete basic school context,"Grade, curriculum, and school context help compare your profile fairly.",Update profile,in_app_readiness_surface|dashboard,redis_notification_feed|remote_push|email,profile-readiness:profile-prompt-user-profile-basic-context:bf039e0c60608f4f87581cc9,Profile school/grade/curriculum context exists,,
user_prompt,ready_for_in_app_admin_delivery,366320fee296c0f2fc92761e,profile-prompt-user-profile-basic-context,profile,prompt-user,profile.basic_context,warning,/profile?tab=basic,Complete basic school context,"Grade, curriculum, and school context help compare your profile fairly.",Update profile,in_app_readiness_surface|dashboard,redis_notification_feed|remote_push|email,profile-readiness:profile-prompt-user-profile-basic-context:366320fee296c0f2fc92761e,Profile school/grade/curriculum context exists,,
user_prompt,ready_for_in_app_admin_delivery,683b23c8c4fe0d8bc12e5633,profile-prompt-user-profile-basic-context,profile,prompt-user,profile.basic_context,warning,/profile?tab=basic,Complete basic school context,"Grade, curriculum, and school context help compare your profile fairly.",Update profile,in_app_readiness_surface|dashboard,redis_notification_feed|remote_push|email,profile-readiness:profile-prompt-user-profile-basic-context:683b23c8c4fe0d8bc12e5633,Profile school/grade/curriculum context exists,,
user_prompt,ready_for_in_app_admin_delivery,b338f5f9fe85ac763c330af1,profile-prompt-user-profile-basic-context,profile,prompt-user,profile.basic_context,warning,/profile?tab=basic,Complete basic school context,"Grade, curriculum, and school context help compare your profile fairly.",Update profile,in_app_readiness_surface|dashboard,redis_notification_feed|remote_push|email,profile-readiness:profile-prompt-user-profile-basic-context:b338f5f9fe85ac763c330af1,Profile school/grade/curriculum context exists,,
user_prompt,ready_for_in_app_admin_delivery,e5f7d86f6995efe58037c6fb,profile-prompt-user-profile-basic-context,profile,prompt-user,profile.basic_context,warning,/profile?tab=basic,Complete basic school context,"Grade, curriculum, and school context help compare your profile fairly.",Update profile,in_app_readiness_surface|dashboard,redis_notification_feed|remote_push|email,profile-readiness:profile-prompt-user-profile-basic-context:e5f7d86f6995efe58037c6fb,Profile school/grade/curriculum context exists,,
user_prompt,ready_for_in_app_admin_delivery,87a1b361875b527870210e1a,profile-prompt-user-profile-basic-context,profile,prompt-user,profile.basic_context,warning,/profile?tab=basic,Complete basic school context,"Grade, curriculum, and school context help compare your profile fairly.",Update profile,in_app_readiness_surface|dashboard,redis_notification_feed|remote_push|email,profile-readiness:profile-prompt-user-profile-basic-context:87a1b361875b527870210e1a,Profile school/grade/curriculum context exists,,
user_prompt,ready_for_in_app_admin_delivery,1d8c13ffebafff31847d9e97,profile-prompt-user-profile-basic-context,profile,prompt-user,profile.basic_context,warning,/profile?tab=basic,Complete basic school context,"Grade, curriculum, and school context help compare your profile fairly.",Update profile,in_app_readiness_surface|dashboard,redis_notification_feed|remote_push|email,profile-readiness:profile-prompt-user-profile-basic-context:1d8c13ffebafff31847d9e97,Profile school/grade/curriculum context exists,,
user_prompt,ready_for_in_app_admin_delivery,4fdebab56088e041d556c66e,profile-prompt-user-profile-basic-context,profile,prompt-user,profile.basic_context,warning,/profile?tab=basic,Complete basic school context,"Grade, curriculum, and school context help compare your profile fairly.",Update profile,in_app_readiness_surface|dashboard,redis_notification_feed|remote_push|email,profile-readiness:profile-prompt-user-profile-basic-context:4fdebab56088e041d556c66e,Profile school/grade/curriculum context exists,,
user_prompt,ready_for_in_app_admin_delivery,c6a5a94d5d0cb5e5d50b94ca,profile-prompt-user-profile-basic-context,profile,prompt-user,profile.basic_context,warning,/profile?tab=basic,Complete basic school context,"Grade, curriculum, and school context help compare your profile fairly.",Update profile,in_app_readiness_surface|dashboard,redis_notification_feed|remote_push|email,profile-readiness:profile-prompt-user-profile-basic-context:c6a5a94d5d0cb5e5d50b94ca,Profile school/grade/curriculum context exists,,
user_prompt,ready_for_in_app_admin_delivery,b5f4ee1c6dd44f7f60bcbd32,profile-prompt-user-profile-basic-context,profile,prompt-user,profile.basic_context,warning,/profile?tab=basic,Complete basic school context,"Grade, curriculum, and school context help compare your profile fairly.",Update profile,in_app_readiness_surface|dashboard,redis_notification_feed|remote_push|email,profile-readiness:profile-prompt-user-profile-basic-context:b5f4ee1c6dd44f7f60bcbd32,Profile school/grade/curriculum context exists,,
user_prompt,ready_for_in_app_admin_delivery,626eb5e38882c885cdc64b66,profile-prompt-user-profile-basic-context,profile,prompt-user,profile.basic_context,warning,/profile?tab=basic,Complete basic school context,"Grade, curriculum, and school context help compare your profile fairly.",Update profile,in_app_readiness_surface|dashboard,redis_notification_feed|remote_push|email,profile-readiness:profile-prompt-user-profile-basic-context:626eb5e38882c885cdc64b66,Profile school/grade/curriculum context exists,,
user_prompt,ready_for_in_app_admin_delivery,288dfec9fe70b8f130d4b269,profile-prompt-user-profile-basic-context,profile,prompt-user,profile.basic_context,warning,/profile?tab=basic,Complete basic school context,"Grade, curriculum, and school context help compare your profile fairly.",Update profile,in_app_readiness_surface|dashboard,redis_notification_feed|remote_push|email,profile-readiness:profile-prompt-user-profile-basic-context:288dfec9fe70b8f130d4b269,Profile school/grade/curriculum context exists,,
user_prompt,ready_for_in_app_admin_delivery,385e5344fb0ba928499b14d9,profile-prompt-user-profile-basic-context,profile,prompt-user,profile.basic_context,warning,/profile?tab=basic,Complete basic school context,"Grade, curriculum, and school context help compare your profile fairly.",Update profile,in_app_readiness_surface|dashboard,redis_notification_feed|remote_push|email,profile-readiness:profile-prompt-user-profile-basic-context:385e5344fb0ba928499b14d9,Profile school/grade/curriculum context exists,,
user_prompt,ready_for_in_app_admin_delivery,21b185bc16be52d77c08ac2c,profile-prompt-user-profile-basic-context,profile,prompt-user,profile.basic_context,warning,/profile?tab=basic,Complete basic school context,"Grade, curriculum, and school context help compare your profile fairly.",Update profile,in_app_readiness_surface|dashboard,redis_notification_feed|remote_push|email,profile-readiness:profile-prompt-user-profile-basic-context:21b185bc16be52d77c08ac2c,Profile school/grade/curriculum context exists,,
user_prompt,ready_for_in_app_admin_delivery,fad9e50ec597acdb56e97901,profile-prompt-user-profile-basic-context,profile,prompt-user,profile.basic_context,warning,/profile?tab=basic,Complete basic school context,"Grade, curriculum, and school context help compare your profile fairly.",Update profile,in_app_readiness_surface|dashboard,redis_notification_feed|remote_push|email,profile-readiness:profile-prompt-user-profile-basic-context:fad9e50ec597acdb56e97901,Profile school/grade/curriculum context exists,,
user_prompt,ready_for_in_app_admin_delivery,4d1f395bd00cc2f44c81f8e0,profile-prompt-user-profile-basic-context,profile,prompt-user,profile.basic_context,warning,/profile?tab=basic,Complete basic school context,"Grade, curriculum, and school context help compare your profile fairly.",Update profile,in_app_readiness_surface|dashboard,redis_notification_feed|remote_push|email,profile-readiness:profile-prompt-user-profile-basic-context:4d1f395bd00cc2f44c81f8e0,Profile school/grade/curriculum context exists,,
user_prompt,ready_for_in_app_admin_delivery,7232f1fa4940f02570578fa4,profile-prompt-user-profile-basic-context,profile,prompt-user,profile.basic_context,warning,/profile?tab=basic,Complete basic school context,"Grade, curriculum, and school context help compare your profile fairly.",Update profile,in_app_readiness_surface|dashboard,redis_notification_feed|remote_push|email,profile-readiness:profile-prompt-user-profile-basic-context:7232f1fa4940f02570578fa4,Profile school/grade/curriculum context exists,,
user_prompt,ready_for_in_app_admin_delivery,d5668608d88680646b4304d5,profile-prompt-user-profile-basic-context,profile,prompt-user,profile.basic_context,warning,/profile?tab=basic,Complete basic school context,"Grade, curriculum, and school context help compare your profile fairly.",Update profile,in_app_readiness_surface|dashboard,redis_notification_feed|remote_push|email,profile-readiness:profile-prompt-user-profile-basic-context:d5668608d88680646b4304d5,Profile school/grade/curriculum context exists,,
user_prompt,ready_for_in_app_admin_delivery,eb5f0931db192e04b5bb694f,profile-prompt-user-profile-basic-context,profile,prompt-user,profile.basic_context,warning,/profile?tab=basic,Complete basic school context,"Grade, curriculum, and school context help compare your profile fairly.",Update profile,in_app_readiness_surface|dashboard,redis_notification_feed|remote_push|email,profile-readiness:profile-prompt-user-profile-basic-context:eb5f0931db192e04b5bb694f,Profile school/grade/curriculum context exists,,
user_prompt,ready_for_in_app_admin_delivery,144044aa210635b68bd3413e,profile-prompt-user-profile-basic-context,profile,prompt-user,profile.basic_context,warning,/profile?tab=basic,Complete basic school context,"Grade, curriculum, and school context help compare your profile fairly.",Update profile,in_app_readiness_surface|dashboard,redis_notification_feed|remote_push|email,profile-readiness:profile-prompt-user-profile-basic-context:144044aa210635b68bd3413e,Profile school/grade/curriculum context exists,,
user_prompt,ready_for_in_app_admin_delivery,9e7d85fb4bc03da0d6a42f62,profile-prompt-user-profile-basic-context,profile,prompt-user,profile.basic_context,warning,/profile?tab=basic,Complete basic school context,"Grade, curriculum, and school context help compare your profile fairly.",Update profile,in_app_readiness_surface|dashboard,redis_notification_feed|remote_push|email,profile-readiness:profile-prompt-user-profile-basic-context:9e7d85fb4bc03da0d6a42f62,Profile school/grade/curriculum context exists,,
user_prompt,ready_for_in_app_admin_delivery,5a1258607ca8af1051025180,profile-prompt-user-profile-basic-context,profile,prompt-user,profile.basic_context,warning,/profile?tab=basic,Complete basic school context,"Grade, curriculum, and school context help compare your profile fairly.",Update profile,in_app_readiness_surface|dashboard,redis_notification_feed|remote_push|email,profile-readiness:profile-prompt-user-profile-basic-context:5a1258607ca8af1051025180,Profile school/grade/curriculum context exists,,
user_prompt,ready_for_in_app_admin_delivery,abaf8c9bde037950385c3f12,profile-prompt-user-profile-basic-context,profile,prompt-user,profile.basic_context,warning,/profile?tab=basic,Complete basic school context,"Grade, curriculum, and school context help compare your profile fairly.",Update profile,in_app_readiness_surface|dashboard,redis_notification_feed|remote_push|email,profile-readiness:profile-prompt-user-profile-basic-context:abaf8c9bde037950385c3f12,Profile school/grade/curriculum context exists,,
user_prompt,ready_for_in_app_admin_delivery,fa0da822fd523382a860416f,profile-prompt-user-profile-basic-context,profile,prompt-user,profile.basic_context,warning,/profile?tab=basic,Complete basic school context,"Grade, curriculum, and school context help compare your profile fairly.",Update profile,in_app_readiness_surface|dashboard,redis_notification_feed|remote_push|email,profile-readiness:profile-prompt-user-profile-basic-context:fa0da822fd523382a860416f,Profile school/grade/curriculum context exists,,
user_prompt,ready_for_in_app_admin_delivery,90f1204abd54fafff4b248e3,profile-prompt-user-profile-basic-context,profile,prompt-user,profile.basic_context,warning,/profile?tab=basic,Complete basic school context,"Grade, curriculum, and school context help compare your profile fairly.",Update profile,in_app_readiness_surface|dashboard,redis_notification_feed|remote_push|email,profile-readiness:profile-prompt-user-profile-basic-context:90f1204abd54fafff4b248e3,Profile school/grade/curriculum context exists,,
user_prompt,ready_for_in_app_admin_delivery,e3ad628c231e661f27d886fd,profile-prompt-user-profile-basic-context,profile,prompt-user,profile.basic_context,warning,/profile?tab=basic,Complete basic school context,"Grade, curriculum, and school context help compare your profile fairly.",Update profile,in_app_readiness_surface|dashboard,redis_notification_feed|remote_push|email,profile-readiness:profile-prompt-user-profile-basic-context:e3ad628c231e661f27d886fd,Profile school/grade/curriculum context exists,,
user_prompt,ready_for_in_app_admin_delivery,048028fc4ece7871c4c818a1,profile-prompt-user-profile-basic-context,profile,prompt-user,profile.basic_context,warning,/profile?tab=basic,Complete basic school context,"Grade, curriculum, and school context help compare your profile fairly.",Update profile,in_app_readiness_surface|dashboard,redis_notification_feed|remote_push|email,profile-readiness:profile-prompt-user-profile-basic-context:048028fc4ece7871c4c818a1,Profile school/grade/curriculum context exists,,
user_prompt,ready_for_in_app_admin_delivery,6ce7ad342b357b3b14deb49c,profile-prompt-user-profile-basic-context,profile,prompt-user,profile.basic_context,warning,/profile?tab=basic,Complete basic school context,"Grade, curriculum, and school context help compare your profile fairly.",Update profile,in_app_readiness_surface|dashboard,redis_notification_feed|remote_push|email,profile-readiness:profile-prompt-user-profile-basic-context:6ce7ad342b357b3b14deb49c,Profile school/grade/curriculum context exists,,
user_prompt,ready_for_in_app_admin_delivery,054d410c714fc4cda4394e8c,profile-prompt-user-profile-basic-context,profile,prompt-user,profile.basic_context,warning,/profile?tab=basic,Complete basic school context,"Grade, curriculum, and school context help compare your profile fairly.",Update profile,in_app_readiness_surface|dashboard,redis_notification_feed|remote_push|email,profile-readiness:profile-prompt-user-profile-basic-context:054d410c714fc4cda4394e8c,Profile school/grade/curriculum context exists,,
user_prompt,ready_for_in_app_admin_delivery,43f7e141b8b05d5f4b1656ff,profile-prompt-user-profile-basic-context,profile,prompt-user,profile.basic_context,warning,/profile?tab=basic,Complete basic school context,"Grade, curriculum, and school context help compare your profile fairly.",Update profile,in_app_readiness_surface|dashboard,redis_notification_feed|remote_push|email,profile-readiness:profile-prompt-user-profile-basic-context:43f7e141b8b05d5f4b1656ff,Profile school/grade/curriculum context exists,,
user_prompt,ready_for_in_app_admin_delivery,ee4954e857d17b8eebb7ae31,profile-prompt-user-profile-basic-context,profile,prompt-user,profile.basic_context,warning,/profile?tab=basic,Complete basic school context,"Grade, curriculum, and school context help compare your profile fairly.",Update profile,in_app_readiness_surface|dashboard,redis_notification_feed|remote_push|email,profile-readiness:profile-prompt-user-profile-basic-context:ee4954e857d17b8eebb7ae31,Profile school/grade/curriculum context exists,,
user_prompt,ready_for_in_app_admin_delivery,9d574d111efc9d97b84d6c15,profile-prompt-user-profile-basic-context,profile,prompt-user,profile.basic_context,warning,/profile?tab=basic,Complete basic school context,"Grade, curriculum, and school context help compare your profile fairly.",Update profile,in_app_readiness_surface|dashboard,redis_notification_feed|remote_push|email,profile-readiness:profile-prompt-user-profile-basic-context:9d574d111efc9d97b84d6c15,Profile school/grade/curriculum context exists,,
user_prompt,ready_for_in_app_admin_delivery,4abcd46d927f195540b38c5d,profile-prompt-user-profile-basic-context,profile,prompt-user,profile.basic_context,warning,/profile?tab=basic,Complete basic school context,"Grade, curriculum, and school context help compare your profile fairly.",Update profile,in_app_readiness_surface|dashboard,redis_notification_feed|remote_push|email,profile-readiness:profile-prompt-user-profile-basic-context:4abcd46d927f195540b38c5d,Profile school/grade/curriculum context exists,,
user_prompt,ready_for_in_app_admin_delivery,3b62c93519e3db6dfe2c3efb,profile-prompt-user-profile-basic-context,profile,prompt-user,profile.basic_context,warning,/profile?tab=basic,Complete basic school context,"Grade, curriculum, and school context help compare your profile fairly.",Update profile,in_app_readiness_surface|dashboard,redis_notification_feed|remote_push|email,profile-readiness:profile-prompt-user-profile-basic-context:3b62c93519e3db6dfe2c3efb,Profile school/grade/curriculum context exists,,
user_prompt,ready_for_in_app_admin_delivery,279b99bc08a2c8d50ec3af36,profile-prompt-user-profile-basic-context,profile,prompt-user,profile.basic_context,warning,/profile?tab=basic,Complete basic school context,"Grade, curriculum, and school context help compare your profile fairly.",Update profile,in_app_readiness_surface|dashboard,redis_notification_feed|remote_push|email,profile-readiness:profile-prompt-user-profile-basic-context:279b99bc08a2c8d50ec3af36,Profile school/grade/curriculum context exists,,
user_prompt,ready_for_in_app_admin_delivery,74c9ee8d165d193a609087d6,profile-prompt-user-profile-basic-context,profile,prompt-user,profile.basic_context,warning,/profile?tab=basic,Complete basic school context,"Grade, curriculum, and school context help compare your profile fairly.",Update profile,in_app_readiness_surface|dashboard,redis_notification_feed|remote_push|email,profile-readiness:profile-prompt-user-profile-basic-context:74c9ee8d165d193a609087d6,Profile school/grade/curriculum context exists,,
user_prompt,ready_for_in_app_admin_delivery,b4c465cc257a5e9d36dcd519,profile-prompt-user-profile-basic-context,profile,prompt-user,profile.basic_context,warning,/profile?tab=basic,Complete basic school context,"Grade, curriculum, and school context help compare your profile fairly.",Update profile,in_app_readiness_surface|dashboard,redis_notification_feed|remote_push|email,profile-readiness:profile-prompt-user-profile-basic-context:b4c465cc257a5e9d36dcd519,Profile school/grade/curriculum context exists,,
user_prompt,ready_for_in_app_admin_delivery,d3f2cb982d857949a81c39b9,profile-prompt-user-profile-basic-context,profile,prompt-user,profile.basic_context,warning,/profile?tab=basic,Complete basic school context,"Grade, curriculum, and school context help compare your profile fairly.",Update profile,in_app_readiness_surface|dashboard,redis_notification_feed|remote_push|email,profile-readiness:profile-prompt-user-profile-basic-context:d3f2cb982d857949a81c39b9,Profile school/grade/curriculum context exists,,
user_prompt,ready_for_in_app_admin_delivery,4012bad586b0835007dd6107,profile-prompt-user-profile-basic-context,profile,prompt-user,profile.basic_context,warning,/profile?tab=basic,Complete basic school context,"Grade, curriculum, and school context help compare your profile fairly.",Update profile,in_app_readiness_surface|dashboard,redis_notification_feed|remote_push|email,profile-readiness:profile-prompt-user-profile-basic-context:4012bad586b0835007dd6107,Profile school/grade/curriculum context exists,,
user_prompt,ready_for_in_app_admin_delivery,876000e8b2adb2f3bce6e5e3,profile-prompt-user-profile-basic-context,profile,prompt-user,profile.basic_context,warning,/profile?tab=basic,Complete basic school context,"Grade, curriculum, and school context help compare your profile fairly.",Update profile,in_app_readiness_surface|dashboard,redis_notification_feed|remote_push|email,profile-readiness:profile-prompt-user-profile-basic-context:876000e8b2adb2f3bce6e5e3,Profile school/grade/curriculum context exists,,
user_prompt,ready_for_in_app_admin_delivery,2d38d89c0d25f77c2503a1af,profile-prompt-user-profile-basic-context,profile,prompt-user,profile.basic_context,warning,/profile?tab=basic,Complete basic school context,"Grade, curriculum, and school context help compare your profile fairly.",Update profile,in_app_readiness_surface|dashboard,redis_notification_feed|remote_push|email,profile-readiness:profile-prompt-user-profile-basic-context:2d38d89c0d25f77c2503a1af,Profile school/grade/curriculum context exists,,
user_prompt,ready_for_in_app_admin_delivery,6e25deecd13b429aaf14c4a5,profile-prompt-user-profile-basic-context,profile,prompt-user,profile.basic_context,warning,/profile?tab=basic,Complete basic school context,"Grade, curriculum, and school context help compare your profile fairly.",Update profile,in_app_readiness_surface|dashboard,redis_notification_feed|remote_push|email,profile-readiness:profile-prompt-user-profile-basic-context:6e25deecd13b429aaf14c4a5,Profile school/grade/curriculum context exists,,
user_prompt,ready_for_in_app_admin_delivery,98574f35c5fc1b5a13b34d2d,profile-prompt-user-profile-basic-context,profile,prompt-user,profile.basic_context,warning,/profile?tab=basic,Complete basic school context,"Grade, curriculum, and school context help compare your profile fairly.",Update profile,in_app_readiness_surface|dashboard,redis_notification_feed|remote_push|email,profile-readiness:profile-prompt-user-profile-basic-context:98574f35c5fc1b5a13b34d2d,Profile school/grade/curriculum context exists,,
user_prompt,ready_for_in_app_admin_delivery,3b0ae29aa3a42546f3a20525,profile-prompt-user-profile-basic-context,profile,prompt-user,profile.basic_context,warning,/profile?tab=basic,Complete basic school context,"Grade, curriculum, and school context help compare your profile fairly.",Update profile,in_app_readiness_surface|dashboard,redis_notification_feed|remote_push|email,profile-readiness:profile-prompt-user-profile-basic-context:3b0ae29aa3a42546f3a20525,Profile school/grade/curriculum context exists,,
user_prompt,ready_for_in_app_admin_delivery,a00d8f6848b5b8fd53105350,profile-prompt-user-profile-basic-context,profile,prompt-user,profile.basic_context,warning,/profile?tab=basic,Complete basic school context,"Grade, curriculum, and school context help compare your profile fairly.",Update profile,in_app_readiness_surface|dashboard,redis_notification_feed|remote_push|email,profile-readiness:profile-prompt-user-profile-basic-context:a00d8f6848b5b8fd53105350,Profile school/grade/curriculum context exists,,
user_prompt,ready_for_in_app_admin_delivery,efefd028899c83b572acbaca,profile-prompt-user-profile-basic-context,profile,prompt-user,profile.basic_context,warning,/profile?tab=basic,Complete basic school context,"Grade, curriculum, and school context help compare your profile fairly.",Update profile,in_app_readiness_surface|dashboard,redis_notification_feed|remote_push|email,profile-readiness:profile-prompt-user-profile-basic-context:efefd028899c83b572acbaca,Profile school/grade/curriculum context exists,,
user_prompt,ready_for_in_app_admin_delivery,e68dd4215f226c8e4e76a5ce,profile-prompt-user-profile-basic-context,profile,prompt-user,profile.basic_context,warning,/profile?tab=basic,Complete basic school context,"Grade, curriculum, and school context help compare your profile fairly.",Update profile,in_app_readiness_surface|dashboard,redis_notification_feed|remote_push|email,profile-readiness:profile-prompt-user-profile-basic-context:e68dd4215f226c8e4e76a5ce,Profile school/grade/curriculum context exists,,
user_prompt,ready_for_in_app_admin_delivery,81314501c599989cc7264bde,profile-prompt-user-profile-basic-context,profile,prompt-user,profile.basic_context,warning,/profile?tab=basic,Complete basic school context,"Grade, curriculum, and school context help compare your profile fairly.",Update profile,in_app_readiness_surface|dashboard,redis_notification_feed|remote_push|email,profile-readiness:profile-prompt-user-profile-basic-context:81314501c599989cc7264bde,Profile school/grade/curriculum context exists,,
user_prompt,ready_for_in_app_admin_delivery,671882419679232da0e380f9,profile-prompt-user-profile-basic-context,profile,prompt-user,profile.basic_context,warning,/profile?tab=basic,Complete basic school context,"Grade, curriculum, and school context help compare your profile fairly.",Update profile,in_app_readiness_surface|dashboard,redis_notification_feed|remote_push|email,profile-readiness:profile-prompt-user-profile-basic-context:671882419679232da0e380f9,Profile school/grade/curriculum context exists,,
user_prompt,ready_for_in_app_admin_delivery,09e472b96a6acc4e3214037f,profile-prompt-user-profile-basic-context,profile,prompt-user,profile.basic_context,warning,/profile?tab=basic,Complete basic school context,"Grade, curriculum, and school context help compare your profile fairly.",Update profile,in_app_readiness_surface|dashboard,redis_notification_feed|remote_push|email,profile-readiness:profile-prompt-user-profile-basic-context:09e472b96a6acc4e3214037f,Profile school/grade/curriculum context exists,,
user_prompt,ready_for_in_app_admin_delivery,128cf9bdbbd30c4692340893,profile-prompt-user-profile-basic-context,profile,prompt-user,profile.basic_context,warning,/profile?tab=basic,Complete basic school context,"Grade, curriculum, and school context help compare your profile fairly.",Update profile,in_app_readiness_surface|dashboard,redis_notification_feed|remote_push|email,profile-readiness:profile-prompt-user-profile-basic-context:128cf9bdbbd30c4692340893,Profile school/grade/curriculum context exists,,
user_prompt,ready_for_in_app_admin_delivery,bde3729d50403544ccebff9a,profile-prompt-user-profile-basic-context,profile,prompt-user,profile.basic_context,warning,/profile?tab=basic,Complete basic school context,"Grade, curriculum, and school context help compare your profile fairly.",Update profile,in_app_readiness_surface|dashboard,redis_notification_feed|remote_push|email,profile-readiness:profile-prompt-user-profile-basic-context:bde3729d50403544ccebff9a,Profile school/grade/curriculum context exists,,
user_prompt,ready_for_in_app_admin_delivery,f75a8ccae118bcd318fc5cd2,profile-prompt-user-profile-basic-context,profile,prompt-user,profile.basic_context,warning,/profile?tab=basic,Complete basic school context,"Grade, curriculum, and school context help compare your profile fairly.",Update profile,in_app_readiness_surface|dashboard,redis_notification_feed|remote_push|email,profile-readiness:profile-prompt-user-profile-basic-context:f75a8ccae118bcd318fc5cd2,Profile school/grade/curriculum context exists,,
user_prompt,ready_for_in_app_admin_delivery,6216f3543ca1643402cefaaa,profile-prompt-user-profile-basic-context,profile,prompt-user,profile.basic_context,warning,/profile?tab=basic,Complete basic school context,"Grade, curriculum, and school context help compare your profile fairly.",Update profile,in_app_readiness_surface|dashboard,redis_notification_feed|remote_push|email,profile-readiness:profile-prompt-user-profile-basic-context:6216f3543ca1643402cefaaa,Profile school/grade/curriculum context exists,,
user_prompt,ready_for_in_app_admin_delivery,3c09f7498dcde215688f728f,profile-prompt-user-profile-basic-context,profile,prompt-user,profile.basic_context,warning,/profile?tab=basic,Complete basic school context,"Grade, curriculum, and school context help compare your profile fairly.",Update profile,in_app_readiness_surface|dashboard,redis_notification_feed|remote_push|email,profile-readiness:profile-prompt-user-profile-basic-context:3c09f7498dcde215688f728f,Profile school/grade/curriculum context exists,,
user_prompt,ready_for_in_app_admin_delivery,5dfb40b1a9bf29962c92c4e0,profile-prompt-user-profile-basic-context,profile,prompt-user,profile.basic_context,warning,/profile?tab=basic,Complete basic school context,"Grade, curriculum, and school context help compare your profile fairly.",Update profile,in_app_readiness_surface|dashboard,redis_notification_feed|remote_push|email,profile-readiness:profile-prompt-user-profile-basic-context:5dfb40b1a9bf29962c92c4e0,Profile school/grade/curriculum context exists,,
user_prompt,ready_for_in_app_admin_delivery,96e371a4d8ab3bb87e424de2,profile-prompt-user-profile-basic-context,profile,prompt-user,profile.basic_context,warning,/profile?tab=basic,Complete basic school context,"Grade, curriculum, and school context help compare your profile fairly.",Update profile,in_app_readiness_surface|dashboard,redis_notification_feed|remote_push|email,profile-readiness:profile-prompt-user-profile-basic-context:96e371a4d8ab3bb87e424de2,Profile school/grade/curriculum context exists,,
user_prompt,ready_for_in_app_admin_delivery,8366ac6e15b379c3156f52a3,profile-prompt-user-profile-basic-context,profile,prompt-user,profile.basic_context,warning,/profile?tab=basic,Complete basic school context,"Grade, curriculum, and school context help compare your profile fairly.",Update profile,in_app_readiness_surface|dashboard,redis_notification_feed|remote_push|email,profile-readiness:profile-prompt-user-profile-basic-context:8366ac6e15b379c3156f52a3,Profile school/grade/curriculum context exists,,
user_prompt,ready_for_in_app_admin_delivery,bc2c5e715fa4b0e0b3781a97,profile-prompt-user-profile-basic-context,profile,prompt-user,profile.basic_context,warning,/profile?tab=basic,Complete basic school context,"Grade, curriculum, and school context help compare your profile fairly.",Update profile,in_app_readiness_surface|dashboard,redis_notification_feed|remote_push|email,profile-readiness:profile-prompt-user-profile-basic-context:bc2c5e715fa4b0e0b3781a97,Profile school/grade/curriculum context exists,,
user_prompt,ready_for_in_app_admin_delivery,46a752bfbb2e7f744530e13d,profile-prompt-user-profile-basic-context,profile,prompt-user,profile.basic_context,warning,/profile?tab=basic,Complete basic school context,"Grade, curriculum, and school context help compare your profile fairly.",Update profile,in_app_readiness_surface|dashboard,redis_notification_feed|remote_push|email,profile-readiness:profile-prompt-user-profile-basic-context:46a752bfbb2e7f744530e13d,Profile school/grade/curriculum context exists,,
user_prompt,ready_for_in_app_admin_delivery,9d220a4364c379c59a202cd4,profile-prompt-user-profile-basic-context,profile,prompt-user,profile.basic_context,warning,/profile?tab=basic,Complete basic school context,"Grade, curriculum, and school context help compare your profile fairly.",Update profile,in_app_readiness_surface|dashboard,redis_notification_feed|remote_push|email,profile-readiness:profile-prompt-user-profile-basic-context:9d220a4364c379c59a202cd4,Profile school/grade/curriculum context exists,,
user_prompt,ready_for_in_app_admin_delivery,f76c2626dd527a485a7371c8,profile-prompt-user-profile-basic-context,profile,prompt-user,profile.basic_context,warning,/profile?tab=basic,Complete basic school context,"Grade, curriculum, and school context help compare your profile fairly.",Update profile,in_app_readiness_surface|dashboard,redis_notification_feed|remote_push|email,profile-readiness:profile-prompt-user-profile-basic-context:f76c2626dd527a485a7371c8,Profile school/grade/curriculum context exists,,
user_prompt,ready_for_in_app_admin_delivery,7485dc85ce9c7c23100b5076,profile-prompt-user-profile-basic-context,profile,prompt-user,profile.basic_context,warning,/profile?tab=basic,Complete basic school context,"Grade, curriculum, and school context help compare your profile fairly.",Update profile,in_app_readiness_surface|dashboard,redis_notification_feed|remote_push|email,profile-readiness:profile-prompt-user-profile-basic-context:7485dc85ce9c7c23100b5076,Profile school/grade/curriculum context exists,,
user_prompt,ready_for_in_app_admin_delivery,493455dcf43164fdafd025ab,profile-prompt-user-profile-basic-context,profile,prompt-user,profile.basic_context,warning,/profile?tab=basic,Complete basic school context,"Grade, curriculum, and school context help compare your profile fairly.",Update profile,in_app_readiness_surface|dashboard,redis_notification_feed|remote_push|email,profile-readiness:profile-prompt-user-profile-basic-context:493455dcf43164fdafd025ab,Profile school/grade/curriculum context exists,,
user_prompt,ready_for_in_app_admin_delivery,d44a6faef26ba1d5222a2e39,profile-prompt-user-profile-basic-context,profile,prompt-user,profile.basic_context,warning,/profile?tab=basic,Complete basic school context,"Grade, curriculum, and school context help compare your profile fairly.",Update profile,in_app_readiness_surface|dashboard,redis_notification_feed|remote_push|email,profile-readiness:profile-prompt-user-profile-basic-context:d44a6faef26ba1d5222a2e39,Profile school/grade/curriculum context exists,,
user_prompt,ready_for_in_app_admin_delivery,f6cb8463a6bab81fcb529e4f,profile-prompt-user-profile-basic-context,profile,prompt-user,profile.basic_context,warning,/profile?tab=basic,Complete basic school context,"Grade, curriculum, and school context help compare your profile fairly.",Update profile,in_app_readiness_surface|dashboard,redis_notification_feed|remote_push|email,profile-readiness:profile-prompt-user-profile-basic-context:f6cb8463a6bab81fcb529e4f,Profile school/grade/curriculum context exists,,
user_prompt,ready_for_in_app_admin_delivery,79737e323e376db6095ff50e,profile-prompt-user-profile-basic-context,profile,prompt-user,profile.basic_context,warning,/profile?tab=basic,Complete basic school context,"Grade, curriculum, and school context help compare your profile fairly.",Update profile,in_app_readiness_surface|dashboard,redis_notification_feed|remote_push|email,profile-readiness:profile-prompt-user-profile-basic-context:79737e323e376db6095ff50e,Profile school/grade/curriculum context exists,,
user_prompt,ready_for_in_app_admin_delivery,7ab816c6f8d5cc286f16139a,profile-prompt-user-profile-basic-context,profile,prompt-user,profile.basic_context,warning,/profile?tab=basic,Complete basic school context,"Grade, curriculum, and school context help compare your profile fairly.",Update profile,in_app_readiness_surface|dashboard,redis_notification_feed|remote_push|email,profile-readiness:profile-prompt-user-profile-basic-context:7ab816c6f8d5cc286f16139a,Profile school/grade/curriculum context exists,,
user_prompt,ready_for_in_app_admin_delivery,e5c0e17ab64859b74bf6a7ce,profile-prompt-user-profile-basic-context,profile,prompt-user,profile.basic_context,warning,/profile?tab=basic,Complete basic school context,"Grade, curriculum, and school context help compare your profile fairly.",Update profile,in_app_readiness_surface|dashboard,redis_notification_feed|remote_push|email,profile-readiness:profile-prompt-user-profile-basic-context:e5c0e17ab64859b74bf6a7ce,Profile school/grade/curriculum context exists,,
user_prompt,ready_for_in_app_admin_delivery,499091972c7cb9710f63f1f4,profile-prompt-user-profile-basic-context,profile,prompt-user,profile.basic_context,warning,/profile?tab=basic,Complete basic school context,"Grade, curriculum, and school context help compare your profile fairly.",Update profile,in_app_readiness_surface|dashboard,redis_notification_feed|remote_push|email,profile-readiness:profile-prompt-user-profile-basic-context:499091972c7cb9710f63f1f4,Profile school/grade/curriculum context exists,,
user_prompt,ready_for_in_app_admin_delivery,ee9a1b7f3b9a5b8ba2b2a3ce,profile-prompt-user-profile-basic-context,profile,prompt-user,profile.basic_context,warning,/profile?tab=basic,Complete basic school context,"Grade, curriculum, and school context help compare your profile fairly.",Update profile,in_app_readiness_surface|dashboard,redis_notification_feed|remote_push|email,profile-readiness:profile-prompt-user-profile-basic-context:ee9a1b7f3b9a5b8ba2b2a3ce,Profile school/grade/curriculum context exists,,
user_prompt,ready_for_in_app_admin_delivery,594933ae4e120a1f1584356d,profile-prompt-user-profile-basic-context,profile,prompt-user,profile.basic_context,warning,/profile?tab=basic,Complete basic school context,"Grade, curriculum, and school context help compare your profile fairly.",Update profile,in_app_readiness_surface|dashboard,redis_notification_feed|remote_push|email,profile-readiness:profile-prompt-user-profile-basic-context:594933ae4e120a1f1584356d,Profile school/grade/curriculum context exists,,
user_prompt,ready_for_in_app_admin_delivery,3afd7b8036e5c1e1e5d7c845,profile-prompt-user-profile-basic-context,profile,prompt-user,profile.basic_context,warning,/profile?tab=basic,Complete basic school context,"Grade, curriculum, and school context help compare your profile fairly.",Update profile,in_app_readiness_surface|dashboard,redis_notification_feed|remote_push|email,profile-readiness:profile-prompt-user-profile-basic-context:3afd7b8036e5c1e1e5d7c845,Profile school/grade/curriculum context exists,,
user_prompt,ready_for_in_app_admin_delivery,d27e08ac8b20959602364ff0,profile-prompt-user-profile-basic-context,profile,prompt-user,profile.basic_context,warning,/profile?tab=basic,Complete basic school context,"Grade, curriculum, and school context help compare your profile fairly.",Update profile,in_app_readiness_surface|dashboard,redis_notification_feed|remote_push|email,profile-readiness:profile-prompt-user-profile-basic-context:d27e08ac8b20959602364ff0,Profile school/grade/curriculum context exists,,
user_prompt,ready_for_in_app_admin_delivery,250478f9bc807d488188e43a,profile-prompt-user-profile-basic-context,profile,prompt-user,profile.basic_context,warning,/profile?tab=basic,Complete basic school context,"Grade, curriculum, and school context help compare your profile fairly.",Update profile,in_app_readiness_surface|dashboard,redis_notification_feed|remote_push|email,profile-readiness:profile-prompt-user-profile-basic-context:250478f9bc807d488188e43a,Profile school/grade/curriculum context exists,,
user_prompt,ready_for_in_app_admin_delivery,eeba0a3855a48d924581623c,profile-prompt-user-profile-basic-context,profile,prompt-user,profile.basic_context,warning,/profile?tab=basic,Complete basic school context,"Grade, curriculum, and school context help compare your profile fairly.",Update profile,in_app_readiness_surface|dashboard,redis_notification_feed|remote_push|email,profile-readiness:profile-prompt-user-profile-basic-context:eeba0a3855a48d924581623c,Profile school/grade/curriculum context exists,,
user_prompt,ready_for_in_app_admin_delivery,e459d2836df1c0cc6c82dceb,profile-prompt-user-profile-basic-context,profile,prompt-user,profile.basic_context,warning,/profile?tab=basic,Complete basic school context,"Grade, curriculum, and school context help compare your profile fairly.",Update profile,in_app_readiness_surface|dashboard,redis_notification_feed|remote_push|email,profile-readiness:profile-prompt-user-profile-basic-context:e459d2836df1c0cc6c82dceb,Profile school/grade/curriculum context exists,,
user_prompt,ready_for_in_app_admin_delivery,aec864b0bd9e03013c1bd23d,profile-prompt-user-profile-basic-context,profile,prompt-user,profile.basic_context,warning,/profile?tab=basic,Complete basic school context,"Grade, curriculum, and school context help compare your profile fairly.",Update profile,in_app_readiness_surface|dashboard,redis_notification_feed|remote_push|email,profile-readiness:profile-prompt-user-profile-basic-context:aec864b0bd9e03013c1bd23d,Profile school/grade/curriculum context exists,,
user_prompt,ready_for_in_app_admin_delivery,540754f3060141f2b8358f73,profile-prompt-user-profile-basic-context,profile,prompt-user,profile.basic_context,warning,/profile?tab=basic,Complete basic school context,"Grade, curriculum, and school context help compare your profile fairly.",Update profile,in_app_readiness_surface|dashboard,redis_notification_feed|remote_push|email,profile-readiness:profile-prompt-user-profile-basic-context:540754f3060141f2b8358f73,Profile school/grade/curriculum context exists,,
user_prompt,ready_for_in_app_admin_delivery,8b9063753df9105b7b12e477,profile-prompt-user-profile-basic-context,profile,prompt-user,profile.basic_context,warning,/profile?tab=basic,Complete basic school context,"Grade, curriculum, and school context help compare your profile fairly.",Update profile,in_app_readiness_surface|dashboard,redis_notification_feed|remote_push|email,profile-readiness:profile-prompt-user-profile-basic-context:8b9063753df9105b7b12e477,Profile school/grade/curriculum context exists,,
user_prompt,ready_for_in_app_admin_delivery,9c98541c41c8d2c277251c30,profile-prompt-user-profile-basic-context,profile,prompt-user,profile.basic_context,warning,/profile?tab=basic,Complete basic school context,"Grade, curriculum, and school context help compare your profile fairly.",Update profile,in_app_readiness_surface|dashboard,redis_notification_feed|remote_push|email,profile-readiness:profile-prompt-user-profile-basic-context:9c98541c41c8d2c277251c30,Profile school/grade/curriculum context exists,,
user_prompt,ready_for_in_app_admin_delivery,f811873eb9c4893968cd0bf6,profile-prompt-user-profile-basic-context,profile,prompt-user,profile.basic_context,warning,/profile?tab=basic,Complete basic school context,"Grade, curriculum, and school context help compare your profile fairly.",Update profile,in_app_readiness_surface|dashboard,redis_notification_feed|remote_push|email,profile-readiness:profile-prompt-user-profile-basic-context:f811873eb9c4893968cd0bf6,Profile school/grade/curriculum context exists,,
user_prompt,ready_for_in_app_admin_delivery,38513449c80d8608d453d1a8,profile-prompt-user-profile-basic-context,profile,prompt-user,profile.basic_context,warning,/profile?tab=basic,Complete basic school context,"Grade, curriculum, and school context help compare your profile fairly.",Update profile,in_app_readiness_surface|dashboard,redis_notification_feed|remote_push|email,profile-readiness:profile-prompt-user-profile-basic-context:38513449c80d8608d453d1a8,Profile school/grade/curriculum context exists,,
user_prompt,ready_for_in_app_admin_delivery,708ca028a5ed9809c9b06bac,profile-prompt-user-profile-basic-context,profile,prompt-user,profile.basic_context,warning,/profile?tab=basic,Complete basic school context,"Grade, curriculum, and school context help compare your profile fairly.",Update profile,in_app_readiness_surface|dashboard,redis_notification_feed|remote_push|email,profile-readiness:profile-prompt-user-profile-basic-context:708ca028a5ed9809c9b06bac,Profile school/grade/curriculum context exists,,
user_prompt,ready_for_in_app_admin_delivery,c2a7e031b5c8c4fbb8009d27,profile-prompt-user-profile-basic-context,profile,prompt-user,profile.basic_context,warning,/profile?tab=basic,Complete basic school context,"Grade, curriculum, and school context help compare your profile fairly.",Update profile,in_app_readiness_surface|dashboard,redis_notification_feed|remote_push|email,profile-readiness:profile-prompt-user-profile-basic-context:c2a7e031b5c8c4fbb8009d27,Profile school/grade/curriculum context exists,,
user_prompt,ready_for_in_app_admin_delivery,0e0218d4eec178ae14d0895a,profile-prompt-user-profile-basic-context,profile,prompt-user,profile.basic_context,warning,/profile?tab=basic,Complete basic school context,"Grade, curriculum, and school context help compare your profile fairly.",Update profile,in_app_readiness_surface|dashboard,redis_notification_feed|remote_push|email,profile-readiness:profile-prompt-user-profile-basic-context:0e0218d4eec178ae14d0895a,Profile school/grade/curriculum context exists,,
user_prompt,ready_for_in_app_admin_delivery,2d361e3c8b12cd5dc12f9b4c,profile-prompt-user-profile-basic-context,profile,prompt-user,profile.basic_context,warning,/profile?tab=basic,Complete basic school context,"Grade, curriculum, and school context help compare your profile fairly.",Update profile,in_app_readiness_surface|dashboard,redis_notification_feed|remote_push|email,profile-readiness:profile-prompt-user-profile-basic-context:2d361e3c8b12cd5dc12f9b4c,Profile school/grade/curriculum context exists,,
user_prompt,ready_for_in_app_admin_delivery,5de8dd131d908be3f8be7a2d,profile-prompt-user-profile-basic-context,profile,prompt-user,profile.basic_context,warning,/profile?tab=basic,Complete basic school context,"Grade, curriculum, and school context help compare your profile fairly.",Update profile,in_app_readiness_surface|dashboard,redis_notification_feed|remote_push|email,profile-readiness:profile-prompt-user-profile-basic-context:5de8dd131d908be3f8be7a2d,Profile school/grade/curriculum context exists,,
user_prompt,ready_for_in_app_admin_delivery,a59059c654235239f0a6c65f,profile-prompt-user-profile-basic-context,profile,prompt-user,profile.basic_context,warning,/profile?tab=basic,Complete basic school context,"Grade, curriculum, and school context help compare your profile fairly.",Update profile,in_app_readiness_surface|dashboard,redis_notification_feed|remote_push|email,profile-readiness:profile-prompt-user-profile-basic-context:a59059c654235239f0a6c65f,Profile school/grade/curriculum context exists,,
user_prompt,ready_for_in_app_admin_delivery,a9f610abf63d7843a44ff565,profile-prompt-user-profile-basic-context,profile,prompt-user,profile.basic_context,warning,/profile?tab=basic,Complete basic school context,"Grade, curriculum, and school context help compare your profile fairly.",Update profile,in_app_readiness_surface|dashboard,redis_notification_feed|remote_push|email,profile-readiness:profile-prompt-user-profile-basic-context:a9f610abf63d7843a44ff565,Profile school/grade/curriculum context exists,,
user_prompt,ready_for_in_app_admin_delivery,938e10d6b09fbb6b6b230e4e,profile-prompt-user-profile-basic-context,profile,prompt-user,profile.basic_context,warning,/profile?tab=basic,Complete basic school context,"Grade, curriculum, and school context help compare your profile fairly.",Update profile,in_app_readiness_surface|dashboard,redis_notification_feed|remote_push|email,profile-readiness:profile-prompt-user-profile-basic-context:938e10d6b09fbb6b6b230e4e,Profile school/grade/curriculum context exists,,
user_prompt,ready_for_in_app_admin_delivery,a8615f48d9550a80dc5627ea,profile-prompt-user-profile-basic-context,profile,prompt-user,profile.basic_context,warning,/profile?tab=basic,Complete basic school context,"Grade, curriculum, and school context help compare your profile fairly.",Update profile,in_app_readiness_surface|dashboard,redis_notification_feed|remote_push|email,profile-readiness:profile-prompt-user-profile-basic-context:a8615f48d9550a80dc5627ea,Profile school/grade/curriculum context exists,,
user_prompt,ready_for_in_app_admin_delivery,5fc2b5b85c0ba89f9ac12c27,profile-prompt-user-profile-basic-context,profile,prompt-user,profile.basic_context,warning,/profile?tab=basic,Complete basic school context,"Grade, curriculum, and school context help compare your profile fairly.",Update profile,in_app_readiness_surface|dashboard,redis_notification_feed|remote_push|email,profile-readiness:profile-prompt-user-profile-basic-context:5fc2b5b85c0ba89f9ac12c27,Profile school/grade/curriculum context exists,,
user_prompt,ready_for_in_app_admin_delivery,23525cc368de8b7e63422191,profile-prompt-user-profile-basic-context,profile,prompt-user,profile.basic_context,warning,/profile?tab=basic,Complete basic school context,"Grade, curriculum, and school context help compare your profile fairly.",Update profile,in_app_readiness_surface|dashboard,redis_notification_feed|remote_push|email,profile-readiness:profile-prompt-user-profile-basic-context:23525cc368de8b7e63422191,Profile school/grade/curriculum context exists,,
user_prompt,ready_for_in_app_admin_delivery,e9e452388d9c685c51e9a2c9,profile-prompt-user-profile-basic-context,profile,prompt-user,profile.basic_context,warning,/profile?tab=basic,Complete basic school context,"Grade, curriculum, and school context help compare your profile fairly.",Update profile,in_app_readiness_surface|dashboard,redis_notification_feed|remote_push|email,profile-readiness:profile-prompt-user-profile-basic-context:e9e452388d9c685c51e9a2c9,Profile school/grade/curriculum context exists,,
user_prompt,ready_for_in_app_admin_delivery,33a18bd87c4167c2d25c8f80,profile-prompt-user-profile-basic-context,profile,prompt-user,profile.basic_context,warning,/profile?tab=basic,Complete basic school context,"Grade, curriculum, and school context help compare your profile fairly.",Update profile,in_app_readiness_surface|dashboard,redis_notification_feed|remote_push|email,profile-readiness:profile-prompt-user-profile-basic-context:33a18bd87c4167c2d25c8f80,Profile school/grade/curriculum context exists,,
user_prompt,ready_for_in_app_admin_delivery,2000da6ed500774c6aea6a3f,profile-prompt-user-profile-basic-context,profile,prompt-user,profile.basic_context,warning,/profile?tab=basic,Complete basic school context,"Grade, curriculum, and school context help compare your profile fairly.",Update profile,in_app_readiness_surface|dashboard,redis_notification_feed|remote_push|email,profile-readiness:profile-prompt-user-profile-basic-context:2000da6ed500774c6aea6a3f,Profile school/grade/curriculum context exists,,
user_prompt,ready_for_in_app_admin_delivery,62e20c0d2922ccd5833fc157,profile-prompt-user-profile-basic-context,profile,prompt-user,profile.basic_context,warning,/profile?tab=basic,Complete basic school context,"Grade, curriculum, and school context help compare your profile fairly.",Update profile,in_app_readiness_surface|dashboard,redis_notification_feed|remote_push|email,profile-readiness:profile-prompt-user-profile-basic-context:62e20c0d2922ccd5833fc157,Profile school/grade/curriculum context exists,,
user_prompt,ready_for_in_app_admin_delivery,7f3e88c6566d0a0a68d15f41,profile-prompt-user-profile-basic-context,profile,prompt-user,profile.basic_context,warning,/profile?tab=basic,Complete basic school context,"Grade, curriculum, and school context help compare your profile fairly.",Update profile,in_app_readiness_surface|dashboard,redis_notification_feed|remote_push|email,profile-readiness:profile-prompt-user-profile-basic-context:7f3e88c6566d0a0a68d15f41,Profile school/grade/curriculum context exists,,
user_prompt,ready_for_in_app_admin_delivery,3f93bbee58f8299dcd02e13c,profile-prompt-user-profile-basic-context,profile,prompt-user,profile.basic_context,warning,/profile?tab=basic,Complete basic school context,"Grade, curriculum, and school context help compare your profile fairly.",Update profile,in_app_readiness_surface|dashboard,redis_notification_feed|remote_push|email,profile-readiness:profile-prompt-user-profile-basic-context:3f93bbee58f8299dcd02e13c,Profile school/grade/curriculum context exists,,
user_prompt,ready_for_in_app_admin_delivery,802483c05fc63b56d5113074,profile-prompt-user-profile-demographics,profile,prompt-user,profile.demographics,warning,/profile?tab=basic,Review applicant context,Applicant context keeps recommendation and timeline guidance aligned with your situation.,Review context,in_app_readiness_surface|dashboard,redis_notification_feed|remote_push|email,profile-readiness:profile-prompt-user-profile-demographics:802483c05fc63b56d5113074,Profile applicant context exists,,
user_prompt,ready_for_in_app_admin_delivery,035afbe63d4a9d1d9f332693,profile-prompt-user-profile-demographics,profile,prompt-user,profile.demographics,warning,/profile?tab=basic,Review applicant context,Applicant context keeps recommendation and timeline guidance aligned with your situation.,Review context,in_app_readiness_surface|dashboard,redis_notification_feed|remote_push|email,profile-readiness:profile-prompt-user-profile-demographics:035afbe63d4a9d1d9f332693,Profile applicant context exists,,
user_prompt,ready_for_in_app_admin_delivery,fef3b25574072f4313df5e9c,profile-prompt-user-profile-demographics,profile,prompt-user,profile.demographics,warning,/profile?tab=basic,Review applicant context,Applicant context keeps recommendation and timeline guidance aligned with your situation.,Review context,in_app_readiness_surface|dashboard,redis_notification_feed|remote_push|email,profile-readiness:profile-prompt-user-profile-demographics:fef3b25574072f4313df5e9c,Profile applicant context exists,,
user_prompt,ready_for_in_app_admin_delivery,4a8a9364139ccecaa6673095,profile-prompt-user-profile-demographics,profile,prompt-user,profile.demographics,warning,/profile?tab=basic,Review applicant context,Applicant context keeps recommendation and timeline guidance aligned with your situation.,Review context,in_app_readiness_surface|dashboard,redis_notification_feed|remote_push|email,profile-readiness:profile-prompt-user-profile-demographics:4a8a9364139ccecaa6673095,Profile applicant context exists,,
user_prompt,ready_for_in_app_admin_delivery,fdac0aac949da6fd1ae3920c,profile-prompt-user-profile-demographics,profile,prompt-user,profile.demographics,warning,/profile?tab=basic,Review applicant context,Applicant context keeps recommendation and timeline guidance aligned with your situation.,Review context,in_app_readiness_surface|dashboard,redis_notification_feed|remote_push|email,profile-readiness:profile-prompt-user-profile-demographics:fdac0aac949da6fd1ae3920c,Profile applicant context exists,,
user_prompt,ready_for_in_app_admin_delivery,39277806d696167bec33dacd,profile-prompt-user-profile-demographics,profile,prompt-user,profile.demographics,warning,/profile?tab=basic,Review applicant context,Applicant context keeps recommendation and timeline guidance aligned with your situation.,Review context,in_app_readiness_surface|dashboard,redis_notification_feed|remote_push|email,profile-readiness:profile-prompt-user-profile-demographics:39277806d696167bec33dacd,Profile applicant context exists,,
user_prompt,ready_for_in_app_admin_delivery,68bda0008706cf69fbe951c5,profile-prompt-user-profile-demographics,profile,prompt-user,profile.demographics,warning,/profile?tab=basic,Review applicant context,Applicant context keeps recommendation and timeline guidance aligned with your situation.,Review context,in_app_readiness_surface|dashboard,redis_notification_feed|remote_push|email,profile-readiness:profile-prompt-user-profile-demographics:68bda0008706cf69fbe951c5,Profile applicant context exists,,
user_prompt,ready_for_in_app_admin_delivery,f46de3981f1853f4abbd4641,profile-prompt-user-profile-demographics,profile,prompt-user,profile.demographics,warning,/profile?tab=basic,Review applicant context,Applicant context keeps recommendation and timeline guidance aligned with your situation.,Review context,in_app_readiness_surface|dashboard,redis_notification_feed|remote_push|email,profile-readiness:profile-prompt-user-profile-demographics:f46de3981f1853f4abbd4641,Profile applicant context exists,,
user_prompt,ready_for_in_app_admin_delivery,3dc36e732297447a53963a67,profile-prompt-user-profile-demographics,profile,prompt-user,profile.demographics,warning,/profile?tab=basic,Review applicant context,Applicant context keeps recommendation and timeline guidance aligned with your situation.,Review context,in_app_readiness_surface|dashboard,redis_notification_feed|remote_push|email,profile-readiness:profile-prompt-user-profile-demographics:3dc36e732297447a53963a67,Profile applicant context exists,,
user_prompt,ready_for_in_app_admin_delivery,3aec115dea1871ad7804c5ee,profile-prompt-user-profile-demographics,profile,prompt-user,profile.demographics,warning,/profile?tab=basic,Review applicant context,Applicant context keeps recommendation and timeline guidance aligned with your situation.,Review context,in_app_readiness_surface|dashboard,redis_notification_feed|remote_push|email,profile-readiness:profile-prompt-user-profile-demographics:3aec115dea1871ad7804c5ee,Profile applicant context exists,,
user_prompt,ready_for_in_app_admin_delivery,29076cdf73d07afbecb33d1f,profile-prompt-user-profile-demographics,profile,prompt-user,profile.demographics,warning,/profile?tab=basic,Review applicant context,Applicant context keeps recommendation and timeline guidance aligned with your situation.,Review context,in_app_readiness_surface|dashboard,redis_notification_feed|remote_push|email,profile-readiness:profile-prompt-user-profile-demographics:29076cdf73d07afbecb33d1f,Profile applicant context exists,,
user_prompt,ready_for_in_app_admin_delivery,e6f9022187d9b4ec16d49235,profile-prompt-user-profile-demographics,profile,prompt-user,profile.demographics,warning,/profile?tab=basic,Review applicant context,Applicant context keeps recommendation and timeline guidance aligned with your situation.,Review context,in_app_readiness_surface|dashboard,redis_notification_feed|remote_push|email,profile-readiness:profile-prompt-user-profile-demographics:e6f9022187d9b4ec16d49235,Profile applicant context exists,,
user_prompt,ready_for_in_app_admin_delivery,e449837a18bd87b77a6ef1e5,profile-prompt-user-profile-demographics,profile,prompt-user,profile.demographics,warning,/profile?tab=basic,Review applicant context,Applicant context keeps recommendation and timeline guidance aligned with your situation.,Review context,in_app_readiness_surface|dashboard,redis_notification_feed|remote_push|email,profile-readiness:profile-prompt-user-profile-demographics:e449837a18bd87b77a6ef1e5,Profile applicant context exists,,
user_prompt,ready_for_in_app_admin_delivery,fe2afb920f81889354794d13,profile-prompt-user-profile-demographics,profile,prompt-user,profile.demographics,warning,/profile?tab=basic,Review applicant context,Applicant context keeps recommendation and timeline guidance aligned with your situation.,Review context,in_app_readiness_surface|dashboard,redis_notification_feed|remote_push|email,profile-readiness:profile-prompt-user-profile-demographics:fe2afb920f81889354794d13,Profile applicant context exists,,
user_prompt,ready_for_in_app_admin_delivery,75933046392cb0c42c062611,profile-prompt-user-profile-demographics,profile,prompt-user,profile.demographics,warning,/profile?tab=basic,Review applicant context,Applicant context keeps recommendation and timeline guidance aligned with your situation.,Review context,in_app_readiness_surface|dashboard,redis_notification_feed|remote_push|email,profile-readiness:profile-prompt-user-profile-demographics:75933046392cb0c42c062611,Profile applicant context exists,,
user_prompt,ready_for_in_app_admin_delivery,745052463f3be2c63514db2f,profile-prompt-user-profile-demographics,profile,prompt-user,profile.demographics,warning,/profile?tab=basic,Review applicant context,Applicant context keeps recommendation and timeline guidance aligned with your situation.,Review context,in_app_readiness_surface|dashboard,redis_notification_feed|remote_push|email,profile-readiness:profile-prompt-user-profile-demographics:745052463f3be2c63514db2f,Profile applicant context exists,,
user_prompt,ready_for_in_app_admin_delivery,9d0db16bacd8261ed76c2d8f,profile-prompt-user-profile-demographics,profile,prompt-user,profile.demographics,warning,/profile?tab=basic,Review applicant context,Applicant context keeps recommendation and timeline guidance aligned with your situation.,Review context,in_app_readiness_surface|dashboard,redis_notification_feed|remote_push|email,profile-readiness:profile-prompt-user-profile-demographics:9d0db16bacd8261ed76c2d8f,Profile applicant context exists,,
user_prompt,ready_for_in_app_admin_delivery,2d3538d986b40dbb9773bad5,profile-prompt-user-profile-demographics,profile,prompt-user,profile.demographics,warning,/profile?tab=basic,Review applicant context,Applicant context keeps recommendation and timeline guidance aligned with your situation.,Review context,in_app_readiness_surface|dashboard,redis_notification_feed|remote_push|email,profile-readiness:profile-prompt-user-profile-demographics:2d3538d986b40dbb9773bad5,Profile applicant context exists,,
user_prompt,ready_for_in_app_admin_delivery,bf039e0c60608f4f87581cc9,profile-prompt-user-profile-demographics,profile,prompt-user,profile.demographics,warning,/profile?tab=basic,Review applicant context,Applicant context keeps recommendation and timeline guidance aligned with your situation.,Review context,in_app_readiness_surface|dashboard,redis_notification_feed|remote_push|email,profile-readiness:profile-prompt-user-profile-demographics:bf039e0c60608f4f87581cc9,Profile applicant context exists,,
user_prompt,ready_for_in_app_admin_delivery,366320fee296c0f2fc92761e,profile-prompt-user-profile-demographics,profile,prompt-user,profile.demographics,warning,/profile?tab=basic,Review applicant context,Applicant context keeps recommendation and timeline guidance aligned with your situation.,Review context,in_app_readiness_surface|dashboard,redis_notification_feed|remote_push|email,profile-readiness:profile-prompt-user-profile-demographics:366320fee296c0f2fc92761e,Profile applicant context exists,,
user_prompt,ready_for_in_app_admin_delivery,683b23c8c4fe0d8bc12e5633,profile-prompt-user-profile-demographics,profile,prompt-user,profile.demographics,warning,/profile?tab=basic,Review applicant context,Applicant context keeps recommendation and timeline guidance aligned with your situation.,Review context,in_app_readiness_surface|dashboard,redis_notification_feed|remote_push|email,profile-readiness:profile-prompt-user-profile-demographics:683b23c8c4fe0d8bc12e5633,Profile applicant context exists,,
user_prompt,ready_for_in_app_admin_delivery,b338f5f9fe85ac763c330af1,profile-prompt-user-profile-demographics,profile,prompt-user,profile.demographics,warning,/profile?tab=basic,Review applicant context,Applicant context keeps recommendation and timeline guidance aligned with your situation.,Review context,in_app_readiness_surface|dashboard,redis_notification_feed|remote_push|email,profile-readiness:profile-prompt-user-profile-demographics:b338f5f9fe85ac763c330af1,Profile applicant context exists,,
user_prompt,ready_for_in_app_admin_delivery,e5f7d86f6995efe58037c6fb,profile-prompt-user-profile-demographics,profile,prompt-user,profile.demographics,warning,/profile?tab=basic,Review applicant context,Applicant context keeps recommendation and timeline guidance aligned with your situation.,Review context,in_app_readiness_surface|dashboard,redis_notification_feed|remote_push|email,profile-readiness:profile-prompt-user-profile-demographics:e5f7d86f6995efe58037c6fb,Profile applicant context exists,,
user_prompt,ready_for_in_app_admin_delivery,87a1b361875b527870210e1a,profile-prompt-user-profile-demographics,profile,prompt-user,profile.demographics,warning,/profile?tab=basic,Review applicant context,Applicant context keeps recommendation and timeline guidance aligned with your situation.,Review context,in_app_readiness_surface|dashboard,redis_notification_feed|remote_push|email,profile-readiness:profile-prompt-user-profile-demographics:87a1b361875b527870210e1a,Profile applicant context exists,,
user_prompt,ready_for_in_app_admin_delivery,1d8c13ffebafff31847d9e97,profile-prompt-user-profile-demographics,profile,prompt-user,profile.demographics,warning,/profile?tab=basic,Review applicant context,Applicant context keeps recommendation and timeline guidance aligned with your situation.,Review context,in_app_readiness_surface|dashboard,redis_notification_feed|remote_push|email,profile-readiness:profile-prompt-user-profile-demographics:1d8c13ffebafff31847d9e97,Profile applicant context exists,,
user_prompt,ready_for_in_app_admin_delivery,4fdebab56088e041d556c66e,profile-prompt-user-profile-demographics,profile,prompt-user,profile.demographics,warning,/profile?tab=basic,Review applicant context,Applicant context keeps recommendation and timeline guidance aligned with your situation.,Review context,in_app_readiness_surface|dashboard,redis_notification_feed|remote_push|email,profile-readiness:profile-prompt-user-profile-demographics:4fdebab56088e041d556c66e,Profile applicant context exists,,
user_prompt,ready_for_in_app_admin_delivery,c6a5a94d5d0cb5e5d50b94ca,profile-prompt-user-profile-demographics,profile,prompt-user,profile.demographics,warning,/profile?tab=basic,Review applicant context,Applicant context keeps recommendation and timeline guidance aligned with your situation.,Review context,in_app_readiness_surface|dashboard,redis_notification_feed|remote_push|email,profile-readiness:profile-prompt-user-profile-demographics:c6a5a94d5d0cb5e5d50b94ca,Profile applicant context exists,,
user_prompt,ready_for_in_app_admin_delivery,d062cc598a74e321a2b06c92,profile-prompt-user-profile-demographics,profile,prompt-user,profile.demographics,warning,/profile?tab=basic,Review applicant context,Applicant context keeps recommendation and timeline guidance aligned with your situation.,Review context,in_app_readiness_surface|dashboard,redis_notification_feed|remote_push|email,profile-readiness:profile-prompt-user-profile-demographics:d062cc598a74e321a2b06c92,Profile applicant context exists,,
user_prompt,ready_for_in_app_admin_delivery,a8d64fb39c8e61b16d52ba27,profile-prompt-user-profile-demographics,profile,prompt-user,profile.demographics,warning,/profile?tab=basic,Review applicant context,Applicant context keeps recommendation and timeline guidance aligned with your situation.,Review context,in_app_readiness_surface|dashboard,redis_notification_feed|remote_push|email,profile-readiness:profile-prompt-user-profile-demographics:a8d64fb39c8e61b16d52ba27,Profile applicant context exists,,
user_prompt,ready_for_in_app_admin_delivery,dd2e368ddefcbd51a6671fb7,profile-prompt-user-profile-demographics,profile,prompt-user,profile.demographics,warning,/profile?tab=basic,Review applicant context,Applicant context keeps recommendation and timeline guidance aligned with your situation.,Review context,in_app_readiness_surface|dashboard,redis_notification_feed|remote_push|email,profile-readiness:profile-prompt-user-profile-demographics:dd2e368ddefcbd51a6671fb7,Profile applicant context exists,,
user_prompt,ready_for_in_app_admin_delivery,062809d29de1fd84fd860c56,profile-prompt-user-profile-demographics,profile,prompt-user,profile.demographics,warning,/profile?tab=basic,Review applicant context,Applicant context keeps recommendation and timeline guidance aligned with your situation.,Review context,in_app_readiness_surface|dashboard,redis_notification_feed|remote_push|email,profile-readiness:profile-prompt-user-profile-demographics:062809d29de1fd84fd860c56,Profile applicant context exists,,
user_prompt,ready_for_in_app_admin_delivery,12621386061ae4d2da4997fd,profile-prompt-user-profile-demographics,profile,prompt-user,profile.demographics,warning,/profile?tab=basic,Review applicant context,Applicant context keeps recommendation and timeline guidance aligned with your situation.,Review context,in_app_readiness_surface|dashboard,redis_notification_feed|remote_push|email,profile-readiness:profile-prompt-user-profile-demographics:12621386061ae4d2da4997fd,Profile applicant context exists,,
user_prompt,ready_for_in_app_admin_delivery,e30f76775969a451a2b4ae69,profile-prompt-user-profile-demographics,profile,prompt-user,profile.demographics,warning,/profile?tab=basic,Review applicant context,Applicant context keeps recommendation and timeline guidance aligned with your situation.,Review context,in_app_readiness_surface|dashboard,redis_notification_feed|remote_push|email,profile-readiness:profile-prompt-user-profile-demographics:e30f76775969a451a2b4ae69,Profile applicant context exists,,
user_prompt,ready_for_in_app_admin_delivery,b5f4ee1c6dd44f7f60bcbd32,profile-prompt-user-profile-demographics,profile,prompt-user,profile.demographics,warning,/profile?tab=basic,Review applicant context,Applicant context keeps recommendation and timeline guidance aligned with your situation.,Review context,in_app_readiness_surface|dashboard,redis_notification_feed|remote_push|email,profile-readiness:profile-prompt-user-profile-demographics:b5f4ee1c6dd44f7f60bcbd32,Profile applicant context exists,,
user_prompt,ready_for_in_app_admin_delivery,626eb5e38882c885cdc64b66,profile-prompt-user-profile-demographics,profile,prompt-user,profile.demographics,warning,/profile?tab=basic,Review applicant context,Applicant context keeps recommendation and timeline guidance aligned with your situation.,Review context,in_app_readiness_surface|dashboard,redis_notification_feed|remote_push|email,profile-readiness:profile-prompt-user-profile-demographics:626eb5e38882c885cdc64b66,Profile applicant context exists,,
user_prompt,ready_for_in_app_admin_delivery,288dfec9fe70b8f130d4b269,profile-prompt-user-profile-demographics,profile,prompt-user,profile.demographics,warning,/profile?tab=basic,Review applicant context,Applicant context keeps recommendation and timeline guidance aligned with your situation.,Review context,in_app_readiness_surface|dashboard,redis_notification_feed|remote_push|email,profile-readiness:profile-prompt-user-profile-demographics:288dfec9fe70b8f130d4b269,Profile applicant context exists,,
user_prompt,ready_for_in_app_admin_delivery,385e5344fb0ba928499b14d9,profile-prompt-user-profile-demographics,profile,prompt-user,profile.demographics,warning,/profile?tab=basic,Review applicant context,Applicant context keeps recommendation and timeline guidance aligned with your situation.,Review context,in_app_readiness_surface|dashboard,redis_notification_feed|remote_push|email,profile-readiness:profile-prompt-user-profile-demographics:385e5344fb0ba928499b14d9,Profile applicant context exists,,
user_prompt,ready_for_in_app_admin_delivery,21b185bc16be52d77c08ac2c,profile-prompt-user-profile-demographics,profile,prompt-user,profile.demographics,warning,/profile?tab=basic,Review applicant context,Applicant context keeps recommendation and timeline guidance aligned with your situation.,Review context,in_app_readiness_surface|dashboard,redis_notification_feed|remote_push|email,profile-readiness:profile-prompt-user-profile-demographics:21b185bc16be52d77c08ac2c,Profile applicant context exists,,
user_prompt,ready_for_in_app_admin_delivery,fad9e50ec597acdb56e97901,profile-prompt-user-profile-demographics,profile,prompt-user,profile.demographics,warning,/profile?tab=basic,Review applicant context,Applicant context keeps recommendation and timeline guidance aligned with your situation.,Review context,in_app_readiness_surface|dashboard,redis_notification_feed|remote_push|email,profile-readiness:profile-prompt-user-profile-demographics:fad9e50ec597acdb56e97901,Profile applicant context exists,,
user_prompt,ready_for_in_app_admin_delivery,4d1f395bd00cc2f44c81f8e0,profile-prompt-user-profile-demographics,profile,prompt-user,profile.demographics,warning,/profile?tab=basic,Review applicant context,Applicant context keeps recommendation and timeline guidance aligned with your situation.,Review context,in_app_readiness_surface|dashboard,redis_notification_feed|remote_push|email,profile-readiness:profile-prompt-user-profile-demographics:4d1f395bd00cc2f44c81f8e0,Profile applicant context exists,,
user_prompt,ready_for_in_app_admin_delivery,7232f1fa4940f02570578fa4,profile-prompt-user-profile-demographics,profile,prompt-user,profile.demographics,warning,/profile?tab=basic,Review applicant context,Applicant context keeps recommendation and timeline guidance aligned with your situation.,Review context,in_app_readiness_surface|dashboard,redis_notification_feed|remote_push|email,profile-readiness:profile-prompt-user-profile-demographics:7232f1fa4940f02570578fa4,Profile applicant context exists,,
user_prompt,ready_for_in_app_admin_delivery,d5668608d88680646b4304d5,profile-prompt-user-profile-demographics,profile,prompt-user,profile.demographics,warning,/profile?tab=basic,Review applicant context,Applicant context keeps recommendation and timeline guidance aligned with your situation.,Review context,in_app_readiness_surface|dashboard,redis_notification_feed|remote_push|email,profile-readiness:profile-prompt-user-profile-demographics:d5668608d88680646b4304d5,Profile applicant context exists,,
user_prompt,ready_for_in_app_admin_delivery,eb5f0931db192e04b5bb694f,profile-prompt-user-profile-demographics,profile,prompt-user,profile.demographics,warning,/profile?tab=basic,Review applicant context,Applicant context keeps recommendation and timeline guidance aligned with your situation.,Review context,in_app_readiness_surface|dashboard,redis_notification_feed|remote_push|email,profile-readiness:profile-prompt-user-profile-demographics:eb5f0931db192e04b5bb694f,Profile applicant context exists,,
user_prompt,ready_for_in_app_admin_delivery,144044aa210635b68bd3413e,profile-prompt-user-profile-demographics,profile,prompt-user,profile.demographics,warning,/profile?tab=basic,Review applicant context,Applicant context keeps recommendation and timeline guidance aligned with your situation.,Review context,in_app_readiness_surface|dashboard,redis_notification_feed|remote_push|email,profile-readiness:profile-prompt-user-profile-demographics:144044aa210635b68bd3413e,Profile applicant context exists,,
user_prompt,ready_for_in_app_admin_delivery,9e7d85fb4bc03da0d6a42f62,profile-prompt-user-profile-demographics,profile,prompt-user,profile.demographics,warning,/profile?tab=basic,Review applicant context,Applicant context keeps recommendation and timeline guidance aligned with your situation.,Review context,in_app_readiness_surface|dashboard,redis_notification_feed|remote_push|email,profile-readiness:profile-prompt-user-profile-demographics:9e7d85fb4bc03da0d6a42f62,Profile applicant context exists,,
user_prompt,ready_for_in_app_admin_delivery,5a1258607ca8af1051025180,profile-prompt-user-profile-demographics,profile,prompt-user,profile.demographics,warning,/profile?tab=basic,Review applicant context,Applicant context keeps recommendation and timeline guidance aligned with your situation.,Review context,in_app_readiness_surface|dashboard,redis_notification_feed|remote_push|email,profile-readiness:profile-prompt-user-profile-demographics:5a1258607ca8af1051025180,Profile applicant context exists,,
user_prompt,ready_for_in_app_admin_delivery,abaf8c9bde037950385c3f12,profile-prompt-user-profile-demographics,profile,prompt-user,profile.demographics,warning,/profile?tab=basic,Review applicant context,Applicant context keeps recommendation and timeline guidance aligned with your situation.,Review context,in_app_readiness_surface|dashboard,redis_notification_feed|remote_push|email,profile-readiness:profile-prompt-user-profile-demographics:abaf8c9bde037950385c3f12,Profile applicant context exists,,
user_prompt,ready_for_in_app_admin_delivery,fa0da822fd523382a860416f,profile-prompt-user-profile-demographics,profile,prompt-user,profile.demographics,warning,/profile?tab=basic,Review applicant context,Applicant context keeps recommendation and timeline guidance aligned with your situation.,Review context,in_app_readiness_surface|dashboard,redis_notification_feed|remote_push|email,profile-readiness:profile-prompt-user-profile-demographics:fa0da822fd523382a860416f,Profile applicant context exists,,
user_prompt,ready_for_in_app_admin_delivery,90f1204abd54fafff4b248e3,profile-prompt-user-profile-demographics,profile,prompt-user,profile.demographics,warning,/profile?tab=basic,Review applicant context,Applicant context keeps recommendation and timeline guidance aligned with your situation.,Review context,in_app_readiness_surface|dashboard,redis_notification_feed|remote_push|email,profile-readiness:profile-prompt-user-profile-demographics:90f1204abd54fafff4b248e3,Profile applicant context exists,,
user_prompt,ready_for_in_app_admin_delivery,e3ad628c231e661f27d886fd,profile-prompt-user-profile-demographics,profile,prompt-user,profile.demographics,warning,/profile?tab=basic,Review applicant context,Applicant context keeps recommendation and timeline guidance aligned with your situation.,Review context,in_app_readiness_surface|dashboard,redis_notification_feed|remote_push|email,profile-readiness:profile-prompt-user-profile-demographics:e3ad628c231e661f27d886fd,Profile applicant context exists,,
user_prompt,ready_for_in_app_admin_delivery,048028fc4ece7871c4c818a1,profile-prompt-user-profile-demographics,profile,prompt-user,profile.demographics,warning,/profile?tab=basic,Review applicant context,Applicant context keeps recommendation and timeline guidance aligned with your situation.,Review context,in_app_readiness_surface|dashboard,redis_notification_feed|remote_push|email,profile-readiness:profile-prompt-user-profile-demographics:048028fc4ece7871c4c818a1,Profile applicant context exists,,
user_prompt,ready_for_in_app_admin_delivery,6ce7ad342b357b3b14deb49c,profile-prompt-user-profile-demographics,profile,prompt-user,profile.demographics,warning,/profile?tab=basic,Review applicant context,Applicant context keeps recommendation and timeline guidance aligned with your situation.,Review context,in_app_readiness_surface|dashboard,redis_notification_feed|remote_push|email,profile-readiness:profile-prompt-user-profile-demographics:6ce7ad342b357b3b14deb49c,Profile applicant context exists,,
user_prompt,ready_for_in_app_admin_delivery,054d410c714fc4cda4394e8c,profile-prompt-user-profile-demographics,profile,prompt-user,profile.demographics,warning,/profile?tab=basic,Review applicant context,Applicant context keeps recommendation and timeline guidance aligned with your situation.,Review context,in_app_readiness_surface|dashboard,redis_notification_feed|remote_push|email,profile-readiness:profile-prompt-user-profile-demographics:054d410c714fc4cda4394e8c,Profile applicant context exists,,
user_prompt,ready_for_in_app_admin_delivery,43f7e141b8b05d5f4b1656ff,profile-prompt-user-profile-demographics,profile,prompt-user,profile.demographics,warning,/profile?tab=basic,Review applicant context,Applicant context keeps recommendation and timeline guidance aligned with your situation.,Review context,in_app_readiness_surface|dashboard,redis_notification_feed|remote_push|email,profile-readiness:profile-prompt-user-profile-demographics:43f7e141b8b05d5f4b1656ff,Profile applicant context exists,,
user_prompt,ready_for_in_app_admin_delivery,ee4954e857d17b8eebb7ae31,profile-prompt-user-profile-demographics,profile,prompt-user,profile.demographics,warning,/profile?tab=basic,Review applicant context,Applicant context keeps recommendation and timeline guidance aligned with your situation.,Review context,in_app_readiness_surface|dashboard,redis_notification_feed|remote_push|email,profile-readiness:profile-prompt-user-profile-demographics:ee4954e857d17b8eebb7ae31,Profile applicant context exists,,
user_prompt,ready_for_in_app_admin_delivery,9d574d111efc9d97b84d6c15,profile-prompt-user-profile-demographics,profile,prompt-user,profile.demographics,warning,/profile?tab=basic,Review applicant context,Applicant context keeps recommendation and timeline guidance aligned with your situation.,Review context,in_app_readiness_surface|dashboard,redis_notification_feed|remote_push|email,profile-readiness:profile-prompt-user-profile-demographics:9d574d111efc9d97b84d6c15,Profile applicant context exists,,
user_prompt,ready_for_in_app_admin_delivery,4abcd46d927f195540b38c5d,profile-prompt-user-profile-demographics,profile,prompt-user,profile.demographics,warning,/profile?tab=basic,Review applicant context,Applicant context keeps recommendation and timeline guidance aligned with your situation.,Review context,in_app_readiness_surface|dashboard,redis_notification_feed|remote_push|email,profile-readiness:profile-prompt-user-profile-demographics:4abcd46d927f195540b38c5d,Profile applicant context exists,,
user_prompt,ready_for_in_app_admin_delivery,3b62c93519e3db6dfe2c3efb,profile-prompt-user-profile-demographics,profile,prompt-user,profile.demographics,warning,/profile?tab=basic,Review applicant context,Applicant context keeps recommendation and timeline guidance aligned with your situation.,Review context,in_app_readiness_surface|dashboard,redis_notification_feed|remote_push|email,profile-readiness:profile-prompt-user-profile-demographics:3b62c93519e3db6dfe2c3efb,Profile applicant context exists,,
user_prompt,ready_for_in_app_admin_delivery,279b99bc08a2c8d50ec3af36,profile-prompt-user-profile-demographics,profile,prompt-user,profile.demographics,warning,/profile?tab=basic,Review applicant context,Applicant context keeps recommendation and timeline guidance aligned with your situation.,Review context,in_app_readiness_surface|dashboard,redis_notification_feed|remote_push|email,profile-readiness:profile-prompt-user-profile-demographics:279b99bc08a2c8d50ec3af36,Profile applicant context exists,,
user_prompt,ready_for_in_app_admin_delivery,74c9ee8d165d193a609087d6,profile-prompt-user-profile-demographics,profile,prompt-user,profile.demographics,warning,/profile?tab=basic,Review applicant context,Applicant context keeps recommendation and timeline guidance aligned with your situation.,Review context,in_app_readiness_surface|dashboard,redis_notification_feed|remote_push|email,profile-readiness:profile-prompt-user-profile-demographics:74c9ee8d165d193a609087d6,Profile applicant context exists,,
user_prompt,ready_for_in_app_admin_delivery,b4c465cc257a5e9d36dcd519,profile-prompt-user-profile-demographics,profile,prompt-user,profile.demographics,warning,/profile?tab=basic,Review applicant context,Applicant context keeps recommendation and timeline guidance aligned with your situation.,Review context,in_app_readiness_surface|dashboard,redis_notification_feed|remote_push|email,profile-readiness:profile-prompt-user-profile-demographics:b4c465cc257a5e9d36dcd519,Profile applicant context exists,,
user_prompt,ready_for_in_app_admin_delivery,d3f2cb982d857949a81c39b9,profile-prompt-user-profile-demographics,profile,prompt-user,profile.demographics,warning,/profile?tab=basic,Review applicant context,Applicant context keeps recommendation and timeline guidance aligned with your situation.,Review context,in_app_readiness_surface|dashboard,redis_notification_feed|remote_push|email,profile-readiness:profile-prompt-user-profile-demographics:d3f2cb982d857949a81c39b9,Profile applicant context exists,,
user_prompt,ready_for_in_app_admin_delivery,4012bad586b0835007dd6107,profile-prompt-user-profile-demographics,profile,prompt-user,profile.demographics,warning,/profile?tab=basic,Review applicant context,Applicant context keeps recommendation and timeline guidance aligned with your situation.,Review context,in_app_readiness_surface|dashboard,redis_notification_feed|remote_push|email,profile-readiness:profile-prompt-user-profile-demographics:4012bad586b0835007dd6107,Profile applicant context exists,,
user_prompt,ready_for_in_app_admin_delivery,876000e8b2adb2f3bce6e5e3,profile-prompt-user-profile-demographics,profile,prompt-user,profile.demographics,warning,/profile?tab=basic,Review applicant context,Applicant context keeps recommendation and timeline guidance aligned with your situation.,Review context,in_app_readiness_surface|dashboard,redis_notification_feed|remote_push|email,profile-readiness:profile-prompt-user-profile-demographics:876000e8b2adb2f3bce6e5e3,Profile applicant context exists,,
user_prompt,ready_for_in_app_admin_delivery,2d38d89c0d25f77c2503a1af,profile-prompt-user-profile-demographics,profile,prompt-user,profile.demographics,warning,/profile?tab=basic,Review applicant context,Applicant context keeps recommendation and timeline guidance aligned with your situation.,Review context,in_app_readiness_surface|dashboard,redis_notification_feed|remote_push|email,profile-readiness:profile-prompt-user-profile-demographics:2d38d89c0d25f77c2503a1af,Profile applicant context exists,,
user_prompt,ready_for_in_app_admin_delivery,6e25deecd13b429aaf14c4a5,profile-prompt-user-profile-demographics,profile,prompt-user,profile.demographics,warning,/profile?tab=basic,Review applicant context,Applicant context keeps recommendation and timeline guidance aligned with your situation.,Review context,in_app_readiness_surface|dashboard,redis_notification_feed|remote_push|email,profile-readiness:profile-prompt-user-profile-demographics:6e25deecd13b429aaf14c4a5,Profile applicant context exists,,
user_prompt,ready_for_in_app_admin_delivery,98574f35c5fc1b5a13b34d2d,profile-prompt-user-profile-demographics,profile,prompt-user,profile.demographics,warning,/profile?tab=basic,Review applicant context,Applicant context keeps recommendation and timeline guidance aligned with your situation.,Review context,in_app_readiness_surface|dashboard,redis_notification_feed|remote_push|email,profile-readiness:profile-prompt-user-profile-demographics:98574f35c5fc1b5a13b34d2d,Profile applicant context exists,,
user_prompt,ready_for_in_app_admin_delivery,3b0ae29aa3a42546f3a20525,profile-prompt-user-profile-demographics,profile,prompt-user,profile.demographics,warning,/profile?tab=basic,Review applicant context,Applicant context keeps recommendation and timeline guidance aligned with your situation.,Review context,in_app_readiness_surface|dashboard,redis_notification_feed|remote_push|email,profile-readiness:profile-prompt-user-profile-demographics:3b0ae29aa3a42546f3a20525,Profile applicant context exists,,
user_prompt,ready_for_in_app_admin_delivery,a00d8f6848b5b8fd53105350,profile-prompt-user-profile-demographics,profile,prompt-user,profile.demographics,warning,/profile?tab=basic,Review applicant context,Applicant context keeps recommendation and timeline guidance aligned with your situation.,Review context,in_app_readiness_surface|dashboard,redis_notification_feed|remote_push|email,profile-readiness:profile-prompt-user-profile-demographics:a00d8f6848b5b8fd53105350,Profile applicant context exists,,
user_prompt,ready_for_in_app_admin_delivery,efefd028899c83b572acbaca,profile-prompt-user-profile-demographics,profile,prompt-user,profile.demographics,warning,/profile?tab=basic,Review applicant context,Applicant context keeps recommendation and timeline guidance aligned with your situation.,Review context,in_app_readiness_surface|dashboard,redis_notification_feed|remote_push|email,profile-readiness:profile-prompt-user-profile-demographics:efefd028899c83b572acbaca,Profile applicant context exists,,
user_prompt,ready_for_in_app_admin_delivery,e68dd4215f226c8e4e76a5ce,profile-prompt-user-profile-demographics,profile,prompt-user,profile.demographics,warning,/profile?tab=basic,Review applicant context,Applicant context keeps recommendation and timeline guidance aligned with your situation.,Review context,in_app_readiness_surface|dashboard,redis_notification_feed|remote_push|email,profile-readiness:profile-prompt-user-profile-demographics:e68dd4215f226c8e4e76a5ce,Profile applicant context exists,,
user_prompt,ready_for_in_app_admin_delivery,81314501c599989cc7264bde,profile-prompt-user-profile-demographics,profile,prompt-user,profile.demographics,warning,/profile?tab=basic,Review applicant context,Applicant context keeps recommendation and timeline guidance aligned with your situation.,Review context,in_app_readiness_surface|dashboard,redis_notification_feed|remote_push|email,profile-readiness:profile-prompt-user-profile-demographics:81314501c599989cc7264bde,Profile applicant context exists,,
user_prompt,ready_for_in_app_admin_delivery,671882419679232da0e380f9,profile-prompt-user-profile-demographics,profile,prompt-user,profile.demographics,warning,/profile?tab=basic,Review applicant context,Applicant context keeps recommendation and timeline guidance aligned with your situation.,Review context,in_app_readiness_surface|dashboard,redis_notification_feed|remote_push|email,profile-readiness:profile-prompt-user-profile-demographics:671882419679232da0e380f9,Profile applicant context exists,,
user_prompt,ready_for_in_app_admin_delivery,09e472b96a6acc4e3214037f,profile-prompt-user-profile-demographics,profile,prompt-user,profile.demographics,warning,/profile?tab=basic,Review applicant context,Applicant context keeps recommendation and timeline guidance aligned with your situation.,Review context,in_app_readiness_surface|dashboard,redis_notification_feed|remote_push|email,profile-readiness:profile-prompt-user-profile-demographics:09e472b96a6acc4e3214037f,Profile applicant context exists,,
user_prompt,ready_for_in_app_admin_delivery,128cf9bdbbd30c4692340893,profile-prompt-user-profile-demographics,profile,prompt-user,profile.demographics,warning,/profile?tab=basic,Review applicant context,Applicant context keeps recommendation and timeline guidance aligned with your situation.,Review context,in_app_readiness_surface|dashboard,redis_notification_feed|remote_push|email,profile-readiness:profile-prompt-user-profile-demographics:128cf9bdbbd30c4692340893,Profile applicant context exists,,
user_prompt,ready_for_in_app_admin_delivery,bde3729d50403544ccebff9a,profile-prompt-user-profile-demographics,profile,prompt-user,profile.demographics,warning,/profile?tab=basic,Review applicant context,Applicant context keeps recommendation and timeline guidance aligned with your situation.,Review context,in_app_readiness_surface|dashboard,redis_notification_feed|remote_push|email,profile-readiness:profile-prompt-user-profile-demographics:bde3729d50403544ccebff9a,Profile applicant context exists,,
user_prompt,ready_for_in_app_admin_delivery,f75a8ccae118bcd318fc5cd2,profile-prompt-user-profile-demographics,profile,prompt-user,profile.demographics,warning,/profile?tab=basic,Review applicant context,Applicant context keeps recommendation and timeline guidance aligned with your situation.,Review context,in_app_readiness_surface|dashboard,redis_notification_feed|remote_push|email,profile-readiness:profile-prompt-user-profile-demographics:f75a8ccae118bcd318fc5cd2,Profile applicant context exists,,
user_prompt,ready_for_in_app_admin_delivery,6216f3543ca1643402cefaaa,profile-prompt-user-profile-demographics,profile,prompt-user,profile.demographics,warning,/profile?tab=basic,Review applicant context,Applicant context keeps recommendation and timeline guidance aligned with your situation.,Review context,in_app_readiness_surface|dashboard,redis_notification_feed|remote_push|email,profile-readiness:profile-prompt-user-profile-demographics:6216f3543ca1643402cefaaa,Profile applicant context exists,,
user_prompt,ready_for_in_app_admin_delivery,3c09f7498dcde215688f728f,profile-prompt-user-profile-demographics,profile,prompt-user,profile.demographics,warning,/profile?tab=basic,Review applicant context,Applicant context keeps recommendation and timeline guidance aligned with your situation.,Review context,in_app_readiness_surface|dashboard,redis_notification_feed|remote_push|email,profile-readiness:profile-prompt-user-profile-demographics:3c09f7498dcde215688f728f,Profile applicant context exists,,
user_prompt,ready_for_in_app_admin_delivery,5dfb40b1a9bf29962c92c4e0,profile-prompt-user-profile-demographics,profile,prompt-user,profile.demographics,warning,/profile?tab=basic,Review applicant context,Applicant context keeps recommendation and timeline guidance aligned with your situation.,Review context,in_app_readiness_surface|dashboard,redis_notification_feed|remote_push|email,profile-readiness:profile-prompt-user-profile-demographics:5dfb40b1a9bf29962c92c4e0,Profile applicant context exists,,
user_prompt,ready_for_in_app_admin_delivery,96e371a4d8ab3bb87e424de2,profile-prompt-user-profile-demographics,profile,prompt-user,profile.demographics,warning,/profile?tab=basic,Review applicant context,Applicant context keeps recommendation and timeline guidance aligned with your situation.,Review context,in_app_readiness_surface|dashboard,redis_notification_feed|remote_push|email,profile-readiness:profile-prompt-user-profile-demographics:96e371a4d8ab3bb87e424de2,Profile applicant context exists,,
user_prompt,ready_for_in_app_admin_delivery,8366ac6e15b379c3156f52a3,profile-prompt-user-profile-demographics,profile,prompt-user,profile.demographics,warning,/profile?tab=basic,Review applicant context,Applicant context keeps recommendation and timeline guidance aligned with your situation.,Review context,in_app_readiness_surface|dashboard,redis_notification_feed|remote_push|email,profile-readiness:profile-prompt-user-profile-demographics:8366ac6e15b379c3156f52a3,Profile applicant context exists,,
user_prompt,ready_for_in_app_admin_delivery,bc2c5e715fa4b0e0b3781a97,profile-prompt-user-profile-demographics,profile,prompt-user,profile.demographics,warning,/profile?tab=basic,Review applicant context,Applicant context keeps recommendation and timeline guidance aligned with your situation.,Review context,in_app_readiness_surface|dashboard,redis_notification_feed|remote_push|email,profile-readiness:profile-prompt-user-profile-demographics:bc2c5e715fa4b0e0b3781a97,Profile applicant context exists,,
user_prompt,ready_for_in_app_admin_delivery,46a752bfbb2e7f744530e13d,profile-prompt-user-profile-demographics,profile,prompt-user,profile.demographics,warning,/profile?tab=basic,Review applicant context,Applicant context keeps recommendation and timeline guidance aligned with your situation.,Review context,in_app_readiness_surface|dashboard,redis_notification_feed|remote_push|email,profile-readiness:profile-prompt-user-profile-demographics:46a752bfbb2e7f744530e13d,Profile applicant context exists,,
user_prompt,ready_for_in_app_admin_delivery,9d220a4364c379c59a202cd4,profile-prompt-user-profile-demographics,profile,prompt-user,profile.demographics,warning,/profile?tab=basic,Review applicant context,Applicant context keeps recommendation and timeline guidance aligned with your situation.,Review context,in_app_readiness_surface|dashboard,redis_notification_feed|remote_push|email,profile-readiness:profile-prompt-user-profile-demographics:9d220a4364c379c59a202cd4,Profile applicant context exists,,
user_prompt,ready_for_in_app_admin_delivery,f76c2626dd527a485a7371c8,profile-prompt-user-profile-demographics,profile,prompt-user,profile.demographics,warning,/profile?tab=basic,Review applicant context,Applicant context keeps recommendation and timeline guidance aligned with your situation.,Review context,in_app_readiness_surface|dashboard,redis_notification_feed|remote_push|email,profile-readiness:profile-prompt-user-profile-demographics:f76c2626dd527a485a7371c8,Profile applicant context exists,,
user_prompt,ready_for_in_app_admin_delivery,7485dc85ce9c7c23100b5076,profile-prompt-user-profile-demographics,profile,prompt-user,profile.demographics,warning,/profile?tab=basic,Review applicant context,Applicant context keeps recommendation and timeline guidance aligned with your situation.,Review context,in_app_readiness_surface|dashboard,redis_notification_feed|remote_push|email,profile-readiness:profile-prompt-user-profile-demographics:7485dc85ce9c7c23100b5076,Profile applicant context exists,,
user_prompt,ready_for_in_app_admin_delivery,493455dcf43164fdafd025ab,profile-prompt-user-profile-demographics,profile,prompt-user,profile.demographics,warning,/profile?tab=basic,Review applicant context,Applicant context keeps recommendation and timeline guidance aligned with your situation.,Review context,in_app_readiness_surface|dashboard,redis_notification_feed|remote_push|email,profile-readiness:profile-prompt-user-profile-demographics:493455dcf43164fdafd025ab,Profile applicant context exists,,
user_prompt,ready_for_in_app_admin_delivery,d44a6faef26ba1d5222a2e39,profile-prompt-user-profile-demographics,profile,prompt-user,profile.demographics,warning,/profile?tab=basic,Review applicant context,Applicant context keeps recommendation and timeline guidance aligned with your situation.,Review context,in_app_readiness_surface|dashboard,redis_notification_feed|remote_push|email,profile-readiness:profile-prompt-user-profile-demographics:d44a6faef26ba1d5222a2e39,Profile applicant context exists,,
user_prompt,ready_for_in_app_admin_delivery,f6cb8463a6bab81fcb529e4f,profile-prompt-user-profile-demographics,profile,prompt-user,profile.demographics,warning,/profile?tab=basic,Review applicant context,Applicant context keeps recommendation and timeline guidance aligned with your situation.,Review context,in_app_readiness_surface|dashboard,redis_notification_feed|remote_push|email,profile-readiness:profile-prompt-user-profile-demographics:f6cb8463a6bab81fcb529e4f,Profile applicant context exists,,
user_prompt,ready_for_in_app_admin_delivery,79737e323e376db6095ff50e,profile-prompt-user-profile-demographics,profile,prompt-user,profile.demographics,warning,/profile?tab=basic,Review applicant context,Applicant context keeps recommendation and timeline guidance aligned with your situation.,Review context,in_app_readiness_surface|dashboard,redis_notification_feed|remote_push|email,profile-readiness:profile-prompt-user-profile-demographics:79737e323e376db6095ff50e,Profile applicant context exists,,
user_prompt,ready_for_in_app_admin_delivery,7ab816c6f8d5cc286f16139a,profile-prompt-user-profile-demographics,profile,prompt-user,profile.demographics,warning,/profile?tab=basic,Review applicant context,Applicant context keeps recommendation and timeline guidance aligned with your situation.,Review context,in_app_readiness_surface|dashboard,redis_notification_feed|remote_push|email,profile-readiness:profile-prompt-user-profile-demographics:7ab816c6f8d5cc286f16139a,Profile applicant context exists,,
user_prompt,ready_for_in_app_admin_delivery,e5c0e17ab64859b74bf6a7ce,profile-prompt-user-profile-demographics,profile,prompt-user,profile.demographics,warning,/profile?tab=basic,Review applicant context,Applicant context keeps recommendation and timeline guidance aligned with your situation.,Review context,in_app_readiness_surface|dashboard,redis_notification_feed|remote_push|email,profile-readiness:profile-prompt-user-profile-demographics:e5c0e17ab64859b74bf6a7ce,Profile applicant context exists,,
user_prompt,ready_for_in_app_admin_delivery,499091972c7cb9710f63f1f4,profile-prompt-user-profile-demographics,profile,prompt-user,profile.demographics,warning,/profile?tab=basic,Review applicant context,Applicant context keeps recommendation and timeline guidance aligned with your situation.,Review context,in_app_readiness_surface|dashboard,redis_notification_feed|remote_push|email,profile-readiness:profile-prompt-user-profile-demographics:499091972c7cb9710f63f1f4,Profile applicant context exists,,
user_prompt,ready_for_in_app_admin_delivery,ee9a1b7f3b9a5b8ba2b2a3ce,profile-prompt-user-profile-demographics,profile,prompt-user,profile.demographics,warning,/profile?tab=basic,Review applicant context,Applicant context keeps recommendation and timeline guidance aligned with your situation.,Review context,in_app_readiness_surface|dashboard,redis_notification_feed|remote_push|email,profile-readiness:profile-prompt-user-profile-demographics:ee9a1b7f3b9a5b8ba2b2a3ce,Profile applicant context exists,,
user_prompt,ready_for_in_app_admin_delivery,594933ae4e120a1f1584356d,profile-prompt-user-profile-demographics,profile,prompt-user,profile.demographics,warning,/profile?tab=basic,Review applicant context,Applicant context keeps recommendation and timeline guidance aligned with your situation.,Review context,in_app_readiness_surface|dashboard,redis_notification_feed|remote_push|email,profile-readiness:profile-prompt-user-profile-demographics:594933ae4e120a1f1584356d,Profile applicant context exists,,
user_prompt,ready_for_in_app_admin_delivery,3afd7b8036e5c1e1e5d7c845,profile-prompt-user-profile-demographics,profile,prompt-user,profile.demographics,warning,/profile?tab=basic,Review applicant context,Applicant context keeps recommendation and timeline guidance aligned with your situation.,Review context,in_app_readiness_surface|dashboard,redis_notification_feed|remote_push|email,profile-readiness:profile-prompt-user-profile-demographics:3afd7b8036e5c1e1e5d7c845,Profile applicant context exists,,
user_prompt,ready_for_in_app_admin_delivery,d27e08ac8b20959602364ff0,profile-prompt-user-profile-demographics,profile,prompt-user,profile.demographics,warning,/profile?tab=basic,Review applicant context,Applicant context keeps recommendation and timeline guidance aligned with your situation.,Review context,in_app_readiness_surface|dashboard,redis_notification_feed|remote_push|email,profile-readiness:profile-prompt-user-profile-demographics:d27e08ac8b20959602364ff0,Profile applicant context exists,,
user_prompt,ready_for_in_app_admin_delivery,250478f9bc807d488188e43a,profile-prompt-user-profile-demographics,profile,prompt-user,profile.demographics,warning,/profile?tab=basic,Review applicant context,Applicant context keeps recommendation and timeline guidance aligned with your situation.,Review context,in_app_readiness_surface|dashboard,redis_notification_feed|remote_push|email,profile-readiness:profile-prompt-user-profile-demographics:250478f9bc807d488188e43a,Profile applicant context exists,,
user_prompt,ready_for_in_app_admin_delivery,eeba0a3855a48d924581623c,profile-prompt-user-profile-demographics,profile,prompt-user,profile.demographics,warning,/profile?tab=basic,Review applicant context,Applicant context keeps recommendation and timeline guidance aligned with your situation.,Review context,in_app_readiness_surface|dashboard,redis_notification_feed|remote_push|email,profile-readiness:profile-prompt-user-profile-demographics:eeba0a3855a48d924581623c,Profile applicant context exists,,
user_prompt,ready_for_in_app_admin_delivery,e459d2836df1c0cc6c82dceb,profile-prompt-user-profile-demographics,profile,prompt-user,profile.demographics,warning,/profile?tab=basic,Review applicant context,Applicant context keeps recommendation and timeline guidance aligned with your situation.,Review context,in_app_readiness_surface|dashboard,redis_notification_feed|remote_push|email,profile-readiness:profile-prompt-user-profile-demographics:e459d2836df1c0cc6c82dceb,Profile applicant context exists,,
user_prompt,ready_for_in_app_admin_delivery,aec864b0bd9e03013c1bd23d,profile-prompt-user-profile-demographics,profile,prompt-user,profile.demographics,warning,/profile?tab=basic,Review applicant context,Applicant context keeps recommendation and timeline guidance aligned with your situation.,Review context,in_app_readiness_surface|dashboard,redis_notification_feed|remote_push|email,profile-readiness:profile-prompt-user-profile-demographics:aec864b0bd9e03013c1bd23d,Profile applicant context exists,,
user_prompt,ready_for_in_app_admin_delivery,540754f3060141f2b8358f73,profile-prompt-user-profile-demographics,profile,prompt-user,profile.demographics,warning,/profile?tab=basic,Review applicant context,Applicant context keeps recommendation and timeline guidance aligned with your situation.,Review context,in_app_readiness_surface|dashboard,redis_notification_feed|remote_push|email,profile-readiness:profile-prompt-user-profile-demographics:540754f3060141f2b8358f73,Profile applicant context exists,,
user_prompt,ready_for_in_app_admin_delivery,8b9063753df9105b7b12e477,profile-prompt-user-profile-demographics,profile,prompt-user,profile.demographics,warning,/profile?tab=basic,Review applicant context,Applicant context keeps recommendation and timeline guidance aligned with your situation.,Review context,in_app_readiness_surface|dashboard,redis_notification_feed|remote_push|email,profile-readiness:profile-prompt-user-profile-demographics:8b9063753df9105b7b12e477,Profile applicant context exists,,
user_prompt,ready_for_in_app_admin_delivery,9c98541c41c8d2c277251c30,profile-prompt-user-profile-demographics,profile,prompt-user,profile.demographics,warning,/profile?tab=basic,Review applicant context,Applicant context keeps recommendation and timeline guidance aligned with your situation.,Review context,in_app_readiness_surface|dashboard,redis_notification_feed|remote_push|email,profile-readiness:profile-prompt-user-profile-demographics:9c98541c41c8d2c277251c30,Profile applicant context exists,,
user_prompt,ready_for_in_app_admin_delivery,f811873eb9c4893968cd0bf6,profile-prompt-user-profile-demographics,profile,prompt-user,profile.demographics,warning,/profile?tab=basic,Review applicant context,Applicant context keeps recommendation and timeline guidance aligned with your situation.,Review context,in_app_readiness_surface|dashboard,redis_notification_feed|remote_push|email,profile-readiness:profile-prompt-user-profile-demographics:f811873eb9c4893968cd0bf6,Profile applicant context exists,,
user_prompt,ready_for_in_app_admin_delivery,38513449c80d8608d453d1a8,profile-prompt-user-profile-demographics,profile,prompt-user,profile.demographics,warning,/profile?tab=basic,Review applicant context,Applicant context keeps recommendation and timeline guidance aligned with your situation.,Review context,in_app_readiness_surface|dashboard,redis_notification_feed|remote_push|email,profile-readiness:profile-prompt-user-profile-demographics:38513449c80d8608d453d1a8,Profile applicant context exists,,
user_prompt,ready_for_in_app_admin_delivery,708ca028a5ed9809c9b06bac,profile-prompt-user-profile-demographics,profile,prompt-user,profile.demographics,warning,/profile?tab=basic,Review applicant context,Applicant context keeps recommendation and timeline guidance aligned with your situation.,Review context,in_app_readiness_surface|dashboard,redis_notification_feed|remote_push|email,profile-readiness:profile-prompt-user-profile-demographics:708ca028a5ed9809c9b06bac,Profile applicant context exists,,
user_prompt,ready_for_in_app_admin_delivery,c2a7e031b5c8c4fbb8009d27,profile-prompt-user-profile-demographics,profile,prompt-user,profile.demographics,warning,/profile?tab=basic,Review applicant context,Applicant context keeps recommendation and timeline guidance aligned with your situation.,Review context,in_app_readiness_surface|dashboard,redis_notification_feed|remote_push|email,profile-readiness:profile-prompt-user-profile-demographics:c2a7e031b5c8c4fbb8009d27,Profile applicant context exists,,
user_prompt,ready_for_in_app_admin_delivery,0e0218d4eec178ae14d0895a,profile-prompt-user-profile-demographics,profile,prompt-user,profile.demographics,warning,/profile?tab=basic,Review applicant context,Applicant context keeps recommendation and timeline guidance aligned with your situation.,Review context,in_app_readiness_surface|dashboard,redis_notification_feed|remote_push|email,profile-readiness:profile-prompt-user-profile-demographics:0e0218d4eec178ae14d0895a,Profile applicant context exists,,
user_prompt,ready_for_in_app_admin_delivery,2d361e3c8b12cd5dc12f9b4c,profile-prompt-user-profile-demographics,profile,prompt-user,profile.demographics,warning,/profile?tab=basic,Review applicant context,Applicant context keeps recommendation and timeline guidance aligned with your situation.,Review context,in_app_readiness_surface|dashboard,redis_notification_feed|remote_push|email,profile-readiness:profile-prompt-user-profile-demographics:2d361e3c8b12cd5dc12f9b4c,Profile applicant context exists,,
user_prompt,ready_for_in_app_admin_delivery,ac0b7ebf3137a6b7af99d582,school-list-balance-school-list-school-list-balance,school_list,balance-school-list,school_list.balance,warning,/schools,Balance your school list,"A balanced list helps reduce strategy risk across reach, target, and safety schools.",Balance list,in_app_readiness_surface|dashboard,redis_notification_feed|remote_push|email,profile-readiness:school-list-balance-school-list-school-list-balance:ac0b7ebf3137a6b7af99d582,Reach/target/safety mix is balanced,,
user_prompt,ready_for_in_app_admin_delivery,6e0d22223b9fe7404d8768fa,school-list-balance-school-list-school-list-balance,school_list,balance-school-list,school_list.balance,warning,/schools,Balance your school list,"A balanced list helps reduce strategy risk across reach, target, and safety schools.",Balance list,in_app_readiness_surface|dashboard,redis_notification_feed|remote_push|email,profile-readiness:school-list-balance-school-list-school-list-balance:6e0d22223b9fe7404d8768fa,Reach/target/safety mix is balanced,,
user_prompt,ready_for_in_app_admin_delivery,d062cc598a74e321a2b06c92,school-list-balance-school-list-school-list-min-count,school_list,balance-school-list,school_list.min_count,warning,/schools,Expand your school list,"A broader list makes reach, target, and safety planning more useful.",Review schools,in_app_readiness_surface|dashboard,redis_notification_feed|remote_push|email,profile-readiness:school-list-balance-school-list-school-list-min-count:d062cc598a74e321a2b06c92,SchoolListItem count >= readiness threshold,,
user_prompt,ready_for_in_app_admin_delivery,a8d64fb39c8e61b16d52ba27,school-list-balance-school-list-school-list-min-count,school_list,balance-school-list,school_list.min_count,warning,/schools,Expand your school list,"A broader list makes reach, target, and safety planning more useful.",Review schools,in_app_readiness_surface|dashboard,redis_notification_feed|remote_push|email,profile-readiness:school-list-balance-school-list-school-list-min-count:a8d64fb39c8e61b16d52ba27,SchoolListItem count >= readiness threshold,,
user_prompt,ready_for_in_app_admin_delivery,12621386061ae4d2da4997fd,school-list-balance-school-list-school-list-min-count,school_list,balance-school-list,school_list.min_count,warning,/schools,Expand your school list,"A broader list makes reach, target, and safety planning more useful.",Review schools,in_app_readiness_surface|dashboard,redis_notification_feed|remote_push|email,profile-readiness:school-list-balance-school-list-school-list-min-count:12621386061ae4d2da4997fd,SchoolListItem count >= readiness threshold,,
user_prompt,ready_for_in_app_admin_delivery,6e0d22223b9fe7404d8768fa,school-list-balance-school-list-school-list-min-count,school_list,balance-school-list,school_list.min_count,warning,/schools,Expand your school list,"A broader list makes reach, target, and safety planning more useful.",Review schools,in_app_readiness_surface|dashboard,redis_notification_feed|remote_push|email,profile-readiness:school-list-balance-school-list-school-list-min-count:6e0d22223b9fe7404d8768fa,SchoolListItem count >= readiness threshold,,
system_generation,ready_for_system_generation,a2f55545fca8f7f659477f4c,timeline-generate-timeline-timeline-missing-school-round,timeline,generate-timeline,timeline.missing_school_round,warning,/timeline,Set application rounds,Application rounds let the platform generate the right deadline tasks for each school.,Update timeline,admin_queue,redis_notification_feed|remote_push|email,,ApplicationTimeline has generated tasks for each selected school round,cmn1htkn80003vqf29zl0f9lr,Stanford University
system_generation,ready_for_system_generation,a2f55545fca8f7f659477f4c,timeline-generate-timeline-timeline-missing-school-round,timeline,generate-timeline,timeline.missing_school_round,warning,/timeline,Set application rounds,Application rounds let the platform generate the right deadline tasks for each school.,Update timeline,admin_queue,redis_notification_feed|remote_push|email,,ApplicationTimeline has generated tasks for each selected school round,cmn1htkoa000kvqf2oqm36hw5,"University of Michigan, Ann Arbor"
user_prompt,ready_for_in_app_admin_delivery,a2f55545fca8f7f659477f4c,timeline-set-application-round-timeline-missing-school-round,timeline,set-application-round,timeline.missing_school_round,warning,/timeline,Set application rounds,Application rounds let the platform generate the right deadline tasks for each school.,Update timeline,in_app_readiness_surface|dashboard,redis_notification_feed|remote_push|email,profile-readiness:timeline-set-application-round-timeline-missing-school-round:a2f55545fca8f7f659477f4c,ApplicationTimeline has generated tasks for each selected school round,cmn1htkpe0010vqf2xzzjz779,University of Illinois Urbana-Champaign
system_generation,ready_for_system_generation,a2f55545fca8f7f659477f4c,timeline-generate-timeline-timeline-missing-school-round,timeline,generate-timeline,timeline.missing_school_round,warning,/timeline,Set application rounds,Application rounds let the platform generate the right deadline tasks for each school.,Update timeline,admin_queue,redis_notification_feed|remote_push|email,,ApplicationTimeline has generated tasks for each selected school round,cmn1htkq30018vqf2xt2csyoe,Purdue University
system_generation,ready_for_system_generation,d062cc598a74e321a2b06c92,timeline-generate-timeline-timeline-missing-school-round,timeline,generate-timeline,timeline.missing_school_round,warning,/timeline,Set application rounds,Application rounds let the platform generate the right deadline tasks for each school.,Update timeline,admin_queue,redis_notification_feed|remote_push|email,,ApplicationTimeline has generated tasks for each selected school round,cmn1htknm000avqf2g8h3sbdp,Northwestern University
system_generation,ready_for_system_generation,d062cc598a74e321a2b06c92,timeline-generate-timeline-timeline-missing-school-round,timeline,generate-timeline,timeline.missing_school_round,warning,/timeline,Set application rounds,Application rounds let the platform generate the right deadline tasks for each school.,Update timeline,admin_queue,redis_notification_feed|remote_push|email,,ApplicationTimeline has generated tasks for each selected school round,cmn1htkng0007vqf224oeyvgq,Duke University
system_generation,ready_for_system_generation,d062cc598a74e321a2b06c92,timeline-generate-timeline-timeline-missing-school-round,timeline,generate-timeline,timeline.missing_school_round,warning,/timeline,Set application rounds,Application rounds let the platform generate the right deadline tasks for each school.,Update timeline,admin_queue,redis_notification_feed|remote_push|email,,ApplicationTimeline has generated tasks for each selected school round,cmn1htko0000gvqf2pmjc1xi9,Rice University
system_generation,ready_for_system_generation,d062cc598a74e321a2b06c92,timeline-generate-timeline-timeline-missing-school-round,timeline,generate-timeline,timeline.missing_school_round,warning,/timeline,Set application rounds,Application rounds let the platform generate the right deadline tasks for each school.,Update timeline,admin_queue,redis_notification_feed|remote_push|email,,ApplicationTimeline has generated tasks for each selected school round,cmn1htkoj000ovqf226pta7or,Emory University
system_generation,ready_for_system_generation,a8d64fb39c8e61b16d52ba27,timeline-generate-timeline-timeline-missing-school-round,timeline,generate-timeline,timeline.missing_school_round,warning,/timeline,Set application rounds,Application rounds let the platform generate the right deadline tasks for each school.,Update timeline,admin_queue,redis_notification_feed|remote_push|email,,ApplicationTimeline has generated tasks for each selected school round,cmn1htknl0009vqf255v6mh7y,Johns Hopkins University
system_generation,ready_for_system_generation,a8d64fb39c8e61b16d52ba27,timeline-generate-timeline-timeline-missing-school-round,timeline,generate-timeline,timeline.missing_school_round,warning,/timeline,Set application rounds,Application rounds let the platform generate the right deadline tasks for each school.,Update timeline,admin_queue,redis_notification_feed|remote_push|email,,ApplicationTimeline has generated tasks for each selected school round,cmn1htko0000gvqf2pmjc1xi9,Rice University
system_generation,ready_for_system_generation,a8d64fb39c8e61b16d52ba27,timeline-generate-timeline-timeline-missing-school-round,timeline,generate-timeline,timeline.missing_school_round,warning,/timeline,Set application rounds,Application rounds let the platform generate the right deadline tasks for each school.,Update timeline,admin_queue,redis_notification_feed|remote_push|email,,ApplicationTimeline has generated tasks for each selected school round,cmn1htkoj000ovqf226pta7or,Emory University
system_generation,ready_for_system_generation,a8d64fb39c8e61b16d52ba27,timeline-generate-timeline-timeline-missing-school-round,timeline,generate-timeline,timeline.missing_school_round,warning,/timeline,Set application rounds,Application rounds let the platform generate the right deadline tasks for each school.,Update timeline,admin_queue,redis_notification_feed|remote_push|email,,ApplicationTimeline has generated tasks for each selected school round,cmn1htkpw0016vqf20t0lflxm,Boston University
system_generation,ready_for_system_generation,12621386061ae4d2da4997fd,timeline-generate-timeline-timeline-missing-school-round,timeline,generate-timeline,timeline.missing_school_round,warning,/timeline,Set application rounds,Application rounds let the platform generate the right deadline tasks for each school.,Update timeline,admin_queue,redis_notification_feed|remote_push|email,,ApplicationTimeline has generated tasks for each selected school round,cmn1htknv000evqf29yjvrstt,"University of California, Berkeley"
system_generation,ready_for_system_generation,12621386061ae4d2da4997fd,timeline-generate-timeline-timeline-missing-school-round,timeline,generate-timeline,timeline.missing_school_round,warning,/timeline,Set application rounds,Application rounds let the platform generate the right deadline tasks for each school.,Update timeline,admin_queue,redis_notification_feed|remote_push|email,,ApplicationTimeline has generated tasks for each selected school round,cmn1htkny000fvqf2jlmz8ej1,"University of California, Los Angeles"
system_generation,ready_for_system_generation,12621386061ae4d2da4997fd,timeline-generate-timeline-timeline-missing-school-round,timeline,generate-timeline,timeline.missing_school_round,warning,/timeline,Set application rounds,Application rounds let the platform generate the right deadline tasks for each school.,Update timeline,admin_queue,redis_notification_feed|remote_push|email,,ApplicationTimeline has generated tasks for each selected school round,cmn1htkou000svqf2356l4yfj,"University of California, San Diego"
system_generation,ready_for_system_generation,12621386061ae4d2da4997fd,timeline-generate-timeline-timeline-missing-school-round,timeline,generate-timeline,timeline.missing_school_round,warning,/timeline,Set application rounds,Application rounds let the platform generate the right deadline tasks for each school.,Update timeline,admin_queue,redis_notification_feed|remote_push|email,,ApplicationTimeline has generated tasks for each selected school round,cmn1htkor000rvqf282ibd6kz,"University of California, Davis"
system_generation,ready_for_system_generation,12621386061ae4d2da4997fd,timeline-generate-timeline-timeline-missing-school-round,timeline,generate-timeline,timeline.missing_school_round,warning,/timeline,Set application rounds,Application rounds let the platform generate the right deadline tasks for each school.,Update timeline,admin_queue,redis_notification_feed|remote_push|email,,ApplicationTimeline has generated tasks for each selected school round,cmn1htkpb000zvqf2645ltfg6,"University of California, Santa Barbara"
user_prompt,ready_for_in_app_admin_delivery,6e0d22223b9fe7404d8768fa,timeline-set-application-round-timeline-missing-school-round,timeline,set-application-round,timeline.missing_school_round,warning,/timeline,Set application rounds,Application rounds let the platform generate the right deadline tasks for each school.,Update timeline,in_app_readiness_surface|dashboard,redis_notification_feed|remote_push|email,profile-readiness:timeline-set-application-round-timeline-missing-school-round:6e0d22223b9fe7404d8768fa,ApplicationTimeline has generated tasks for each selected school round,cmn1htknv000evqf29yjvrstt,"University of California, Berkeley"
system_generation,ready_for_system_generation,6e0d22223b9fe7404d8768fa,timeline-generate-timeline-timeline-missing-school-round,timeline,generate-timeline,timeline.missing_school_round,warning,/timeline,Set application rounds,Application rounds let the platform generate the right deadline tasks for each school.,Update timeline,admin_queue,redis_notification_feed|remote_push|email,,ApplicationTimeline has generated tasks for each selected school round,cmn1htkno000bvqf209819ok4,Columbia University
system_generation,ready_for_system_generation,6e0d22223b9fe7404d8768fa,timeline-generate-timeline-timeline-missing-school-round,timeline,generate-timeline,timeline.missing_school_round,warning,/timeline,Set application rounds,Application rounds let the platform generate the right deadline tasks for each school.,Update timeline,admin_queue,redis_notification_feed|remote_push|email,,ApplicationTimeline has generated tasks for each selected school round,cmn1htkn30001vqf2nozenmj6,Massachusetts Institute of Technology
system_generation,ready_for_system_generation,ac0b7ebf3137a6b7af99d582,application-analysis-run-application-analysis-application-analysis-not-run,application_analysis,run-application-analysis,application_analysis.not_run,info,/uncommon-app,,,,admin_queue,redis_notification_feed|remote_push|email,,Application analysis run exists,,
system_generation,ready_for_system_generation,a2f55545fca8f7f659477f4c,application-analysis-run-application-analysis-application-analysis-not-run,application_analysis,run-application-analysis,application_analysis.not_run,info,/uncommon-app,,,,admin_queue,redis_notification_feed|remote_push|email,,Application analysis run exists,,
system_generation,ready_for_system_generation,d062cc598a74e321a2b06c92,application-analysis-run-application-analysis-application-analysis-not-run,application_analysis,run-application-analysis,application_analysis.not_run,info,/uncommon-app,,,,admin_queue,redis_notification_feed|remote_push|email,,Application analysis run exists,,
system_generation,ready_for_system_generation,a8d64fb39c8e61b16d52ba27,application-analysis-run-application-analysis-application-analysis-not-run,application_analysis,run-application-analysis,application_analysis.not_run,info,/uncommon-app,,,,admin_queue,redis_notification_feed|remote_push|email,,Application analysis run exists,,
system_generation,ready_for_system_generation,6e0d22223b9fe7404d8768fa,application-analysis-run-application-analysis-application-analysis-not-run,application_analysis,run-application-analysis,application_analysis.not_run,info,/uncommon-app,,,,admin_queue,redis_notification_feed|remote_push|email,,Application analysis run exists,,
user_prompt,ready_for_in_app_admin_delivery,802483c05fc63b56d5113074,execution-start-essay-workflow-essays-none,execution,start-essay-workflow,essays.none,info,/essays,Start your essay workspace,Essay drafts connect your profile to prompt-specific guidance and deadlines.,Start essays,in_app_readiness_surface|dashboard,redis_notification_feed|remote_push|email,profile-readiness:execution-start-essay-workflow-essays-none:802483c05fc63b56d5113074,User has at least one essay draft or prompt selection,,
user_prompt,ready_for_in_app_admin_delivery,ac0b7ebf3137a6b7af99d582,execution-start-essay-workflow-essays-none,execution,start-essay-workflow,essays.none,info,/essays,Start your essay workspace,Essay drafts connect your profile to prompt-specific guidance and deadlines.,Start essays,in_app_readiness_surface|dashboard,redis_notification_feed|remote_push|email,profile-readiness:execution-start-essay-workflow-essays-none:ac0b7ebf3137a6b7af99d582,User has at least one essay draft or prompt selection,,
user_prompt,ready_for_in_app_admin_delivery,035afbe63d4a9d1d9f332693,execution-start-essay-workflow-essays-none,execution,start-essay-workflow,essays.none,info,/essays,Start your essay workspace,Essay drafts connect your profile to prompt-specific guidance and deadlines.,Start essays,in_app_readiness_surface|dashboard,redis_notification_feed|remote_push|email,profile-readiness:execution-start-essay-workflow-essays-none:035afbe63d4a9d1d9f332693,User has at least one essay draft or prompt selection,,
user_prompt,ready_for_in_app_admin_delivery,fef3b25574072f4313df5e9c,execution-start-essay-workflow-essays-none,execution,start-essay-workflow,essays.none,info,/essays,Start your essay workspace,Essay drafts connect your profile to prompt-specific guidance and deadlines.,Start essays,in_app_readiness_surface|dashboard,redis_notification_feed|remote_push|email,profile-readiness:execution-start-essay-workflow-essays-none:fef3b25574072f4313df5e9c,User has at least one essay draft or prompt selection,,
user_prompt,ready_for_in_app_admin_delivery,4a8a9364139ccecaa6673095,execution-start-essay-workflow-essays-none,execution,start-essay-workflow,essays.none,info,/essays,Start your essay workspace,Essay drafts connect your profile to prompt-specific guidance and deadlines.,Start essays,in_app_readiness_surface|dashboard,redis_notification_feed|remote_push|email,profile-readiness:execution-start-essay-workflow-essays-none:4a8a9364139ccecaa6673095,User has at least one essay draft or prompt selection,,
user_prompt,ready_for_in_app_admin_delivery,fdac0aac949da6fd1ae3920c,execution-start-essay-workflow-essays-none,execution,start-essay-workflow,essays.none,info,/essays,Start your essay workspace,Essay drafts connect your profile to prompt-specific guidance and deadlines.,Start essays,in_app_readiness_surface|dashboard,redis_notification_feed|remote_push|email,profile-readiness:execution-start-essay-workflow-essays-none:fdac0aac949da6fd1ae3920c,User has at least one essay draft or prompt selection,,
user_prompt,ready_for_in_app_admin_delivery,39277806d696167bec33dacd,execution-start-essay-workflow-essays-none,execution,start-essay-workflow,essays.none,info,/essays,Start your essay workspace,Essay drafts connect your profile to prompt-specific guidance and deadlines.,Start essays,in_app_readiness_surface|dashboard,redis_notification_feed|remote_push|email,profile-readiness:execution-start-essay-workflow-essays-none:39277806d696167bec33dacd,User has at least one essay draft or prompt selection,,
user_prompt,ready_for_in_app_admin_delivery,68bda0008706cf69fbe951c5,execution-start-essay-workflow-essays-none,execution,start-essay-workflow,essays.none,info,/essays,Start your essay workspace,Essay drafts connect your profile to prompt-specific guidance and deadlines.,Start essays,in_app_readiness_surface|dashboard,redis_notification_feed|remote_push|email,profile-readiness:execution-start-essay-workflow-essays-none:68bda0008706cf69fbe951c5,User has at least one essay draft or prompt selection,,
user_prompt,ready_for_in_app_admin_delivery,f46de3981f1853f4abbd4641,execution-start-essay-workflow-essays-none,execution,start-essay-workflow,essays.none,info,/essays,Start your essay workspace,Essay drafts connect your profile to prompt-specific guidance and deadlines.,Start essays,in_app_readiness_surface|dashboard,redis_notification_feed|remote_push|email,profile-readiness:execution-start-essay-workflow-essays-none:f46de3981f1853f4abbd4641,User has at least one essay draft or prompt selection,,
user_prompt,ready_for_in_app_admin_delivery,3dc36e732297447a53963a67,execution-start-essay-workflow-essays-none,execution,start-essay-workflow,essays.none,info,/essays,Start your essay workspace,Essay drafts connect your profile to prompt-specific guidance and deadlines.,Start essays,in_app_readiness_surface|dashboard,redis_notification_feed|remote_push|email,profile-readiness:execution-start-essay-workflow-essays-none:3dc36e732297447a53963a67,User has at least one essay draft or prompt selection,,
user_prompt,ready_for_in_app_admin_delivery,3aec115dea1871ad7804c5ee,execution-start-essay-workflow-essays-none,execution,start-essay-workflow,essays.none,info,/essays,Start your essay workspace,Essay drafts connect your profile to prompt-specific guidance and deadlines.,Start essays,in_app_readiness_surface|dashboard,redis_notification_feed|remote_push|email,profile-readiness:execution-start-essay-workflow-essays-none:3aec115dea1871ad7804c5ee,User has at least one essay draft or prompt selection,,
user_prompt,ready_for_in_app_admin_delivery,29076cdf73d07afbecb33d1f,execution-start-essay-workflow-essays-none,execution,start-essay-workflow,essays.none,info,/essays,Start your essay workspace,Essay drafts connect your profile to prompt-specific guidance and deadlines.,Start essays,in_app_readiness_surface|dashboard,redis_notification_feed|remote_push|email,profile-readiness:execution-start-essay-workflow-essays-none:29076cdf73d07afbecb33d1f,User has at least one essay draft or prompt selection,,
user_prompt,ready_for_in_app_admin_delivery,e6f9022187d9b4ec16d49235,execution-start-essay-workflow-essays-none,execution,start-essay-workflow,essays.none,info,/essays,Start your essay workspace,Essay drafts connect your profile to prompt-specific guidance and deadlines.,Start essays,in_app_readiness_surface|dashboard,redis_notification_feed|remote_push|email,profile-readiness:execution-start-essay-workflow-essays-none:e6f9022187d9b4ec16d49235,User has at least one essay draft or prompt selection,,
user_prompt,ready_for_in_app_admin_delivery,e449837a18bd87b77a6ef1e5,execution-start-essay-workflow-essays-none,execution,start-essay-workflow,essays.none,info,/essays,Start your essay workspace,Essay drafts connect your profile to prompt-specific guidance and deadlines.,Start essays,in_app_readiness_surface|dashboard,redis_notification_feed|remote_push|email,profile-readiness:execution-start-essay-workflow-essays-none:e449837a18bd87b77a6ef1e5,User has at least one essay draft or prompt selection,,
user_prompt,ready_for_in_app_admin_delivery,fe2afb920f81889354794d13,execution-start-essay-workflow-essays-none,execution,start-essay-workflow,essays.none,info,/essays,Start your essay workspace,Essay drafts connect your profile to prompt-specific guidance and deadlines.,Start essays,in_app_readiness_surface|dashboard,redis_notification_feed|remote_push|email,profile-readiness:execution-start-essay-workflow-essays-none:fe2afb920f81889354794d13,User has at least one essay draft or prompt selection,,
user_prompt,ready_for_in_app_admin_delivery,75933046392cb0c42c062611,execution-start-essay-workflow-essays-none,execution,start-essay-workflow,essays.none,info,/essays,Start your essay workspace,Essay drafts connect your profile to prompt-specific guidance and deadlines.,Start essays,in_app_readiness_surface|dashboard,redis_notification_feed|remote_push|email,profile-readiness:execution-start-essay-workflow-essays-none:75933046392cb0c42c062611,User has at least one essay draft or prompt selection,,
user_prompt,ready_for_in_app_admin_delivery,745052463f3be2c63514db2f,execution-start-essay-workflow-essays-none,execution,start-essay-workflow,essays.none,info,/essays,Start your essay workspace,Essay drafts connect your profile to prompt-specific guidance and deadlines.,Start essays,in_app_readiness_surface|dashboard,redis_notification_feed|remote_push|email,profile-readiness:execution-start-essay-workflow-essays-none:745052463f3be2c63514db2f,User has at least one essay draft or prompt selection,,
user_prompt,ready_for_in_app_admin_delivery,9d0db16bacd8261ed76c2d8f,execution-start-essay-workflow-essays-none,execution,start-essay-workflow,essays.none,info,/essays,Start your essay workspace,Essay drafts connect your profile to prompt-specific guidance and deadlines.,Start essays,in_app_readiness_surface|dashboard,redis_notification_feed|remote_push|email,profile-readiness:execution-start-essay-workflow-essays-none:9d0db16bacd8261ed76c2d8f,User has at least one essay draft or prompt selection,,
user_prompt,ready_for_in_app_admin_delivery,2d3538d986b40dbb9773bad5,execution-start-essay-workflow-essays-none,execution,start-essay-workflow,essays.none,info,/essays,Start your essay workspace,Essay drafts connect your profile to prompt-specific guidance and deadlines.,Start essays,in_app_readiness_surface|dashboard,redis_notification_feed|remote_push|email,profile-readiness:execution-start-essay-workflow-essays-none:2d3538d986b40dbb9773bad5,User has at least one essay draft or prompt selection,,
user_prompt,ready_for_in_app_admin_delivery,bf039e0c60608f4f87581cc9,execution-start-essay-workflow-essays-none,execution,start-essay-workflow,essays.none,info,/essays,Start your essay workspace,Essay drafts connect your profile to prompt-specific guidance and deadlines.,Start essays,in_app_readiness_surface|dashboard,redis_notification_feed|remote_push|email,profile-readiness:execution-start-essay-workflow-essays-none:bf039e0c60608f4f87581cc9,User has at least one essay draft or prompt selection,,
user_prompt,ready_for_in_app_admin_delivery,366320fee296c0f2fc92761e,execution-start-essay-workflow-essays-none,execution,start-essay-workflow,essays.none,info,/essays,Start your essay workspace,Essay drafts connect your profile to prompt-specific guidance and deadlines.,Start essays,in_app_readiness_surface|dashboard,redis_notification_feed|remote_push|email,profile-readiness:execution-start-essay-workflow-essays-none:366320fee296c0f2fc92761e,User has at least one essay draft or prompt selection,,
user_prompt,ready_for_in_app_admin_delivery,683b23c8c4fe0d8bc12e5633,execution-start-essay-workflow-essays-none,execution,start-essay-workflow,essays.none,info,/essays,Start your essay workspace,Essay drafts connect your profile to prompt-specific guidance and deadlines.,Start essays,in_app_readiness_surface|dashboard,redis_notification_feed|remote_push|email,profile-readiness:execution-start-essay-workflow-essays-none:683b23c8c4fe0d8bc12e5633,User has at least one essay draft or prompt selection,,
user_prompt,ready_for_in_app_admin_delivery,b338f5f9fe85ac763c330af1,execution-start-essay-workflow-essays-none,execution,start-essay-workflow,essays.none,info,/essays,Start your essay workspace,Essay drafts connect your profile to prompt-specific guidance and deadlines.,Start essays,in_app_readiness_surface|dashboard,redis_notification_feed|remote_push|email,profile-readiness:execution-start-essay-workflow-essays-none:b338f5f9fe85ac763c330af1,User has at least one essay draft or prompt selection,,
user_prompt,ready_for_in_app_admin_delivery,e5f7d86f6995efe58037c6fb,execution-start-essay-workflow-essays-none,execution,start-essay-workflow,essays.none,info,/essays,Start your essay workspace,Essay drafts connect your profile to prompt-specific guidance and deadlines.,Start essays,in_app_readiness_surface|dashboard,redis_notification_feed|remote_push|email,profile-readiness:execution-start-essay-workflow-essays-none:e5f7d86f6995efe58037c6fb,User has at least one essay draft or prompt selection,,
user_prompt,ready_for_in_app_admin_delivery,87a1b361875b527870210e1a,execution-start-essay-workflow-essays-none,execution,start-essay-workflow,essays.none,info,/essays,Start your essay workspace,Essay drafts connect your profile to prompt-specific guidance and deadlines.,Start essays,in_app_readiness_surface|dashboard,redis_notification_feed|remote_push|email,profile-readiness:execution-start-essay-workflow-essays-none:87a1b361875b527870210e1a,User has at least one essay draft or prompt selection,,
user_prompt,ready_for_in_app_admin_delivery,1d8c13ffebafff31847d9e97,execution-start-essay-workflow-essays-none,execution,start-essay-workflow,essays.none,info,/essays,Start your essay workspace,Essay drafts connect your profile to prompt-specific guidance and deadlines.,Start essays,in_app_readiness_surface|dashboard,redis_notification_feed|remote_push|email,profile-readiness:execution-start-essay-workflow-essays-none:1d8c13ffebafff31847d9e97,User has at least one essay draft or prompt selection,,
user_prompt,ready_for_in_app_admin_delivery,4fdebab56088e041d556c66e,execution-start-essay-workflow-essays-none,execution,start-essay-workflow,essays.none,info,/essays,Start your essay workspace,Essay drafts connect your profile to prompt-specific guidance and deadlines.,Start essays,in_app_readiness_surface|dashboard,redis_notification_feed|remote_push|email,profile-readiness:execution-start-essay-workflow-essays-none:4fdebab56088e041d556c66e,User has at least one essay draft or prompt selection,,
user_prompt,ready_for_in_app_admin_delivery,c6a5a94d5d0cb5e5d50b94ca,execution-start-essay-workflow-essays-none,execution,start-essay-workflow,essays.none,info,/essays,Start your essay workspace,Essay drafts connect your profile to prompt-specific guidance and deadlines.,Start essays,in_app_readiness_surface|dashboard,redis_notification_feed|remote_push|email,profile-readiness:execution-start-essay-workflow-essays-none:c6a5a94d5d0cb5e5d50b94ca,User has at least one essay draft or prompt selection,,
user_prompt,ready_for_in_app_admin_delivery,dd2e368ddefcbd51a6671fb7,execution-start-essay-workflow-essays-none,execution,start-essay-workflow,essays.none,info,/essays,Start your essay workspace,Essay drafts connect your profile to prompt-specific guidance and deadlines.,Start essays,in_app_readiness_surface|dashboard,redis_notification_feed|remote_push|email,profile-readiness:execution-start-essay-workflow-essays-none:dd2e368ddefcbd51a6671fb7,User has at least one essay draft or prompt selection,,
user_prompt,ready_for_in_app_admin_delivery,12621386061ae4d2da4997fd,execution-start-essay-workflow-essays-none,execution,start-essay-workflow,essays.none,info,/essays,Start your essay workspace,Essay drafts connect your profile to prompt-specific guidance and deadlines.,Start essays,in_app_readiness_surface|dashboard,redis_notification_feed|remote_push|email,profile-readiness:execution-start-essay-workflow-essays-none:12621386061ae4d2da4997fd,User has at least one essay draft or prompt selection,,
user_prompt,ready_for_in_app_admin_delivery,e30f76775969a451a2b4ae69,execution-start-essay-workflow-essays-none,execution,start-essay-workflow,essays.none,info,/essays,Start your essay workspace,Essay drafts connect your profile to prompt-specific guidance and deadlines.,Start essays,in_app_readiness_surface|dashboard,redis_notification_feed|remote_push|email,profile-readiness:execution-start-essay-workflow-essays-none:e30f76775969a451a2b4ae69,User has at least one essay draft or prompt selection,,
user_prompt,ready_for_in_app_admin_delivery,b5f4ee1c6dd44f7f60bcbd32,execution-start-essay-workflow-essays-none,execution,start-essay-workflow,essays.none,info,/essays,Start your essay workspace,Essay drafts connect your profile to prompt-specific guidance and deadlines.,Start essays,in_app_readiness_surface|dashboard,redis_notification_feed|remote_push|email,profile-readiness:execution-start-essay-workflow-essays-none:b5f4ee1c6dd44f7f60bcbd32,User has at least one essay draft or prompt selection,,
user_prompt,ready_for_in_app_admin_delivery,626eb5e38882c885cdc64b66,execution-start-essay-workflow-essays-none,execution,start-essay-workflow,essays.none,info,/essays,Start your essay workspace,Essay drafts connect your profile to prompt-specific guidance and deadlines.,Start essays,in_app_readiness_surface|dashboard,redis_notification_feed|remote_push|email,profile-readiness:execution-start-essay-workflow-essays-none:626eb5e38882c885cdc64b66,User has at least one essay draft or prompt selection,,
user_prompt,ready_for_in_app_admin_delivery,288dfec9fe70b8f130d4b269,execution-start-essay-workflow-essays-none,execution,start-essay-workflow,essays.none,info,/essays,Start your essay workspace,Essay drafts connect your profile to prompt-specific guidance and deadlines.,Start essays,in_app_readiness_surface|dashboard,redis_notification_feed|remote_push|email,profile-readiness:execution-start-essay-workflow-essays-none:288dfec9fe70b8f130d4b269,User has at least one essay draft or prompt selection,,
user_prompt,ready_for_in_app_admin_delivery,385e5344fb0ba928499b14d9,execution-start-essay-workflow-essays-none,execution,start-essay-workflow,essays.none,info,/essays,Start your essay workspace,Essay drafts connect your profile to prompt-specific guidance and deadlines.,Start essays,in_app_readiness_surface|dashboard,redis_notification_feed|remote_push|email,profile-readiness:execution-start-essay-workflow-essays-none:385e5344fb0ba928499b14d9,User has at least one essay draft or prompt selection,,
user_prompt,ready_for_in_app_admin_delivery,21b185bc16be52d77c08ac2c,execution-start-essay-workflow-essays-none,execution,start-essay-workflow,essays.none,info,/essays,Start your essay workspace,Essay drafts connect your profile to prompt-specific guidance and deadlines.,Start essays,in_app_readiness_surface|dashboard,redis_notification_feed|remote_push|email,profile-readiness:execution-start-essay-workflow-essays-none:21b185bc16be52d77c08ac2c,User has at least one essay draft or prompt selection,,
user_prompt,ready_for_in_app_admin_delivery,fad9e50ec597acdb56e97901,execution-start-essay-workflow-essays-none,execution,start-essay-workflow,essays.none,info,/essays,Start your essay workspace,Essay drafts connect your profile to prompt-specific guidance and deadlines.,Start essays,in_app_readiness_surface|dashboard,redis_notification_feed|remote_push|email,profile-readiness:execution-start-essay-workflow-essays-none:fad9e50ec597acdb56e97901,User has at least one essay draft or prompt selection,,
user_prompt,ready_for_in_app_admin_delivery,4d1f395bd00cc2f44c81f8e0,execution-start-essay-workflow-essays-none,execution,start-essay-workflow,essays.none,info,/essays,Start your essay workspace,Essay drafts connect your profile to prompt-specific guidance and deadlines.,Start essays,in_app_readiness_surface|dashboard,redis_notification_feed|remote_push|email,profile-readiness:execution-start-essay-workflow-essays-none:4d1f395bd00cc2f44c81f8e0,User has at least one essay draft or prompt selection,,
user_prompt,ready_for_in_app_admin_delivery,7232f1fa4940f02570578fa4,execution-start-essay-workflow-essays-none,execution,start-essay-workflow,essays.none,info,/essays,Start your essay workspace,Essay drafts connect your profile to prompt-specific guidance and deadlines.,Start essays,in_app_readiness_surface|dashboard,redis_notification_feed|remote_push|email,profile-readiness:execution-start-essay-workflow-essays-none:7232f1fa4940f02570578fa4,User has at least one essay draft or prompt selection,,
user_prompt,ready_for_in_app_admin_delivery,d5668608d88680646b4304d5,execution-start-essay-workflow-essays-none,execution,start-essay-workflow,essays.none,info,/essays,Start your essay workspace,Essay drafts connect your profile to prompt-specific guidance and deadlines.,Start essays,in_app_readiness_surface|dashboard,redis_notification_feed|remote_push|email,profile-readiness:execution-start-essay-workflow-essays-none:d5668608d88680646b4304d5,User has at least one essay draft or prompt selection,,
user_prompt,ready_for_in_app_admin_delivery,eb5f0931db192e04b5bb694f,execution-start-essay-workflow-essays-none,execution,start-essay-workflow,essays.none,info,/essays,Start your essay workspace,Essay drafts connect your profile to prompt-specific guidance and deadlines.,Start essays,in_app_readiness_surface|dashboard,redis_notification_feed|remote_push|email,profile-readiness:execution-start-essay-workflow-essays-none:eb5f0931db192e04b5bb694f,User has at least one essay draft or prompt selection,,
user_prompt,ready_for_in_app_admin_delivery,144044aa210635b68bd3413e,execution-start-essay-workflow-essays-none,execution,start-essay-workflow,essays.none,info,/essays,Start your essay workspace,Essay drafts connect your profile to prompt-specific guidance and deadlines.,Start essays,in_app_readiness_surface|dashboard,redis_notification_feed|remote_push|email,profile-readiness:execution-start-essay-workflow-essays-none:144044aa210635b68bd3413e,User has at least one essay draft or prompt selection,,
user_prompt,ready_for_in_app_admin_delivery,9e7d85fb4bc03da0d6a42f62,execution-start-essay-workflow-essays-none,execution,start-essay-workflow,essays.none,info,/essays,Start your essay workspace,Essay drafts connect your profile to prompt-specific guidance and deadlines.,Start essays,in_app_readiness_surface|dashboard,redis_notification_feed|remote_push|email,profile-readiness:execution-start-essay-workflow-essays-none:9e7d85fb4bc03da0d6a42f62,User has at least one essay draft or prompt selection,,
user_prompt,ready_for_in_app_admin_delivery,5a1258607ca8af1051025180,execution-start-essay-workflow-essays-none,execution,start-essay-workflow,essays.none,info,/essays,Start your essay workspace,Essay drafts connect your profile to prompt-specific guidance and deadlines.,Start essays,in_app_readiness_surface|dashboard,redis_notification_feed|remote_push|email,profile-readiness:execution-start-essay-workflow-essays-none:5a1258607ca8af1051025180,User has at least one essay draft or prompt selection,,
user_prompt,ready_for_in_app_admin_delivery,abaf8c9bde037950385c3f12,execution-start-essay-workflow-essays-none,execution,start-essay-workflow,essays.none,info,/essays,Start your essay workspace,Essay drafts connect your profile to prompt-specific guidance and deadlines.,Start essays,in_app_readiness_surface|dashboard,redis_notification_feed|remote_push|email,profile-readiness:execution-start-essay-workflow-essays-none:abaf8c9bde037950385c3f12,User has at least one essay draft or prompt selection,,
user_prompt,ready_for_in_app_admin_delivery,fa0da822fd523382a860416f,execution-start-essay-workflow-essays-none,execution,start-essay-workflow,essays.none,info,/essays,Start your essay workspace,Essay drafts connect your profile to prompt-specific guidance and deadlines.,Start essays,in_app_readiness_surface|dashboard,redis_notification_feed|remote_push|email,profile-readiness:execution-start-essay-workflow-essays-none:fa0da822fd523382a860416f,User has at least one essay draft or prompt selection,,
user_prompt,ready_for_in_app_admin_delivery,90f1204abd54fafff4b248e3,execution-start-essay-workflow-essays-none,execution,start-essay-workflow,essays.none,info,/essays,Start your essay workspace,Essay drafts connect your profile to prompt-specific guidance and deadlines.,Start essays,in_app_readiness_surface|dashboard,redis_notification_feed|remote_push|email,profile-readiness:execution-start-essay-workflow-essays-none:90f1204abd54fafff4b248e3,User has at least one essay draft or prompt selection,,
user_prompt,ready_for_in_app_admin_delivery,e3ad628c231e661f27d886fd,execution-start-essay-workflow-essays-none,execution,start-essay-workflow,essays.none,info,/essays,Start your essay workspace,Essay drafts connect your profile to prompt-specific guidance and deadlines.,Start essays,in_app_readiness_surface|dashboard,redis_notification_feed|remote_push|email,profile-readiness:execution-start-essay-workflow-essays-none:e3ad628c231e661f27d886fd,User has at least one essay draft or prompt selection,,
user_prompt,ready_for_in_app_admin_delivery,048028fc4ece7871c4c818a1,execution-start-essay-workflow-essays-none,execution,start-essay-workflow,essays.none,info,/essays,Start your essay workspace,Essay drafts connect your profile to prompt-specific guidance and deadlines.,Start essays,in_app_readiness_surface|dashboard,redis_notification_feed|remote_push|email,profile-readiness:execution-start-essay-workflow-essays-none:048028fc4ece7871c4c818a1,User has at least one essay draft or prompt selection,,
user_prompt,ready_for_in_app_admin_delivery,6ce7ad342b357b3b14deb49c,execution-start-essay-workflow-essays-none,execution,start-essay-workflow,essays.none,info,/essays,Start your essay workspace,Essay drafts connect your profile to prompt-specific guidance and deadlines.,Start essays,in_app_readiness_surface|dashboard,redis_notification_feed|remote_push|email,profile-readiness:execution-start-essay-workflow-essays-none:6ce7ad342b357b3b14deb49c,User has at least one essay draft or prompt selection,,
user_prompt,ready_for_in_app_admin_delivery,054d410c714fc4cda4394e8c,execution-start-essay-workflow-essays-none,execution,start-essay-workflow,essays.none,info,/essays,Start your essay workspace,Essay drafts connect your profile to prompt-specific guidance and deadlines.,Start essays,in_app_readiness_surface|dashboard,redis_notification_feed|remote_push|email,profile-readiness:execution-start-essay-workflow-essays-none:054d410c714fc4cda4394e8c,User has at least one essay draft or prompt selection,,
user_prompt,ready_for_in_app_admin_delivery,43f7e141b8b05d5f4b1656ff,execution-start-essay-workflow-essays-none,execution,start-essay-workflow,essays.none,info,/essays,Start your essay workspace,Essay drafts connect your profile to prompt-specific guidance and deadlines.,Start essays,in_app_readiness_surface|dashboard,redis_notification_feed|remote_push|email,profile-readiness:execution-start-essay-workflow-essays-none:43f7e141b8b05d5f4b1656ff,User has at least one essay draft or prompt selection,,
user_prompt,ready_for_in_app_admin_delivery,ee4954e857d17b8eebb7ae31,execution-start-essay-workflow-essays-none,execution,start-essay-workflow,essays.none,info,/essays,Start your essay workspace,Essay drafts connect your profile to prompt-specific guidance and deadlines.,Start essays,in_app_readiness_surface|dashboard,redis_notification_feed|remote_push|email,profile-readiness:execution-start-essay-workflow-essays-none:ee4954e857d17b8eebb7ae31,User has at least one essay draft or prompt selection,,
user_prompt,ready_for_in_app_admin_delivery,9d574d111efc9d97b84d6c15,execution-start-essay-workflow-essays-none,execution,start-essay-workflow,essays.none,info,/essays,Start your essay workspace,Essay drafts connect your profile to prompt-specific guidance and deadlines.,Start essays,in_app_readiness_surface|dashboard,redis_notification_feed|remote_push|email,profile-readiness:execution-start-essay-workflow-essays-none:9d574d111efc9d97b84d6c15,User has at least one essay draft or prompt selection,,
user_prompt,ready_for_in_app_admin_delivery,4abcd46d927f195540b38c5d,execution-start-essay-workflow-essays-none,execution,start-essay-workflow,essays.none,info,/essays,Start your essay workspace,Essay drafts connect your profile to prompt-specific guidance and deadlines.,Start essays,in_app_readiness_surface|dashboard,redis_notification_feed|remote_push|email,profile-readiness:execution-start-essay-workflow-essays-none:4abcd46d927f195540b38c5d,User has at least one essay draft or prompt selection,,
user_prompt,ready_for_in_app_admin_delivery,3b62c93519e3db6dfe2c3efb,execution-start-essay-workflow-essays-none,execution,start-essay-workflow,essays.none,info,/essays,Start your essay workspace,Essay drafts connect your profile to prompt-specific guidance and deadlines.,Start essays,in_app_readiness_surface|dashboard,redis_notification_feed|remote_push|email,profile-readiness:execution-start-essay-workflow-essays-none:3b62c93519e3db6dfe2c3efb,User has at least one essay draft or prompt selection,,
user_prompt,ready_for_in_app_admin_delivery,279b99bc08a2c8d50ec3af36,execution-start-essay-workflow-essays-none,execution,start-essay-workflow,essays.none,info,/essays,Start your essay workspace,Essay drafts connect your profile to prompt-specific guidance and deadlines.,Start essays,in_app_readiness_surface|dashboard,redis_notification_feed|remote_push|email,profile-readiness:execution-start-essay-workflow-essays-none:279b99bc08a2c8d50ec3af36,User has at least one essay draft or prompt selection,,
user_prompt,ready_for_in_app_admin_delivery,74c9ee8d165d193a609087d6,execution-start-essay-workflow-essays-none,execution,start-essay-workflow,essays.none,info,/essays,Start your essay workspace,Essay drafts connect your profile to prompt-specific guidance and deadlines.,Start essays,in_app_readiness_surface|dashboard,redis_notification_feed|remote_push|email,profile-readiness:execution-start-essay-workflow-essays-none:74c9ee8d165d193a609087d6,User has at least one essay draft or prompt selection,,
user_prompt,ready_for_in_app_admin_delivery,b4c465cc257a5e9d36dcd519,execution-start-essay-workflow-essays-none,execution,start-essay-workflow,essays.none,info,/essays,Start your essay workspace,Essay drafts connect your profile to prompt-specific guidance and deadlines.,Start essays,in_app_readiness_surface|dashboard,redis_notification_feed|remote_push|email,profile-readiness:execution-start-essay-workflow-essays-none:b4c465cc257a5e9d36dcd519,User has at least one essay draft or prompt selection,,
user_prompt,ready_for_in_app_admin_delivery,d3f2cb982d857949a81c39b9,execution-start-essay-workflow-essays-none,execution,start-essay-workflow,essays.none,info,/essays,Start your essay workspace,Essay drafts connect your profile to prompt-specific guidance and deadlines.,Start essays,in_app_readiness_surface|dashboard,redis_notification_feed|remote_push|email,profile-readiness:execution-start-essay-workflow-essays-none:d3f2cb982d857949a81c39b9,User has at least one essay draft or prompt selection,,
user_prompt,ready_for_in_app_admin_delivery,4012bad586b0835007dd6107,execution-start-essay-workflow-essays-none,execution,start-essay-workflow,essays.none,info,/essays,Start your essay workspace,Essay drafts connect your profile to prompt-specific guidance and deadlines.,Start essays,in_app_readiness_surface|dashboard,redis_notification_feed|remote_push|email,profile-readiness:execution-start-essay-workflow-essays-none:4012bad586b0835007dd6107,User has at least one essay draft or prompt selection,,
user_prompt,ready_for_in_app_admin_delivery,876000e8b2adb2f3bce6e5e3,execution-start-essay-workflow-essays-none,execution,start-essay-workflow,essays.none,info,/essays,Start your essay workspace,Essay drafts connect your profile to prompt-specific guidance and deadlines.,Start essays,in_app_readiness_surface|dashboard,redis_notification_feed|remote_push|email,profile-readiness:execution-start-essay-workflow-essays-none:876000e8b2adb2f3bce6e5e3,User has at least one essay draft or prompt selection,,
user_prompt,ready_for_in_app_admin_delivery,2d38d89c0d25f77c2503a1af,execution-start-essay-workflow-essays-none,execution,start-essay-workflow,essays.none,info,/essays,Start your essay workspace,Essay drafts connect your profile to prompt-specific guidance and deadlines.,Start essays,in_app_readiness_surface|dashboard,redis_notification_feed|remote_push|email,profile-readiness:execution-start-essay-workflow-essays-none:2d38d89c0d25f77c2503a1af,User has at least one essay draft or prompt selection,,
user_prompt,ready_for_in_app_admin_delivery,6e25deecd13b429aaf14c4a5,execution-start-essay-workflow-essays-none,execution,start-essay-workflow,essays.none,info,/essays,Start your essay workspace,Essay drafts connect your profile to prompt-specific guidance and deadlines.,Start essays,in_app_readiness_surface|dashboard,redis_notification_feed|remote_push|email,profile-readiness:execution-start-essay-workflow-essays-none:6e25deecd13b429aaf14c4a5,User has at least one essay draft or prompt selection,,
user_prompt,ready_for_in_app_admin_delivery,98574f35c5fc1b5a13b34d2d,execution-start-essay-workflow-essays-none,execution,start-essay-workflow,essays.none,info,/essays,Start your essay workspace,Essay drafts connect your profile to prompt-specific guidance and deadlines.,Start essays,in_app_readiness_surface|dashboard,redis_notification_feed|remote_push|email,profile-readiness:execution-start-essay-workflow-essays-none:98574f35c5fc1b5a13b34d2d,User has at least one essay draft or prompt selection,,
user_prompt,ready_for_in_app_admin_delivery,3b0ae29aa3a42546f3a20525,execution-start-essay-workflow-essays-none,execution,start-essay-workflow,essays.none,info,/essays,Start your essay workspace,Essay drafts connect your profile to prompt-specific guidance and deadlines.,Start essays,in_app_readiness_surface|dashboard,redis_notification_feed|remote_push|email,profile-readiness:execution-start-essay-workflow-essays-none:3b0ae29aa3a42546f3a20525,User has at least one essay draft or prompt selection,,
user_prompt,ready_for_in_app_admin_delivery,a00d8f6848b5b8fd53105350,execution-start-essay-workflow-essays-none,execution,start-essay-workflow,essays.none,info,/essays,Start your essay workspace,Essay drafts connect your profile to prompt-specific guidance and deadlines.,Start essays,in_app_readiness_surface|dashboard,redis_notification_feed|remote_push|email,profile-readiness:execution-start-essay-workflow-essays-none:a00d8f6848b5b8fd53105350,User has at least one essay draft or prompt selection,,
user_prompt,ready_for_in_app_admin_delivery,efefd028899c83b572acbaca,execution-start-essay-workflow-essays-none,execution,start-essay-workflow,essays.none,info,/essays,Start your essay workspace,Essay drafts connect your profile to prompt-specific guidance and deadlines.,Start essays,in_app_readiness_surface|dashboard,redis_notification_feed|remote_push|email,profile-readiness:execution-start-essay-workflow-essays-none:efefd028899c83b572acbaca,User has at least one essay draft or prompt selection,,
user_prompt,ready_for_in_app_admin_delivery,e68dd4215f226c8e4e76a5ce,execution-start-essay-workflow-essays-none,execution,start-essay-workflow,essays.none,info,/essays,Start your essay workspace,Essay drafts connect your profile to prompt-specific guidance and deadlines.,Start essays,in_app_readiness_surface|dashboard,redis_notification_feed|remote_push|email,profile-readiness:execution-start-essay-workflow-essays-none:e68dd4215f226c8e4e76a5ce,User has at least one essay draft or prompt selection,,
user_prompt,ready_for_in_app_admin_delivery,81314501c599989cc7264bde,execution-start-essay-workflow-essays-none,execution,start-essay-workflow,essays.none,info,/essays,Start your essay workspace,Essay drafts connect your profile to prompt-specific guidance and deadlines.,Start essays,in_app_readiness_surface|dashboard,redis_notification_feed|remote_push|email,profile-readiness:execution-start-essay-workflow-essays-none:81314501c599989cc7264bde,User has at least one essay draft or prompt selection,,
user_prompt,ready_for_in_app_admin_delivery,671882419679232da0e380f9,execution-start-essay-workflow-essays-none,execution,start-essay-workflow,essays.none,info,/essays,Start your essay workspace,Essay drafts connect your profile to prompt-specific guidance and deadlines.,Start essays,in_app_readiness_surface|dashboard,redis_notification_feed|remote_push|email,profile-readiness:execution-start-essay-workflow-essays-none:671882419679232da0e380f9,User has at least one essay draft or prompt selection,,
user_prompt,ready_for_in_app_admin_delivery,09e472b96a6acc4e3214037f,execution-start-essay-workflow-essays-none,execution,start-essay-workflow,essays.none,info,/essays,Start your essay workspace,Essay drafts connect your profile to prompt-specific guidance and deadlines.,Start essays,in_app_readiness_surface|dashboard,redis_notification_feed|remote_push|email,profile-readiness:execution-start-essay-workflow-essays-none:09e472b96a6acc4e3214037f,User has at least one essay draft or prompt selection,,
user_prompt,ready_for_in_app_admin_delivery,128cf9bdbbd30c4692340893,execution-start-essay-workflow-essays-none,execution,start-essay-workflow,essays.none,info,/essays,Start your essay workspace,Essay drafts connect your profile to prompt-specific guidance and deadlines.,Start essays,in_app_readiness_surface|dashboard,redis_notification_feed|remote_push|email,profile-readiness:execution-start-essay-workflow-essays-none:128cf9bdbbd30c4692340893,User has at least one essay draft or prompt selection,,
user_prompt,ready_for_in_app_admin_delivery,bde3729d50403544ccebff9a,execution-start-essay-workflow-essays-none,execution,start-essay-workflow,essays.none,info,/essays,Start your essay workspace,Essay drafts connect your profile to prompt-specific guidance and deadlines.,Start essays,in_app_readiness_surface|dashboard,redis_notification_feed|remote_push|email,profile-readiness:execution-start-essay-workflow-essays-none:bde3729d50403544ccebff9a,User has at least one essay draft or prompt selection,,
user_prompt,ready_for_in_app_admin_delivery,f75a8ccae118bcd318fc5cd2,execution-start-essay-workflow-essays-none,execution,start-essay-workflow,essays.none,info,/essays,Start your essay workspace,Essay drafts connect your profile to prompt-specific guidance and deadlines.,Start essays,in_app_readiness_surface|dashboard,redis_notification_feed|remote_push|email,profile-readiness:execution-start-essay-workflow-essays-none:f75a8ccae118bcd318fc5cd2,User has at least one essay draft or prompt selection,,
user_prompt,ready_for_in_app_admin_delivery,6216f3543ca1643402cefaaa,execution-start-essay-workflow-essays-none,execution,start-essay-workflow,essays.none,info,/essays,Start your essay workspace,Essay drafts connect your profile to prompt-specific guidance and deadlines.,Start essays,in_app_readiness_surface|dashboard,redis_notification_feed|remote_push|email,profile-readiness:execution-start-essay-workflow-essays-none:6216f3543ca1643402cefaaa,User has at least one essay draft or prompt selection,,
user_prompt,ready_for_in_app_admin_delivery,3c09f7498dcde215688f728f,execution-start-essay-workflow-essays-none,execution,start-essay-workflow,essays.none,info,/essays,Start your essay workspace,Essay drafts connect your profile to prompt-specific guidance and deadlines.,Start essays,in_app_readiness_surface|dashboard,redis_notification_feed|remote_push|email,profile-readiness:execution-start-essay-workflow-essays-none:3c09f7498dcde215688f728f,User has at least one essay draft or prompt selection,,
user_prompt,ready_for_in_app_admin_delivery,5dfb40b1a9bf29962c92c4e0,execution-start-essay-workflow-essays-none,execution,start-essay-workflow,essays.none,info,/essays,Start your essay workspace,Essay drafts connect your profile to prompt-specific guidance and deadlines.,Start essays,in_app_readiness_surface|dashboard,redis_notification_feed|remote_push|email,profile-readiness:execution-start-essay-workflow-essays-none:5dfb40b1a9bf29962c92c4e0,User has at least one essay draft or prompt selection,,
user_prompt,ready_for_in_app_admin_delivery,96e371a4d8ab3bb87e424de2,execution-start-essay-workflow-essays-none,execution,start-essay-workflow,essays.none,info,/essays,Start your essay workspace,Essay drafts connect your profile to prompt-specific guidance and deadlines.,Start essays,in_app_readiness_surface|dashboard,redis_notification_feed|remote_push|email,profile-readiness:execution-start-essay-workflow-essays-none:96e371a4d8ab3bb87e424de2,User has at least one essay draft or prompt selection,,
user_prompt,ready_for_in_app_admin_delivery,8366ac6e15b379c3156f52a3,execution-start-essay-workflow-essays-none,execution,start-essay-workflow,essays.none,info,/essays,Start your essay workspace,Essay drafts connect your profile to prompt-specific guidance and deadlines.,Start essays,in_app_readiness_surface|dashboard,redis_notification_feed|remote_push|email,profile-readiness:execution-start-essay-workflow-essays-none:8366ac6e15b379c3156f52a3,User has at least one essay draft or prompt selection,,
user_prompt,ready_for_in_app_admin_delivery,bc2c5e715fa4b0e0b3781a97,execution-start-essay-workflow-essays-none,execution,start-essay-workflow,essays.none,info,/essays,Start your essay workspace,Essay drafts connect your profile to prompt-specific guidance and deadlines.,Start essays,in_app_readiness_surface|dashboard,redis_notification_feed|remote_push|email,profile-readiness:execution-start-essay-workflow-essays-none:bc2c5e715fa4b0e0b3781a97,User has at least one essay draft or prompt selection,,
user_prompt,ready_for_in_app_admin_delivery,46a752bfbb2e7f744530e13d,execution-start-essay-workflow-essays-none,execution,start-essay-workflow,essays.none,info,/essays,Start your essay workspace,Essay drafts connect your profile to prompt-specific guidance and deadlines.,Start essays,in_app_readiness_surface|dashboard,redis_notification_feed|remote_push|email,profile-readiness:execution-start-essay-workflow-essays-none:46a752bfbb2e7f744530e13d,User has at least one essay draft or prompt selection,,
user_prompt,ready_for_in_app_admin_delivery,9d220a4364c379c59a202cd4,execution-start-essay-workflow-essays-none,execution,start-essay-workflow,essays.none,info,/essays,Start your essay workspace,Essay drafts connect your profile to prompt-specific guidance and deadlines.,Start essays,in_app_readiness_surface|dashboard,redis_notification_feed|remote_push|email,profile-readiness:execution-start-essay-workflow-essays-none:9d220a4364c379c59a202cd4,User has at least one essay draft or prompt selection,,
user_prompt,ready_for_in_app_admin_delivery,f76c2626dd527a485a7371c8,execution-start-essay-workflow-essays-none,execution,start-essay-workflow,essays.none,info,/essays,Start your essay workspace,Essay drafts connect your profile to prompt-specific guidance and deadlines.,Start essays,in_app_readiness_surface|dashboard,redis_notification_feed|remote_push|email,profile-readiness:execution-start-essay-workflow-essays-none:f76c2626dd527a485a7371c8,User has at least one essay draft or prompt selection,,
user_prompt,ready_for_in_app_admin_delivery,7485dc85ce9c7c23100b5076,execution-start-essay-workflow-essays-none,execution,start-essay-workflow,essays.none,info,/essays,Start your essay workspace,Essay drafts connect your profile to prompt-specific guidance and deadlines.,Start essays,in_app_readiness_surface|dashboard,redis_notification_feed|remote_push|email,profile-readiness:execution-start-essay-workflow-essays-none:7485dc85ce9c7c23100b5076,User has at least one essay draft or prompt selection,,
user_prompt,ready_for_in_app_admin_delivery,493455dcf43164fdafd025ab,execution-start-essay-workflow-essays-none,execution,start-essay-workflow,essays.none,info,/essays,Start your essay workspace,Essay drafts connect your profile to prompt-specific guidance and deadlines.,Start essays,in_app_readiness_surface|dashboard,redis_notification_feed|remote_push|email,profile-readiness:execution-start-essay-workflow-essays-none:493455dcf43164fdafd025ab,User has at least one essay draft or prompt selection,,
user_prompt,ready_for_in_app_admin_delivery,d44a6faef26ba1d5222a2e39,execution-start-essay-workflow-essays-none,execution,start-essay-workflow,essays.none,info,/essays,Start your essay workspace,Essay drafts connect your profile to prompt-specific guidance and deadlines.,Start essays,in_app_readiness_surface|dashboard,redis_notification_feed|remote_push|email,profile-readiness:execution-start-essay-workflow-essays-none:d44a6faef26ba1d5222a2e39,User has at least one essay draft or prompt selection,,
user_prompt,ready_for_in_app_admin_delivery,f6cb8463a6bab81fcb529e4f,execution-start-essay-workflow-essays-none,execution,start-essay-workflow,essays.none,info,/essays,Start your essay workspace,Essay drafts connect your profile to prompt-specific guidance and deadlines.,Start essays,in_app_readiness_surface|dashboard,redis_notification_feed|remote_push|email,profile-readiness:execution-start-essay-workflow-essays-none:f6cb8463a6bab81fcb529e4f,User has at least one essay draft or prompt selection,,
user_prompt,ready_for_in_app_admin_delivery,79737e323e376db6095ff50e,execution-start-essay-workflow-essays-none,execution,start-essay-workflow,essays.none,info,/essays,Start your essay workspace,Essay drafts connect your profile to prompt-specific guidance and deadlines.,Start essays,in_app_readiness_surface|dashboard,redis_notification_feed|remote_push|email,profile-readiness:execution-start-essay-workflow-essays-none:79737e323e376db6095ff50e,User has at least one essay draft or prompt selection,,
user_prompt,ready_for_in_app_admin_delivery,7ab816c6f8d5cc286f16139a,execution-start-essay-workflow-essays-none,execution,start-essay-workflow,essays.none,info,/essays,Start your essay workspace,Essay drafts connect your profile to prompt-specific guidance and deadlines.,Start essays,in_app_readiness_surface|dashboard,redis_notification_feed|remote_push|email,profile-readiness:execution-start-essay-workflow-essays-none:7ab816c6f8d5cc286f16139a,User has at least one essay draft or prompt selection,,
user_prompt,ready_for_in_app_admin_delivery,e5c0e17ab64859b74bf6a7ce,execution-start-essay-workflow-essays-none,execution,start-essay-workflow,essays.none,info,/essays,Start your essay workspace,Essay drafts connect your profile to prompt-specific guidance and deadlines.,Start essays,in_app_readiness_surface|dashboard,redis_notification_feed|remote_push|email,profile-readiness:execution-start-essay-workflow-essays-none:e5c0e17ab64859b74bf6a7ce,User has at least one essay draft or prompt selection,,
user_prompt,ready_for_in_app_admin_delivery,499091972c7cb9710f63f1f4,execution-start-essay-workflow-essays-none,execution,start-essay-workflow,essays.none,info,/essays,Start your essay workspace,Essay drafts connect your profile to prompt-specific guidance and deadlines.,Start essays,in_app_readiness_surface|dashboard,redis_notification_feed|remote_push|email,profile-readiness:execution-start-essay-workflow-essays-none:499091972c7cb9710f63f1f4,User has at least one essay draft or prompt selection,,
user_prompt,ready_for_in_app_admin_delivery,ee9a1b7f3b9a5b8ba2b2a3ce,execution-start-essay-workflow-essays-none,execution,start-essay-workflow,essays.none,info,/essays,Start your essay workspace,Essay drafts connect your profile to prompt-specific guidance and deadlines.,Start essays,in_app_readiness_surface|dashboard,redis_notification_feed|remote_push|email,profile-readiness:execution-start-essay-workflow-essays-none:ee9a1b7f3b9a5b8ba2b2a3ce,User has at least one essay draft or prompt selection,,
user_prompt,ready_for_in_app_admin_delivery,594933ae4e120a1f1584356d,execution-start-essay-workflow-essays-none,execution,start-essay-workflow,essays.none,info,/essays,Start your essay workspace,Essay drafts connect your profile to prompt-specific guidance and deadlines.,Start essays,in_app_readiness_surface|dashboard,redis_notification_feed|remote_push|email,profile-readiness:execution-start-essay-workflow-essays-none:594933ae4e120a1f1584356d,User has at least one essay draft or prompt selection,,
user_prompt,ready_for_in_app_admin_delivery,3afd7b8036e5c1e1e5d7c845,execution-start-essay-workflow-essays-none,execution,start-essay-workflow,essays.none,info,/essays,Start your essay workspace,Essay drafts connect your profile to prompt-specific guidance and deadlines.,Start essays,in_app_readiness_surface|dashboard,redis_notification_feed|remote_push|email,profile-readiness:execution-start-essay-workflow-essays-none:3afd7b8036e5c1e1e5d7c845,User has at least one essay draft or prompt selection,,
user_prompt,ready_for_in_app_admin_delivery,d27e08ac8b20959602364ff0,execution-start-essay-workflow-essays-none,execution,start-essay-workflow,essays.none,info,/essays,Start your essay workspace,Essay drafts connect your profile to prompt-specific guidance and deadlines.,Start essays,in_app_readiness_surface|dashboard,redis_notification_feed|remote_push|email,profile-readiness:execution-start-essay-workflow-essays-none:d27e08ac8b20959602364ff0,User has at least one essay draft or prompt selection,,
user_prompt,ready_for_in_app_admin_delivery,250478f9bc807d488188e43a,execution-start-essay-workflow-essays-none,execution,start-essay-workflow,essays.none,info,/essays,Start your essay workspace,Essay drafts connect your profile to prompt-specific guidance and deadlines.,Start essays,in_app_readiness_surface|dashboard,redis_notification_feed|remote_push|email,profile-readiness:execution-start-essay-workflow-essays-none:250478f9bc807d488188e43a,User has at least one essay draft or prompt selection,,
user_prompt,ready_for_in_app_admin_delivery,eeba0a3855a48d924581623c,execution-start-essay-workflow-essays-none,execution,start-essay-workflow,essays.none,info,/essays,Start your essay workspace,Essay drafts connect your profile to prompt-specific guidance and deadlines.,Start essays,in_app_readiness_surface|dashboard,redis_notification_feed|remote_push|email,profile-readiness:execution-start-essay-workflow-essays-none:eeba0a3855a48d924581623c,User has at least one essay draft or prompt selection,,
user_prompt,ready_for_in_app_admin_delivery,e459d2836df1c0cc6c82dceb,execution-start-essay-workflow-essays-none,execution,start-essay-workflow,essays.none,info,/essays,Start your essay workspace,Essay drafts connect your profile to prompt-specific guidance and deadlines.,Start essays,in_app_readiness_surface|dashboard,redis_notification_feed|remote_push|email,profile-readiness:execution-start-essay-workflow-essays-none:e459d2836df1c0cc6c82dceb,User has at least one essay draft or prompt selection,,
user_prompt,ready_for_in_app_admin_delivery,aec864b0bd9e03013c1bd23d,execution-start-essay-workflow-essays-none,execution,start-essay-workflow,essays.none,info,/essays,Start your essay workspace,Essay drafts connect your profile to prompt-specific guidance and deadlines.,Start essays,in_app_readiness_surface|dashboard,redis_notification_feed|remote_push|email,profile-readiness:execution-start-essay-workflow-essays-none:aec864b0bd9e03013c1bd23d,User has at least one essay draft or prompt selection,,
user_prompt,ready_for_in_app_admin_delivery,540754f3060141f2b8358f73,execution-start-essay-workflow-essays-none,execution,start-essay-workflow,essays.none,info,/essays,Start your essay workspace,Essay drafts connect your profile to prompt-specific guidance and deadlines.,Start essays,in_app_readiness_surface|dashboard,redis_notification_feed|remote_push|email,profile-readiness:execution-start-essay-workflow-essays-none:540754f3060141f2b8358f73,User has at least one essay draft or prompt selection,,
user_prompt,ready_for_in_app_admin_delivery,8b9063753df9105b7b12e477,execution-start-essay-workflow-essays-none,execution,start-essay-workflow,essays.none,info,/essays,Start your essay workspace,Essay drafts connect your profile to prompt-specific guidance and deadlines.,Start essays,in_app_readiness_surface|dashboard,redis_notification_feed|remote_push|email,profile-readiness:execution-start-essay-workflow-essays-none:8b9063753df9105b7b12e477,User has at least one essay draft or prompt selection,,
user_prompt,ready_for_in_app_admin_delivery,5364f9b995e1a6efbfa9858f,execution-start-essay-workflow-essays-none,execution,start-essay-workflow,essays.none,info,/essays,Start your essay workspace,Essay drafts connect your profile to prompt-specific guidance and deadlines.,Start essays,in_app_readiness_surface|dashboard,redis_notification_feed|remote_push|email,profile-readiness:execution-start-essay-workflow-essays-none:5364f9b995e1a6efbfa9858f,User has at least one essay draft or prompt selection,,
user_prompt,ready_for_in_app_admin_delivery,9c98541c41c8d2c277251c30,execution-start-essay-workflow-essays-none,execution,start-essay-workflow,essays.none,info,/essays,Start your essay workspace,Essay drafts connect your profile to prompt-specific guidance and deadlines.,Start essays,in_app_readiness_surface|dashboard,redis_notification_feed|remote_push|email,profile-readiness:execution-start-essay-workflow-essays-none:9c98541c41c8d2c277251c30,User has at least one essay draft or prompt selection,,
user_prompt,ready_for_in_app_admin_delivery,92349fe3dedf888ceb1d3ff8,execution-start-essay-workflow-essays-none,execution,start-essay-workflow,essays.none,info,/essays,Start your essay workspace,Essay drafts connect your profile to prompt-specific guidance and deadlines.,Start essays,in_app_readiness_surface|dashboard,redis_notification_feed|remote_push|email,profile-readiness:execution-start-essay-workflow-essays-none:92349fe3dedf888ceb1d3ff8,User has at least one essay draft or prompt selection,,
user_prompt,ready_for_in_app_admin_delivery,f811873eb9c4893968cd0bf6,execution-start-essay-workflow-essays-none,execution,start-essay-workflow,essays.none,info,/essays,Start your essay workspace,Essay drafts connect your profile to prompt-specific guidance and deadlines.,Start essays,in_app_readiness_surface|dashboard,redis_notification_feed|remote_push|email,profile-readiness:execution-start-essay-workflow-essays-none:f811873eb9c4893968cd0bf6,User has at least one essay draft or prompt selection,,
user_prompt,ready_for_in_app_admin_delivery,76428c0bc12e5f8a82059c87,execution-start-essay-workflow-essays-none,execution,start-essay-workflow,essays.none,info,/essays,Start your essay workspace,Essay drafts connect your profile to prompt-specific guidance and deadlines.,Start essays,in_app_readiness_surface|dashboard,redis_notification_feed|remote_push|email,profile-readiness:execution-start-essay-workflow-essays-none:76428c0bc12e5f8a82059c87,User has at least one essay draft or prompt selection,,
user_prompt,ready_for_in_app_admin_delivery,38513449c80d8608d453d1a8,execution-start-essay-workflow-essays-none,execution,start-essay-workflow,essays.none,info,/essays,Start your essay workspace,Essay drafts connect your profile to prompt-specific guidance and deadlines.,Start essays,in_app_readiness_surface|dashboard,redis_notification_feed|remote_push|email,profile-readiness:execution-start-essay-workflow-essays-none:38513449c80d8608d453d1a8,User has at least one essay draft or prompt selection,,
user_prompt,ready_for_in_app_admin_delivery,708ca028a5ed9809c9b06bac,execution-start-essay-workflow-essays-none,execution,start-essay-workflow,essays.none,info,/essays,Start your essay workspace,Essay drafts connect your profile to prompt-specific guidance and deadlines.,Start essays,in_app_readiness_surface|dashboard,redis_notification_feed|remote_push|email,profile-readiness:execution-start-essay-workflow-essays-none:708ca028a5ed9809c9b06bac,User has at least one essay draft or prompt selection,,
user_prompt,ready_for_in_app_admin_delivery,c2a7e031b5c8c4fbb8009d27,execution-start-essay-workflow-essays-none,execution,start-essay-workflow,essays.none,info,/essays,Start your essay workspace,Essay drafts connect your profile to prompt-specific guidance and deadlines.,Start essays,in_app_readiness_surface|dashboard,redis_notification_feed|remote_push|email,profile-readiness:execution-start-essay-workflow-essays-none:c2a7e031b5c8c4fbb8009d27,User has at least one essay draft or prompt selection,,
user_prompt,ready_for_in_app_admin_delivery,0e0218d4eec178ae14d0895a,execution-start-essay-workflow-essays-none,execution,start-essay-workflow,essays.none,info,/essays,Start your essay workspace,Essay drafts connect your profile to prompt-specific guidance and deadlines.,Start essays,in_app_readiness_surface|dashboard,redis_notification_feed|remote_push|email,profile-readiness:execution-start-essay-workflow-essays-none:0e0218d4eec178ae14d0895a,User has at least one essay draft or prompt selection,,
user_prompt,ready_for_in_app_admin_delivery,2d361e3c8b12cd5dc12f9b4c,execution-start-essay-workflow-essays-none,execution,start-essay-workflow,essays.none,info,/essays,Start your essay workspace,Essay drafts connect your profile to prompt-specific guidance and deadlines.,Start essays,in_app_readiness_surface|dashboard,redis_notification_feed|remote_push|email,profile-readiness:execution-start-essay-workflow-essays-none:2d361e3c8b12cd5dc12f9b4c,User has at least one essay draft or prompt selection,,
user_prompt,ready_for_in_app_admin_delivery,289345ad1b8f6120174beca6,execution-start-essay-workflow-essays-none,execution,start-essay-workflow,essays.none,info,/essays,Start your essay workspace,Essay drafts connect your profile to prompt-specific guidance and deadlines.,Start essays,in_app_readiness_surface|dashboard,redis_notification_feed|remote_push|email,profile-readiness:execution-start-essay-workflow-essays-none:289345ad1b8f6120174beca6,User has at least one essay draft or prompt selection,,
user_prompt,ready_for_in_app_admin_delivery,658c551b01997776794f7117,execution-start-essay-workflow-essays-none,execution,start-essay-workflow,essays.none,info,/essays,Start your essay workspace,Essay drafts connect your profile to prompt-specific guidance and deadlines.,Start essays,in_app_readiness_surface|dashboard,redis_notification_feed|remote_push|email,profile-readiness:execution-start-essay-workflow-essays-none:658c551b01997776794f7117,User has at least one essay draft or prompt selection,,
user_prompt,ready_for_in_app_admin_delivery,245f4ae153eb6bf549ffa449,execution-start-essay-workflow-essays-none,execution,start-essay-workflow,essays.none,info,/essays,Start your essay workspace,Essay drafts connect your profile to prompt-specific guidance and deadlines.,Start essays,in_app_readiness_surface|dashboard,redis_notification_feed|remote_push|email,profile-readiness:execution-start-essay-workflow-essays-none:245f4ae153eb6bf549ffa449,User has at least one essay draft or prompt selection,,
user_prompt,ready_for_in_app_admin_delivery,b0bb1e7f7e6c5ca36c495b28,execution-start-essay-workflow-essays-none,execution,start-essay-workflow,essays.none,info,/essays,Start your essay workspace,Essay drafts connect your profile to prompt-specific guidance and deadlines.,Start essays,in_app_readiness_surface|dashboard,redis_notification_feed|remote_push|email,profile-readiness:execution-start-essay-workflow-essays-none:b0bb1e7f7e6c5ca36c495b28,User has at least one essay draft or prompt selection,,
user_prompt,ready_for_in_app_admin_delivery,789fa80ec8187b8e6d87972e,execution-start-essay-workflow-essays-none,execution,start-essay-workflow,essays.none,info,/essays,Start your essay workspace,Essay drafts connect your profile to prompt-specific guidance and deadlines.,Start essays,in_app_readiness_surface|dashboard,redis_notification_feed|remote_push|email,profile-readiness:execution-start-essay-workflow-essays-none:789fa80ec8187b8e6d87972e,User has at least one essay draft or prompt selection,,
user_prompt,ready_for_in_app_admin_delivery,c8789c9b521d45030a2fb844,execution-start-essay-workflow-essays-none,execution,start-essay-workflow,essays.none,info,/essays,Start your essay workspace,Essay drafts connect your profile to prompt-specific guidance and deadlines.,Start essays,in_app_readiness_surface|dashboard,redis_notification_feed|remote_push|email,profile-readiness:execution-start-essay-workflow-essays-none:c8789c9b521d45030a2fb844,User has at least one essay draft or prompt selection,,
user_prompt,ready_for_in_app_admin_delivery,047fbb2b1257b6188c1c338e,execution-start-essay-workflow-essays-none,execution,start-essay-workflow,essays.none,info,/essays,Start your essay workspace,Essay drafts connect your profile to prompt-specific guidance and deadlines.,Start essays,in_app_readiness_surface|dashboard,redis_notification_feed|remote_push|email,profile-readiness:execution-start-essay-workflow-essays-none:047fbb2b1257b6188c1c338e,User has at least one essay draft or prompt selection,,
user_prompt,ready_for_in_app_admin_delivery,9a17753b6f92c305cf1d00e6,execution-start-essay-workflow-essays-none,execution,start-essay-workflow,essays.none,info,/essays,Start your essay workspace,Essay drafts connect your profile to prompt-specific guidance and deadlines.,Start essays,in_app_readiness_surface|dashboard,redis_notification_feed|remote_push|email,profile-readiness:execution-start-essay-workflow-essays-none:9a17753b6f92c305cf1d00e6,User has at least one essay draft or prompt selection,,
user_prompt,ready_for_in_app_admin_delivery,00e1f822258b7e9c7710824d,execution-start-essay-workflow-essays-none,execution,start-essay-workflow,essays.none,info,/essays,Start your essay workspace,Essay drafts connect your profile to prompt-specific guidance and deadlines.,Start essays,in_app_readiness_surface|dashboard,redis_notification_feed|remote_push|email,profile-readiness:execution-start-essay-workflow-essays-none:00e1f822258b7e9c7710824d,User has at least one essay draft or prompt selection,,
user_prompt,ready_for_in_app_admin_delivery,681f630e1598a0f84dfbdad9,execution-start-essay-workflow-essays-none,execution,start-essay-workflow,essays.none,info,/essays,Start your essay workspace,Essay drafts connect your profile to prompt-specific guidance and deadlines.,Start essays,in_app_readiness_surface|dashboard,redis_notification_feed|remote_push|email,profile-readiness:execution-start-essay-workflow-essays-none:681f630e1598a0f84dfbdad9,User has at least one essay draft or prompt selection,,
user_prompt,ready_for_in_app_admin_delivery,3db5a85c977720262ae3558c,execution-start-essay-workflow-essays-none,execution,start-essay-workflow,essays.none,info,/essays,Start your essay workspace,Essay drafts connect your profile to prompt-specific guidance and deadlines.,Start essays,in_app_readiness_surface|dashboard,redis_notification_feed|remote_push|email,profile-readiness:execution-start-essay-workflow-essays-none:3db5a85c977720262ae3558c,User has at least one essay draft or prompt selection,,
user_prompt,ready_for_in_app_admin_delivery,cad09eb9c12777a1903efa82,execution-start-essay-workflow-essays-none,execution,start-essay-workflow,essays.none,info,/essays,Start your essay workspace,Essay drafts connect your profile to prompt-specific guidance and deadlines.,Start essays,in_app_readiness_surface|dashboard,redis_notification_feed|remote_push|email,profile-readiness:execution-start-essay-workflow-essays-none:cad09eb9c12777a1903efa82,User has at least one essay draft or prompt selection,,
user_prompt,ready_for_in_app_admin_delivery,5de8dd131d908be3f8be7a2d,execution-start-essay-workflow-essays-none,execution,start-essay-workflow,essays.none,info,/essays,Start your essay workspace,Essay drafts connect your profile to prompt-specific guidance and deadlines.,Start essays,in_app_readiness_surface|dashboard,redis_notification_feed|remote_push|email,profile-readiness:execution-start-essay-workflow-essays-none:5de8dd131d908be3f8be7a2d,User has at least one essay draft or prompt selection,,
user_prompt,ready_for_in_app_admin_delivery,a59059c654235239f0a6c65f,execution-start-essay-workflow-essays-none,execution,start-essay-workflow,essays.none,info,/essays,Start your essay workspace,Essay drafts connect your profile to prompt-specific guidance and deadlines.,Start essays,in_app_readiness_surface|dashboard,redis_notification_feed|remote_push|email,profile-readiness:execution-start-essay-workflow-essays-none:a59059c654235239f0a6c65f,User has at least one essay draft or prompt selection,,
user_prompt,ready_for_in_app_admin_delivery,a9f610abf63d7843a44ff565,execution-start-essay-workflow-essays-none,execution,start-essay-workflow,essays.none,info,/essays,Start your essay workspace,Essay drafts connect your profile to prompt-specific guidance and deadlines.,Start essays,in_app_readiness_surface|dashboard,redis_notification_feed|remote_push|email,profile-readiness:execution-start-essay-workflow-essays-none:a9f610abf63d7843a44ff565,User has at least one essay draft or prompt selection,,
user_prompt,ready_for_in_app_admin_delivery,938e10d6b09fbb6b6b230e4e,execution-start-essay-workflow-essays-none,execution,start-essay-workflow,essays.none,info,/essays,Start your essay workspace,Essay drafts connect your profile to prompt-specific guidance and deadlines.,Start essays,in_app_readiness_surface|dashboard,redis_notification_feed|remote_push|email,profile-readiness:execution-start-essay-workflow-essays-none:938e10d6b09fbb6b6b230e4e,User has at least one essay draft or prompt selection,,
user_prompt,ready_for_in_app_admin_delivery,a8615f48d9550a80dc5627ea,execution-start-essay-workflow-essays-none,execution,start-essay-workflow,essays.none,info,/essays,Start your essay workspace,Essay drafts connect your profile to prompt-specific guidance and deadlines.,Start essays,in_app_readiness_surface|dashboard,redis_notification_feed|remote_push|email,profile-readiness:execution-start-essay-workflow-essays-none:a8615f48d9550a80dc5627ea,User has at least one essay draft or prompt selection,,
user_prompt,ready_for_in_app_admin_delivery,5fc2b5b85c0ba89f9ac12c27,execution-start-essay-workflow-essays-none,execution,start-essay-workflow,essays.none,info,/essays,Start your essay workspace,Essay drafts connect your profile to prompt-specific guidance and deadlines.,Start essays,in_app_readiness_surface|dashboard,redis_notification_feed|remote_push|email,profile-readiness:execution-start-essay-workflow-essays-none:5fc2b5b85c0ba89f9ac12c27,User has at least one essay draft or prompt selection,,
user_prompt,ready_for_in_app_admin_delivery,23525cc368de8b7e63422191,execution-start-essay-workflow-essays-none,execution,start-essay-workflow,essays.none,info,/essays,Start your essay workspace,Essay drafts connect your profile to prompt-specific guidance and deadlines.,Start essays,in_app_readiness_surface|dashboard,redis_notification_feed|remote_push|email,profile-readiness:execution-start-essay-workflow-essays-none:23525cc368de8b7e63422191,User has at least one essay draft or prompt selection,,
user_prompt,ready_for_in_app_admin_delivery,e9e452388d9c685c51e9a2c9,execution-start-essay-workflow-essays-none,execution,start-essay-workflow,essays.none,info,/essays,Start your essay workspace,Essay drafts connect your profile to prompt-specific guidance and deadlines.,Start essays,in_app_readiness_surface|dashboard,redis_notification_feed|remote_push|email,profile-readiness:execution-start-essay-workflow-essays-none:e9e452388d9c685c51e9a2c9,User has at least one essay draft or prompt selection,,
user_prompt,ready_for_in_app_admin_delivery,6527db866ca438e56f6b6c07,execution-start-essay-workflow-essays-none,execution,start-essay-workflow,essays.none,info,/essays,Start your essay workspace,Essay drafts connect your profile to prompt-specific guidance and deadlines.,Start essays,in_app_readiness_surface|dashboard,redis_notification_feed|remote_push|email,profile-readiness:execution-start-essay-workflow-essays-none:6527db866ca438e56f6b6c07,User has at least one essay draft or prompt selection,,
user_prompt,ready_for_in_app_admin_delivery,a3765184683ddbf1a3263f80,execution-start-essay-workflow-essays-none,execution,start-essay-workflow,essays.none,info,/essays,Start your essay workspace,Essay drafts connect your profile to prompt-specific guidance and deadlines.,Start essays,in_app_readiness_surface|dashboard,redis_notification_feed|remote_push|email,profile-readiness:execution-start-essay-workflow-essays-none:a3765184683ddbf1a3263f80,User has at least one essay draft or prompt selection,,
user_prompt,ready_for_in_app_admin_delivery,0984f97b4c9e411ae688c719,execution-start-essay-workflow-essays-none,execution,start-essay-workflow,essays.none,info,/essays,Start your essay workspace,Essay drafts connect your profile to prompt-specific guidance and deadlines.,Start essays,in_app_readiness_surface|dashboard,redis_notification_feed|remote_push|email,profile-readiness:execution-start-essay-workflow-essays-none:0984f97b4c9e411ae688c719,User has at least one essay draft or prompt selection,,
user_prompt,ready_for_in_app_admin_delivery,d2dfa091194b4b601fd93a2f,execution-start-essay-workflow-essays-none,execution,start-essay-workflow,essays.none,info,/essays,Start your essay workspace,Essay drafts connect your profile to prompt-specific guidance and deadlines.,Start essays,in_app_readiness_surface|dashboard,redis_notification_feed|remote_push|email,profile-readiness:execution-start-essay-workflow-essays-none:d2dfa091194b4b601fd93a2f,User has at least one essay draft or prompt selection,,
user_prompt,ready_for_in_app_admin_delivery,3f67df57cfda6fa11994c000,execution-start-essay-workflow-essays-none,execution,start-essay-workflow,essays.none,info,/essays,Start your essay workspace,Essay drafts connect your profile to prompt-specific guidance and deadlines.,Start essays,in_app_readiness_surface|dashboard,redis_notification_feed|remote_push|email,profile-readiness:execution-start-essay-workflow-essays-none:3f67df57cfda6fa11994c000,User has at least one essay draft or prompt selection,,
user_prompt,ready_for_in_app_admin_delivery,2cdd1d6c37e7b4e60206872e,execution-start-essay-workflow-essays-none,execution,start-essay-workflow,essays.none,info,/essays,Start your essay workspace,Essay drafts connect your profile to prompt-specific guidance and deadlines.,Start essays,in_app_readiness_surface|dashboard,redis_notification_feed|remote_push|email,profile-readiness:execution-start-essay-workflow-essays-none:2cdd1d6c37e7b4e60206872e,User has at least one essay draft or prompt selection,,
user_prompt,ready_for_in_app_admin_delivery,282b8d78bc025cdab396c69a,execution-start-essay-workflow-essays-none,execution,start-essay-workflow,essays.none,info,/essays,Start your essay workspace,Essay drafts connect your profile to prompt-specific guidance and deadlines.,Start essays,in_app_readiness_surface|dashboard,redis_notification_feed|remote_push|email,profile-readiness:execution-start-essay-workflow-essays-none:282b8d78bc025cdab396c69a,User has at least one essay draft or prompt selection,,
user_prompt,ready_for_in_app_admin_delivery,1866a2d45ee8d3a871ad2e71,execution-start-essay-workflow-essays-none,execution,start-essay-workflow,essays.none,info,/essays,Start your essay workspace,Essay drafts connect your profile to prompt-specific guidance and deadlines.,Start essays,in_app_readiness_surface|dashboard,redis_notification_feed|remote_push|email,profile-readiness:execution-start-essay-workflow-essays-none:1866a2d45ee8d3a871ad2e71,User has at least one essay draft or prompt selection,,
user_prompt,ready_for_in_app_admin_delivery,4b7e1334a900ac684d603b62,execution-start-essay-workflow-essays-none,execution,start-essay-workflow,essays.none,info,/essays,Start your essay workspace,Essay drafts connect your profile to prompt-specific guidance and deadlines.,Start essays,in_app_readiness_surface|dashboard,redis_notification_feed|remote_push|email,profile-readiness:execution-start-essay-workflow-essays-none:4b7e1334a900ac684d603b62,User has at least one essay draft or prompt selection,,
user_prompt,ready_for_in_app_admin_delivery,2e6cda3073191443688cd586,execution-start-essay-workflow-essays-none,execution,start-essay-workflow,essays.none,info,/essays,Start your essay workspace,Essay drafts connect your profile to prompt-specific guidance and deadlines.,Start essays,in_app_readiness_surface|dashboard,redis_notification_feed|remote_push|email,profile-readiness:execution-start-essay-workflow-essays-none:2e6cda3073191443688cd586,User has at least one essay draft or prompt selection,,
user_prompt,ready_for_in_app_admin_delivery,36ed3d17c59c821773e09ca1,execution-start-essay-workflow-essays-none,execution,start-essay-workflow,essays.none,info,/essays,Start your essay workspace,Essay drafts connect your profile to prompt-specific guidance and deadlines.,Start essays,in_app_readiness_surface|dashboard,redis_notification_feed|remote_push|email,profile-readiness:execution-start-essay-workflow-essays-none:36ed3d17c59c821773e09ca1,User has at least one essay draft or prompt selection,,
user_prompt,ready_for_in_app_admin_delivery,10f66e162b2a7d95bc50da70,execution-start-essay-workflow-essays-none,execution,start-essay-workflow,essays.none,info,/essays,Start your essay workspace,Essay drafts connect your profile to prompt-specific guidance and deadlines.,Start essays,in_app_readiness_surface|dashboard,redis_notification_feed|remote_push|email,profile-readiness:execution-start-essay-workflow-essays-none:10f66e162b2a7d95bc50da70,User has at least one essay draft or prompt selection,,
user_prompt,ready_for_in_app_admin_delivery,d418c7bf3670b6453a63d813,execution-start-essay-workflow-essays-none,execution,start-essay-workflow,essays.none,info,/essays,Start your essay workspace,Essay drafts connect your profile to prompt-specific guidance and deadlines.,Start essays,in_app_readiness_surface|dashboard,redis_notification_feed|remote_push|email,profile-readiness:execution-start-essay-workflow-essays-none:d418c7bf3670b6453a63d813,User has at least one essay draft or prompt selection,,
user_prompt,ready_for_in_app_admin_delivery,df6d2abb27451f5fa1dc8379,execution-start-essay-workflow-essays-none,execution,start-essay-workflow,essays.none,info,/essays,Start your essay workspace,Essay drafts connect your profile to prompt-specific guidance and deadlines.,Start essays,in_app_readiness_surface|dashboard,redis_notification_feed|remote_push|email,profile-readiness:execution-start-essay-workflow-essays-none:df6d2abb27451f5fa1dc8379,User has at least one essay draft or prompt selection,,
user_prompt,ready_for_in_app_admin_delivery,4c30c695722622a47cc1a82e,execution-start-essay-workflow-essays-none,execution,start-essay-workflow,essays.none,info,/essays,Start your essay workspace,Essay drafts connect your profile to prompt-specific guidance and deadlines.,Start essays,in_app_readiness_surface|dashboard,redis_notification_feed|remote_push|email,profile-readiness:execution-start-essay-workflow-essays-none:4c30c695722622a47cc1a82e,User has at least one essay draft or prompt selection,,
user_prompt,ready_for_in_app_admin_delivery,fabb30faa4f6f41348116c7e,execution-start-essay-workflow-essays-none,execution,start-essay-workflow,essays.none,info,/essays,Start your essay workspace,Essay drafts connect your profile to prompt-specific guidance and deadlines.,Start essays,in_app_readiness_surface|dashboard,redis_notification_feed|remote_push|email,profile-readiness:execution-start-essay-workflow-essays-none:fabb30faa4f6f41348116c7e,User has at least one essay draft or prompt selection,,
user_prompt,ready_for_in_app_admin_delivery,9f540ba4a720667a80bf9f98,execution-start-essay-workflow-essays-none,execution,start-essay-workflow,essays.none,info,/essays,Start your essay workspace,Essay drafts connect your profile to prompt-specific guidance and deadlines.,Start essays,in_app_readiness_surface|dashboard,redis_notification_feed|remote_push|email,profile-readiness:execution-start-essay-workflow-essays-none:9f540ba4a720667a80bf9f98,User has at least one essay draft or prompt selection,,
user_prompt,ready_for_in_app_admin_delivery,a90bde0a302d98c0ecd110eb,execution-start-essay-workflow-essays-none,execution,start-essay-workflow,essays.none,info,/essays,Start your essay workspace,Essay drafts connect your profile to prompt-specific guidance and deadlines.,Start essays,in_app_readiness_surface|dashboard,redis_notification_feed|remote_push|email,profile-readiness:execution-start-essay-workflow-essays-none:a90bde0a302d98c0ecd110eb,User has at least one essay draft or prompt selection,,
user_prompt,ready_for_in_app_admin_delivery,576ad17c7ef49e92e56c56f4,execution-start-essay-workflow-essays-none,execution,start-essay-workflow,essays.none,info,/essays,Start your essay workspace,Essay drafts connect your profile to prompt-specific guidance and deadlines.,Start essays,in_app_readiness_surface|dashboard,redis_notification_feed|remote_push|email,profile-readiness:execution-start-essay-workflow-essays-none:576ad17c7ef49e92e56c56f4,User has at least one essay draft or prompt selection,,
user_prompt,ready_for_in_app_admin_delivery,d0a6c2932159a68b1829944a,execution-start-essay-workflow-essays-none,execution,start-essay-workflow,essays.none,info,/essays,Start your essay workspace,Essay drafts connect your profile to prompt-specific guidance and deadlines.,Start essays,in_app_readiness_surface|dashboard,redis_notification_feed|remote_push|email,profile-readiness:execution-start-essay-workflow-essays-none:d0a6c2932159a68b1829944a,User has at least one essay draft or prompt selection,,
user_prompt,ready_for_in_app_admin_delivery,09b0d988d0b0c1669bd07bb5,execution-start-essay-workflow-essays-none,execution,start-essay-workflow,essays.none,info,/essays,Start your essay workspace,Essay drafts connect your profile to prompt-specific guidance and deadlines.,Start essays,in_app_readiness_surface|dashboard,redis_notification_feed|remote_push|email,profile-readiness:execution-start-essay-workflow-essays-none:09b0d988d0b0c1669bd07bb5,User has at least one essay draft or prompt selection,,
user_prompt,ready_for_in_app_admin_delivery,18bdef37a4018bbe19cbf58b,execution-start-essay-workflow-essays-none,execution,start-essay-workflow,essays.none,info,/essays,Start your essay workspace,Essay drafts connect your profile to prompt-specific guidance and deadlines.,Start essays,in_app_readiness_surface|dashboard,redis_notification_feed|remote_push|email,profile-readiness:execution-start-essay-workflow-essays-none:18bdef37a4018bbe19cbf58b,User has at least one essay draft or prompt selection,,
user_prompt,ready_for_in_app_admin_delivery,6486146070efd5bc9be34f72,execution-start-essay-workflow-essays-none,execution,start-essay-workflow,essays.none,info,/essays,Start your essay workspace,Essay drafts connect your profile to prompt-specific guidance and deadlines.,Start essays,in_app_readiness_surface|dashboard,redis_notification_feed|remote_push|email,profile-readiness:execution-start-essay-workflow-essays-none:6486146070efd5bc9be34f72,User has at least one essay draft or prompt selection,,
user_prompt,ready_for_in_app_admin_delivery,91aded673af60a06a5d6a4f1,execution-start-essay-workflow-essays-none,execution,start-essay-workflow,essays.none,info,/essays,Start your essay workspace,Essay drafts connect your profile to prompt-specific guidance and deadlines.,Start essays,in_app_readiness_surface|dashboard,redis_notification_feed|remote_push|email,profile-readiness:execution-start-essay-workflow-essays-none:91aded673af60a06a5d6a4f1,User has at least one essay draft or prompt selection,,
user_prompt,ready_for_in_app_admin_delivery,0e240658b0ed5ddc5ddac053,execution-start-essay-workflow-essays-none,execution,start-essay-workflow,essays.none,info,/essays,Start your essay workspace,Essay drafts connect your profile to prompt-specific guidance and deadlines.,Start essays,in_app_readiness_surface|dashboard,redis_notification_feed|remote_push|email,profile-readiness:execution-start-essay-workflow-essays-none:0e240658b0ed5ddc5ddac053,User has at least one essay draft or prompt selection,,
user_prompt,ready_for_in_app_admin_delivery,160fbb2e25a95bb3f9eced86,execution-start-essay-workflow-essays-none,execution,start-essay-workflow,essays.none,info,/essays,Start your essay workspace,Essay drafts connect your profile to prompt-specific guidance and deadlines.,Start essays,in_app_readiness_surface|dashboard,redis_notification_feed|remote_push|email,profile-readiness:execution-start-essay-workflow-essays-none:160fbb2e25a95bb3f9eced86,User has at least one essay draft or prompt selection,,
user_prompt,ready_for_in_app_admin_delivery,ddf064cfc49aa62c9d8707cc,execution-start-essay-workflow-essays-none,execution,start-essay-workflow,essays.none,info,/essays,Start your essay workspace,Essay drafts connect your profile to prompt-specific guidance and deadlines.,Start essays,in_app_readiness_surface|dashboard,redis_notification_feed|remote_push|email,profile-readiness:execution-start-essay-workflow-essays-none:ddf064cfc49aa62c9d8707cc,User has at least one essay draft or prompt selection,,
user_prompt,ready_for_in_app_admin_delivery,a790099ccfefc40ce8696476,execution-start-essay-workflow-essays-none,execution,start-essay-workflow,essays.none,info,/essays,Start your essay workspace,Essay drafts connect your profile to prompt-specific guidance and deadlines.,Start essays,in_app_readiness_surface|dashboard,redis_notification_feed|remote_push|email,profile-readiness:execution-start-essay-workflow-essays-none:a790099ccfefc40ce8696476,User has at least one essay draft or prompt selection,,
user_prompt,ready_for_in_app_admin_delivery,e05394e22942d705c03859bd,execution-start-essay-workflow-essays-none,execution,start-essay-workflow,essays.none,info,/essays,Start your essay workspace,Essay drafts connect your profile to prompt-specific guidance and deadlines.,Start essays,in_app_readiness_surface|dashboard,redis_notification_feed|remote_push|email,profile-readiness:execution-start-essay-workflow-essays-none:e05394e22942d705c03859bd,User has at least one essay draft or prompt selection,,
user_prompt,ready_for_in_app_admin_delivery,a995021d6a20228df7f3d2c7,execution-start-essay-workflow-essays-none,execution,start-essay-workflow,essays.none,info,/essays,Start your essay workspace,Essay drafts connect your profile to prompt-specific guidance and deadlines.,Start essays,in_app_readiness_surface|dashboard,redis_notification_feed|remote_push|email,profile-readiness:execution-start-essay-workflow-essays-none:a995021d6a20228df7f3d2c7,User has at least one essay draft or prompt selection,,
user_prompt,ready_for_in_app_admin_delivery,33a18bd87c4167c2d25c8f80,execution-start-essay-workflow-essays-none,execution,start-essay-workflow,essays.none,info,/essays,Start your essay workspace,Essay drafts connect your profile to prompt-specific guidance and deadlines.,Start essays,in_app_readiness_surface|dashboard,redis_notification_feed|remote_push|email,profile-readiness:execution-start-essay-workflow-essays-none:33a18bd87c4167c2d25c8f80,User has at least one essay draft or prompt selection,,
user_prompt,ready_for_in_app_admin_delivery,2000da6ed500774c6aea6a3f,execution-start-essay-workflow-essays-none,execution,start-essay-workflow,essays.none,info,/essays,Start your essay workspace,Essay drafts connect your profile to prompt-specific guidance and deadlines.,Start essays,in_app_readiness_surface|dashboard,redis_notification_feed|remote_push|email,profile-readiness:execution-start-essay-workflow-essays-none:2000da6ed500774c6aea6a3f,User has at least one essay draft or prompt selection,,
user_prompt,ready_for_in_app_admin_delivery,62e20c0d2922ccd5833fc157,execution-start-essay-workflow-essays-none,execution,start-essay-workflow,essays.none,info,/essays,Start your essay workspace,Essay drafts connect your profile to prompt-specific guidance and deadlines.,Start essays,in_app_readiness_surface|dashboard,redis_notification_feed|remote_push|email,profile-readiness:execution-start-essay-workflow-essays-none:62e20c0d2922ccd5833fc157,User has at least one essay draft or prompt selection,,
user_prompt,ready_for_in_app_admin_delivery,7f3e88c6566d0a0a68d15f41,execution-start-essay-workflow-essays-none,execution,start-essay-workflow,essays.none,info,/essays,Start your essay workspace,Essay drafts connect your profile to prompt-specific guidance and deadlines.,Start essays,in_app_readiness_surface|dashboard,redis_notification_feed|remote_push|email,profile-readiness:execution-start-essay-workflow-essays-none:7f3e88c6566d0a0a68d15f41,User has at least one essay draft or prompt selection,,
user_prompt,ready_for_in_app_admin_delivery,3f93bbee58f8299dcd02e13c,execution-start-essay-workflow-essays-none,execution,start-essay-workflow,essays.none,info,/essays,Start your essay workspace,Essay drafts connect your profile to prompt-specific guidance and deadlines.,Start essays,in_app_readiness_surface|dashboard,redis_notification_feed|remote_push|email,profile-readiness:execution-start-essay-workflow-essays-none:3f93bbee58f8299dcd02e13c,User has at least one essay draft or prompt selection,,
user_prompt,ready_for_in_app_admin_delivery,6e0d22223b9fe7404d8768fa,execution-start-essay-workflow-essays-none,execution,start-essay-workflow,essays.none,info,/essays,Start your essay workspace,Essay drafts connect your profile to prompt-specific guidance and deadlines.,Start essays,in_app_readiness_surface|dashboard,redis_notification_feed|remote_push|email,profile-readiness:execution-start-essay-workflow-essays-none:6e0d22223b9fe7404d8768fa,User has at least one essay draft or prompt selection,,
user_prompt,ready_for_in_app_admin_delivery,a2f55545fca8f7f659477f4c,execution-start-essay-workflow-essays-prompt-link-missing,execution,start-essay-workflow,essays.prompt_link_missing,info,/essays,Link essays to prompts,Prompt links keep essay work connected to each school's current requirements.,Review essays,in_app_readiness_surface|dashboard,redis_notification_feed|remote_push|email,profile-readiness:execution-start-essay-workflow-essays-prompt-link-missing:a2f55545fca8f7f659477f4c,Essay drafts are linked to prompt records,,
user_prompt,ready_for_in_app_admin_delivery,d062cc598a74e321a2b06c92,execution-start-essay-workflow-essays-prompt-link-missing,execution,start-essay-workflow,essays.prompt_link_missing,info,/essays,Link essays to prompts,Prompt links keep essay work connected to each school's current requirements.,Review essays,in_app_readiness_surface|dashboard,redis_notification_feed|remote_push|email,profile-readiness:execution-start-essay-workflow-essays-prompt-link-missing:d062cc598a74e321a2b06c92,Essay drafts are linked to prompt records,,
user_prompt,ready_for_in_app_admin_delivery,a8d64fb39c8e61b16d52ba27,execution-start-essay-workflow-essays-prompt-link-missing,execution,start-essay-workflow,essays.prompt_link_missing,info,/essays,Link essays to prompts,Prompt links keep essay work connected to each school's current requirements.,Review essays,in_app_readiness_surface|dashboard,redis_notification_feed|remote_push|email,profile-readiness:execution-start-essay-workflow-essays-prompt-link-missing:a8d64fb39c8e61b16d52ba27,Essay drafts are linked to prompt records,,
user_prompt,ready_for_in_app_admin_delivery,b7c12fd19a1f88e9c26f3161,execution-start-essay-workflow-essays-prompt-link-missing,execution,start-essay-workflow,essays.prompt_link_missing,info,/essays,Link essays to prompts,Prompt links keep essay work connected to each school's current requirements.,Review essays,in_app_readiness_surface|dashboard,redis_notification_feed|remote_push|email,profile-readiness:execution-start-essay-workflow-essays-prompt-link-missing:b7c12fd19a1f88e9c26f3161,Essay drafts are linked to prompt records,,
user_prompt,ready_for_in_app_admin_delivery,062809d29de1fd84fd860c56,execution-start-essay-workflow-essays-prompt-link-missing,execution,start-essay-workflow,essays.prompt_link_missing,info,/essays,Link essays to prompts,Prompt links keep essay work connected to each school's current requirements.,Review essays,in_app_readiness_surface|dashboard,redis_notification_feed|remote_push|email,profile-readiness:execution-start-essay-workflow-essays-prompt-link-missing:062809d29de1fd84fd860c56,Essay drafts are linked to prompt records,,
user_prompt,ready_for_in_app_admin_delivery,802483c05fc63b56d5113074,execution-add-recommendation-letters-recommendation-letters-min-submitted,execution,add-recommendation-letters,recommendation_letters.min_submitted,info,/profile?tab=recommendations,Track recommendation letters,Recommendation status helps application readiness reflect what is still outstanding.,Review letters,in_app_readiness_surface|dashboard,redis_notification_feed|remote_push|email,profile-readiness:execution-add-recommendation-letters-recommendation-letters-min-submitted:802483c05fc63b56d5113074,Recommendation letter count meets readiness threshold,,
user_prompt,ready_for_in_app_admin_delivery,ac0b7ebf3137a6b7af99d582,execution-add-recommendation-letters-recommendation-letters-min-submitted,execution,add-recommendation-letters,recommendation_letters.min_submitted,info,/profile?tab=recommendations,Track recommendation letters,Recommendation status helps application readiness reflect what is still outstanding.,Review letters,in_app_readiness_surface|dashboard,redis_notification_feed|remote_push|email,profile-readiness:execution-add-recommendation-letters-recommendation-letters-min-submitted:ac0b7ebf3137a6b7af99d582,Recommendation letter count meets readiness threshold,,
user_prompt,ready_for_in_app_admin_delivery,035afbe63d4a9d1d9f332693,execution-add-recommendation-letters-recommendation-letters-min-submitted,execution,add-recommendation-letters,recommendation_letters.min_submitted,info,/profile?tab=recommendations,Track recommendation letters,Recommendation status helps application readiness reflect what is still outstanding.,Review letters,in_app_readiness_surface|dashboard,redis_notification_feed|remote_push|email,profile-readiness:execution-add-recommendation-letters-recommendation-letters-min-submitted:035afbe63d4a9d1d9f332693,Recommendation letter count meets readiness threshold,,
user_prompt,ready_for_in_app_admin_delivery,fef3b25574072f4313df5e9c,execution-add-recommendation-letters-recommendation-letters-min-submitted,execution,add-recommendation-letters,recommendation_letters.min_submitted,info,/profile?tab=recommendations,Track recommendation letters,Recommendation status helps application readiness reflect what is still outstanding.,Review letters,in_app_readiness_surface|dashboard,redis_notification_feed|remote_push|email,profile-readiness:execution-add-recommendation-letters-recommendation-letters-min-submitted:fef3b25574072f4313df5e9c,Recommendation letter count meets readiness threshold,,
user_prompt,ready_for_in_app_admin_delivery,4a8a9364139ccecaa6673095,execution-add-recommendation-letters-recommendation-letters-min-submitted,execution,add-recommendation-letters,recommendation_letters.min_submitted,info,/profile?tab=recommendations,Track recommendation letters,Recommendation status helps application readiness reflect what is still outstanding.,Review letters,in_app_readiness_surface|dashboard,redis_notification_feed|remote_push|email,profile-readiness:execution-add-recommendation-letters-recommendation-letters-min-submitted:4a8a9364139ccecaa6673095,Recommendation letter count meets readiness threshold,,
user_prompt,ready_for_in_app_admin_delivery,fdac0aac949da6fd1ae3920c,execution-add-recommendation-letters-recommendation-letters-min-submitted,execution,add-recommendation-letters,recommendation_letters.min_submitted,info,/profile?tab=recommendations,Track recommendation letters,Recommendation status helps application readiness reflect what is still outstanding.,Review letters,in_app_readiness_surface|dashboard,redis_notification_feed|remote_push|email,profile-readiness:execution-add-recommendation-letters-recommendation-letters-min-submitted:fdac0aac949da6fd1ae3920c,Recommendation letter count meets readiness threshold,,
user_prompt,ready_for_in_app_admin_delivery,39277806d696167bec33dacd,execution-add-recommendation-letters-recommendation-letters-min-submitted,execution,add-recommendation-letters,recommendation_letters.min_submitted,info,/profile?tab=recommendations,Track recommendation letters,Recommendation status helps application readiness reflect what is still outstanding.,Review letters,in_app_readiness_surface|dashboard,redis_notification_feed|remote_push|email,profile-readiness:execution-add-recommendation-letters-recommendation-letters-min-submitted:39277806d696167bec33dacd,Recommendation letter count meets readiness threshold,,
user_prompt,ready_for_in_app_admin_delivery,68bda0008706cf69fbe951c5,execution-add-recommendation-letters-recommendation-letters-min-submitted,execution,add-recommendation-letters,recommendation_letters.min_submitted,info,/profile?tab=recommendations,Track recommendation letters,Recommendation status helps application readiness reflect what is still outstanding.,Review letters,in_app_readiness_surface|dashboard,redis_notification_feed|remote_push|email,profile-readiness:execution-add-recommendation-letters-recommendation-letters-min-submitted:68bda0008706cf69fbe951c5,Recommendation letter count meets readiness threshold,,
user_prompt,ready_for_in_app_admin_delivery,f46de3981f1853f4abbd4641,execution-add-recommendation-letters-recommendation-letters-min-submitted,execution,add-recommendation-letters,recommendation_letters.min_submitted,info,/profile?tab=recommendations,Track recommendation letters,Recommendation status helps application readiness reflect what is still outstanding.,Review letters,in_app_readiness_surface|dashboard,redis_notification_feed|remote_push|email,profile-readiness:execution-add-recommendation-letters-recommendation-letters-min-submitted:f46de3981f1853f4abbd4641,Recommendation letter count meets readiness threshold,,
user_prompt,ready_for_in_app_admin_delivery,3dc36e732297447a53963a67,execution-add-recommendation-letters-recommendation-letters-min-submitted,execution,add-recommendation-letters,recommendation_letters.min_submitted,info,/profile?tab=recommendations,Track recommendation letters,Recommendation status helps application readiness reflect what is still outstanding.,Review letters,in_app_readiness_surface|dashboard,redis_notification_feed|remote_push|email,profile-readiness:execution-add-recommendation-letters-recommendation-letters-min-submitted:3dc36e732297447a53963a67,Recommendation letter count meets readiness threshold,,
user_prompt,ready_for_in_app_admin_delivery,3aec115dea1871ad7804c5ee,execution-add-recommendation-letters-recommendation-letters-min-submitted,execution,add-recommendation-letters,recommendation_letters.min_submitted,info,/profile?tab=recommendations,Track recommendation letters,Recommendation status helps application readiness reflect what is still outstanding.,Review letters,in_app_readiness_surface|dashboard,redis_notification_feed|remote_push|email,profile-readiness:execution-add-recommendation-letters-recommendation-letters-min-submitted:3aec115dea1871ad7804c5ee,Recommendation letter count meets readiness threshold,,
user_prompt,ready_for_in_app_admin_delivery,29076cdf73d07afbecb33d1f,execution-add-recommendation-letters-recommendation-letters-min-submitted,execution,add-recommendation-letters,recommendation_letters.min_submitted,info,/profile?tab=recommendations,Track recommendation letters,Recommendation status helps application readiness reflect what is still outstanding.,Review letters,in_app_readiness_surface|dashboard,redis_notification_feed|remote_push|email,profile-readiness:execution-add-recommendation-letters-recommendation-letters-min-submitted:29076cdf73d07afbecb33d1f,Recommendation letter count meets readiness threshold,,
user_prompt,ready_for_in_app_admin_delivery,e6f9022187d9b4ec16d49235,execution-add-recommendation-letters-recommendation-letters-min-submitted,execution,add-recommendation-letters,recommendation_letters.min_submitted,info,/profile?tab=recommendations,Track recommendation letters,Recommendation status helps application readiness reflect what is still outstanding.,Review letters,in_app_readiness_surface|dashboard,redis_notification_feed|remote_push|email,profile-readiness:execution-add-recommendation-letters-recommendation-letters-min-submitted:e6f9022187d9b4ec16d49235,Recommendation letter count meets readiness threshold,,
user_prompt,ready_for_in_app_admin_delivery,e449837a18bd87b77a6ef1e5,execution-add-recommendation-letters-recommendation-letters-min-submitted,execution,add-recommendation-letters,recommendation_letters.min_submitted,info,/profile?tab=recommendations,Track recommendation letters,Recommendation status helps application readiness reflect what is still outstanding.,Review letters,in_app_readiness_surface|dashboard,redis_notification_feed|remote_push|email,profile-readiness:execution-add-recommendation-letters-recommendation-letters-min-submitted:e449837a18bd87b77a6ef1e5,Recommendation letter count meets readiness threshold,,
user_prompt,ready_for_in_app_admin_delivery,fe2afb920f81889354794d13,execution-add-recommendation-letters-recommendation-letters-min-submitted,execution,add-recommendation-letters,recommendation_letters.min_submitted,info,/profile?tab=recommendations,Track recommendation letters,Recommendation status helps application readiness reflect what is still outstanding.,Review letters,in_app_readiness_surface|dashboard,redis_notification_feed|remote_push|email,profile-readiness:execution-add-recommendation-letters-recommendation-letters-min-submitted:fe2afb920f81889354794d13,Recommendation letter count meets readiness threshold,,
user_prompt,ready_for_in_app_admin_delivery,75933046392cb0c42c062611,execution-add-recommendation-letters-recommendation-letters-min-submitted,execution,add-recommendation-letters,recommendation_letters.min_submitted,info,/profile?tab=recommendations,Track recommendation letters,Recommendation status helps application readiness reflect what is still outstanding.,Review letters,in_app_readiness_surface|dashboard,redis_notification_feed|remote_push|email,profile-readiness:execution-add-recommendation-letters-recommendation-letters-min-submitted:75933046392cb0c42c062611,Recommendation letter count meets readiness threshold,,
user_prompt,ready_for_in_app_admin_delivery,745052463f3be2c63514db2f,execution-add-recommendation-letters-recommendation-letters-min-submitted,execution,add-recommendation-letters,recommendation_letters.min_submitted,info,/profile?tab=recommendations,Track recommendation letters,Recommendation status helps application readiness reflect what is still outstanding.,Review letters,in_app_readiness_surface|dashboard,redis_notification_feed|remote_push|email,profile-readiness:execution-add-recommendation-letters-recommendation-letters-min-submitted:745052463f3be2c63514db2f,Recommendation letter count meets readiness threshold,,
user_prompt,ready_for_in_app_admin_delivery,9d0db16bacd8261ed76c2d8f,execution-add-recommendation-letters-recommendation-letters-min-submitted,execution,add-recommendation-letters,recommendation_letters.min_submitted,info,/profile?tab=recommendations,Track recommendation letters,Recommendation status helps application readiness reflect what is still outstanding.,Review letters,in_app_readiness_surface|dashboard,redis_notification_feed|remote_push|email,profile-readiness:execution-add-recommendation-letters-recommendation-letters-min-submitted:9d0db16bacd8261ed76c2d8f,Recommendation letter count meets readiness threshold,,
user_prompt,ready_for_in_app_admin_delivery,2d3538d986b40dbb9773bad5,execution-add-recommendation-letters-recommendation-letters-min-submitted,execution,add-recommendation-letters,recommendation_letters.min_submitted,info,/profile?tab=recommendations,Track recommendation letters,Recommendation status helps application readiness reflect what is still outstanding.,Review letters,in_app_readiness_surface|dashboard,redis_notification_feed|remote_push|email,profile-readiness:execution-add-recommendation-letters-recommendation-letters-min-submitted:2d3538d986b40dbb9773bad5,Recommendation letter count meets readiness threshold,,
user_prompt,ready_for_in_app_admin_delivery,bf039e0c60608f4f87581cc9,execution-add-recommendation-letters-recommendation-letters-min-submitted,execution,add-recommendation-letters,recommendation_letters.min_submitted,info,/profile?tab=recommendations,Track recommendation letters,Recommendation status helps application readiness reflect what is still outstanding.,Review letters,in_app_readiness_surface|dashboard,redis_notification_feed|remote_push|email,profile-readiness:execution-add-recommendation-letters-recommendation-letters-min-submitted:bf039e0c60608f4f87581cc9,Recommendation letter count meets readiness threshold,,
user_prompt,ready_for_in_app_admin_delivery,366320fee296c0f2fc92761e,execution-add-recommendation-letters-recommendation-letters-min-submitted,execution,add-recommendation-letters,recommendation_letters.min_submitted,info,/profile?tab=recommendations,Track recommendation letters,Recommendation status helps application readiness reflect what is still outstanding.,Review letters,in_app_readiness_surface|dashboard,redis_notification_feed|remote_push|email,profile-readiness:execution-add-recommendation-letters-recommendation-letters-min-submitted:366320fee296c0f2fc92761e,Recommendation letter count meets readiness threshold,,
user_prompt,ready_for_in_app_admin_delivery,683b23c8c4fe0d8bc12e5633,execution-add-recommendation-letters-recommendation-letters-min-submitted,execution,add-recommendation-letters,recommendation_letters.min_submitted,info,/profile?tab=recommendations,Track recommendation letters,Recommendation status helps application readiness reflect what is still outstanding.,Review letters,in_app_readiness_surface|dashboard,redis_notification_feed|remote_push|email,profile-readiness:execution-add-recommendation-letters-recommendation-letters-min-submitted:683b23c8c4fe0d8bc12e5633,Recommendation letter count meets readiness threshold,,
user_prompt,ready_for_in_app_admin_delivery,b338f5f9fe85ac763c330af1,execution-add-recommendation-letters-recommendation-letters-min-submitted,execution,add-recommendation-letters,recommendation_letters.min_submitted,info,/profile?tab=recommendations,Track recommendation letters,Recommendation status helps application readiness reflect what is still outstanding.,Review letters,in_app_readiness_surface|dashboard,redis_notification_feed|remote_push|email,profile-readiness:execution-add-recommendation-letters-recommendation-letters-min-submitted:b338f5f9fe85ac763c330af1,Recommendation letter count meets readiness threshold,,
user_prompt,ready_for_in_app_admin_delivery,e5f7d86f6995efe58037c6fb,execution-add-recommendation-letters-recommendation-letters-min-submitted,execution,add-recommendation-letters,recommendation_letters.min_submitted,info,/profile?tab=recommendations,Track recommendation letters,Recommendation status helps application readiness reflect what is still outstanding.,Review letters,in_app_readiness_surface|dashboard,redis_notification_feed|remote_push|email,profile-readiness:execution-add-recommendation-letters-recommendation-letters-min-submitted:e5f7d86f6995efe58037c6fb,Recommendation letter count meets readiness threshold,,
user_prompt,ready_for_in_app_admin_delivery,87a1b361875b527870210e1a,execution-add-recommendation-letters-recommendation-letters-min-submitted,execution,add-recommendation-letters,recommendation_letters.min_submitted,info,/profile?tab=recommendations,Track recommendation letters,Recommendation status helps application readiness reflect what is still outstanding.,Review letters,in_app_readiness_surface|dashboard,redis_notification_feed|remote_push|email,profile-readiness:execution-add-recommendation-letters-recommendation-letters-min-submitted:87a1b361875b527870210e1a,Recommendation letter count meets readiness threshold,,
user_prompt,ready_for_in_app_admin_delivery,1d8c13ffebafff31847d9e97,execution-add-recommendation-letters-recommendation-letters-min-submitted,execution,add-recommendation-letters,recommendation_letters.min_submitted,info,/profile?tab=recommendations,Track recommendation letters,Recommendation status helps application readiness reflect what is still outstanding.,Review letters,in_app_readiness_surface|dashboard,redis_notification_feed|remote_push|email,profile-readiness:execution-add-recommendation-letters-recommendation-letters-min-submitted:1d8c13ffebafff31847d9e97,Recommendation letter count meets readiness threshold,,
user_prompt,ready_for_in_app_admin_delivery,4fdebab56088e041d556c66e,execution-add-recommendation-letters-recommendation-letters-min-submitted,execution,add-recommendation-letters,recommendation_letters.min_submitted,info,/profile?tab=recommendations,Track recommendation letters,Recommendation status helps application readiness reflect what is still outstanding.,Review letters,in_app_readiness_surface|dashboard,redis_notification_feed|remote_push|email,profile-readiness:execution-add-recommendation-letters-recommendation-letters-min-submitted:4fdebab56088e041d556c66e,Recommendation letter count meets readiness threshold,,
user_prompt,ready_for_in_app_admin_delivery,c6a5a94d5d0cb5e5d50b94ca,execution-add-recommendation-letters-recommendation-letters-min-submitted,execution,add-recommendation-letters,recommendation_letters.min_submitted,info,/profile?tab=recommendations,Track recommendation letters,Recommendation status helps application readiness reflect what is still outstanding.,Review letters,in_app_readiness_surface|dashboard,redis_notification_feed|remote_push|email,profile-readiness:execution-add-recommendation-letters-recommendation-letters-min-submitted:c6a5a94d5d0cb5e5d50b94ca,Recommendation letter count meets readiness threshold,,
user_prompt,ready_for_in_app_admin_delivery,d062cc598a74e321a2b06c92,execution-add-recommendation-letters-recommendation-letters-min-submitted,execution,add-recommendation-letters,recommendation_letters.min_submitted,info,/profile?tab=recommendations,Track recommendation letters,Recommendation status helps application readiness reflect what is still outstanding.,Review letters,in_app_readiness_surface|dashboard,redis_notification_feed|remote_push|email,profile-readiness:execution-add-recommendation-letters-recommendation-letters-min-submitted:d062cc598a74e321a2b06c92,Recommendation letter count meets readiness threshold,,
user_prompt,ready_for_in_app_admin_delivery,a8d64fb39c8e61b16d52ba27,execution-add-recommendation-letters-recommendation-letters-min-submitted,execution,add-recommendation-letters,recommendation_letters.min_submitted,info,/profile?tab=recommendations,Track recommendation letters,Recommendation status helps application readiness reflect what is still outstanding.,Review letters,in_app_readiness_surface|dashboard,redis_notification_feed|remote_push|email,profile-readiness:execution-add-recommendation-letters-recommendation-letters-min-submitted:a8d64fb39c8e61b16d52ba27,Recommendation letter count meets readiness threshold,,
user_prompt,ready_for_in_app_admin_delivery,b7c12fd19a1f88e9c26f3161,execution-add-recommendation-letters-recommendation-letters-min-submitted,execution,add-recommendation-letters,recommendation_letters.min_submitted,info,/profile?tab=recommendations,Track recommendation letters,Recommendation status helps application readiness reflect what is still outstanding.,Review letters,in_app_readiness_surface|dashboard,redis_notification_feed|remote_push|email,profile-readiness:execution-add-recommendation-letters-recommendation-letters-min-submitted:b7c12fd19a1f88e9c26f3161,Recommendation letter count meets readiness threshold,,
user_prompt,ready_for_in_app_admin_delivery,dd2e368ddefcbd51a6671fb7,execution-add-recommendation-letters-recommendation-letters-min-submitted,execution,add-recommendation-letters,recommendation_letters.min_submitted,info,/profile?tab=recommendations,Track recommendation letters,Recommendation status helps application readiness reflect what is still outstanding.,Review letters,in_app_readiness_surface|dashboard,redis_notification_feed|remote_push|email,profile-readiness:execution-add-recommendation-letters-recommendation-letters-min-submitted:dd2e368ddefcbd51a6671fb7,Recommendation letter count meets readiness threshold,,
user_prompt,ready_for_in_app_admin_delivery,062809d29de1fd84fd860c56,execution-add-recommendation-letters-recommendation-letters-min-submitted,execution,add-recommendation-letters,recommendation_letters.min_submitted,info,/profile?tab=recommendations,Track recommendation letters,Recommendation status helps application readiness reflect what is still outstanding.,Review letters,in_app_readiness_surface|dashboard,redis_notification_feed|remote_push|email,profile-readiness:execution-add-recommendation-letters-recommendation-letters-min-submitted:062809d29de1fd84fd860c56,Recommendation letter count meets readiness threshold,,
user_prompt,ready_for_in_app_admin_delivery,12621386061ae4d2da4997fd,execution-add-recommendation-letters-recommendation-letters-min-submitted,execution,add-recommendation-letters,recommendation_letters.min_submitted,info,/profile?tab=recommendations,Track recommendation letters,Recommendation status helps application readiness reflect what is still outstanding.,Review letters,in_app_readiness_surface|dashboard,redis_notification_feed|remote_push|email,profile-readiness:execution-add-recommendation-letters-recommendation-letters-min-submitted:12621386061ae4d2da4997fd,Recommendation letter count meets readiness threshold,,
user_prompt,ready_for_in_app_admin_delivery,e30f76775969a451a2b4ae69,execution-add-recommendation-letters-recommendation-letters-min-submitted,execution,add-recommendation-letters,recommendation_letters.min_submitted,info,/profile?tab=recommendations,Track recommendation letters,Recommendation status helps application readiness reflect what is still outstanding.,Review letters,in_app_readiness_surface|dashboard,redis_notification_feed|remote_push|email,profile-readiness:execution-add-recommendation-letters-recommendation-letters-min-submitted:e30f76775969a451a2b4ae69,Recommendation letter count meets readiness threshold,,
user_prompt,ready_for_in_app_admin_delivery,b5f4ee1c6dd44f7f60bcbd32,execution-add-recommendation-letters-recommendation-letters-min-submitted,execution,add-recommendation-letters,recommendation_letters.min_submitted,info,/profile?tab=recommendations,Track recommendation letters,Recommendation status helps application readiness reflect what is still outstanding.,Review letters,in_app_readiness_surface|dashboard,redis_notification_feed|remote_push|email,profile-readiness:execution-add-recommendation-letters-recommendation-letters-min-submitted:b5f4ee1c6dd44f7f60bcbd32,Recommendation letter count meets readiness threshold,,
user_prompt,ready_for_in_app_admin_delivery,626eb5e38882c885cdc64b66,execution-add-recommendation-letters-recommendation-letters-min-submitted,execution,add-recommendation-letters,recommendation_letters.min_submitted,info,/profile?tab=recommendations,Track recommendation letters,Recommendation status helps application readiness reflect what is still outstanding.,Review letters,in_app_readiness_surface|dashboard,redis_notification_feed|remote_push|email,profile-readiness:execution-add-recommendation-letters-recommendation-letters-min-submitted:626eb5e38882c885cdc64b66,Recommendation letter count meets readiness threshold,,
user_prompt,ready_for_in_app_admin_delivery,288dfec9fe70b8f130d4b269,execution-add-recommendation-letters-recommendation-letters-min-submitted,execution,add-recommendation-letters,recommendation_letters.min_submitted,info,/profile?tab=recommendations,Track recommendation letters,Recommendation status helps application readiness reflect what is still outstanding.,Review letters,in_app_readiness_surface|dashboard,redis_notification_feed|remote_push|email,profile-readiness:execution-add-recommendation-letters-recommendation-letters-min-submitted:288dfec9fe70b8f130d4b269,Recommendation letter count meets readiness threshold,,
user_prompt,ready_for_in_app_admin_delivery,385e5344fb0ba928499b14d9,execution-add-recommendation-letters-recommendation-letters-min-submitted,execution,add-recommendation-letters,recommendation_letters.min_submitted,info,/profile?tab=recommendations,Track recommendation letters,Recommendation status helps application readiness reflect what is still outstanding.,Review letters,in_app_readiness_surface|dashboard,redis_notification_feed|remote_push|email,profile-readiness:execution-add-recommendation-letters-recommendation-letters-min-submitted:385e5344fb0ba928499b14d9,Recommendation letter count meets readiness threshold,,
user_prompt,ready_for_in_app_admin_delivery,21b185bc16be52d77c08ac2c,execution-add-recommendation-letters-recommendation-letters-min-submitted,execution,add-recommendation-letters,recommendation_letters.min_submitted,info,/profile?tab=recommendations,Track recommendation letters,Recommendation status helps application readiness reflect what is still outstanding.,Review letters,in_app_readiness_surface|dashboard,redis_notification_feed|remote_push|email,profile-readiness:execution-add-recommendation-letters-recommendation-letters-min-submitted:21b185bc16be52d77c08ac2c,Recommendation letter count meets readiness threshold,,
user_prompt,ready_for_in_app_admin_delivery,fad9e50ec597acdb56e97901,execution-add-recommendation-letters-recommendation-letters-min-submitted,execution,add-recommendation-letters,recommendation_letters.min_submitted,info,/profile?tab=recommendations,Track recommendation letters,Recommendation status helps application readiness reflect what is still outstanding.,Review letters,in_app_readiness_surface|dashboard,redis_notification_feed|remote_push|email,profile-readiness:execution-add-recommendation-letters-recommendation-letters-min-submitted:fad9e50ec597acdb56e97901,Recommendation letter count meets readiness threshold,,
user_prompt,ready_for_in_app_admin_delivery,4d1f395bd00cc2f44c81f8e0,execution-add-recommendation-letters-recommendation-letters-min-submitted,execution,add-recommendation-letters,recommendation_letters.min_submitted,info,/profile?tab=recommendations,Track recommendation letters,Recommendation status helps application readiness reflect what is still outstanding.,Review letters,in_app_readiness_surface|dashboard,redis_notification_feed|remote_push|email,profile-readiness:execution-add-recommendation-letters-recommendation-letters-min-submitted:4d1f395bd00cc2f44c81f8e0,Recommendation letter count meets readiness threshold,,
user_prompt,ready_for_in_app_admin_delivery,7232f1fa4940f02570578fa4,execution-add-recommendation-letters-recommendation-letters-min-submitted,execution,add-recommendation-letters,recommendation_letters.min_submitted,info,/profile?tab=recommendations,Track recommendation letters,Recommendation status helps application readiness reflect what is still outstanding.,Review letters,in_app_readiness_surface|dashboard,redis_notification_feed|remote_push|email,profile-readiness:execution-add-recommendation-letters-recommendation-letters-min-submitted:7232f1fa4940f02570578fa4,Recommendation letter count meets readiness threshold,,
user_prompt,ready_for_in_app_admin_delivery,d5668608d88680646b4304d5,execution-add-recommendation-letters-recommendation-letters-min-submitted,execution,add-recommendation-letters,recommendation_letters.min_submitted,info,/profile?tab=recommendations,Track recommendation letters,Recommendation status helps application readiness reflect what is still outstanding.,Review letters,in_app_readiness_surface|dashboard,redis_notification_feed|remote_push|email,profile-readiness:execution-add-recommendation-letters-recommendation-letters-min-submitted:d5668608d88680646b4304d5,Recommendation letter count meets readiness threshold,,
user_prompt,ready_for_in_app_admin_delivery,eb5f0931db192e04b5bb694f,execution-add-recommendation-letters-recommendation-letters-min-submitted,execution,add-recommendation-letters,recommendation_letters.min_submitted,info,/profile?tab=recommendations,Track recommendation letters,Recommendation status helps application readiness reflect what is still outstanding.,Review letters,in_app_readiness_surface|dashboard,redis_notification_feed|remote_push|email,profile-readiness:execution-add-recommendation-letters-recommendation-letters-min-submitted:eb5f0931db192e04b5bb694f,Recommendation letter count meets readiness threshold,,
user_prompt,ready_for_in_app_admin_delivery,144044aa210635b68bd3413e,execution-add-recommendation-letters-recommendation-letters-min-submitted,execution,add-recommendation-letters,recommendation_letters.min_submitted,info,/profile?tab=recommendations,Track recommendation letters,Recommendation status helps application readiness reflect what is still outstanding.,Review letters,in_app_readiness_surface|dashboard,redis_notification_feed|remote_push|email,profile-readiness:execution-add-recommendation-letters-recommendation-letters-min-submitted:144044aa210635b68bd3413e,Recommendation letter count meets readiness threshold,,
user_prompt,ready_for_in_app_admin_delivery,9e7d85fb4bc03da0d6a42f62,execution-add-recommendation-letters-recommendation-letters-min-submitted,execution,add-recommendation-letters,recommendation_letters.min_submitted,info,/profile?tab=recommendations,Track recommendation letters,Recommendation status helps application readiness reflect what is still outstanding.,Review letters,in_app_readiness_surface|dashboard,redis_notification_feed|remote_push|email,profile-readiness:execution-add-recommendation-letters-recommendation-letters-min-submitted:9e7d85fb4bc03da0d6a42f62,Recommendation letter count meets readiness threshold,,
user_prompt,ready_for_in_app_admin_delivery,5a1258607ca8af1051025180,execution-add-recommendation-letters-recommendation-letters-min-submitted,execution,add-recommendation-letters,recommendation_letters.min_submitted,info,/profile?tab=recommendations,Track recommendation letters,Recommendation status helps application readiness reflect what is still outstanding.,Review letters,in_app_readiness_surface|dashboard,redis_notification_feed|remote_push|email,profile-readiness:execution-add-recommendation-letters-recommendation-letters-min-submitted:5a1258607ca8af1051025180,Recommendation letter count meets readiness threshold,,
user_prompt,ready_for_in_app_admin_delivery,abaf8c9bde037950385c3f12,execution-add-recommendation-letters-recommendation-letters-min-submitted,execution,add-recommendation-letters,recommendation_letters.min_submitted,info,/profile?tab=recommendations,Track recommendation letters,Recommendation status helps application readiness reflect what is still outstanding.,Review letters,in_app_readiness_surface|dashboard,redis_notification_feed|remote_push|email,profile-readiness:execution-add-recommendation-letters-recommendation-letters-min-submitted:abaf8c9bde037950385c3f12,Recommendation letter count meets readiness threshold,,
user_prompt,ready_for_in_app_admin_delivery,fa0da822fd523382a860416f,execution-add-recommendation-letters-recommendation-letters-min-submitted,execution,add-recommendation-letters,recommendation_letters.min_submitted,info,/profile?tab=recommendations,Track recommendation letters,Recommendation status helps application readiness reflect what is still outstanding.,Review letters,in_app_readiness_surface|dashboard,redis_notification_feed|remote_push|email,profile-readiness:execution-add-recommendation-letters-recommendation-letters-min-submitted:fa0da822fd523382a860416f,Recommendation letter count meets readiness threshold,,
user_prompt,ready_for_in_app_admin_delivery,90f1204abd54fafff4b248e3,execution-add-recommendation-letters-recommendation-letters-min-submitted,execution,add-recommendation-letters,recommendation_letters.min_submitted,info,/profile?tab=recommendations,Track recommendation letters,Recommendation status helps application readiness reflect what is still outstanding.,Review letters,in_app_readiness_surface|dashboard,redis_notification_feed|remote_push|email,profile-readiness:execution-add-recommendation-letters-recommendation-letters-min-submitted:90f1204abd54fafff4b248e3,Recommendation letter count meets readiness threshold,,
user_prompt,ready_for_in_app_admin_delivery,e3ad628c231e661f27d886fd,execution-add-recommendation-letters-recommendation-letters-min-submitted,execution,add-recommendation-letters,recommendation_letters.min_submitted,info,/profile?tab=recommendations,Track recommendation letters,Recommendation status helps application readiness reflect what is still outstanding.,Review letters,in_app_readiness_surface|dashboard,redis_notification_feed|remote_push|email,profile-readiness:execution-add-recommendation-letters-recommendation-letters-min-submitted:e3ad628c231e661f27d886fd,Recommendation letter count meets readiness threshold,,
user_prompt,ready_for_in_app_admin_delivery,048028fc4ece7871c4c818a1,execution-add-recommendation-letters-recommendation-letters-min-submitted,execution,add-recommendation-letters,recommendation_letters.min_submitted,info,/profile?tab=recommendations,Track recommendation letters,Recommendation status helps application readiness reflect what is still outstanding.,Review letters,in_app_readiness_surface|dashboard,redis_notification_feed|remote_push|email,profile-readiness:execution-add-recommendation-letters-recommendation-letters-min-submitted:048028fc4ece7871c4c818a1,Recommendation letter count meets readiness threshold,,
user_prompt,ready_for_in_app_admin_delivery,6ce7ad342b357b3b14deb49c,execution-add-recommendation-letters-recommendation-letters-min-submitted,execution,add-recommendation-letters,recommendation_letters.min_submitted,info,/profile?tab=recommendations,Track recommendation letters,Recommendation status helps application readiness reflect what is still outstanding.,Review letters,in_app_readiness_surface|dashboard,redis_notification_feed|remote_push|email,profile-readiness:execution-add-recommendation-letters-recommendation-letters-min-submitted:6ce7ad342b357b3b14deb49c,Recommendation letter count meets readiness threshold,,
user_prompt,ready_for_in_app_admin_delivery,054d410c714fc4cda4394e8c,execution-add-recommendation-letters-recommendation-letters-min-submitted,execution,add-recommendation-letters,recommendation_letters.min_submitted,info,/profile?tab=recommendations,Track recommendation letters,Recommendation status helps application readiness reflect what is still outstanding.,Review letters,in_app_readiness_surface|dashboard,redis_notification_feed|remote_push|email,profile-readiness:execution-add-recommendation-letters-recommendation-letters-min-submitted:054d410c714fc4cda4394e8c,Recommendation letter count meets readiness threshold,,
user_prompt,ready_for_in_app_admin_delivery,43f7e141b8b05d5f4b1656ff,execution-add-recommendation-letters-recommendation-letters-min-submitted,execution,add-recommendation-letters,recommendation_letters.min_submitted,info,/profile?tab=recommendations,Track recommendation letters,Recommendation status helps application readiness reflect what is still outstanding.,Review letters,in_app_readiness_surface|dashboard,redis_notification_feed|remote_push|email,profile-readiness:execution-add-recommendation-letters-recommendation-letters-min-submitted:43f7e141b8b05d5f4b1656ff,Recommendation letter count meets readiness threshold,,
user_prompt,ready_for_in_app_admin_delivery,ee4954e857d17b8eebb7ae31,execution-add-recommendation-letters-recommendation-letters-min-submitted,execution,add-recommendation-letters,recommendation_letters.min_submitted,info,/profile?tab=recommendations,Track recommendation letters,Recommendation status helps application readiness reflect what is still outstanding.,Review letters,in_app_readiness_surface|dashboard,redis_notification_feed|remote_push|email,profile-readiness:execution-add-recommendation-letters-recommendation-letters-min-submitted:ee4954e857d17b8eebb7ae31,Recommendation letter count meets readiness threshold,,
user_prompt,ready_for_in_app_admin_delivery,9d574d111efc9d97b84d6c15,execution-add-recommendation-letters-recommendation-letters-min-submitted,execution,add-recommendation-letters,recommendation_letters.min_submitted,info,/profile?tab=recommendations,Track recommendation letters,Recommendation status helps application readiness reflect what is still outstanding.,Review letters,in_app_readiness_surface|dashboard,redis_notification_feed|remote_push|email,profile-readiness:execution-add-recommendation-letters-recommendation-letters-min-submitted:9d574d111efc9d97b84d6c15,Recommendation letter count meets readiness threshold,,
user_prompt,ready_for_in_app_admin_delivery,4abcd46d927f195540b38c5d,execution-add-recommendation-letters-recommendation-letters-min-submitted,execution,add-recommendation-letters,recommendation_letters.min_submitted,info,/profile?tab=recommendations,Track recommendation letters,Recommendation status helps application readiness reflect what is still outstanding.,Review letters,in_app_readiness_surface|dashboard,redis_notification_feed|remote_push|email,profile-readiness:execution-add-recommendation-letters-recommendation-letters-min-submitted:4abcd46d927f195540b38c5d,Recommendation letter count meets readiness threshold,,
user_prompt,ready_for_in_app_admin_delivery,3b62c93519e3db6dfe2c3efb,execution-add-recommendation-letters-recommendation-letters-min-submitted,execution,add-recommendation-letters,recommendation_letters.min_submitted,info,/profile?tab=recommendations,Track recommendation letters,Recommendation status helps application readiness reflect what is still outstanding.,Review letters,in_app_readiness_surface|dashboard,redis_notification_feed|remote_push|email,profile-readiness:execution-add-recommendation-letters-recommendation-letters-min-submitted:3b62c93519e3db6dfe2c3efb,Recommendation letter count meets readiness threshold,,
user_prompt,ready_for_in_app_admin_delivery,279b99bc08a2c8d50ec3af36,execution-add-recommendation-letters-recommendation-letters-min-submitted,execution,add-recommendation-letters,recommendation_letters.min_submitted,info,/profile?tab=recommendations,Track recommendation letters,Recommendation status helps application readiness reflect what is still outstanding.,Review letters,in_app_readiness_surface|dashboard,redis_notification_feed|remote_push|email,profile-readiness:execution-add-recommendation-letters-recommendation-letters-min-submitted:279b99bc08a2c8d50ec3af36,Recommendation letter count meets readiness threshold,,
user_prompt,ready_for_in_app_admin_delivery,74c9ee8d165d193a609087d6,execution-add-recommendation-letters-recommendation-letters-min-submitted,execution,add-recommendation-letters,recommendation_letters.min_submitted,info,/profile?tab=recommendations,Track recommendation letters,Recommendation status helps application readiness reflect what is still outstanding.,Review letters,in_app_readiness_surface|dashboard,redis_notification_feed|remote_push|email,profile-readiness:execution-add-recommendation-letters-recommendation-letters-min-submitted:74c9ee8d165d193a609087d6,Recommendation letter count meets readiness threshold,,
user_prompt,ready_for_in_app_admin_delivery,b4c465cc257a5e9d36dcd519,execution-add-recommendation-letters-recommendation-letters-min-submitted,execution,add-recommendation-letters,recommendation_letters.min_submitted,info,/profile?tab=recommendations,Track recommendation letters,Recommendation status helps application readiness reflect what is still outstanding.,Review letters,in_app_readiness_surface|dashboard,redis_notification_feed|remote_push|email,profile-readiness:execution-add-recommendation-letters-recommendation-letters-min-submitted:b4c465cc257a5e9d36dcd519,Recommendation letter count meets readiness threshold,,
user_prompt,ready_for_in_app_admin_delivery,d3f2cb982d857949a81c39b9,execution-add-recommendation-letters-recommendation-letters-min-submitted,execution,add-recommendation-letters,recommendation_letters.min_submitted,info,/profile?tab=recommendations,Track recommendation letters,Recommendation status helps application readiness reflect what is still outstanding.,Review letters,in_app_readiness_surface|dashboard,redis_notification_feed|remote_push|email,profile-readiness:execution-add-recommendation-letters-recommendation-letters-min-submitted:d3f2cb982d857949a81c39b9,Recommendation letter count meets readiness threshold,,
user_prompt,ready_for_in_app_admin_delivery,4012bad586b0835007dd6107,execution-add-recommendation-letters-recommendation-letters-min-submitted,execution,add-recommendation-letters,recommendation_letters.min_submitted,info,/profile?tab=recommendations,Track recommendation letters,Recommendation status helps application readiness reflect what is still outstanding.,Review letters,in_app_readiness_surface|dashboard,redis_notification_feed|remote_push|email,profile-readiness:execution-add-recommendation-letters-recommendation-letters-min-submitted:4012bad586b0835007dd6107,Recommendation letter count meets readiness threshold,,
user_prompt,ready_for_in_app_admin_delivery,876000e8b2adb2f3bce6e5e3,execution-add-recommendation-letters-recommendation-letters-min-submitted,execution,add-recommendation-letters,recommendation_letters.min_submitted,info,/profile?tab=recommendations,Track recommendation letters,Recommendation status helps application readiness reflect what is still outstanding.,Review letters,in_app_readiness_surface|dashboard,redis_notification_feed|remote_push|email,profile-readiness:execution-add-recommendation-letters-recommendation-letters-min-submitted:876000e8b2adb2f3bce6e5e3,Recommendation letter count meets readiness threshold,,
user_prompt,ready_for_in_app_admin_delivery,2d38d89c0d25f77c2503a1af,execution-add-recommendation-letters-recommendation-letters-min-submitted,execution,add-recommendation-letters,recommendation_letters.min_submitted,info,/profile?tab=recommendations,Track recommendation letters,Recommendation status helps application readiness reflect what is still outstanding.,Review letters,in_app_readiness_surface|dashboard,redis_notification_feed|remote_push|email,profile-readiness:execution-add-recommendation-letters-recommendation-letters-min-submitted:2d38d89c0d25f77c2503a1af,Recommendation letter count meets readiness threshold,,
user_prompt,ready_for_in_app_admin_delivery,6e25deecd13b429aaf14c4a5,execution-add-recommendation-letters-recommendation-letters-min-submitted,execution,add-recommendation-letters,recommendation_letters.min_submitted,info,/profile?tab=recommendations,Track recommendation letters,Recommendation status helps application readiness reflect what is still outstanding.,Review letters,in_app_readiness_surface|dashboard,redis_notification_feed|remote_push|email,profile-readiness:execution-add-recommendation-letters-recommendation-letters-min-submitted:6e25deecd13b429aaf14c4a5,Recommendation letter count meets readiness threshold,,
user_prompt,ready_for_in_app_admin_delivery,98574f35c5fc1b5a13b34d2d,execution-add-recommendation-letters-recommendation-letters-min-submitted,execution,add-recommendation-letters,recommendation_letters.min_submitted,info,/profile?tab=recommendations,Track recommendation letters,Recommendation status helps application readiness reflect what is still outstanding.,Review letters,in_app_readiness_surface|dashboard,redis_notification_feed|remote_push|email,profile-readiness:execution-add-recommendation-letters-recommendation-letters-min-submitted:98574f35c5fc1b5a13b34d2d,Recommendation letter count meets readiness threshold,,
user_prompt,ready_for_in_app_admin_delivery,3b0ae29aa3a42546f3a20525,execution-add-recommendation-letters-recommendation-letters-min-submitted,execution,add-recommendation-letters,recommendation_letters.min_submitted,info,/profile?tab=recommendations,Track recommendation letters,Recommendation status helps application readiness reflect what is still outstanding.,Review letters,in_app_readiness_surface|dashboard,redis_notification_feed|remote_push|email,profile-readiness:execution-add-recommendation-letters-recommendation-letters-min-submitted:3b0ae29aa3a42546f3a20525,Recommendation letter count meets readiness threshold,,
user_prompt,ready_for_in_app_admin_delivery,a00d8f6848b5b8fd53105350,execution-add-recommendation-letters-recommendation-letters-min-submitted,execution,add-recommendation-letters,recommendation_letters.min_submitted,info,/profile?tab=recommendations,Track recommendation letters,Recommendation status helps application readiness reflect what is still outstanding.,Review letters,in_app_readiness_surface|dashboard,redis_notification_feed|remote_push|email,profile-readiness:execution-add-recommendation-letters-recommendation-letters-min-submitted:a00d8f6848b5b8fd53105350,Recommendation letter count meets readiness threshold,,
user_prompt,ready_for_in_app_admin_delivery,efefd028899c83b572acbaca,execution-add-recommendation-letters-recommendation-letters-min-submitted,execution,add-recommendation-letters,recommendation_letters.min_submitted,info,/profile?tab=recommendations,Track recommendation letters,Recommendation status helps application readiness reflect what is still outstanding.,Review letters,in_app_readiness_surface|dashboard,redis_notification_feed|remote_push|email,profile-readiness:execution-add-recommendation-letters-recommendation-letters-min-submitted:efefd028899c83b572acbaca,Recommendation letter count meets readiness threshold,,
user_prompt,ready_for_in_app_admin_delivery,e68dd4215f226c8e4e76a5ce,execution-add-recommendation-letters-recommendation-letters-min-submitted,execution,add-recommendation-letters,recommendation_letters.min_submitted,info,/profile?tab=recommendations,Track recommendation letters,Recommendation status helps application readiness reflect what is still outstanding.,Review letters,in_app_readiness_surface|dashboard,redis_notification_feed|remote_push|email,profile-readiness:execution-add-recommendation-letters-recommendation-letters-min-submitted:e68dd4215f226c8e4e76a5ce,Recommendation letter count meets readiness threshold,,
user_prompt,ready_for_in_app_admin_delivery,81314501c599989cc7264bde,execution-add-recommendation-letters-recommendation-letters-min-submitted,execution,add-recommendation-letters,recommendation_letters.min_submitted,info,/profile?tab=recommendations,Track recommendation letters,Recommendation status helps application readiness reflect what is still outstanding.,Review letters,in_app_readiness_surface|dashboard,redis_notification_feed|remote_push|email,profile-readiness:execution-add-recommendation-letters-recommendation-letters-min-submitted:81314501c599989cc7264bde,Recommendation letter count meets readiness threshold,,
user_prompt,ready_for_in_app_admin_delivery,671882419679232da0e380f9,execution-add-recommendation-letters-recommendation-letters-min-submitted,execution,add-recommendation-letters,recommendation_letters.min_submitted,info,/profile?tab=recommendations,Track recommendation letters,Recommendation status helps application readiness reflect what is still outstanding.,Review letters,in_app_readiness_surface|dashboard,redis_notification_feed|remote_push|email,profile-readiness:execution-add-recommendation-letters-recommendation-letters-min-submitted:671882419679232da0e380f9,Recommendation letter count meets readiness threshold,,
user_prompt,ready_for_in_app_admin_delivery,09e472b96a6acc4e3214037f,execution-add-recommendation-letters-recommendation-letters-min-submitted,execution,add-recommendation-letters,recommendation_letters.min_submitted,info,/profile?tab=recommendations,Track recommendation letters,Recommendation status helps application readiness reflect what is still outstanding.,Review letters,in_app_readiness_surface|dashboard,redis_notification_feed|remote_push|email,profile-readiness:execution-add-recommendation-letters-recommendation-letters-min-submitted:09e472b96a6acc4e3214037f,Recommendation letter count meets readiness threshold,,
user_prompt,ready_for_in_app_admin_delivery,128cf9bdbbd30c4692340893,execution-add-recommendation-letters-recommendation-letters-min-submitted,execution,add-recommendation-letters,recommendation_letters.min_submitted,info,/profile?tab=recommendations,Track recommendation letters,Recommendation status helps application readiness reflect what is still outstanding.,Review letters,in_app_readiness_surface|dashboard,redis_notification_feed|remote_push|email,profile-readiness:execution-add-recommendation-letters-recommendation-letters-min-submitted:128cf9bdbbd30c4692340893,Recommendation letter count meets readiness threshold,,
user_prompt,ready_for_in_app_admin_delivery,bde3729d50403544ccebff9a,execution-add-recommendation-letters-recommendation-letters-min-submitted,execution,add-recommendation-letters,recommendation_letters.min_submitted,info,/profile?tab=recommendations,Track recommendation letters,Recommendation status helps application readiness reflect what is still outstanding.,Review letters,in_app_readiness_surface|dashboard,redis_notification_feed|remote_push|email,profile-readiness:execution-add-recommendation-letters-recommendation-letters-min-submitted:bde3729d50403544ccebff9a,Recommendation letter count meets readiness threshold,,
user_prompt,ready_for_in_app_admin_delivery,f75a8ccae118bcd318fc5cd2,execution-add-recommendation-letters-recommendation-letters-min-submitted,execution,add-recommendation-letters,recommendation_letters.min_submitted,info,/profile?tab=recommendations,Track recommendation letters,Recommendation status helps application readiness reflect what is still outstanding.,Review letters,in_app_readiness_surface|dashboard,redis_notification_feed|remote_push|email,profile-readiness:execution-add-recommendation-letters-recommendation-letters-min-submitted:f75a8ccae118bcd318fc5cd2,Recommendation letter count meets readiness threshold,,
user_prompt,ready_for_in_app_admin_delivery,6216f3543ca1643402cefaaa,execution-add-recommendation-letters-recommendation-letters-min-submitted,execution,add-recommendation-letters,recommendation_letters.min_submitted,info,/profile?tab=recommendations,Track recommendation letters,Recommendation status helps application readiness reflect what is still outstanding.,Review letters,in_app_readiness_surface|dashboard,redis_notification_feed|remote_push|email,profile-readiness:execution-add-recommendation-letters-recommendation-letters-min-submitted:6216f3543ca1643402cefaaa,Recommendation letter count meets readiness threshold,,
user_prompt,ready_for_in_app_admin_delivery,3c09f7498dcde215688f728f,execution-add-recommendation-letters-recommendation-letters-min-submitted,execution,add-recommendation-letters,recommendation_letters.min_submitted,info,/profile?tab=recommendations,Track recommendation letters,Recommendation status helps application readiness reflect what is still outstanding.,Review letters,in_app_readiness_surface|dashboard,redis_notification_feed|remote_push|email,profile-readiness:execution-add-recommendation-letters-recommendation-letters-min-submitted:3c09f7498dcde215688f728f,Recommendation letter count meets readiness threshold,,
user_prompt,ready_for_in_app_admin_delivery,5dfb40b1a9bf29962c92c4e0,execution-add-recommendation-letters-recommendation-letters-min-submitted,execution,add-recommendation-letters,recommendation_letters.min_submitted,info,/profile?tab=recommendations,Track recommendation letters,Recommendation status helps application readiness reflect what is still outstanding.,Review letters,in_app_readiness_surface|dashboard,redis_notification_feed|remote_push|email,profile-readiness:execution-add-recommendation-letters-recommendation-letters-min-submitted:5dfb40b1a9bf29962c92c4e0,Recommendation letter count meets readiness threshold,,
user_prompt,ready_for_in_app_admin_delivery,96e371a4d8ab3bb87e424de2,execution-add-recommendation-letters-recommendation-letters-min-submitted,execution,add-recommendation-letters,recommendation_letters.min_submitted,info,/profile?tab=recommendations,Track recommendation letters,Recommendation status helps application readiness reflect what is still outstanding.,Review letters,in_app_readiness_surface|dashboard,redis_notification_feed|remote_push|email,profile-readiness:execution-add-recommendation-letters-recommendation-letters-min-submitted:96e371a4d8ab3bb87e424de2,Recommendation letter count meets readiness threshold,,
user_prompt,ready_for_in_app_admin_delivery,8366ac6e15b379c3156f52a3,execution-add-recommendation-letters-recommendation-letters-min-submitted,execution,add-recommendation-letters,recommendation_letters.min_submitted,info,/profile?tab=recommendations,Track recommendation letters,Recommendation status helps application readiness reflect what is still outstanding.,Review letters,in_app_readiness_surface|dashboard,redis_notification_feed|remote_push|email,profile-readiness:execution-add-recommendation-letters-recommendation-letters-min-submitted:8366ac6e15b379c3156f52a3,Recommendation letter count meets readiness threshold,,
user_prompt,ready_for_in_app_admin_delivery,bc2c5e715fa4b0e0b3781a97,execution-add-recommendation-letters-recommendation-letters-min-submitted,execution,add-recommendation-letters,recommendation_letters.min_submitted,info,/profile?tab=recommendations,Track recommendation letters,Recommendation status helps application readiness reflect what is still outstanding.,Review letters,in_app_readiness_surface|dashboard,redis_notification_feed|remote_push|email,profile-readiness:execution-add-recommendation-letters-recommendation-letters-min-submitted:bc2c5e715fa4b0e0b3781a97,Recommendation letter count meets readiness threshold,,
user_prompt,ready_for_in_app_admin_delivery,46a752bfbb2e7f744530e13d,execution-add-recommendation-letters-recommendation-letters-min-submitted,execution,add-recommendation-letters,recommendation_letters.min_submitted,info,/profile?tab=recommendations,Track recommendation letters,Recommendation status helps application readiness reflect what is still outstanding.,Review letters,in_app_readiness_surface|dashboard,redis_notification_feed|remote_push|email,profile-readiness:execution-add-recommendation-letters-recommendation-letters-min-submitted:46a752bfbb2e7f744530e13d,Recommendation letter count meets readiness threshold,,
user_prompt,ready_for_in_app_admin_delivery,9d220a4364c379c59a202cd4,execution-add-recommendation-letters-recommendation-letters-min-submitted,execution,add-recommendation-letters,recommendation_letters.min_submitted,info,/profile?tab=recommendations,Track recommendation letters,Recommendation status helps application readiness reflect what is still outstanding.,Review letters,in_app_readiness_surface|dashboard,redis_notification_feed|remote_push|email,profile-readiness:execution-add-recommendation-letters-recommendation-letters-min-submitted:9d220a4364c379c59a202cd4,Recommendation letter count meets readiness threshold,,
user_prompt,ready_for_in_app_admin_delivery,f76c2626dd527a485a7371c8,execution-add-recommendation-letters-recommendation-letters-min-submitted,execution,add-recommendation-letters,recommendation_letters.min_submitted,info,/profile?tab=recommendations,Track recommendation letters,Recommendation status helps application readiness reflect what is still outstanding.,Review letters,in_app_readiness_surface|dashboard,redis_notification_feed|remote_push|email,profile-readiness:execution-add-recommendation-letters-recommendation-letters-min-submitted:f76c2626dd527a485a7371c8,Recommendation letter count meets readiness threshold,,
user_prompt,ready_for_in_app_admin_delivery,7485dc85ce9c7c23100b5076,execution-add-recommendation-letters-recommendation-letters-min-submitted,execution,add-recommendation-letters,recommendation_letters.min_submitted,info,/profile?tab=recommendations,Track recommendation letters,Recommendation status helps application readiness reflect what is still outstanding.,Review letters,in_app_readiness_surface|dashboard,redis_notification_feed|remote_push|email,profile-readiness:execution-add-recommendation-letters-recommendation-letters-min-submitted:7485dc85ce9c7c23100b5076,Recommendation letter count meets readiness threshold,,
user_prompt,ready_for_in_app_admin_delivery,493455dcf43164fdafd025ab,execution-add-recommendation-letters-recommendation-letters-min-submitted,execution,add-recommendation-letters,recommendation_letters.min_submitted,info,/profile?tab=recommendations,Track recommendation letters,Recommendation status helps application readiness reflect what is still outstanding.,Review letters,in_app_readiness_surface|dashboard,redis_notification_feed|remote_push|email,profile-readiness:execution-add-recommendation-letters-recommendation-letters-min-submitted:493455dcf43164fdafd025ab,Recommendation letter count meets readiness threshold,,
user_prompt,ready_for_in_app_admin_delivery,d44a6faef26ba1d5222a2e39,execution-add-recommendation-letters-recommendation-letters-min-submitted,execution,add-recommendation-letters,recommendation_letters.min_submitted,info,/profile?tab=recommendations,Track recommendation letters,Recommendation status helps application readiness reflect what is still outstanding.,Review letters,in_app_readiness_surface|dashboard,redis_notification_feed|remote_push|email,profile-readiness:execution-add-recommendation-letters-recommendation-letters-min-submitted:d44a6faef26ba1d5222a2e39,Recommendation letter count meets readiness threshold,,
user_prompt,ready_for_in_app_admin_delivery,f6cb8463a6bab81fcb529e4f,execution-add-recommendation-letters-recommendation-letters-min-submitted,execution,add-recommendation-letters,recommendation_letters.min_submitted,info,/profile?tab=recommendations,Track recommendation letters,Recommendation status helps application readiness reflect what is still outstanding.,Review letters,in_app_readiness_surface|dashboard,redis_notification_feed|remote_push|email,profile-readiness:execution-add-recommendation-letters-recommendation-letters-min-submitted:f6cb8463a6bab81fcb529e4f,Recommendation letter count meets readiness threshold,,
user_prompt,ready_for_in_app_admin_delivery,79737e323e376db6095ff50e,execution-add-recommendation-letters-recommendation-letters-min-submitted,execution,add-recommendation-letters,recommendation_letters.min_submitted,info,/profile?tab=recommendations,Track recommendation letters,Recommendation status helps application readiness reflect what is still outstanding.,Review letters,in_app_readiness_surface|dashboard,redis_notification_feed|remote_push|email,profile-readiness:execution-add-recommendation-letters-recommendation-letters-min-submitted:79737e323e376db6095ff50e,Recommendation letter count meets readiness threshold,,
user_prompt,ready_for_in_app_admin_delivery,7ab816c6f8d5cc286f16139a,execution-add-recommendation-letters-recommendation-letters-min-submitted,execution,add-recommendation-letters,recommendation_letters.min_submitted,info,/profile?tab=recommendations,Track recommendation letters,Recommendation status helps application readiness reflect what is still outstanding.,Review letters,in_app_readiness_surface|dashboard,redis_notification_feed|remote_push|email,profile-readiness:execution-add-recommendation-letters-recommendation-letters-min-submitted:7ab816c6f8d5cc286f16139a,Recommendation letter count meets readiness threshold,,
user_prompt,ready_for_in_app_admin_delivery,e5c0e17ab64859b74bf6a7ce,execution-add-recommendation-letters-recommendation-letters-min-submitted,execution,add-recommendation-letters,recommendation_letters.min_submitted,info,/profile?tab=recommendations,Track recommendation letters,Recommendation status helps application readiness reflect what is still outstanding.,Review letters,in_app_readiness_surface|dashboard,redis_notification_feed|remote_push|email,profile-readiness:execution-add-recommendation-letters-recommendation-letters-min-submitted:e5c0e17ab64859b74bf6a7ce,Recommendation letter count meets readiness threshold,,
user_prompt,ready_for_in_app_admin_delivery,499091972c7cb9710f63f1f4,execution-add-recommendation-letters-recommendation-letters-min-submitted,execution,add-recommendation-letters,recommendation_letters.min_submitted,info,/profile?tab=recommendations,Track recommendation letters,Recommendation status helps application readiness reflect what is still outstanding.,Review letters,in_app_readiness_surface|dashboard,redis_notification_feed|remote_push|email,profile-readiness:execution-add-recommendation-letters-recommendation-letters-min-submitted:499091972c7cb9710f63f1f4,Recommendation letter count meets readiness threshold,,
user_prompt,ready_for_in_app_admin_delivery,ee9a1b7f3b9a5b8ba2b2a3ce,execution-add-recommendation-letters-recommendation-letters-min-submitted,execution,add-recommendation-letters,recommendation_letters.min_submitted,info,/profile?tab=recommendations,Track recommendation letters,Recommendation status helps application readiness reflect what is still outstanding.,Review letters,in_app_readiness_surface|dashboard,redis_notification_feed|remote_push|email,profile-readiness:execution-add-recommendation-letters-recommendation-letters-min-submitted:ee9a1b7f3b9a5b8ba2b2a3ce,Recommendation letter count meets readiness threshold,,
user_prompt,ready_for_in_app_admin_delivery,594933ae4e120a1f1584356d,execution-add-recommendation-letters-recommendation-letters-min-submitted,execution,add-recommendation-letters,recommendation_letters.min_submitted,info,/profile?tab=recommendations,Track recommendation letters,Recommendation status helps application readiness reflect what is still outstanding.,Review letters,in_app_readiness_surface|dashboard,redis_notification_feed|remote_push|email,profile-readiness:execution-add-recommendation-letters-recommendation-letters-min-submitted:594933ae4e120a1f1584356d,Recommendation letter count meets readiness threshold,,
user_prompt,ready_for_in_app_admin_delivery,3afd7b8036e5c1e1e5d7c845,execution-add-recommendation-letters-recommendation-letters-min-submitted,execution,add-recommendation-letters,recommendation_letters.min_submitted,info,/profile?tab=recommendations,Track recommendation letters,Recommendation status helps application readiness reflect what is still outstanding.,Review letters,in_app_readiness_surface|dashboard,redis_notification_feed|remote_push|email,profile-readiness:execution-add-recommendation-letters-recommendation-letters-min-submitted:3afd7b8036e5c1e1e5d7c845,Recommendation letter count meets readiness threshold,,
user_prompt,ready_for_in_app_admin_delivery,d27e08ac8b20959602364ff0,execution-add-recommendation-letters-recommendation-letters-min-submitted,execution,add-recommendation-letters,recommendation_letters.min_submitted,info,/profile?tab=recommendations,Track recommendation letters,Recommendation status helps application readiness reflect what is still outstanding.,Review letters,in_app_readiness_surface|dashboard,redis_notification_feed|remote_push|email,profile-readiness:execution-add-recommendation-letters-recommendation-letters-min-submitted:d27e08ac8b20959602364ff0,Recommendation letter count meets readiness threshold,,
user_prompt,ready_for_in_app_admin_delivery,250478f9bc807d488188e43a,execution-add-recommendation-letters-recommendation-letters-min-submitted,execution,add-recommendation-letters,recommendation_letters.min_submitted,info,/profile?tab=recommendations,Track recommendation letters,Recommendation status helps application readiness reflect what is still outstanding.,Review letters,in_app_readiness_surface|dashboard,redis_notification_feed|remote_push|email,profile-readiness:execution-add-recommendation-letters-recommendation-letters-min-submitted:250478f9bc807d488188e43a,Recommendation letter count meets readiness threshold,,
user_prompt,ready_for_in_app_admin_delivery,eeba0a3855a48d924581623c,execution-add-recommendation-letters-recommendation-letters-min-submitted,execution,add-recommendation-letters,recommendation_letters.min_submitted,info,/profile?tab=recommendations,Track recommendation letters,Recommendation status helps application readiness reflect what is still outstanding.,Review letters,in_app_readiness_surface|dashboard,redis_notification_feed|remote_push|email,profile-readiness:execution-add-recommendation-letters-recommendation-letters-min-submitted:eeba0a3855a48d924581623c,Recommendation letter count meets readiness threshold,,
user_prompt,ready_for_in_app_admin_delivery,e459d2836df1c0cc6c82dceb,execution-add-recommendation-letters-recommendation-letters-min-submitted,execution,add-recommendation-letters,recommendation_letters.min_submitted,info,/profile?tab=recommendations,Track recommendation letters,Recommendation status helps application readiness reflect what is still outstanding.,Review letters,in_app_readiness_surface|dashboard,redis_notification_feed|remote_push|email,profile-readiness:execution-add-recommendation-letters-recommendation-letters-min-submitted:e459d2836df1c0cc6c82dceb,Recommendation letter count meets readiness threshold,,
user_prompt,ready_for_in_app_admin_delivery,aec864b0bd9e03013c1bd23d,execution-add-recommendation-letters-recommendation-letters-min-submitted,execution,add-recommendation-letters,recommendation_letters.min_submitted,info,/profile?tab=recommendations,Track recommendation letters,Recommendation status helps application readiness reflect what is still outstanding.,Review letters,in_app_readiness_surface|dashboard,redis_notification_feed|remote_push|email,profile-readiness:execution-add-recommendation-letters-recommendation-letters-min-submitted:aec864b0bd9e03013c1bd23d,Recommendation letter count meets readiness threshold,,
user_prompt,ready_for_in_app_admin_delivery,540754f3060141f2b8358f73,execution-add-recommendation-letters-recommendation-letters-min-submitted,execution,add-recommendation-letters,recommendation_letters.min_submitted,info,/profile?tab=recommendations,Track recommendation letters,Recommendation status helps application readiness reflect what is still outstanding.,Review letters,in_app_readiness_surface|dashboard,redis_notification_feed|remote_push|email,profile-readiness:execution-add-recommendation-letters-recommendation-letters-min-submitted:540754f3060141f2b8358f73,Recommendation letter count meets readiness threshold,,
user_prompt,ready_for_in_app_admin_delivery,8b9063753df9105b7b12e477,execution-add-recommendation-letters-recommendation-letters-min-submitted,execution,add-recommendation-letters,recommendation_letters.min_submitted,info,/profile?tab=recommendations,Track recommendation letters,Recommendation status helps application readiness reflect what is still outstanding.,Review letters,in_app_readiness_surface|dashboard,redis_notification_feed|remote_push|email,profile-readiness:execution-add-recommendation-letters-recommendation-letters-min-submitted:8b9063753df9105b7b12e477,Recommendation letter count meets readiness threshold,,
user_prompt,ready_for_in_app_admin_delivery,5364f9b995e1a6efbfa9858f,execution-add-recommendation-letters-recommendation-letters-min-submitted,execution,add-recommendation-letters,recommendation_letters.min_submitted,info,/profile?tab=recommendations,Track recommendation letters,Recommendation status helps application readiness reflect what is still outstanding.,Review letters,in_app_readiness_surface|dashboard,redis_notification_feed|remote_push|email,profile-readiness:execution-add-recommendation-letters-recommendation-letters-min-submitted:5364f9b995e1a6efbfa9858f,Recommendation letter count meets readiness threshold,,
user_prompt,ready_for_in_app_admin_delivery,9c98541c41c8d2c277251c30,execution-add-recommendation-letters-recommendation-letters-min-submitted,execution,add-recommendation-letters,recommendation_letters.min_submitted,info,/profile?tab=recommendations,Track recommendation letters,Recommendation status helps application readiness reflect what is still outstanding.,Review letters,in_app_readiness_surface|dashboard,redis_notification_feed|remote_push|email,profile-readiness:execution-add-recommendation-letters-recommendation-letters-min-submitted:9c98541c41c8d2c277251c30,Recommendation letter count meets readiness threshold,,
user_prompt,ready_for_in_app_admin_delivery,92349fe3dedf888ceb1d3ff8,execution-add-recommendation-letters-recommendation-letters-min-submitted,execution,add-recommendation-letters,recommendation_letters.min_submitted,info,/profile?tab=recommendations,Track recommendation letters,Recommendation status helps application readiness reflect what is still outstanding.,Review letters,in_app_readiness_surface|dashboard,redis_notification_feed|remote_push|email,profile-readiness:execution-add-recommendation-letters-recommendation-letters-min-submitted:92349fe3dedf888ceb1d3ff8,Recommendation letter count meets readiness threshold,,
user_prompt,ready_for_in_app_admin_delivery,f811873eb9c4893968cd0bf6,execution-add-recommendation-letters-recommendation-letters-min-submitted,execution,add-recommendation-letters,recommendation_letters.min_submitted,info,/profile?tab=recommendations,Track recommendation letters,Recommendation status helps application readiness reflect what is still outstanding.,Review letters,in_app_readiness_surface|dashboard,redis_notification_feed|remote_push|email,profile-readiness:execution-add-recommendation-letters-recommendation-letters-min-submitted:f811873eb9c4893968cd0bf6,Recommendation letter count meets readiness threshold,,
user_prompt,ready_for_in_app_admin_delivery,76428c0bc12e5f8a82059c87,execution-add-recommendation-letters-recommendation-letters-min-submitted,execution,add-recommendation-letters,recommendation_letters.min_submitted,info,/profile?tab=recommendations,Track recommendation letters,Recommendation status helps application readiness reflect what is still outstanding.,Review letters,in_app_readiness_surface|dashboard,redis_notification_feed|remote_push|email,profile-readiness:execution-add-recommendation-letters-recommendation-letters-min-submitted:76428c0bc12e5f8a82059c87,Recommendation letter count meets readiness threshold,,
user_prompt,ready_for_in_app_admin_delivery,38513449c80d8608d453d1a8,execution-add-recommendation-letters-recommendation-letters-min-submitted,execution,add-recommendation-letters,recommendation_letters.min_submitted,info,/profile?tab=recommendations,Track recommendation letters,Recommendation status helps application readiness reflect what is still outstanding.,Review letters,in_app_readiness_surface|dashboard,redis_notification_feed|remote_push|email,profile-readiness:execution-add-recommendation-letters-recommendation-letters-min-submitted:38513449c80d8608d453d1a8,Recommendation letter count meets readiness threshold,,
user_prompt,ready_for_in_app_admin_delivery,708ca028a5ed9809c9b06bac,execution-add-recommendation-letters-recommendation-letters-min-submitted,execution,add-recommendation-letters,recommendation_letters.min_submitted,info,/profile?tab=recommendations,Track recommendation letters,Recommendation status helps application readiness reflect what is still outstanding.,Review letters,in_app_readiness_surface|dashboard,redis_notification_feed|remote_push|email,profile-readiness:execution-add-recommendation-letters-recommendation-letters-min-submitted:708ca028a5ed9809c9b06bac,Recommendation letter count meets readiness threshold,,
user_prompt,ready_for_in_app_admin_delivery,c2a7e031b5c8c4fbb8009d27,execution-add-recommendation-letters-recommendation-letters-min-submitted,execution,add-recommendation-letters,recommendation_letters.min_submitted,info,/profile?tab=recommendations,Track recommendation letters,Recommendation status helps application readiness reflect what is still outstanding.,Review letters,in_app_readiness_surface|dashboard,redis_notification_feed|remote_push|email,profile-readiness:execution-add-recommendation-letters-recommendation-letters-min-submitted:c2a7e031b5c8c4fbb8009d27,Recommendation letter count meets readiness threshold,,
user_prompt,ready_for_in_app_admin_delivery,0e0218d4eec178ae14d0895a,execution-add-recommendation-letters-recommendation-letters-min-submitted,execution,add-recommendation-letters,recommendation_letters.min_submitted,info,/profile?tab=recommendations,Track recommendation letters,Recommendation status helps application readiness reflect what is still outstanding.,Review letters,in_app_readiness_surface|dashboard,redis_notification_feed|remote_push|email,profile-readiness:execution-add-recommendation-letters-recommendation-letters-min-submitted:0e0218d4eec178ae14d0895a,Recommendation letter count meets readiness threshold,,
user_prompt,ready_for_in_app_admin_delivery,2d361e3c8b12cd5dc12f9b4c,execution-add-recommendation-letters-recommendation-letters-min-submitted,execution,add-recommendation-letters,recommendation_letters.min_submitted,info,/profile?tab=recommendations,Track recommendation letters,Recommendation status helps application readiness reflect what is still outstanding.,Review letters,in_app_readiness_surface|dashboard,redis_notification_feed|remote_push|email,profile-readiness:execution-add-recommendation-letters-recommendation-letters-min-submitted:2d361e3c8b12cd5dc12f9b4c,Recommendation letter count meets readiness threshold,,
user_prompt,ready_for_in_app_admin_delivery,289345ad1b8f6120174beca6,execution-add-recommendation-letters-recommendation-letters-min-submitted,execution,add-recommendation-letters,recommendation_letters.min_submitted,info,/profile?tab=recommendations,Track recommendation letters,Recommendation status helps application readiness reflect what is still outstanding.,Review letters,in_app_readiness_surface|dashboard,redis_notification_feed|remote_push|email,profile-readiness:execution-add-recommendation-letters-recommendation-letters-min-submitted:289345ad1b8f6120174beca6,Recommendation letter count meets readiness threshold,,
user_prompt,ready_for_in_app_admin_delivery,658c551b01997776794f7117,execution-add-recommendation-letters-recommendation-letters-min-submitted,execution,add-recommendation-letters,recommendation_letters.min_submitted,info,/profile?tab=recommendations,Track recommendation letters,Recommendation status helps application readiness reflect what is still outstanding.,Review letters,in_app_readiness_surface|dashboard,redis_notification_feed|remote_push|email,profile-readiness:execution-add-recommendation-letters-recommendation-letters-min-submitted:658c551b01997776794f7117,Recommendation letter count meets readiness threshold,,
user_prompt,ready_for_in_app_admin_delivery,245f4ae153eb6bf549ffa449,execution-add-recommendation-letters-recommendation-letters-min-submitted,execution,add-recommendation-letters,recommendation_letters.min_submitted,info,/profile?tab=recommendations,Track recommendation letters,Recommendation status helps application readiness reflect what is still outstanding.,Review letters,in_app_readiness_surface|dashboard,redis_notification_feed|remote_push|email,profile-readiness:execution-add-recommendation-letters-recommendation-letters-min-submitted:245f4ae153eb6bf549ffa449,Recommendation letter count meets readiness threshold,,
user_prompt,ready_for_in_app_admin_delivery,b0bb1e7f7e6c5ca36c495b28,execution-add-recommendation-letters-recommendation-letters-min-submitted,execution,add-recommendation-letters,recommendation_letters.min_submitted,info,/profile?tab=recommendations,Track recommendation letters,Recommendation status helps application readiness reflect what is still outstanding.,Review letters,in_app_readiness_surface|dashboard,redis_notification_feed|remote_push|email,profile-readiness:execution-add-recommendation-letters-recommendation-letters-min-submitted:b0bb1e7f7e6c5ca36c495b28,Recommendation letter count meets readiness threshold,,
user_prompt,ready_for_in_app_admin_delivery,789fa80ec8187b8e6d87972e,execution-add-recommendation-letters-recommendation-letters-min-submitted,execution,add-recommendation-letters,recommendation_letters.min_submitted,info,/profile?tab=recommendations,Track recommendation letters,Recommendation status helps application readiness reflect what is still outstanding.,Review letters,in_app_readiness_surface|dashboard,redis_notification_feed|remote_push|email,profile-readiness:execution-add-recommendation-letters-recommendation-letters-min-submitted:789fa80ec8187b8e6d87972e,Recommendation letter count meets readiness threshold,,
user_prompt,ready_for_in_app_admin_delivery,c8789c9b521d45030a2fb844,execution-add-recommendation-letters-recommendation-letters-min-submitted,execution,add-recommendation-letters,recommendation_letters.min_submitted,info,/profile?tab=recommendations,Track recommendation letters,Recommendation status helps application readiness reflect what is still outstanding.,Review letters,in_app_readiness_surface|dashboard,redis_notification_feed|remote_push|email,profile-readiness:execution-add-recommendation-letters-recommendation-letters-min-submitted:c8789c9b521d45030a2fb844,Recommendation letter count meets readiness threshold,,
user_prompt,ready_for_in_app_admin_delivery,047fbb2b1257b6188c1c338e,execution-add-recommendation-letters-recommendation-letters-min-submitted,execution,add-recommendation-letters,recommendation_letters.min_submitted,info,/profile?tab=recommendations,Track recommendation letters,Recommendation status helps application readiness reflect what is still outstanding.,Review letters,in_app_readiness_surface|dashboard,redis_notification_feed|remote_push|email,profile-readiness:execution-add-recommendation-letters-recommendation-letters-min-submitted:047fbb2b1257b6188c1c338e,Recommendation letter count meets readiness threshold,,
user_prompt,ready_for_in_app_admin_delivery,9a17753b6f92c305cf1d00e6,execution-add-recommendation-letters-recommendation-letters-min-submitted,execution,add-recommendation-letters,recommendation_letters.min_submitted,info,/profile?tab=recommendations,Track recommendation letters,Recommendation status helps application readiness reflect what is still outstanding.,Review letters,in_app_readiness_surface|dashboard,redis_notification_feed|remote_push|email,profile-readiness:execution-add-recommendation-letters-recommendation-letters-min-submitted:9a17753b6f92c305cf1d00e6,Recommendation letter count meets readiness threshold,,
user_prompt,ready_for_in_app_admin_delivery,00e1f822258b7e9c7710824d,execution-add-recommendation-letters-recommendation-letters-min-submitted,execution,add-recommendation-letters,recommendation_letters.min_submitted,info,/profile?tab=recommendations,Track recommendation letters,Recommendation status helps application readiness reflect what is still outstanding.,Review letters,in_app_readiness_surface|dashboard,redis_notification_feed|remote_push|email,profile-readiness:execution-add-recommendation-letters-recommendation-letters-min-submitted:00e1f822258b7e9c7710824d,Recommendation letter count meets readiness threshold,,
user_prompt,ready_for_in_app_admin_delivery,681f630e1598a0f84dfbdad9,execution-add-recommendation-letters-recommendation-letters-min-submitted,execution,add-recommendation-letters,recommendation_letters.min_submitted,info,/profile?tab=recommendations,Track recommendation letters,Recommendation status helps application readiness reflect what is still outstanding.,Review letters,in_app_readiness_surface|dashboard,redis_notification_feed|remote_push|email,profile-readiness:execution-add-recommendation-letters-recommendation-letters-min-submitted:681f630e1598a0f84dfbdad9,Recommendation letter count meets readiness threshold,,
user_prompt,ready_for_in_app_admin_delivery,3db5a85c977720262ae3558c,execution-add-recommendation-letters-recommendation-letters-min-submitted,execution,add-recommendation-letters,recommendation_letters.min_submitted,info,/profile?tab=recommendations,Track recommendation letters,Recommendation status helps application readiness reflect what is still outstanding.,Review letters,in_app_readiness_surface|dashboard,redis_notification_feed|remote_push|email,profile-readiness:execution-add-recommendation-letters-recommendation-letters-min-submitted:3db5a85c977720262ae3558c,Recommendation letter count meets readiness threshold,,
user_prompt,ready_for_in_app_admin_delivery,cad09eb9c12777a1903efa82,execution-add-recommendation-letters-recommendation-letters-min-submitted,execution,add-recommendation-letters,recommendation_letters.min_submitted,info,/profile?tab=recommendations,Track recommendation letters,Recommendation status helps application readiness reflect what is still outstanding.,Review letters,in_app_readiness_surface|dashboard,redis_notification_feed|remote_push|email,profile-readiness:execution-add-recommendation-letters-recommendation-letters-min-submitted:cad09eb9c12777a1903efa82,Recommendation letter count meets readiness threshold,,
user_prompt,ready_for_in_app_admin_delivery,5de8dd131d908be3f8be7a2d,execution-add-recommendation-letters-recommendation-letters-min-submitted,execution,add-recommendation-letters,recommendation_letters.min_submitted,info,/profile?tab=recommendations,Track recommendation letters,Recommendation status helps application readiness reflect what is still outstanding.,Review letters,in_app_readiness_surface|dashboard,redis_notification_feed|remote_push|email,profile-readiness:execution-add-recommendation-letters-recommendation-letters-min-submitted:5de8dd131d908be3f8be7a2d,Recommendation letter count meets readiness threshold,,
user_prompt,ready_for_in_app_admin_delivery,a59059c654235239f0a6c65f,execution-add-recommendation-letters-recommendation-letters-min-submitted,execution,add-recommendation-letters,recommendation_letters.min_submitted,info,/profile?tab=recommendations,Track recommendation letters,Recommendation status helps application readiness reflect what is still outstanding.,Review letters,in_app_readiness_surface|dashboard,redis_notification_feed|remote_push|email,profile-readiness:execution-add-recommendation-letters-recommendation-letters-min-submitted:a59059c654235239f0a6c65f,Recommendation letter count meets readiness threshold,,
user_prompt,ready_for_in_app_admin_delivery,a9f610abf63d7843a44ff565,execution-add-recommendation-letters-recommendation-letters-min-submitted,execution,add-recommendation-letters,recommendation_letters.min_submitted,info,/profile?tab=recommendations,Track recommendation letters,Recommendation status helps application readiness reflect what is still outstanding.,Review letters,in_app_readiness_surface|dashboard,redis_notification_feed|remote_push|email,profile-readiness:execution-add-recommendation-letters-recommendation-letters-min-submitted:a9f610abf63d7843a44ff565,Recommendation letter count meets readiness threshold,,
user_prompt,ready_for_in_app_admin_delivery,938e10d6b09fbb6b6b230e4e,execution-add-recommendation-letters-recommendation-letters-min-submitted,execution,add-recommendation-letters,recommendation_letters.min_submitted,info,/profile?tab=recommendations,Track recommendation letters,Recommendation status helps application readiness reflect what is still outstanding.,Review letters,in_app_readiness_surface|dashboard,redis_notification_feed|remote_push|email,profile-readiness:execution-add-recommendation-letters-recommendation-letters-min-submitted:938e10d6b09fbb6b6b230e4e,Recommendation letter count meets readiness threshold,,
user_prompt,ready_for_in_app_admin_delivery,a8615f48d9550a80dc5627ea,execution-add-recommendation-letters-recommendation-letters-min-submitted,execution,add-recommendation-letters,recommendation_letters.min_submitted,info,/profile?tab=recommendations,Track recommendation letters,Recommendation status helps application readiness reflect what is still outstanding.,Review letters,in_app_readiness_surface|dashboard,redis_notification_feed|remote_push|email,profile-readiness:execution-add-recommendation-letters-recommendation-letters-min-submitted:a8615f48d9550a80dc5627ea,Recommendation letter count meets readiness threshold,,
user_prompt,ready_for_in_app_admin_delivery,5fc2b5b85c0ba89f9ac12c27,execution-add-recommendation-letters-recommendation-letters-min-submitted,execution,add-recommendation-letters,recommendation_letters.min_submitted,info,/profile?tab=recommendations,Track recommendation letters,Recommendation status helps application readiness reflect what is still outstanding.,Review letters,in_app_readiness_surface|dashboard,redis_notification_feed|remote_push|email,profile-readiness:execution-add-recommendation-letters-recommendation-letters-min-submitted:5fc2b5b85c0ba89f9ac12c27,Recommendation letter count meets readiness threshold,,
user_prompt,ready_for_in_app_admin_delivery,23525cc368de8b7e63422191,execution-add-recommendation-letters-recommendation-letters-min-submitted,execution,add-recommendation-letters,recommendation_letters.min_submitted,info,/profile?tab=recommendations,Track recommendation letters,Recommendation status helps application readiness reflect what is still outstanding.,Review letters,in_app_readiness_surface|dashboard,redis_notification_feed|remote_push|email,profile-readiness:execution-add-recommendation-letters-recommendation-letters-min-submitted:23525cc368de8b7e63422191,Recommendation letter count meets readiness threshold,,
user_prompt,ready_for_in_app_admin_delivery,e9e452388d9c685c51e9a2c9,execution-add-recommendation-letters-recommendation-letters-min-submitted,execution,add-recommendation-letters,recommendation_letters.min_submitted,info,/profile?tab=recommendations,Track recommendation letters,Recommendation status helps application readiness reflect what is still outstanding.,Review letters,in_app_readiness_surface|dashboard,redis_notification_feed|remote_push|email,profile-readiness:execution-add-recommendation-letters-recommendation-letters-min-submitted:e9e452388d9c685c51e9a2c9,Recommendation letter count meets readiness threshold,,
user_prompt,ready_for_in_app_admin_delivery,6527db866ca438e56f6b6c07,execution-add-recommendation-letters-recommendation-letters-min-submitted,execution,add-recommendation-letters,recommendation_letters.min_submitted,info,/profile?tab=recommendations,Track recommendation letters,Recommendation status helps application readiness reflect what is still outstanding.,Review letters,in_app_readiness_surface|dashboard,redis_notification_feed|remote_push|email,profile-readiness:execution-add-recommendation-letters-recommendation-letters-min-submitted:6527db866ca438e56f6b6c07,Recommendation letter count meets readiness threshold,,
user_prompt,ready_for_in_app_admin_delivery,a3765184683ddbf1a3263f80,execution-add-recommendation-letters-recommendation-letters-min-submitted,execution,add-recommendation-letters,recommendation_letters.min_submitted,info,/profile?tab=recommendations,Track recommendation letters,Recommendation status helps application readiness reflect what is still outstanding.,Review letters,in_app_readiness_surface|dashboard,redis_notification_feed|remote_push|email,profile-readiness:execution-add-recommendation-letters-recommendation-letters-min-submitted:a3765184683ddbf1a3263f80,Recommendation letter count meets readiness threshold,,
user_prompt,ready_for_in_app_admin_delivery,0984f97b4c9e411ae688c719,execution-add-recommendation-letters-recommendation-letters-min-submitted,execution,add-recommendation-letters,recommendation_letters.min_submitted,info,/profile?tab=recommendations,Track recommendation letters,Recommendation status helps application readiness reflect what is still outstanding.,Review letters,in_app_readiness_surface|dashboard,redis_notification_feed|remote_push|email,profile-readiness:execution-add-recommendation-letters-recommendation-letters-min-submitted:0984f97b4c9e411ae688c719,Recommendation letter count meets readiness threshold,,
user_prompt,ready_for_in_app_admin_delivery,d2dfa091194b4b601fd93a2f,execution-add-recommendation-letters-recommendation-letters-min-submitted,execution,add-recommendation-letters,recommendation_letters.min_submitted,info,/profile?tab=recommendations,Track recommendation letters,Recommendation status helps application readiness reflect what is still outstanding.,Review letters,in_app_readiness_surface|dashboard,redis_notification_feed|remote_push|email,profile-readiness:execution-add-recommendation-letters-recommendation-letters-min-submitted:d2dfa091194b4b601fd93a2f,Recommendation letter count meets readiness threshold,,
user_prompt,ready_for_in_app_admin_delivery,3f67df57cfda6fa11994c000,execution-add-recommendation-letters-recommendation-letters-min-submitted,execution,add-recommendation-letters,recommendation_letters.min_submitted,info,/profile?tab=recommendations,Track recommendation letters,Recommendation status helps application readiness reflect what is still outstanding.,Review letters,in_app_readiness_surface|dashboard,redis_notification_feed|remote_push|email,profile-readiness:execution-add-recommendation-letters-recommendation-letters-min-submitted:3f67df57cfda6fa11994c000,Recommendation letter count meets readiness threshold,,
user_prompt,ready_for_in_app_admin_delivery,2cdd1d6c37e7b4e60206872e,execution-add-recommendation-letters-recommendation-letters-min-submitted,execution,add-recommendation-letters,recommendation_letters.min_submitted,info,/profile?tab=recommendations,Track recommendation letters,Recommendation status helps application readiness reflect what is still outstanding.,Review letters,in_app_readiness_surface|dashboard,redis_notification_feed|remote_push|email,profile-readiness:execution-add-recommendation-letters-recommendation-letters-min-submitted:2cdd1d6c37e7b4e60206872e,Recommendation letter count meets readiness threshold,,
user_prompt,ready_for_in_app_admin_delivery,282b8d78bc025cdab396c69a,execution-add-recommendation-letters-recommendation-letters-min-submitted,execution,add-recommendation-letters,recommendation_letters.min_submitted,info,/profile?tab=recommendations,Track recommendation letters,Recommendation status helps application readiness reflect what is still outstanding.,Review letters,in_app_readiness_surface|dashboard,redis_notification_feed|remote_push|email,profile-readiness:execution-add-recommendation-letters-recommendation-letters-min-submitted:282b8d78bc025cdab396c69a,Recommendation letter count meets readiness threshold,,
user_prompt,ready_for_in_app_admin_delivery,1866a2d45ee8d3a871ad2e71,execution-add-recommendation-letters-recommendation-letters-min-submitted,execution,add-recommendation-letters,recommendation_letters.min_submitted,info,/profile?tab=recommendations,Track recommendation letters,Recommendation status helps application readiness reflect what is still outstanding.,Review letters,in_app_readiness_surface|dashboard,redis_notification_feed|remote_push|email,profile-readiness:execution-add-recommendation-letters-recommendation-letters-min-submitted:1866a2d45ee8d3a871ad2e71,Recommendation letter count meets readiness threshold,,
user_prompt,ready_for_in_app_admin_delivery,4b7e1334a900ac684d603b62,execution-add-recommendation-letters-recommendation-letters-min-submitted,execution,add-recommendation-letters,recommendation_letters.min_submitted,info,/profile?tab=recommendations,Track recommendation letters,Recommendation status helps application readiness reflect what is still outstanding.,Review letters,in_app_readiness_surface|dashboard,redis_notification_feed|remote_push|email,profile-readiness:execution-add-recommendation-letters-recommendation-letters-min-submitted:4b7e1334a900ac684d603b62,Recommendation letter count meets readiness threshold,,
user_prompt,ready_for_in_app_admin_delivery,2e6cda3073191443688cd586,execution-add-recommendation-letters-recommendation-letters-min-submitted,execution,add-recommendation-letters,recommendation_letters.min_submitted,info,/profile?tab=recommendations,Track recommendation letters,Recommendation status helps application readiness reflect what is still outstanding.,Review letters,in_app_readiness_surface|dashboard,redis_notification_feed|remote_push|email,profile-readiness:execution-add-recommendation-letters-recommendation-letters-min-submitted:2e6cda3073191443688cd586,Recommendation letter count meets readiness threshold,,
user_prompt,ready_for_in_app_admin_delivery,36ed3d17c59c821773e09ca1,execution-add-recommendation-letters-recommendation-letters-min-submitted,execution,add-recommendation-letters,recommendation_letters.min_submitted,info,/profile?tab=recommendations,Track recommendation letters,Recommendation status helps application readiness reflect what is still outstanding.,Review letters,in_app_readiness_surface|dashboard,redis_notification_feed|remote_push|email,profile-readiness:execution-add-recommendation-letters-recommendation-letters-min-submitted:36ed3d17c59c821773e09ca1,Recommendation letter count meets readiness threshold,,
user_prompt,ready_for_in_app_admin_delivery,10f66e162b2a7d95bc50da70,execution-add-recommendation-letters-recommendation-letters-min-submitted,execution,add-recommendation-letters,recommendation_letters.min_submitted,info,/profile?tab=recommendations,Track recommendation letters,Recommendation status helps application readiness reflect what is still outstanding.,Review letters,in_app_readiness_surface|dashboard,redis_notification_feed|remote_push|email,profile-readiness:execution-add-recommendation-letters-recommendation-letters-min-submitted:10f66e162b2a7d95bc50da70,Recommendation letter count meets readiness threshold,,
user_prompt,ready_for_in_app_admin_delivery,d418c7bf3670b6453a63d813,execution-add-recommendation-letters-recommendation-letters-min-submitted,execution,add-recommendation-letters,recommendation_letters.min_submitted,info,/profile?tab=recommendations,Track recommendation letters,Recommendation status helps application readiness reflect what is still outstanding.,Review letters,in_app_readiness_surface|dashboard,redis_notification_feed|remote_push|email,profile-readiness:execution-add-recommendation-letters-recommendation-letters-min-submitted:d418c7bf3670b6453a63d813,Recommendation letter count meets readiness threshold,,
user_prompt,ready_for_in_app_admin_delivery,df6d2abb27451f5fa1dc8379,execution-add-recommendation-letters-recommendation-letters-min-submitted,execution,add-recommendation-letters,recommendation_letters.min_submitted,info,/profile?tab=recommendations,Track recommendation letters,Recommendation status helps application readiness reflect what is still outstanding.,Review letters,in_app_readiness_surface|dashboard,redis_notification_feed|remote_push|email,profile-readiness:execution-add-recommendation-letters-recommendation-letters-min-submitted:df6d2abb27451f5fa1dc8379,Recommendation letter count meets readiness threshold,,
user_prompt,ready_for_in_app_admin_delivery,4c30c695722622a47cc1a82e,execution-add-recommendation-letters-recommendation-letters-min-submitted,execution,add-recommendation-letters,recommendation_letters.min_submitted,info,/profile?tab=recommendations,Track recommendation letters,Recommendation status helps application readiness reflect what is still outstanding.,Review letters,in_app_readiness_surface|dashboard,redis_notification_feed|remote_push|email,profile-readiness:execution-add-recommendation-letters-recommendation-letters-min-submitted:4c30c695722622a47cc1a82e,Recommendation letter count meets readiness threshold,,
user_prompt,ready_for_in_app_admin_delivery,fabb30faa4f6f41348116c7e,execution-add-recommendation-letters-recommendation-letters-min-submitted,execution,add-recommendation-letters,recommendation_letters.min_submitted,info,/profile?tab=recommendations,Track recommendation letters,Recommendation status helps application readiness reflect what is still outstanding.,Review letters,in_app_readiness_surface|dashboard,redis_notification_feed|remote_push|email,profile-readiness:execution-add-recommendation-letters-recommendation-letters-min-submitted:fabb30faa4f6f41348116c7e,Recommendation letter count meets readiness threshold,,
user_prompt,ready_for_in_app_admin_delivery,9f540ba4a720667a80bf9f98,execution-add-recommendation-letters-recommendation-letters-min-submitted,execution,add-recommendation-letters,recommendation_letters.min_submitted,info,/profile?tab=recommendations,Track recommendation letters,Recommendation status helps application readiness reflect what is still outstanding.,Review letters,in_app_readiness_surface|dashboard,redis_notification_feed|remote_push|email,profile-readiness:execution-add-recommendation-letters-recommendation-letters-min-submitted:9f540ba4a720667a80bf9f98,Recommendation letter count meets readiness threshold,,
user_prompt,ready_for_in_app_admin_delivery,a90bde0a302d98c0ecd110eb,execution-add-recommendation-letters-recommendation-letters-min-submitted,execution,add-recommendation-letters,recommendation_letters.min_submitted,info,/profile?tab=recommendations,Track recommendation letters,Recommendation status helps application readiness reflect what is still outstanding.,Review letters,in_app_readiness_surface|dashboard,redis_notification_feed|remote_push|email,profile-readiness:execution-add-recommendation-letters-recommendation-letters-min-submitted:a90bde0a302d98c0ecd110eb,Recommendation letter count meets readiness threshold,,
user_prompt,ready_for_in_app_admin_delivery,576ad17c7ef49e92e56c56f4,execution-add-recommendation-letters-recommendation-letters-min-submitted,execution,add-recommendation-letters,recommendation_letters.min_submitted,info,/profile?tab=recommendations,Track recommendation letters,Recommendation status helps application readiness reflect what is still outstanding.,Review letters,in_app_readiness_surface|dashboard,redis_notification_feed|remote_push|email,profile-readiness:execution-add-recommendation-letters-recommendation-letters-min-submitted:576ad17c7ef49e92e56c56f4,Recommendation letter count meets readiness threshold,,
user_prompt,ready_for_in_app_admin_delivery,d0a6c2932159a68b1829944a,execution-add-recommendation-letters-recommendation-letters-min-submitted,execution,add-recommendation-letters,recommendation_letters.min_submitted,info,/profile?tab=recommendations,Track recommendation letters,Recommendation status helps application readiness reflect what is still outstanding.,Review letters,in_app_readiness_surface|dashboard,redis_notification_feed|remote_push|email,profile-readiness:execution-add-recommendation-letters-recommendation-letters-min-submitted:d0a6c2932159a68b1829944a,Recommendation letter count meets readiness threshold,,
user_prompt,ready_for_in_app_admin_delivery,09b0d988d0b0c1669bd07bb5,execution-add-recommendation-letters-recommendation-letters-min-submitted,execution,add-recommendation-letters,recommendation_letters.min_submitted,info,/profile?tab=recommendations,Track recommendation letters,Recommendation status helps application readiness reflect what is still outstanding.,Review letters,in_app_readiness_surface|dashboard,redis_notification_feed|remote_push|email,profile-readiness:execution-add-recommendation-letters-recommendation-letters-min-submitted:09b0d988d0b0c1669bd07bb5,Recommendation letter count meets readiness threshold,,
user_prompt,ready_for_in_app_admin_delivery,18bdef37a4018bbe19cbf58b,execution-add-recommendation-letters-recommendation-letters-min-submitted,execution,add-recommendation-letters,recommendation_letters.min_submitted,info,/profile?tab=recommendations,Track recommendation letters,Recommendation status helps application readiness reflect what is still outstanding.,Review letters,in_app_readiness_surface|dashboard,redis_notification_feed|remote_push|email,profile-readiness:execution-add-recommendation-letters-recommendation-letters-min-submitted:18bdef37a4018bbe19cbf58b,Recommendation letter count meets readiness threshold,,
user_prompt,ready_for_in_app_admin_delivery,6486146070efd5bc9be34f72,execution-add-recommendation-letters-recommendation-letters-min-submitted,execution,add-recommendation-letters,recommendation_letters.min_submitted,info,/profile?tab=recommendations,Track recommendation letters,Recommendation status helps application readiness reflect what is still outstanding.,Review letters,in_app_readiness_surface|dashboard,redis_notification_feed|remote_push|email,profile-readiness:execution-add-recommendation-letters-recommendation-letters-min-submitted:6486146070efd5bc9be34f72,Recommendation letter count meets readiness threshold,,
user_prompt,ready_for_in_app_admin_delivery,91aded673af60a06a5d6a4f1,execution-add-recommendation-letters-recommendation-letters-min-submitted,execution,add-recommendation-letters,recommendation_letters.min_submitted,info,/profile?tab=recommendations,Track recommendation letters,Recommendation status helps application readiness reflect what is still outstanding.,Review letters,in_app_readiness_surface|dashboard,redis_notification_feed|remote_push|email,profile-readiness:execution-add-recommendation-letters-recommendation-letters-min-submitted:91aded673af60a06a5d6a4f1,Recommendation letter count meets readiness threshold,,
user_prompt,ready_for_in_app_admin_delivery,0e240658b0ed5ddc5ddac053,execution-add-recommendation-letters-recommendation-letters-min-submitted,execution,add-recommendation-letters,recommendation_letters.min_submitted,info,/profile?tab=recommendations,Track recommendation letters,Recommendation status helps application readiness reflect what is still outstanding.,Review letters,in_app_readiness_surface|dashboard,redis_notification_feed|remote_push|email,profile-readiness:execution-add-recommendation-letters-recommendation-letters-min-submitted:0e240658b0ed5ddc5ddac053,Recommendation letter count meets readiness threshold,,
user_prompt,ready_for_in_app_admin_delivery,160fbb2e25a95bb3f9eced86,execution-add-recommendation-letters-recommendation-letters-min-submitted,execution,add-recommendation-letters,recommendation_letters.min_submitted,info,/profile?tab=recommendations,Track recommendation letters,Recommendation status helps application readiness reflect what is still outstanding.,Review letters,in_app_readiness_surface|dashboard,redis_notification_feed|remote_push|email,profile-readiness:execution-add-recommendation-letters-recommendation-letters-min-submitted:160fbb2e25a95bb3f9eced86,Recommendation letter count meets readiness threshold,,
user_prompt,ready_for_in_app_admin_delivery,ddf064cfc49aa62c9d8707cc,execution-add-recommendation-letters-recommendation-letters-min-submitted,execution,add-recommendation-letters,recommendation_letters.min_submitted,info,/profile?tab=recommendations,Track recommendation letters,Recommendation status helps application readiness reflect what is still outstanding.,Review letters,in_app_readiness_surface|dashboard,redis_notification_feed|remote_push|email,profile-readiness:execution-add-recommendation-letters-recommendation-letters-min-submitted:ddf064cfc49aa62c9d8707cc,Recommendation letter count meets readiness threshold,,
user_prompt,ready_for_in_app_admin_delivery,a790099ccfefc40ce8696476,execution-add-recommendation-letters-recommendation-letters-min-submitted,execution,add-recommendation-letters,recommendation_letters.min_submitted,info,/profile?tab=recommendations,Track recommendation letters,Recommendation status helps application readiness reflect what is still outstanding.,Review letters,in_app_readiness_surface|dashboard,redis_notification_feed|remote_push|email,profile-readiness:execution-add-recommendation-letters-recommendation-letters-min-submitted:a790099ccfefc40ce8696476,Recommendation letter count meets readiness threshold,,
user_prompt,ready_for_in_app_admin_delivery,e05394e22942d705c03859bd,execution-add-recommendation-letters-recommendation-letters-min-submitted,execution,add-recommendation-letters,recommendation_letters.min_submitted,info,/profile?tab=recommendations,Track recommendation letters,Recommendation status helps application readiness reflect what is still outstanding.,Review letters,in_app_readiness_surface|dashboard,redis_notification_feed|remote_push|email,profile-readiness:execution-add-recommendation-letters-recommendation-letters-min-submitted:e05394e22942d705c03859bd,Recommendation letter count meets readiness threshold,,
user_prompt,ready_for_in_app_admin_delivery,a995021d6a20228df7f3d2c7,execution-add-recommendation-letters-recommendation-letters-min-submitted,execution,add-recommendation-letters,recommendation_letters.min_submitted,info,/profile?tab=recommendations,Track recommendation letters,Recommendation status helps application readiness reflect what is still outstanding.,Review letters,in_app_readiness_surface|dashboard,redis_notification_feed|remote_push|email,profile-readiness:execution-add-recommendation-letters-recommendation-letters-min-submitted:a995021d6a20228df7f3d2c7,Recommendation letter count meets readiness threshold,,
user_prompt,ready_for_in_app_admin_delivery,33a18bd87c4167c2d25c8f80,execution-add-recommendation-letters-recommendation-letters-min-submitted,execution,add-recommendation-letters,recommendation_letters.min_submitted,info,/profile?tab=recommendations,Track recommendation letters,Recommendation status helps application readiness reflect what is still outstanding.,Review letters,in_app_readiness_surface|dashboard,redis_notification_feed|remote_push|email,profile-readiness:execution-add-recommendation-letters-recommendation-letters-min-submitted:33a18bd87c4167c2d25c8f80,Recommendation letter count meets readiness threshold,,
user_prompt,ready_for_in_app_admin_delivery,2000da6ed500774c6aea6a3f,execution-add-recommendation-letters-recommendation-letters-min-submitted,execution,add-recommendation-letters,recommendation_letters.min_submitted,info,/profile?tab=recommendations,Track recommendation letters,Recommendation status helps application readiness reflect what is still outstanding.,Review letters,in_app_readiness_surface|dashboard,redis_notification_feed|remote_push|email,profile-readiness:execution-add-recommendation-letters-recommendation-letters-min-submitted:2000da6ed500774c6aea6a3f,Recommendation letter count meets readiness threshold,,
user_prompt,ready_for_in_app_admin_delivery,62e20c0d2922ccd5833fc157,execution-add-recommendation-letters-recommendation-letters-min-submitted,execution,add-recommendation-letters,recommendation_letters.min_submitted,info,/profile?tab=recommendations,Track recommendation letters,Recommendation status helps application readiness reflect what is still outstanding.,Review letters,in_app_readiness_surface|dashboard,redis_notification_feed|remote_push|email,profile-readiness:execution-add-recommendation-letters-recommendation-letters-min-submitted:62e20c0d2922ccd5833fc157,Recommendation letter count meets readiness threshold,,
user_prompt,ready_for_in_app_admin_delivery,7f3e88c6566d0a0a68d15f41,execution-add-recommendation-letters-recommendation-letters-min-submitted,execution,add-recommendation-letters,recommendation_letters.min_submitted,info,/profile?tab=recommendations,Track recommendation letters,Recommendation status helps application readiness reflect what is still outstanding.,Review letters,in_app_readiness_surface|dashboard,redis_notification_feed|remote_push|email,profile-readiness:execution-add-recommendation-letters-recommendation-letters-min-submitted:7f3e88c6566d0a0a68d15f41,Recommendation letter count meets readiness threshold,,
user_prompt,ready_for_in_app_admin_delivery,3f93bbee58f8299dcd02e13c,execution-add-recommendation-letters-recommendation-letters-min-submitted,execution,add-recommendation-letters,recommendation_letters.min_submitted,info,/profile?tab=recommendations,Track recommendation letters,Recommendation status helps application readiness reflect what is still outstanding.,Review letters,in_app_readiness_surface|dashboard,redis_notification_feed|remote_push|email,profile-readiness:execution-add-recommendation-letters-recommendation-letters-min-submitted:3f93bbee58f8299dcd02e13c,Recommendation letter count meets readiness threshold,,
user_prompt,ready_for_in_app_admin_delivery,6e0d22223b9fe7404d8768fa,execution-add-recommendation-letters-recommendation-letters-min-submitted,execution,add-recommendation-letters,recommendation_letters.min_submitted,info,/profile?tab=recommendations,Track recommendation letters,Recommendation status helps application readiness reflect what is still outstanding.,Review letters,in_app_readiness_surface|dashboard,redis_notification_feed|remote_push|email,profile-readiness:execution-add-recommendation-letters-recommendation-letters-min-submitted:6e0d22223b9fe7404d8768fa,Recommendation letter count meets readiness threshold,,
user_prompt,ready_for_in_app_admin_delivery,802483c05fc63b56d5113074,execution-create-resume-resume-none,execution,create-resume,resume.none,info,/resume,Create a resume artifact,"A resume gives essay, activity, and application analysis more reliable context.",Create resume,in_app_readiness_surface|dashboard,redis_notification_feed|remote_push|email,profile-readiness:execution-create-resume-resume-none:802483c05fc63b56d5113074,User has at least one resume artifact,,
user_prompt,ready_for_in_app_admin_delivery,ac0b7ebf3137a6b7af99d582,execution-create-resume-resume-none,execution,create-resume,resume.none,info,/resume,Create a resume artifact,"A resume gives essay, activity, and application analysis more reliable context.",Create resume,in_app_readiness_surface|dashboard,redis_notification_feed|remote_push|email,profile-readiness:execution-create-resume-resume-none:ac0b7ebf3137a6b7af99d582,User has at least one resume artifact,,
user_prompt,ready_for_in_app_admin_delivery,035afbe63d4a9d1d9f332693,execution-create-resume-resume-none,execution,create-resume,resume.none,info,/resume,Create a resume artifact,"A resume gives essay, activity, and application analysis more reliable context.",Create resume,in_app_readiness_surface|dashboard,redis_notification_feed|remote_push|email,profile-readiness:execution-create-resume-resume-none:035afbe63d4a9d1d9f332693,User has at least one resume artifact,,
user_prompt,ready_for_in_app_admin_delivery,fef3b25574072f4313df5e9c,execution-create-resume-resume-none,execution,create-resume,resume.none,info,/resume,Create a resume artifact,"A resume gives essay, activity, and application analysis more reliable context.",Create resume,in_app_readiness_surface|dashboard,redis_notification_feed|remote_push|email,profile-readiness:execution-create-resume-resume-none:fef3b25574072f4313df5e9c,User has at least one resume artifact,,
user_prompt,ready_for_in_app_admin_delivery,4a8a9364139ccecaa6673095,execution-create-resume-resume-none,execution,create-resume,resume.none,info,/resume,Create a resume artifact,"A resume gives essay, activity, and application analysis more reliable context.",Create resume,in_app_readiness_surface|dashboard,redis_notification_feed|remote_push|email,profile-readiness:execution-create-resume-resume-none:4a8a9364139ccecaa6673095,User has at least one resume artifact,,
user_prompt,ready_for_in_app_admin_delivery,fdac0aac949da6fd1ae3920c,execution-create-resume-resume-none,execution,create-resume,resume.none,info,/resume,Create a resume artifact,"A resume gives essay, activity, and application analysis more reliable context.",Create resume,in_app_readiness_surface|dashboard,redis_notification_feed|remote_push|email,profile-readiness:execution-create-resume-resume-none:fdac0aac949da6fd1ae3920c,User has at least one resume artifact,,
user_prompt,ready_for_in_app_admin_delivery,39277806d696167bec33dacd,execution-create-resume-resume-none,execution,create-resume,resume.none,info,/resume,Create a resume artifact,"A resume gives essay, activity, and application analysis more reliable context.",Create resume,in_app_readiness_surface|dashboard,redis_notification_feed|remote_push|email,profile-readiness:execution-create-resume-resume-none:39277806d696167bec33dacd,User has at least one resume artifact,,
user_prompt,ready_for_in_app_admin_delivery,68bda0008706cf69fbe951c5,execution-create-resume-resume-none,execution,create-resume,resume.none,info,/resume,Create a resume artifact,"A resume gives essay, activity, and application analysis more reliable context.",Create resume,in_app_readiness_surface|dashboard,redis_notification_feed|remote_push|email,profile-readiness:execution-create-resume-resume-none:68bda0008706cf69fbe951c5,User has at least one resume artifact,,
user_prompt,ready_for_in_app_admin_delivery,f46de3981f1853f4abbd4641,execution-create-resume-resume-none,execution,create-resume,resume.none,info,/resume,Create a resume artifact,"A resume gives essay, activity, and application analysis more reliable context.",Create resume,in_app_readiness_surface|dashboard,redis_notification_feed|remote_push|email,profile-readiness:execution-create-resume-resume-none:f46de3981f1853f4abbd4641,User has at least one resume artifact,,
user_prompt,ready_for_in_app_admin_delivery,3dc36e732297447a53963a67,execution-create-resume-resume-none,execution,create-resume,resume.none,info,/resume,Create a resume artifact,"A resume gives essay, activity, and application analysis more reliable context.",Create resume,in_app_readiness_surface|dashboard,redis_notification_feed|remote_push|email,profile-readiness:execution-create-resume-resume-none:3dc36e732297447a53963a67,User has at least one resume artifact,,
user_prompt,ready_for_in_app_admin_delivery,3aec115dea1871ad7804c5ee,execution-create-resume-resume-none,execution,create-resume,resume.none,info,/resume,Create a resume artifact,"A resume gives essay, activity, and application analysis more reliable context.",Create resume,in_app_readiness_surface|dashboard,redis_notification_feed|remote_push|email,profile-readiness:execution-create-resume-resume-none:3aec115dea1871ad7804c5ee,User has at least one resume artifact,,
user_prompt,ready_for_in_app_admin_delivery,29076cdf73d07afbecb33d1f,execution-create-resume-resume-none,execution,create-resume,resume.none,info,/resume,Create a resume artifact,"A resume gives essay, activity, and application analysis more reliable context.",Create resume,in_app_readiness_surface|dashboard,redis_notification_feed|remote_push|email,profile-readiness:execution-create-resume-resume-none:29076cdf73d07afbecb33d1f,User has at least one resume artifact,,
user_prompt,ready_for_in_app_admin_delivery,e6f9022187d9b4ec16d49235,execution-create-resume-resume-none,execution,create-resume,resume.none,info,/resume,Create a resume artifact,"A resume gives essay, activity, and application analysis more reliable context.",Create resume,in_app_readiness_surface|dashboard,redis_notification_feed|remote_push|email,profile-readiness:execution-create-resume-resume-none:e6f9022187d9b4ec16d49235,User has at least one resume artifact,,
user_prompt,ready_for_in_app_admin_delivery,e449837a18bd87b77a6ef1e5,execution-create-resume-resume-none,execution,create-resume,resume.none,info,/resume,Create a resume artifact,"A resume gives essay, activity, and application analysis more reliable context.",Create resume,in_app_readiness_surface|dashboard,redis_notification_feed|remote_push|email,profile-readiness:execution-create-resume-resume-none:e449837a18bd87b77a6ef1e5,User has at least one resume artifact,,
user_prompt,ready_for_in_app_admin_delivery,fe2afb920f81889354794d13,execution-create-resume-resume-none,execution,create-resume,resume.none,info,/resume,Create a resume artifact,"A resume gives essay, activity, and application analysis more reliable context.",Create resume,in_app_readiness_surface|dashboard,redis_notification_feed|remote_push|email,profile-readiness:execution-create-resume-resume-none:fe2afb920f81889354794d13,User has at least one resume artifact,,
user_prompt,ready_for_in_app_admin_delivery,75933046392cb0c42c062611,execution-create-resume-resume-none,execution,create-resume,resume.none,info,/resume,Create a resume artifact,"A resume gives essay, activity, and application analysis more reliable context.",Create resume,in_app_readiness_surface|dashboard,redis_notification_feed|remote_push|email,profile-readiness:execution-create-resume-resume-none:75933046392cb0c42c062611,User has at least one resume artifact,,
user_prompt,ready_for_in_app_admin_delivery,745052463f3be2c63514db2f,execution-create-resume-resume-none,execution,create-resume,resume.none,info,/resume,Create a resume artifact,"A resume gives essay, activity, and application analysis more reliable context.",Create resume,in_app_readiness_surface|dashboard,redis_notification_feed|remote_push|email,profile-readiness:execution-create-resume-resume-none:745052463f3be2c63514db2f,User has at least one resume artifact,,
user_prompt,ready_for_in_app_admin_delivery,9d0db16bacd8261ed76c2d8f,execution-create-resume-resume-none,execution,create-resume,resume.none,info,/resume,Create a resume artifact,"A resume gives essay, activity, and application analysis more reliable context.",Create resume,in_app_readiness_surface|dashboard,redis_notification_feed|remote_push|email,profile-readiness:execution-create-resume-resume-none:9d0db16bacd8261ed76c2d8f,User has at least one resume artifact,,
user_prompt,ready_for_in_app_admin_delivery,2d3538d986b40dbb9773bad5,execution-create-resume-resume-none,execution,create-resume,resume.none,info,/resume,Create a resume artifact,"A resume gives essay, activity, and application analysis more reliable context.",Create resume,in_app_readiness_surface|dashboard,redis_notification_feed|remote_push|email,profile-readiness:execution-create-resume-resume-none:2d3538d986b40dbb9773bad5,User has at least one resume artifact,,
user_prompt,ready_for_in_app_admin_delivery,bf039e0c60608f4f87581cc9,execution-create-resume-resume-none,execution,create-resume,resume.none,info,/resume,Create a resume artifact,"A resume gives essay, activity, and application analysis more reliable context.",Create resume,in_app_readiness_surface|dashboard,redis_notification_feed|remote_push|email,profile-readiness:execution-create-resume-resume-none:bf039e0c60608f4f87581cc9,User has at least one resume artifact,,
user_prompt,ready_for_in_app_admin_delivery,366320fee296c0f2fc92761e,execution-create-resume-resume-none,execution,create-resume,resume.none,info,/resume,Create a resume artifact,"A resume gives essay, activity, and application analysis more reliable context.",Create resume,in_app_readiness_surface|dashboard,redis_notification_feed|remote_push|email,profile-readiness:execution-create-resume-resume-none:366320fee296c0f2fc92761e,User has at least one resume artifact,,
user_prompt,ready_for_in_app_admin_delivery,683b23c8c4fe0d8bc12e5633,execution-create-resume-resume-none,execution,create-resume,resume.none,info,/resume,Create a resume artifact,"A resume gives essay, activity, and application analysis more reliable context.",Create resume,in_app_readiness_surface|dashboard,redis_notification_feed|remote_push|email,profile-readiness:execution-create-resume-resume-none:683b23c8c4fe0d8bc12e5633,User has at least one resume artifact,,
user_prompt,ready_for_in_app_admin_delivery,b338f5f9fe85ac763c330af1,execution-create-resume-resume-none,execution,create-resume,resume.none,info,/resume,Create a resume artifact,"A resume gives essay, activity, and application analysis more reliable context.",Create resume,in_app_readiness_surface|dashboard,redis_notification_feed|remote_push|email,profile-readiness:execution-create-resume-resume-none:b338f5f9fe85ac763c330af1,User has at least one resume artifact,,
user_prompt,ready_for_in_app_admin_delivery,e5f7d86f6995efe58037c6fb,execution-create-resume-resume-none,execution,create-resume,resume.none,info,/resume,Create a resume artifact,"A resume gives essay, activity, and application analysis more reliable context.",Create resume,in_app_readiness_surface|dashboard,redis_notification_feed|remote_push|email,profile-readiness:execution-create-resume-resume-none:e5f7d86f6995efe58037c6fb,User has at least one resume artifact,,
user_prompt,ready_for_in_app_admin_delivery,87a1b361875b527870210e1a,execution-create-resume-resume-none,execution,create-resume,resume.none,info,/resume,Create a resume artifact,"A resume gives essay, activity, and application analysis more reliable context.",Create resume,in_app_readiness_surface|dashboard,redis_notification_feed|remote_push|email,profile-readiness:execution-create-resume-resume-none:87a1b361875b527870210e1a,User has at least one resume artifact,,
user_prompt,ready_for_in_app_admin_delivery,1d8c13ffebafff31847d9e97,execution-create-resume-resume-none,execution,create-resume,resume.none,info,/resume,Create a resume artifact,"A resume gives essay, activity, and application analysis more reliable context.",Create resume,in_app_readiness_surface|dashboard,redis_notification_feed|remote_push|email,profile-readiness:execution-create-resume-resume-none:1d8c13ffebafff31847d9e97,User has at least one resume artifact,,
user_prompt,ready_for_in_app_admin_delivery,4fdebab56088e041d556c66e,execution-create-resume-resume-none,execution,create-resume,resume.none,info,/resume,Create a resume artifact,"A resume gives essay, activity, and application analysis more reliable context.",Create resume,in_app_readiness_surface|dashboard,redis_notification_feed|remote_push|email,profile-readiness:execution-create-resume-resume-none:4fdebab56088e041d556c66e,User has at least one resume artifact,,
user_prompt,ready_for_in_app_admin_delivery,c6a5a94d5d0cb5e5d50b94ca,execution-create-resume-resume-none,execution,create-resume,resume.none,info,/resume,Create a resume artifact,"A resume gives essay, activity, and application analysis more reliable context.",Create resume,in_app_readiness_surface|dashboard,redis_notification_feed|remote_push|email,profile-readiness:execution-create-resume-resume-none:c6a5a94d5d0cb5e5d50b94ca,User has at least one resume artifact,,
user_prompt,ready_for_in_app_admin_delivery,d062cc598a74e321a2b06c92,execution-create-resume-resume-none,execution,create-resume,resume.none,info,/resume,Create a resume artifact,"A resume gives essay, activity, and application analysis more reliable context.",Create resume,in_app_readiness_surface|dashboard,redis_notification_feed|remote_push|email,profile-readiness:execution-create-resume-resume-none:d062cc598a74e321a2b06c92,User has at least one resume artifact,,
user_prompt,ready_for_in_app_admin_delivery,a8d64fb39c8e61b16d52ba27,execution-create-resume-resume-none,execution,create-resume,resume.none,info,/resume,Create a resume artifact,"A resume gives essay, activity, and application analysis more reliable context.",Create resume,in_app_readiness_surface|dashboard,redis_notification_feed|remote_push|email,profile-readiness:execution-create-resume-resume-none:a8d64fb39c8e61b16d52ba27,User has at least one resume artifact,,
user_prompt,ready_for_in_app_admin_delivery,b7c12fd19a1f88e9c26f3161,execution-create-resume-resume-none,execution,create-resume,resume.none,info,/resume,Create a resume artifact,"A resume gives essay, activity, and application analysis more reliable context.",Create resume,in_app_readiness_surface|dashboard,redis_notification_feed|remote_push|email,profile-readiness:execution-create-resume-resume-none:b7c12fd19a1f88e9c26f3161,User has at least one resume artifact,,
user_prompt,ready_for_in_app_admin_delivery,dd2e368ddefcbd51a6671fb7,execution-create-resume-resume-none,execution,create-resume,resume.none,info,/resume,Create a resume artifact,"A resume gives essay, activity, and application analysis more reliable context.",Create resume,in_app_readiness_surface|dashboard,redis_notification_feed|remote_push|email,profile-readiness:execution-create-resume-resume-none:dd2e368ddefcbd51a6671fb7,User has at least one resume artifact,,
user_prompt,ready_for_in_app_admin_delivery,062809d29de1fd84fd860c56,execution-create-resume-resume-none,execution,create-resume,resume.none,info,/resume,Create a resume artifact,"A resume gives essay, activity, and application analysis more reliable context.",Create resume,in_app_readiness_surface|dashboard,redis_notification_feed|remote_push|email,profile-readiness:execution-create-resume-resume-none:062809d29de1fd84fd860c56,User has at least one resume artifact,,
user_prompt,ready_for_in_app_admin_delivery,12621386061ae4d2da4997fd,execution-create-resume-resume-none,execution,create-resume,resume.none,info,/resume,Create a resume artifact,"A resume gives essay, activity, and application analysis more reliable context.",Create resume,in_app_readiness_surface|dashboard,redis_notification_feed|remote_push|email,profile-readiness:execution-create-resume-resume-none:12621386061ae4d2da4997fd,User has at least one resume artifact,,
user_prompt,ready_for_in_app_admin_delivery,e30f76775969a451a2b4ae69,execution-create-resume-resume-none,execution,create-resume,resume.none,info,/resume,Create a resume artifact,"A resume gives essay, activity, and application analysis more reliable context.",Create resume,in_app_readiness_surface|dashboard,redis_notification_feed|remote_push|email,profile-readiness:execution-create-resume-resume-none:e30f76775969a451a2b4ae69,User has at least one resume artifact,,
user_prompt,ready_for_in_app_admin_delivery,b5f4ee1c6dd44f7f60bcbd32,execution-create-resume-resume-none,execution,create-resume,resume.none,info,/resume,Create a resume artifact,"A resume gives essay, activity, and application analysis more reliable context.",Create resume,in_app_readiness_surface|dashboard,redis_notification_feed|remote_push|email,profile-readiness:execution-create-resume-resume-none:b5f4ee1c6dd44f7f60bcbd32,User has at least one resume artifact,,
user_prompt,ready_for_in_app_admin_delivery,626eb5e38882c885cdc64b66,execution-create-resume-resume-none,execution,create-resume,resume.none,info,/resume,Create a resume artifact,"A resume gives essay, activity, and application analysis more reliable context.",Create resume,in_app_readiness_surface|dashboard,redis_notification_feed|remote_push|email,profile-readiness:execution-create-resume-resume-none:626eb5e38882c885cdc64b66,User has at least one resume artifact,,
user_prompt,ready_for_in_app_admin_delivery,288dfec9fe70b8f130d4b269,execution-create-resume-resume-none,execution,create-resume,resume.none,info,/resume,Create a resume artifact,"A resume gives essay, activity, and application analysis more reliable context.",Create resume,in_app_readiness_surface|dashboard,redis_notification_feed|remote_push|email,profile-readiness:execution-create-resume-resume-none:288dfec9fe70b8f130d4b269,User has at least one resume artifact,,
user_prompt,ready_for_in_app_admin_delivery,385e5344fb0ba928499b14d9,execution-create-resume-resume-none,execution,create-resume,resume.none,info,/resume,Create a resume artifact,"A resume gives essay, activity, and application analysis more reliable context.",Create resume,in_app_readiness_surface|dashboard,redis_notification_feed|remote_push|email,profile-readiness:execution-create-resume-resume-none:385e5344fb0ba928499b14d9,User has at least one resume artifact,,
user_prompt,ready_for_in_app_admin_delivery,21b185bc16be52d77c08ac2c,execution-create-resume-resume-none,execution,create-resume,resume.none,info,/resume,Create a resume artifact,"A resume gives essay, activity, and application analysis more reliable context.",Create resume,in_app_readiness_surface|dashboard,redis_notification_feed|remote_push|email,profile-readiness:execution-create-resume-resume-none:21b185bc16be52d77c08ac2c,User has at least one resume artifact,,
user_prompt,ready_for_in_app_admin_delivery,fad9e50ec597acdb56e97901,execution-create-resume-resume-none,execution,create-resume,resume.none,info,/resume,Create a resume artifact,"A resume gives essay, activity, and application analysis more reliable context.",Create resume,in_app_readiness_surface|dashboard,redis_notification_feed|remote_push|email,profile-readiness:execution-create-resume-resume-none:fad9e50ec597acdb56e97901,User has at least one resume artifact,,
user_prompt,ready_for_in_app_admin_delivery,4d1f395bd00cc2f44c81f8e0,execution-create-resume-resume-none,execution,create-resume,resume.none,info,/resume,Create a resume artifact,"A resume gives essay, activity, and application analysis more reliable context.",Create resume,in_app_readiness_surface|dashboard,redis_notification_feed|remote_push|email,profile-readiness:execution-create-resume-resume-none:4d1f395bd00cc2f44c81f8e0,User has at least one resume artifact,,
user_prompt,ready_for_in_app_admin_delivery,7232f1fa4940f02570578fa4,execution-create-resume-resume-none,execution,create-resume,resume.none,info,/resume,Create a resume artifact,"A resume gives essay, activity, and application analysis more reliable context.",Create resume,in_app_readiness_surface|dashboard,redis_notification_feed|remote_push|email,profile-readiness:execution-create-resume-resume-none:7232f1fa4940f02570578fa4,User has at least one resume artifact,,
user_prompt,ready_for_in_app_admin_delivery,d5668608d88680646b4304d5,execution-create-resume-resume-none,execution,create-resume,resume.none,info,/resume,Create a resume artifact,"A resume gives essay, activity, and application analysis more reliable context.",Create resume,in_app_readiness_surface|dashboard,redis_notification_feed|remote_push|email,profile-readiness:execution-create-resume-resume-none:d5668608d88680646b4304d5,User has at least one resume artifact,,
user_prompt,ready_for_in_app_admin_delivery,eb5f0931db192e04b5bb694f,execution-create-resume-resume-none,execution,create-resume,resume.none,info,/resume,Create a resume artifact,"A resume gives essay, activity, and application analysis more reliable context.",Create resume,in_app_readiness_surface|dashboard,redis_notification_feed|remote_push|email,profile-readiness:execution-create-resume-resume-none:eb5f0931db192e04b5bb694f,User has at least one resume artifact,,
user_prompt,ready_for_in_app_admin_delivery,144044aa210635b68bd3413e,execution-create-resume-resume-none,execution,create-resume,resume.none,info,/resume,Create a resume artifact,"A resume gives essay, activity, and application analysis more reliable context.",Create resume,in_app_readiness_surface|dashboard,redis_notification_feed|remote_push|email,profile-readiness:execution-create-resume-resume-none:144044aa210635b68bd3413e,User has at least one resume artifact,,
user_prompt,ready_for_in_app_admin_delivery,9e7d85fb4bc03da0d6a42f62,execution-create-resume-resume-none,execution,create-resume,resume.none,info,/resume,Create a resume artifact,"A resume gives essay, activity, and application analysis more reliable context.",Create resume,in_app_readiness_surface|dashboard,redis_notification_feed|remote_push|email,profile-readiness:execution-create-resume-resume-none:9e7d85fb4bc03da0d6a42f62,User has at least one resume artifact,,
user_prompt,ready_for_in_app_admin_delivery,5a1258607ca8af1051025180,execution-create-resume-resume-none,execution,create-resume,resume.none,info,/resume,Create a resume artifact,"A resume gives essay, activity, and application analysis more reliable context.",Create resume,in_app_readiness_surface|dashboard,redis_notification_feed|remote_push|email,profile-readiness:execution-create-resume-resume-none:5a1258607ca8af1051025180,User has at least one resume artifact,,
user_prompt,ready_for_in_app_admin_delivery,abaf8c9bde037950385c3f12,execution-create-resume-resume-none,execution,create-resume,resume.none,info,/resume,Create a resume artifact,"A resume gives essay, activity, and application analysis more reliable context.",Create resume,in_app_readiness_surface|dashboard,redis_notification_feed|remote_push|email,profile-readiness:execution-create-resume-resume-none:abaf8c9bde037950385c3f12,User has at least one resume artifact,,
user_prompt,ready_for_in_app_admin_delivery,fa0da822fd523382a860416f,execution-create-resume-resume-none,execution,create-resume,resume.none,info,/resume,Create a resume artifact,"A resume gives essay, activity, and application analysis more reliable context.",Create resume,in_app_readiness_surface|dashboard,redis_notification_feed|remote_push|email,profile-readiness:execution-create-resume-resume-none:fa0da822fd523382a860416f,User has at least one resume artifact,,
user_prompt,ready_for_in_app_admin_delivery,90f1204abd54fafff4b248e3,execution-create-resume-resume-none,execution,create-resume,resume.none,info,/resume,Create a resume artifact,"A resume gives essay, activity, and application analysis more reliable context.",Create resume,in_app_readiness_surface|dashboard,redis_notification_feed|remote_push|email,profile-readiness:execution-create-resume-resume-none:90f1204abd54fafff4b248e3,User has at least one resume artifact,,
user_prompt,ready_for_in_app_admin_delivery,e3ad628c231e661f27d886fd,execution-create-resume-resume-none,execution,create-resume,resume.none,info,/resume,Create a resume artifact,"A resume gives essay, activity, and application analysis more reliable context.",Create resume,in_app_readiness_surface|dashboard,redis_notification_feed|remote_push|email,profile-readiness:execution-create-resume-resume-none:e3ad628c231e661f27d886fd,User has at least one resume artifact,,
user_prompt,ready_for_in_app_admin_delivery,048028fc4ece7871c4c818a1,execution-create-resume-resume-none,execution,create-resume,resume.none,info,/resume,Create a resume artifact,"A resume gives essay, activity, and application analysis more reliable context.",Create resume,in_app_readiness_surface|dashboard,redis_notification_feed|remote_push|email,profile-readiness:execution-create-resume-resume-none:048028fc4ece7871c4c818a1,User has at least one resume artifact,,
user_prompt,ready_for_in_app_admin_delivery,6ce7ad342b357b3b14deb49c,execution-create-resume-resume-none,execution,create-resume,resume.none,info,/resume,Create a resume artifact,"A resume gives essay, activity, and application analysis more reliable context.",Create resume,in_app_readiness_surface|dashboard,redis_notification_feed|remote_push|email,profile-readiness:execution-create-resume-resume-none:6ce7ad342b357b3b14deb49c,User has at least one resume artifact,,
user_prompt,ready_for_in_app_admin_delivery,054d410c714fc4cda4394e8c,execution-create-resume-resume-none,execution,create-resume,resume.none,info,/resume,Create a resume artifact,"A resume gives essay, activity, and application analysis more reliable context.",Create resume,in_app_readiness_surface|dashboard,redis_notification_feed|remote_push|email,profile-readiness:execution-create-resume-resume-none:054d410c714fc4cda4394e8c,User has at least one resume artifact,,
user_prompt,ready_for_in_app_admin_delivery,43f7e141b8b05d5f4b1656ff,execution-create-resume-resume-none,execution,create-resume,resume.none,info,/resume,Create a resume artifact,"A resume gives essay, activity, and application analysis more reliable context.",Create resume,in_app_readiness_surface|dashboard,redis_notification_feed|remote_push|email,profile-readiness:execution-create-resume-resume-none:43f7e141b8b05d5f4b1656ff,User has at least one resume artifact,,
user_prompt,ready_for_in_app_admin_delivery,ee4954e857d17b8eebb7ae31,execution-create-resume-resume-none,execution,create-resume,resume.none,info,/resume,Create a resume artifact,"A resume gives essay, activity, and application analysis more reliable context.",Create resume,in_app_readiness_surface|dashboard,redis_notification_feed|remote_push|email,profile-readiness:execution-create-resume-resume-none:ee4954e857d17b8eebb7ae31,User has at least one resume artifact,,
user_prompt,ready_for_in_app_admin_delivery,9d574d111efc9d97b84d6c15,execution-create-resume-resume-none,execution,create-resume,resume.none,info,/resume,Create a resume artifact,"A resume gives essay, activity, and application analysis more reliable context.",Create resume,in_app_readiness_surface|dashboard,redis_notification_feed|remote_push|email,profile-readiness:execution-create-resume-resume-none:9d574d111efc9d97b84d6c15,User has at least one resume artifact,,
user_prompt,ready_for_in_app_admin_delivery,4abcd46d927f195540b38c5d,execution-create-resume-resume-none,execution,create-resume,resume.none,info,/resume,Create a resume artifact,"A resume gives essay, activity, and application analysis more reliable context.",Create resume,in_app_readiness_surface|dashboard,redis_notification_feed|remote_push|email,profile-readiness:execution-create-resume-resume-none:4abcd46d927f195540b38c5d,User has at least one resume artifact,,
user_prompt,ready_for_in_app_admin_delivery,3b62c93519e3db6dfe2c3efb,execution-create-resume-resume-none,execution,create-resume,resume.none,info,/resume,Create a resume artifact,"A resume gives essay, activity, and application analysis more reliable context.",Create resume,in_app_readiness_surface|dashboard,redis_notification_feed|remote_push|email,profile-readiness:execution-create-resume-resume-none:3b62c93519e3db6dfe2c3efb,User has at least one resume artifact,,
user_prompt,ready_for_in_app_admin_delivery,279b99bc08a2c8d50ec3af36,execution-create-resume-resume-none,execution,create-resume,resume.none,info,/resume,Create a resume artifact,"A resume gives essay, activity, and application analysis more reliable context.",Create resume,in_app_readiness_surface|dashboard,redis_notification_feed|remote_push|email,profile-readiness:execution-create-resume-resume-none:279b99bc08a2c8d50ec3af36,User has at least one resume artifact,,
user_prompt,ready_for_in_app_admin_delivery,74c9ee8d165d193a609087d6,execution-create-resume-resume-none,execution,create-resume,resume.none,info,/resume,Create a resume artifact,"A resume gives essay, activity, and application analysis more reliable context.",Create resume,in_app_readiness_surface|dashboard,redis_notification_feed|remote_push|email,profile-readiness:execution-create-resume-resume-none:74c9ee8d165d193a609087d6,User has at least one resume artifact,,
user_prompt,ready_for_in_app_admin_delivery,b4c465cc257a5e9d36dcd519,execution-create-resume-resume-none,execution,create-resume,resume.none,info,/resume,Create a resume artifact,"A resume gives essay, activity, and application analysis more reliable context.",Create resume,in_app_readiness_surface|dashboard,redis_notification_feed|remote_push|email,profile-readiness:execution-create-resume-resume-none:b4c465cc257a5e9d36dcd519,User has at least one resume artifact,,
user_prompt,ready_for_in_app_admin_delivery,d3f2cb982d857949a81c39b9,execution-create-resume-resume-none,execution,create-resume,resume.none,info,/resume,Create a resume artifact,"A resume gives essay, activity, and application analysis more reliable context.",Create resume,in_app_readiness_surface|dashboard,redis_notification_feed|remote_push|email,profile-readiness:execution-create-resume-resume-none:d3f2cb982d857949a81c39b9,User has at least one resume artifact,,
user_prompt,ready_for_in_app_admin_delivery,4012bad586b0835007dd6107,execution-create-resume-resume-none,execution,create-resume,resume.none,info,/resume,Create a resume artifact,"A resume gives essay, activity, and application analysis more reliable context.",Create resume,in_app_readiness_surface|dashboard,redis_notification_feed|remote_push|email,profile-readiness:execution-create-resume-resume-none:4012bad586b0835007dd6107,User has at least one resume artifact,,
user_prompt,ready_for_in_app_admin_delivery,876000e8b2adb2f3bce6e5e3,execution-create-resume-resume-none,execution,create-resume,resume.none,info,/resume,Create a resume artifact,"A resume gives essay, activity, and application analysis more reliable context.",Create resume,in_app_readiness_surface|dashboard,redis_notification_feed|remote_push|email,profile-readiness:execution-create-resume-resume-none:876000e8b2adb2f3bce6e5e3,User has at least one resume artifact,,
user_prompt,ready_for_in_app_admin_delivery,2d38d89c0d25f77c2503a1af,execution-create-resume-resume-none,execution,create-resume,resume.none,info,/resume,Create a resume artifact,"A resume gives essay, activity, and application analysis more reliable context.",Create resume,in_app_readiness_surface|dashboard,redis_notification_feed|remote_push|email,profile-readiness:execution-create-resume-resume-none:2d38d89c0d25f77c2503a1af,User has at least one resume artifact,,
user_prompt,ready_for_in_app_admin_delivery,6e25deecd13b429aaf14c4a5,execution-create-resume-resume-none,execution,create-resume,resume.none,info,/resume,Create a resume artifact,"A resume gives essay, activity, and application analysis more reliable context.",Create resume,in_app_readiness_surface|dashboard,redis_notification_feed|remote_push|email,profile-readiness:execution-create-resume-resume-none:6e25deecd13b429aaf14c4a5,User has at least one resume artifact,,
user_prompt,ready_for_in_app_admin_delivery,98574f35c5fc1b5a13b34d2d,execution-create-resume-resume-none,execution,create-resume,resume.none,info,/resume,Create a resume artifact,"A resume gives essay, activity, and application analysis more reliable context.",Create resume,in_app_readiness_surface|dashboard,redis_notification_feed|remote_push|email,profile-readiness:execution-create-resume-resume-none:98574f35c5fc1b5a13b34d2d,User has at least one resume artifact,,
user_prompt,ready_for_in_app_admin_delivery,3b0ae29aa3a42546f3a20525,execution-create-resume-resume-none,execution,create-resume,resume.none,info,/resume,Create a resume artifact,"A resume gives essay, activity, and application analysis more reliable context.",Create resume,in_app_readiness_surface|dashboard,redis_notification_feed|remote_push|email,profile-readiness:execution-create-resume-resume-none:3b0ae29aa3a42546f3a20525,User has at least one resume artifact,,
user_prompt,ready_for_in_app_admin_delivery,a00d8f6848b5b8fd53105350,execution-create-resume-resume-none,execution,create-resume,resume.none,info,/resume,Create a resume artifact,"A resume gives essay, activity, and application analysis more reliable context.",Create resume,in_app_readiness_surface|dashboard,redis_notification_feed|remote_push|email,profile-readiness:execution-create-resume-resume-none:a00d8f6848b5b8fd53105350,User has at least one resume artifact,,
user_prompt,ready_for_in_app_admin_delivery,efefd028899c83b572acbaca,execution-create-resume-resume-none,execution,create-resume,resume.none,info,/resume,Create a resume artifact,"A resume gives essay, activity, and application analysis more reliable context.",Create resume,in_app_readiness_surface|dashboard,redis_notification_feed|remote_push|email,profile-readiness:execution-create-resume-resume-none:efefd028899c83b572acbaca,User has at least one resume artifact,,
user_prompt,ready_for_in_app_admin_delivery,e68dd4215f226c8e4e76a5ce,execution-create-resume-resume-none,execution,create-resume,resume.none,info,/resume,Create a resume artifact,"A resume gives essay, activity, and application analysis more reliable context.",Create resume,in_app_readiness_surface|dashboard,redis_notification_feed|remote_push|email,profile-readiness:execution-create-resume-resume-none:e68dd4215f226c8e4e76a5ce,User has at least one resume artifact,,
user_prompt,ready_for_in_app_admin_delivery,81314501c599989cc7264bde,execution-create-resume-resume-none,execution,create-resume,resume.none,info,/resume,Create a resume artifact,"A resume gives essay, activity, and application analysis more reliable context.",Create resume,in_app_readiness_surface|dashboard,redis_notification_feed|remote_push|email,profile-readiness:execution-create-resume-resume-none:81314501c599989cc7264bde,User has at least one resume artifact,,
user_prompt,ready_for_in_app_admin_delivery,671882419679232da0e380f9,execution-create-resume-resume-none,execution,create-resume,resume.none,info,/resume,Create a resume artifact,"A resume gives essay, activity, and application analysis more reliable context.",Create resume,in_app_readiness_surface|dashboard,redis_notification_feed|remote_push|email,profile-readiness:execution-create-resume-resume-none:671882419679232da0e380f9,User has at least one resume artifact,,
user_prompt,ready_for_in_app_admin_delivery,09e472b96a6acc4e3214037f,execution-create-resume-resume-none,execution,create-resume,resume.none,info,/resume,Create a resume artifact,"A resume gives essay, activity, and application analysis more reliable context.",Create resume,in_app_readiness_surface|dashboard,redis_notification_feed|remote_push|email,profile-readiness:execution-create-resume-resume-none:09e472b96a6acc4e3214037f,User has at least one resume artifact,,
user_prompt,ready_for_in_app_admin_delivery,128cf9bdbbd30c4692340893,execution-create-resume-resume-none,execution,create-resume,resume.none,info,/resume,Create a resume artifact,"A resume gives essay, activity, and application analysis more reliable context.",Create resume,in_app_readiness_surface|dashboard,redis_notification_feed|remote_push|email,profile-readiness:execution-create-resume-resume-none:128cf9bdbbd30c4692340893,User has at least one resume artifact,,
user_prompt,ready_for_in_app_admin_delivery,bde3729d50403544ccebff9a,execution-create-resume-resume-none,execution,create-resume,resume.none,info,/resume,Create a resume artifact,"A resume gives essay, activity, and application analysis more reliable context.",Create resume,in_app_readiness_surface|dashboard,redis_notification_feed|remote_push|email,profile-readiness:execution-create-resume-resume-none:bde3729d50403544ccebff9a,User has at least one resume artifact,,
user_prompt,ready_for_in_app_admin_delivery,f75a8ccae118bcd318fc5cd2,execution-create-resume-resume-none,execution,create-resume,resume.none,info,/resume,Create a resume artifact,"A resume gives essay, activity, and application analysis more reliable context.",Create resume,in_app_readiness_surface|dashboard,redis_notification_feed|remote_push|email,profile-readiness:execution-create-resume-resume-none:f75a8ccae118bcd318fc5cd2,User has at least one resume artifact,,
user_prompt,ready_for_in_app_admin_delivery,6216f3543ca1643402cefaaa,execution-create-resume-resume-none,execution,create-resume,resume.none,info,/resume,Create a resume artifact,"A resume gives essay, activity, and application analysis more reliable context.",Create resume,in_app_readiness_surface|dashboard,redis_notification_feed|remote_push|email,profile-readiness:execution-create-resume-resume-none:6216f3543ca1643402cefaaa,User has at least one resume artifact,,
user_prompt,ready_for_in_app_admin_delivery,3c09f7498dcde215688f728f,execution-create-resume-resume-none,execution,create-resume,resume.none,info,/resume,Create a resume artifact,"A resume gives essay, activity, and application analysis more reliable context.",Create resume,in_app_readiness_surface|dashboard,redis_notification_feed|remote_push|email,profile-readiness:execution-create-resume-resume-none:3c09f7498dcde215688f728f,User has at least one resume artifact,,
user_prompt,ready_for_in_app_admin_delivery,5dfb40b1a9bf29962c92c4e0,execution-create-resume-resume-none,execution,create-resume,resume.none,info,/resume,Create a resume artifact,"A resume gives essay, activity, and application analysis more reliable context.",Create resume,in_app_readiness_surface|dashboard,redis_notification_feed|remote_push|email,profile-readiness:execution-create-resume-resume-none:5dfb40b1a9bf29962c92c4e0,User has at least one resume artifact,,
user_prompt,ready_for_in_app_admin_delivery,96e371a4d8ab3bb87e424de2,execution-create-resume-resume-none,execution,create-resume,resume.none,info,/resume,Create a resume artifact,"A resume gives essay, activity, and application analysis more reliable context.",Create resume,in_app_readiness_surface|dashboard,redis_notification_feed|remote_push|email,profile-readiness:execution-create-resume-resume-none:96e371a4d8ab3bb87e424de2,User has at least one resume artifact,,
user_prompt,ready_for_in_app_admin_delivery,8366ac6e15b379c3156f52a3,execution-create-resume-resume-none,execution,create-resume,resume.none,info,/resume,Create a resume artifact,"A resume gives essay, activity, and application analysis more reliable context.",Create resume,in_app_readiness_surface|dashboard,redis_notification_feed|remote_push|email,profile-readiness:execution-create-resume-resume-none:8366ac6e15b379c3156f52a3,User has at least one resume artifact,,
user_prompt,ready_for_in_app_admin_delivery,bc2c5e715fa4b0e0b3781a97,execution-create-resume-resume-none,execution,create-resume,resume.none,info,/resume,Create a resume artifact,"A resume gives essay, activity, and application analysis more reliable context.",Create resume,in_app_readiness_surface|dashboard,redis_notification_feed|remote_push|email,profile-readiness:execution-create-resume-resume-none:bc2c5e715fa4b0e0b3781a97,User has at least one resume artifact,,
user_prompt,ready_for_in_app_admin_delivery,46a752bfbb2e7f744530e13d,execution-create-resume-resume-none,execution,create-resume,resume.none,info,/resume,Create a resume artifact,"A resume gives essay, activity, and application analysis more reliable context.",Create resume,in_app_readiness_surface|dashboard,redis_notification_feed|remote_push|email,profile-readiness:execution-create-resume-resume-none:46a752bfbb2e7f744530e13d,User has at least one resume artifact,,
user_prompt,ready_for_in_app_admin_delivery,9d220a4364c379c59a202cd4,execution-create-resume-resume-none,execution,create-resume,resume.none,info,/resume,Create a resume artifact,"A resume gives essay, activity, and application analysis more reliable context.",Create resume,in_app_readiness_surface|dashboard,redis_notification_feed|remote_push|email,profile-readiness:execution-create-resume-resume-none:9d220a4364c379c59a202cd4,User has at least one resume artifact,,
user_prompt,ready_for_in_app_admin_delivery,f76c2626dd527a485a7371c8,execution-create-resume-resume-none,execution,create-resume,resume.none,info,/resume,Create a resume artifact,"A resume gives essay, activity, and application analysis more reliable context.",Create resume,in_app_readiness_surface|dashboard,redis_notification_feed|remote_push|email,profile-readiness:execution-create-resume-resume-none:f76c2626dd527a485a7371c8,User has at least one resume artifact,,
user_prompt,ready_for_in_app_admin_delivery,7485dc85ce9c7c23100b5076,execution-create-resume-resume-none,execution,create-resume,resume.none,info,/resume,Create a resume artifact,"A resume gives essay, activity, and application analysis more reliable context.",Create resume,in_app_readiness_surface|dashboard,redis_notification_feed|remote_push|email,profile-readiness:execution-create-resume-resume-none:7485dc85ce9c7c23100b5076,User has at least one resume artifact,,
user_prompt,ready_for_in_app_admin_delivery,493455dcf43164fdafd025ab,execution-create-resume-resume-none,execution,create-resume,resume.none,info,/resume,Create a resume artifact,"A resume gives essay, activity, and application analysis more reliable context.",Create resume,in_app_readiness_surface|dashboard,redis_notification_feed|remote_push|email,profile-readiness:execution-create-resume-resume-none:493455dcf43164fdafd025ab,User has at least one resume artifact,,
user_prompt,ready_for_in_app_admin_delivery,d44a6faef26ba1d5222a2e39,execution-create-resume-resume-none,execution,create-resume,resume.none,info,/resume,Create a resume artifact,"A resume gives essay, activity, and application analysis more reliable context.",Create resume,in_app_readiness_surface|dashboard,redis_notification_feed|remote_push|email,profile-readiness:execution-create-resume-resume-none:d44a6faef26ba1d5222a2e39,User has at least one resume artifact,,
user_prompt,ready_for_in_app_admin_delivery,f6cb8463a6bab81fcb529e4f,execution-create-resume-resume-none,execution,create-resume,resume.none,info,/resume,Create a resume artifact,"A resume gives essay, activity, and application analysis more reliable context.",Create resume,in_app_readiness_surface|dashboard,redis_notification_feed|remote_push|email,profile-readiness:execution-create-resume-resume-none:f6cb8463a6bab81fcb529e4f,User has at least one resume artifact,,
user_prompt,ready_for_in_app_admin_delivery,79737e323e376db6095ff50e,execution-create-resume-resume-none,execution,create-resume,resume.none,info,/resume,Create a resume artifact,"A resume gives essay, activity, and application analysis more reliable context.",Create resume,in_app_readiness_surface|dashboard,redis_notification_feed|remote_push|email,profile-readiness:execution-create-resume-resume-none:79737e323e376db6095ff50e,User has at least one resume artifact,,
user_prompt,ready_for_in_app_admin_delivery,7ab816c6f8d5cc286f16139a,execution-create-resume-resume-none,execution,create-resume,resume.none,info,/resume,Create a resume artifact,"A resume gives essay, activity, and application analysis more reliable context.",Create resume,in_app_readiness_surface|dashboard,redis_notification_feed|remote_push|email,profile-readiness:execution-create-resume-resume-none:7ab816c6f8d5cc286f16139a,User has at least one resume artifact,,
user_prompt,ready_for_in_app_admin_delivery,e5c0e17ab64859b74bf6a7ce,execution-create-resume-resume-none,execution,create-resume,resume.none,info,/resume,Create a resume artifact,"A resume gives essay, activity, and application analysis more reliable context.",Create resume,in_app_readiness_surface|dashboard,redis_notification_feed|remote_push|email,profile-readiness:execution-create-resume-resume-none:e5c0e17ab64859b74bf6a7ce,User has at least one resume artifact,,
user_prompt,ready_for_in_app_admin_delivery,499091972c7cb9710f63f1f4,execution-create-resume-resume-none,execution,create-resume,resume.none,info,/resume,Create a resume artifact,"A resume gives essay, activity, and application analysis more reliable context.",Create resume,in_app_readiness_surface|dashboard,redis_notification_feed|remote_push|email,profile-readiness:execution-create-resume-resume-none:499091972c7cb9710f63f1f4,User has at least one resume artifact,,
user_prompt,ready_for_in_app_admin_delivery,ee9a1b7f3b9a5b8ba2b2a3ce,execution-create-resume-resume-none,execution,create-resume,resume.none,info,/resume,Create a resume artifact,"A resume gives essay, activity, and application analysis more reliable context.",Create resume,in_app_readiness_surface|dashboard,redis_notification_feed|remote_push|email,profile-readiness:execution-create-resume-resume-none:ee9a1b7f3b9a5b8ba2b2a3ce,User has at least one resume artifact,,
user_prompt,ready_for_in_app_admin_delivery,594933ae4e120a1f1584356d,execution-create-resume-resume-none,execution,create-resume,resume.none,info,/resume,Create a resume artifact,"A resume gives essay, activity, and application analysis more reliable context.",Create resume,in_app_readiness_surface|dashboard,redis_notification_feed|remote_push|email,profile-readiness:execution-create-resume-resume-none:594933ae4e120a1f1584356d,User has at least one resume artifact,,
user_prompt,ready_for_in_app_admin_delivery,3afd7b8036e5c1e1e5d7c845,execution-create-resume-resume-none,execution,create-resume,resume.none,info,/resume,Create a resume artifact,"A resume gives essay, activity, and application analysis more reliable context.",Create resume,in_app_readiness_surface|dashboard,redis_notification_feed|remote_push|email,profile-readiness:execution-create-resume-resume-none:3afd7b8036e5c1e1e5d7c845,User has at least one resume artifact,,
user_prompt,ready_for_in_app_admin_delivery,d27e08ac8b20959602364ff0,execution-create-resume-resume-none,execution,create-resume,resume.none,info,/resume,Create a resume artifact,"A resume gives essay, activity, and application analysis more reliable context.",Create resume,in_app_readiness_surface|dashboard,redis_notification_feed|remote_push|email,profile-readiness:execution-create-resume-resume-none:d27e08ac8b20959602364ff0,User has at least one resume artifact,,
user_prompt,ready_for_in_app_admin_delivery,250478f9bc807d488188e43a,execution-create-resume-resume-none,execution,create-resume,resume.none,info,/resume,Create a resume artifact,"A resume gives essay, activity, and application analysis more reliable context.",Create resume,in_app_readiness_surface|dashboard,redis_notification_feed|remote_push|email,profile-readiness:execution-create-resume-resume-none:250478f9bc807d488188e43a,User has at least one resume artifact,,
user_prompt,ready_for_in_app_admin_delivery,eeba0a3855a48d924581623c,execution-create-resume-resume-none,execution,create-resume,resume.none,info,/resume,Create a resume artifact,"A resume gives essay, activity, and application analysis more reliable context.",Create resume,in_app_readiness_surface|dashboard,redis_notification_feed|remote_push|email,profile-readiness:execution-create-resume-resume-none:eeba0a3855a48d924581623c,User has at least one resume artifact,,
user_prompt,ready_for_in_app_admin_delivery,e459d2836df1c0cc6c82dceb,execution-create-resume-resume-none,execution,create-resume,resume.none,info,/resume,Create a resume artifact,"A resume gives essay, activity, and application analysis more reliable context.",Create resume,in_app_readiness_surface|dashboard,redis_notification_feed|remote_push|email,profile-readiness:execution-create-resume-resume-none:e459d2836df1c0cc6c82dceb,User has at least one resume artifact,,
user_prompt,ready_for_in_app_admin_delivery,aec864b0bd9e03013c1bd23d,execution-create-resume-resume-none,execution,create-resume,resume.none,info,/resume,Create a resume artifact,"A resume gives essay, activity, and application analysis more reliable context.",Create resume,in_app_readiness_surface|dashboard,redis_notification_feed|remote_push|email,profile-readiness:execution-create-resume-resume-none:aec864b0bd9e03013c1bd23d,User has at least one resume artifact,,
user_prompt,ready_for_in_app_admin_delivery,540754f3060141f2b8358f73,execution-create-resume-resume-none,execution,create-resume,resume.none,info,/resume,Create a resume artifact,"A resume gives essay, activity, and application analysis more reliable context.",Create resume,in_app_readiness_surface|dashboard,redis_notification_feed|remote_push|email,profile-readiness:execution-create-resume-resume-none:540754f3060141f2b8358f73,User has at least one resume artifact,,
user_prompt,ready_for_in_app_admin_delivery,8b9063753df9105b7b12e477,execution-create-resume-resume-none,execution,create-resume,resume.none,info,/resume,Create a resume artifact,"A resume gives essay, activity, and application analysis more reliable context.",Create resume,in_app_readiness_surface|dashboard,redis_notification_feed|remote_push|email,profile-readiness:execution-create-resume-resume-none:8b9063753df9105b7b12e477,User has at least one resume artifact,,
user_prompt,ready_for_in_app_admin_delivery,5364f9b995e1a6efbfa9858f,execution-create-resume-resume-none,execution,create-resume,resume.none,info,/resume,Create a resume artifact,"A resume gives essay, activity, and application analysis more reliable context.",Create resume,in_app_readiness_surface|dashboard,redis_notification_feed|remote_push|email,profile-readiness:execution-create-resume-resume-none:5364f9b995e1a6efbfa9858f,User has at least one resume artifact,,
user_prompt,ready_for_in_app_admin_delivery,9c98541c41c8d2c277251c30,execution-create-resume-resume-none,execution,create-resume,resume.none,info,/resume,Create a resume artifact,"A resume gives essay, activity, and application analysis more reliable context.",Create resume,in_app_readiness_surface|dashboard,redis_notification_feed|remote_push|email,profile-readiness:execution-create-resume-resume-none:9c98541c41c8d2c277251c30,User has at least one resume artifact,,
user_prompt,ready_for_in_app_admin_delivery,92349fe3dedf888ceb1d3ff8,execution-create-resume-resume-none,execution,create-resume,resume.none,info,/resume,Create a resume artifact,"A resume gives essay, activity, and application analysis more reliable context.",Create resume,in_app_readiness_surface|dashboard,redis_notification_feed|remote_push|email,profile-readiness:execution-create-resume-resume-none:92349fe3dedf888ceb1d3ff8,User has at least one resume artifact,,
user_prompt,ready_for_in_app_admin_delivery,f811873eb9c4893968cd0bf6,execution-create-resume-resume-none,execution,create-resume,resume.none,info,/resume,Create a resume artifact,"A resume gives essay, activity, and application analysis more reliable context.",Create resume,in_app_readiness_surface|dashboard,redis_notification_feed|remote_push|email,profile-readiness:execution-create-resume-resume-none:f811873eb9c4893968cd0bf6,User has at least one resume artifact,,
user_prompt,ready_for_in_app_admin_delivery,76428c0bc12e5f8a82059c87,execution-create-resume-resume-none,execution,create-resume,resume.none,info,/resume,Create a resume artifact,"A resume gives essay, activity, and application analysis more reliable context.",Create resume,in_app_readiness_surface|dashboard,redis_notification_feed|remote_push|email,profile-readiness:execution-create-resume-resume-none:76428c0bc12e5f8a82059c87,User has at least one resume artifact,,
user_prompt,ready_for_in_app_admin_delivery,38513449c80d8608d453d1a8,execution-create-resume-resume-none,execution,create-resume,resume.none,info,/resume,Create a resume artifact,"A resume gives essay, activity, and application analysis more reliable context.",Create resume,in_app_readiness_surface|dashboard,redis_notification_feed|remote_push|email,profile-readiness:execution-create-resume-resume-none:38513449c80d8608d453d1a8,User has at least one resume artifact,,
user_prompt,ready_for_in_app_admin_delivery,708ca028a5ed9809c9b06bac,execution-create-resume-resume-none,execution,create-resume,resume.none,info,/resume,Create a resume artifact,"A resume gives essay, activity, and application analysis more reliable context.",Create resume,in_app_readiness_surface|dashboard,redis_notification_feed|remote_push|email,profile-readiness:execution-create-resume-resume-none:708ca028a5ed9809c9b06bac,User has at least one resume artifact,,
user_prompt,ready_for_in_app_admin_delivery,c2a7e031b5c8c4fbb8009d27,execution-create-resume-resume-none,execution,create-resume,resume.none,info,/resume,Create a resume artifact,"A resume gives essay, activity, and application analysis more reliable context.",Create resume,in_app_readiness_surface|dashboard,redis_notification_feed|remote_push|email,profile-readiness:execution-create-resume-resume-none:c2a7e031b5c8c4fbb8009d27,User has at least one resume artifact,,
user_prompt,ready_for_in_app_admin_delivery,0e0218d4eec178ae14d0895a,execution-create-resume-resume-none,execution,create-resume,resume.none,info,/resume,Create a resume artifact,"A resume gives essay, activity, and application analysis more reliable context.",Create resume,in_app_readiness_surface|dashboard,redis_notification_feed|remote_push|email,profile-readiness:execution-create-resume-resume-none:0e0218d4eec178ae14d0895a,User has at least one resume artifact,,
user_prompt,ready_for_in_app_admin_delivery,2d361e3c8b12cd5dc12f9b4c,execution-create-resume-resume-none,execution,create-resume,resume.none,info,/resume,Create a resume artifact,"A resume gives essay, activity, and application analysis more reliable context.",Create resume,in_app_readiness_surface|dashboard,redis_notification_feed|remote_push|email,profile-readiness:execution-create-resume-resume-none:2d361e3c8b12cd5dc12f9b4c,User has at least one resume artifact,,
user_prompt,ready_for_in_app_admin_delivery,289345ad1b8f6120174beca6,execution-create-resume-resume-none,execution,create-resume,resume.none,info,/resume,Create a resume artifact,"A resume gives essay, activity, and application analysis more reliable context.",Create resume,in_app_readiness_surface|dashboard,redis_notification_feed|remote_push|email,profile-readiness:execution-create-resume-resume-none:289345ad1b8f6120174beca6,User has at least one resume artifact,,
user_prompt,ready_for_in_app_admin_delivery,658c551b01997776794f7117,execution-create-resume-resume-none,execution,create-resume,resume.none,info,/resume,Create a resume artifact,"A resume gives essay, activity, and application analysis more reliable context.",Create resume,in_app_readiness_surface|dashboard,redis_notification_feed|remote_push|email,profile-readiness:execution-create-resume-resume-none:658c551b01997776794f7117,User has at least one resume artifact,,
user_prompt,ready_for_in_app_admin_delivery,245f4ae153eb6bf549ffa449,execution-create-resume-resume-none,execution,create-resume,resume.none,info,/resume,Create a resume artifact,"A resume gives essay, activity, and application analysis more reliable context.",Create resume,in_app_readiness_surface|dashboard,redis_notification_feed|remote_push|email,profile-readiness:execution-create-resume-resume-none:245f4ae153eb6bf549ffa449,User has at least one resume artifact,,
user_prompt,ready_for_in_app_admin_delivery,b0bb1e7f7e6c5ca36c495b28,execution-create-resume-resume-none,execution,create-resume,resume.none,info,/resume,Create a resume artifact,"A resume gives essay, activity, and application analysis more reliable context.",Create resume,in_app_readiness_surface|dashboard,redis_notification_feed|remote_push|email,profile-readiness:execution-create-resume-resume-none:b0bb1e7f7e6c5ca36c495b28,User has at least one resume artifact,,
user_prompt,ready_for_in_app_admin_delivery,789fa80ec8187b8e6d87972e,execution-create-resume-resume-none,execution,create-resume,resume.none,info,/resume,Create a resume artifact,"A resume gives essay, activity, and application analysis more reliable context.",Create resume,in_app_readiness_surface|dashboard,redis_notification_feed|remote_push|email,profile-readiness:execution-create-resume-resume-none:789fa80ec8187b8e6d87972e,User has at least one resume artifact,,
user_prompt,ready_for_in_app_admin_delivery,c8789c9b521d45030a2fb844,execution-create-resume-resume-none,execution,create-resume,resume.none,info,/resume,Create a resume artifact,"A resume gives essay, activity, and application analysis more reliable context.",Create resume,in_app_readiness_surface|dashboard,redis_notification_feed|remote_push|email,profile-readiness:execution-create-resume-resume-none:c8789c9b521d45030a2fb844,User has at least one resume artifact,,
user_prompt,ready_for_in_app_admin_delivery,047fbb2b1257b6188c1c338e,execution-create-resume-resume-none,execution,create-resume,resume.none,info,/resume,Create a resume artifact,"A resume gives essay, activity, and application analysis more reliable context.",Create resume,in_app_readiness_surface|dashboard,redis_notification_feed|remote_push|email,profile-readiness:execution-create-resume-resume-none:047fbb2b1257b6188c1c338e,User has at least one resume artifact,,
user_prompt,ready_for_in_app_admin_delivery,9a17753b6f92c305cf1d00e6,execution-create-resume-resume-none,execution,create-resume,resume.none,info,/resume,Create a resume artifact,"A resume gives essay, activity, and application analysis more reliable context.",Create resume,in_app_readiness_surface|dashboard,redis_notification_feed|remote_push|email,profile-readiness:execution-create-resume-resume-none:9a17753b6f92c305cf1d00e6,User has at least one resume artifact,,
user_prompt,ready_for_in_app_admin_delivery,00e1f822258b7e9c7710824d,execution-create-resume-resume-none,execution,create-resume,resume.none,info,/resume,Create a resume artifact,"A resume gives essay, activity, and application analysis more reliable context.",Create resume,in_app_readiness_surface|dashboard,redis_notification_feed|remote_push|email,profile-readiness:execution-create-resume-resume-none:00e1f822258b7e9c7710824d,User has at least one resume artifact,,
user_prompt,ready_for_in_app_admin_delivery,681f630e1598a0f84dfbdad9,execution-create-resume-resume-none,execution,create-resume,resume.none,info,/resume,Create a resume artifact,"A resume gives essay, activity, and application analysis more reliable context.",Create resume,in_app_readiness_surface|dashboard,redis_notification_feed|remote_push|email,profile-readiness:execution-create-resume-resume-none:681f630e1598a0f84dfbdad9,User has at least one resume artifact,,
user_prompt,ready_for_in_app_admin_delivery,3db5a85c977720262ae3558c,execution-create-resume-resume-none,execution,create-resume,resume.none,info,/resume,Create a resume artifact,"A resume gives essay, activity, and application analysis more reliable context.",Create resume,in_app_readiness_surface|dashboard,redis_notification_feed|remote_push|email,profile-readiness:execution-create-resume-resume-none:3db5a85c977720262ae3558c,User has at least one resume artifact,,
user_prompt,ready_for_in_app_admin_delivery,cad09eb9c12777a1903efa82,execution-create-resume-resume-none,execution,create-resume,resume.none,info,/resume,Create a resume artifact,"A resume gives essay, activity, and application analysis more reliable context.",Create resume,in_app_readiness_surface|dashboard,redis_notification_feed|remote_push|email,profile-readiness:execution-create-resume-resume-none:cad09eb9c12777a1903efa82,User has at least one resume artifact,,
user_prompt,ready_for_in_app_admin_delivery,5de8dd131d908be3f8be7a2d,execution-create-resume-resume-none,execution,create-resume,resume.none,info,/resume,Create a resume artifact,"A resume gives essay, activity, and application analysis more reliable context.",Create resume,in_app_readiness_surface|dashboard,redis_notification_feed|remote_push|email,profile-readiness:execution-create-resume-resume-none:5de8dd131d908be3f8be7a2d,User has at least one resume artifact,,
user_prompt,ready_for_in_app_admin_delivery,a59059c654235239f0a6c65f,execution-create-resume-resume-none,execution,create-resume,resume.none,info,/resume,Create a resume artifact,"A resume gives essay, activity, and application analysis more reliable context.",Create resume,in_app_readiness_surface|dashboard,redis_notification_feed|remote_push|email,profile-readiness:execution-create-resume-resume-none:a59059c654235239f0a6c65f,User has at least one resume artifact,,
user_prompt,ready_for_in_app_admin_delivery,a9f610abf63d7843a44ff565,execution-create-resume-resume-none,execution,create-resume,resume.none,info,/resume,Create a resume artifact,"A resume gives essay, activity, and application analysis more reliable context.",Create resume,in_app_readiness_surface|dashboard,redis_notification_feed|remote_push|email,profile-readiness:execution-create-resume-resume-none:a9f610abf63d7843a44ff565,User has at least one resume artifact,,
user_prompt,ready_for_in_app_admin_delivery,938e10d6b09fbb6b6b230e4e,execution-create-resume-resume-none,execution,create-resume,resume.none,info,/resume,Create a resume artifact,"A resume gives essay, activity, and application analysis more reliable context.",Create resume,in_app_readiness_surface|dashboard,redis_notification_feed|remote_push|email,profile-readiness:execution-create-resume-resume-none:938e10d6b09fbb6b6b230e4e,User has at least one resume artifact,,
user_prompt,ready_for_in_app_admin_delivery,a8615f48d9550a80dc5627ea,execution-create-resume-resume-none,execution,create-resume,resume.none,info,/resume,Create a resume artifact,"A resume gives essay, activity, and application analysis more reliable context.",Create resume,in_app_readiness_surface|dashboard,redis_notification_feed|remote_push|email,profile-readiness:execution-create-resume-resume-none:a8615f48d9550a80dc5627ea,User has at least one resume artifact,,
user_prompt,ready_for_in_app_admin_delivery,5fc2b5b85c0ba89f9ac12c27,execution-create-resume-resume-none,execution,create-resume,resume.none,info,/resume,Create a resume artifact,"A resume gives essay, activity, and application analysis more reliable context.",Create resume,in_app_readiness_surface|dashboard,redis_notification_feed|remote_push|email,profile-readiness:execution-create-resume-resume-none:5fc2b5b85c0ba89f9ac12c27,User has at least one resume artifact,,
user_prompt,ready_for_in_app_admin_delivery,23525cc368de8b7e63422191,execution-create-resume-resume-none,execution,create-resume,resume.none,info,/resume,Create a resume artifact,"A resume gives essay, activity, and application analysis more reliable context.",Create resume,in_app_readiness_surface|dashboard,redis_notification_feed|remote_push|email,profile-readiness:execution-create-resume-resume-none:23525cc368de8b7e63422191,User has at least one resume artifact,,
user_prompt,ready_for_in_app_admin_delivery,e9e452388d9c685c51e9a2c9,execution-create-resume-resume-none,execution,create-resume,resume.none,info,/resume,Create a resume artifact,"A resume gives essay, activity, and application analysis more reliable context.",Create resume,in_app_readiness_surface|dashboard,redis_notification_feed|remote_push|email,profile-readiness:execution-create-resume-resume-none:e9e452388d9c685c51e9a2c9,User has at least one resume artifact,,
user_prompt,ready_for_in_app_admin_delivery,6527db866ca438e56f6b6c07,execution-create-resume-resume-none,execution,create-resume,resume.none,info,/resume,Create a resume artifact,"A resume gives essay, activity, and application analysis more reliable context.",Create resume,in_app_readiness_surface|dashboard,redis_notification_feed|remote_push|email,profile-readiness:execution-create-resume-resume-none:6527db866ca438e56f6b6c07,User has at least one resume artifact,,
user_prompt,ready_for_in_app_admin_delivery,a3765184683ddbf1a3263f80,execution-create-resume-resume-none,execution,create-resume,resume.none,info,/resume,Create a resume artifact,"A resume gives essay, activity, and application analysis more reliable context.",Create resume,in_app_readiness_surface|dashboard,redis_notification_feed|remote_push|email,profile-readiness:execution-create-resume-resume-none:a3765184683ddbf1a3263f80,User has at least one resume artifact,,
user_prompt,ready_for_in_app_admin_delivery,0984f97b4c9e411ae688c719,execution-create-resume-resume-none,execution,create-resume,resume.none,info,/resume,Create a resume artifact,"A resume gives essay, activity, and application analysis more reliable context.",Create resume,in_app_readiness_surface|dashboard,redis_notification_feed|remote_push|email,profile-readiness:execution-create-resume-resume-none:0984f97b4c9e411ae688c719,User has at least one resume artifact,,
user_prompt,ready_for_in_app_admin_delivery,d2dfa091194b4b601fd93a2f,execution-create-resume-resume-none,execution,create-resume,resume.none,info,/resume,Create a resume artifact,"A resume gives essay, activity, and application analysis more reliable context.",Create resume,in_app_readiness_surface|dashboard,redis_notification_feed|remote_push|email,profile-readiness:execution-create-resume-resume-none:d2dfa091194b4b601fd93a2f,User has at least one resume artifact,,
user_prompt,ready_for_in_app_admin_delivery,3f67df57cfda6fa11994c000,execution-create-resume-resume-none,execution,create-resume,resume.none,info,/resume,Create a resume artifact,"A resume gives essay, activity, and application analysis more reliable context.",Create resume,in_app_readiness_surface|dashboard,redis_notification_feed|remote_push|email,profile-readiness:execution-create-resume-resume-none:3f67df57cfda6fa11994c000,User has at least one resume artifact,,
user_prompt,ready_for_in_app_admin_delivery,2cdd1d6c37e7b4e60206872e,execution-create-resume-resume-none,execution,create-resume,resume.none,info,/resume,Create a resume artifact,"A resume gives essay, activity, and application analysis more reliable context.",Create resume,in_app_readiness_surface|dashboard,redis_notification_feed|remote_push|email,profile-readiness:execution-create-resume-resume-none:2cdd1d6c37e7b4e60206872e,User has at least one resume artifact,,
user_prompt,ready_for_in_app_admin_delivery,282b8d78bc025cdab396c69a,execution-create-resume-resume-none,execution,create-resume,resume.none,info,/resume,Create a resume artifact,"A resume gives essay, activity, and application analysis more reliable context.",Create resume,in_app_readiness_surface|dashboard,redis_notification_feed|remote_push|email,profile-readiness:execution-create-resume-resume-none:282b8d78bc025cdab396c69a,User has at least one resume artifact,,
user_prompt,ready_for_in_app_admin_delivery,1866a2d45ee8d3a871ad2e71,execution-create-resume-resume-none,execution,create-resume,resume.none,info,/resume,Create a resume artifact,"A resume gives essay, activity, and application analysis more reliable context.",Create resume,in_app_readiness_surface|dashboard,redis_notification_feed|remote_push|email,profile-readiness:execution-create-resume-resume-none:1866a2d45ee8d3a871ad2e71,User has at least one resume artifact,,
user_prompt,ready_for_in_app_admin_delivery,4b7e1334a900ac684d603b62,execution-create-resume-resume-none,execution,create-resume,resume.none,info,/resume,Create a resume artifact,"A resume gives essay, activity, and application analysis more reliable context.",Create resume,in_app_readiness_surface|dashboard,redis_notification_feed|remote_push|email,profile-readiness:execution-create-resume-resume-none:4b7e1334a900ac684d603b62,User has at least one resume artifact,,
user_prompt,ready_for_in_app_admin_delivery,2e6cda3073191443688cd586,execution-create-resume-resume-none,execution,create-resume,resume.none,info,/resume,Create a resume artifact,"A resume gives essay, activity, and application analysis more reliable context.",Create resume,in_app_readiness_surface|dashboard,redis_notification_feed|remote_push|email,profile-readiness:execution-create-resume-resume-none:2e6cda3073191443688cd586,User has at least one resume artifact,,
user_prompt,ready_for_in_app_admin_delivery,36ed3d17c59c821773e09ca1,execution-create-resume-resume-none,execution,create-resume,resume.none,info,/resume,Create a resume artifact,"A resume gives essay, activity, and application analysis more reliable context.",Create resume,in_app_readiness_surface|dashboard,redis_notification_feed|remote_push|email,profile-readiness:execution-create-resume-resume-none:36ed3d17c59c821773e09ca1,User has at least one resume artifact,,
user_prompt,ready_for_in_app_admin_delivery,10f66e162b2a7d95bc50da70,execution-create-resume-resume-none,execution,create-resume,resume.none,info,/resume,Create a resume artifact,"A resume gives essay, activity, and application analysis more reliable context.",Create resume,in_app_readiness_surface|dashboard,redis_notification_feed|remote_push|email,profile-readiness:execution-create-resume-resume-none:10f66e162b2a7d95bc50da70,User has at least one resume artifact,,
user_prompt,ready_for_in_app_admin_delivery,d418c7bf3670b6453a63d813,execution-create-resume-resume-none,execution,create-resume,resume.none,info,/resume,Create a resume artifact,"A resume gives essay, activity, and application analysis more reliable context.",Create resume,in_app_readiness_surface|dashboard,redis_notification_feed|remote_push|email,profile-readiness:execution-create-resume-resume-none:d418c7bf3670b6453a63d813,User has at least one resume artifact,,
user_prompt,ready_for_in_app_admin_delivery,df6d2abb27451f5fa1dc8379,execution-create-resume-resume-none,execution,create-resume,resume.none,info,/resume,Create a resume artifact,"A resume gives essay, activity, and application analysis more reliable context.",Create resume,in_app_readiness_surface|dashboard,redis_notification_feed|remote_push|email,profile-readiness:execution-create-resume-resume-none:df6d2abb27451f5fa1dc8379,User has at least one resume artifact,,
user_prompt,ready_for_in_app_admin_delivery,4c30c695722622a47cc1a82e,execution-create-resume-resume-none,execution,create-resume,resume.none,info,/resume,Create a resume artifact,"A resume gives essay, activity, and application analysis more reliable context.",Create resume,in_app_readiness_surface|dashboard,redis_notification_feed|remote_push|email,profile-readiness:execution-create-resume-resume-none:4c30c695722622a47cc1a82e,User has at least one resume artifact,,
user_prompt,ready_for_in_app_admin_delivery,fabb30faa4f6f41348116c7e,execution-create-resume-resume-none,execution,create-resume,resume.none,info,/resume,Create a resume artifact,"A resume gives essay, activity, and application analysis more reliable context.",Create resume,in_app_readiness_surface|dashboard,redis_notification_feed|remote_push|email,profile-readiness:execution-create-resume-resume-none:fabb30faa4f6f41348116c7e,User has at least one resume artifact,,
user_prompt,ready_for_in_app_admin_delivery,9f540ba4a720667a80bf9f98,execution-create-resume-resume-none,execution,create-resume,resume.none,info,/resume,Create a resume artifact,"A resume gives essay, activity, and application analysis more reliable context.",Create resume,in_app_readiness_surface|dashboard,redis_notification_feed|remote_push|email,profile-readiness:execution-create-resume-resume-none:9f540ba4a720667a80bf9f98,User has at least one resume artifact,,
user_prompt,ready_for_in_app_admin_delivery,a90bde0a302d98c0ecd110eb,execution-create-resume-resume-none,execution,create-resume,resume.none,info,/resume,Create a resume artifact,"A resume gives essay, activity, and application analysis more reliable context.",Create resume,in_app_readiness_surface|dashboard,redis_notification_feed|remote_push|email,profile-readiness:execution-create-resume-resume-none:a90bde0a302d98c0ecd110eb,User has at least one resume artifact,,
user_prompt,ready_for_in_app_admin_delivery,576ad17c7ef49e92e56c56f4,execution-create-resume-resume-none,execution,create-resume,resume.none,info,/resume,Create a resume artifact,"A resume gives essay, activity, and application analysis more reliable context.",Create resume,in_app_readiness_surface|dashboard,redis_notification_feed|remote_push|email,profile-readiness:execution-create-resume-resume-none:576ad17c7ef49e92e56c56f4,User has at least one resume artifact,,
user_prompt,ready_for_in_app_admin_delivery,d0a6c2932159a68b1829944a,execution-create-resume-resume-none,execution,create-resume,resume.none,info,/resume,Create a resume artifact,"A resume gives essay, activity, and application analysis more reliable context.",Create resume,in_app_readiness_surface|dashboard,redis_notification_feed|remote_push|email,profile-readiness:execution-create-resume-resume-none:d0a6c2932159a68b1829944a,User has at least one resume artifact,,
user_prompt,ready_for_in_app_admin_delivery,09b0d988d0b0c1669bd07bb5,execution-create-resume-resume-none,execution,create-resume,resume.none,info,/resume,Create a resume artifact,"A resume gives essay, activity, and application analysis more reliable context.",Create resume,in_app_readiness_surface|dashboard,redis_notification_feed|remote_push|email,profile-readiness:execution-create-resume-resume-none:09b0d988d0b0c1669bd07bb5,User has at least one resume artifact,,
user_prompt,ready_for_in_app_admin_delivery,18bdef37a4018bbe19cbf58b,execution-create-resume-resume-none,execution,create-resume,resume.none,info,/resume,Create a resume artifact,"A resume gives essay, activity, and application analysis more reliable context.",Create resume,in_app_readiness_surface|dashboard,redis_notification_feed|remote_push|email,profile-readiness:execution-create-resume-resume-none:18bdef37a4018bbe19cbf58b,User has at least one resume artifact,,
user_prompt,ready_for_in_app_admin_delivery,6486146070efd5bc9be34f72,execution-create-resume-resume-none,execution,create-resume,resume.none,info,/resume,Create a resume artifact,"A resume gives essay, activity, and application analysis more reliable context.",Create resume,in_app_readiness_surface|dashboard,redis_notification_feed|remote_push|email,profile-readiness:execution-create-resume-resume-none:6486146070efd5bc9be34f72,User has at least one resume artifact,,
user_prompt,ready_for_in_app_admin_delivery,91aded673af60a06a5d6a4f1,execution-create-resume-resume-none,execution,create-resume,resume.none,info,/resume,Create a resume artifact,"A resume gives essay, activity, and application analysis more reliable context.",Create resume,in_app_readiness_surface|dashboard,redis_notification_feed|remote_push|email,profile-readiness:execution-create-resume-resume-none:91aded673af60a06a5d6a4f1,User has at least one resume artifact,,
user_prompt,ready_for_in_app_admin_delivery,0e240658b0ed5ddc5ddac053,execution-create-resume-resume-none,execution,create-resume,resume.none,info,/resume,Create a resume artifact,"A resume gives essay, activity, and application analysis more reliable context.",Create resume,in_app_readiness_surface|dashboard,redis_notification_feed|remote_push|email,profile-readiness:execution-create-resume-resume-none:0e240658b0ed5ddc5ddac053,User has at least one resume artifact,,
user_prompt,ready_for_in_app_admin_delivery,160fbb2e25a95bb3f9eced86,execution-create-resume-resume-none,execution,create-resume,resume.none,info,/resume,Create a resume artifact,"A resume gives essay, activity, and application analysis more reliable context.",Create resume,in_app_readiness_surface|dashboard,redis_notification_feed|remote_push|email,profile-readiness:execution-create-resume-resume-none:160fbb2e25a95bb3f9eced86,User has at least one resume artifact,,
user_prompt,ready_for_in_app_admin_delivery,ddf064cfc49aa62c9d8707cc,execution-create-resume-resume-none,execution,create-resume,resume.none,info,/resume,Create a resume artifact,"A resume gives essay, activity, and application analysis more reliable context.",Create resume,in_app_readiness_surface|dashboard,redis_notification_feed|remote_push|email,profile-readiness:execution-create-resume-resume-none:ddf064cfc49aa62c9d8707cc,User has at least one resume artifact,,
user_prompt,ready_for_in_app_admin_delivery,a790099ccfefc40ce8696476,execution-create-resume-resume-none,execution,create-resume,resume.none,info,/resume,Create a resume artifact,"A resume gives essay, activity, and application analysis more reliable context.",Create resume,in_app_readiness_surface|dashboard,redis_notification_feed|remote_push|email,profile-readiness:execution-create-resume-resume-none:a790099ccfefc40ce8696476,User has at least one resume artifact,,
user_prompt,ready_for_in_app_admin_delivery,e05394e22942d705c03859bd,execution-create-resume-resume-none,execution,create-resume,resume.none,info,/resume,Create a resume artifact,"A resume gives essay, activity, and application analysis more reliable context.",Create resume,in_app_readiness_surface|dashboard,redis_notification_feed|remote_push|email,profile-readiness:execution-create-resume-resume-none:e05394e22942d705c03859bd,User has at least one resume artifact,,
user_prompt,ready_for_in_app_admin_delivery,a995021d6a20228df7f3d2c7,execution-create-resume-resume-none,execution,create-resume,resume.none,info,/resume,Create a resume artifact,"A resume gives essay, activity, and application analysis more reliable context.",Create resume,in_app_readiness_surface|dashboard,redis_notification_feed|remote_push|email,profile-readiness:execution-create-resume-resume-none:a995021d6a20228df7f3d2c7,User has at least one resume artifact,,
user_prompt,ready_for_in_app_admin_delivery,33a18bd87c4167c2d25c8f80,execution-create-resume-resume-none,execution,create-resume,resume.none,info,/resume,Create a resume artifact,"A resume gives essay, activity, and application analysis more reliable context.",Create resume,in_app_readiness_surface|dashboard,redis_notification_feed|remote_push|email,profile-readiness:execution-create-resume-resume-none:33a18bd87c4167c2d25c8f80,User has at least one resume artifact,,
user_prompt,ready_for_in_app_admin_delivery,2000da6ed500774c6aea6a3f,execution-create-resume-resume-none,execution,create-resume,resume.none,info,/resume,Create a resume artifact,"A resume gives essay, activity, and application analysis more reliable context.",Create resume,in_app_readiness_surface|dashboard,redis_notification_feed|remote_push|email,profile-readiness:execution-create-resume-resume-none:2000da6ed500774c6aea6a3f,User has at least one resume artifact,,
user_prompt,ready_for_in_app_admin_delivery,62e20c0d2922ccd5833fc157,execution-create-resume-resume-none,execution,create-resume,resume.none,info,/resume,Create a resume artifact,"A resume gives essay, activity, and application analysis more reliable context.",Create resume,in_app_readiness_surface|dashboard,redis_notification_feed|remote_push|email,profile-readiness:execution-create-resume-resume-none:62e20c0d2922ccd5833fc157,User has at least one resume artifact,,
user_prompt,ready_for_in_app_admin_delivery,7f3e88c6566d0a0a68d15f41,execution-create-resume-resume-none,execution,create-resume,resume.none,info,/resume,Create a resume artifact,"A resume gives essay, activity, and application analysis more reliable context.",Create resume,in_app_readiness_surface|dashboard,redis_notification_feed|remote_push|email,profile-readiness:execution-create-resume-resume-none:7f3e88c6566d0a0a68d15f41,User has at least one resume artifact,,
user_prompt,ready_for_in_app_admin_delivery,3f93bbee58f8299dcd02e13c,execution-create-resume-resume-none,execution,create-resume,resume.none,info,/resume,Create a resume artifact,"A resume gives essay, activity, and application analysis more reliable context.",Create resume,in_app_readiness_surface|dashboard,redis_notification_feed|remote_push|email,profile-readiness:execution-create-resume-resume-none:3f93bbee58f8299dcd02e13c,User has at least one resume artifact,,
user_prompt,ready_for_in_app_admin_delivery,6e0d22223b9fe7404d8768fa,execution-create-resume-resume-none,execution,create-resume,resume.none,info,/resume,Create a resume artifact,"A resume gives essay, activity, and application analysis more reliable context.",Create resume,in_app_readiness_surface|dashboard,redis_notification_feed|remote_push|email,profile-readiness:execution-create-resume-resume-none:6e0d22223b9fe7404d8768fa,User has at least one resume artifact,,
operator_review,ready_for_operator_review,a2f55545fca8f7f659477f4c,profile-match-activity-template-profile-activities-template-unmatched,profile,match-activity-template,profile.activities.template_unmatched,info,/profile?tab=activities,,,,admin_queue,redis_notification_feed|remote_push|email,,Activity rows are linked to reviewed activity templates,,
operator_review,ready_for_operator_review,d062cc598a74e321a2b06c92,profile-match-activity-template-profile-activities-template-unmatched,profile,match-activity-template,profile.activities.template_unmatched,info,/profile?tab=activities,,,,admin_queue,redis_notification_feed|remote_push|email,,Activity rows are linked to reviewed activity templates,,
operator_review,ready_for_operator_review,a8d64fb39c8e61b16d52ba27,profile-match-activity-template-profile-activities-template-unmatched,profile,match-activity-template,profile.activities.template_unmatched,info,/profile?tab=activities,,,,admin_queue,redis_notification_feed|remote_push|email,,Activity rows are linked to reviewed activity templates,,
operator_review,ready_for_operator_review,b7c12fd19a1f88e9c26f3161,profile-match-activity-template-profile-activities-template-unmatched,profile,match-activity-template,profile.activities.template_unmatched,info,/profile?tab=activities,,,,admin_queue,redis_notification_feed|remote_push|email,,Activity rows are linked to reviewed activity templates,,
operator_review,ready_for_operator_review,dd2e368ddefcbd51a6671fb7,profile-match-activity-template-profile-activities-template-unmatched,profile,match-activity-template,profile.activities.template_unmatched,info,/profile?tab=activities,,,,admin_queue,redis_notification_feed|remote_push|email,,Activity rows are linked to reviewed activity templates,,
operator_review,ready_for_operator_review,062809d29de1fd84fd860c56,profile-match-activity-template-profile-activities-template-unmatched,profile,match-activity-template,profile.activities.template_unmatched,info,/profile?tab=activities,,,,admin_queue,redis_notification_feed|remote_push|email,,Activity rows are linked to reviewed activity templates,,
operator_review,ready_for_operator_review,12621386061ae4d2da4997fd,profile-match-activity-template-profile-activities-template-unmatched,profile,match-activity-template,profile.activities.template_unmatched,info,/profile?tab=activities,,,,admin_queue,redis_notification_feed|remote_push|email,,Activity rows are linked to reviewed activity templates,,
operator_review,ready_for_operator_review,e30f76775969a451a2b4ae69,profile-match-activity-template-profile-activities-template-unmatched,profile,match-activity-template,profile.activities.template_unmatched,info,/profile?tab=activities,,,,admin_queue,redis_notification_feed|remote_push|email,,Activity rows are linked to reviewed activity templates,,
operator_review,ready_for_operator_review,289345ad1b8f6120174beca6,profile-match-activity-template-profile-activities-template-unmatched,profile,match-activity-template,profile.activities.template_unmatched,info,/profile?tab=activities,,,,admin_queue,redis_notification_feed|remote_push|email,,Activity rows are linked to reviewed activity templates,,
operator_review,ready_for_operator_review,245f4ae153eb6bf549ffa449,profile-match-activity-template-profile-activities-template-unmatched,profile,match-activity-template,profile.activities.template_unmatched,info,/profile?tab=activities,,,,admin_queue,redis_notification_feed|remote_push|email,,Activity rows are linked to reviewed activity templates,,
operator_review,ready_for_operator_review,b0bb1e7f7e6c5ca36c495b28,profile-match-activity-template-profile-activities-template-unmatched,profile,match-activity-template,profile.activities.template_unmatched,info,/profile?tab=activities,,,,admin_queue,redis_notification_feed|remote_push|email,,Activity rows are linked to reviewed activity templates,,
operator_review,ready_for_operator_review,00e1f822258b7e9c7710824d,profile-match-activity-template-profile-activities-template-unmatched,profile,match-activity-template,profile.activities.template_unmatched,info,/profile?tab=activities,,,,admin_queue,redis_notification_feed|remote_push|email,,Activity rows are linked to reviewed activity templates,,
operator_review,ready_for_operator_review,5de8dd131d908be3f8be7a2d,profile-match-activity-template-profile-activities-template-unmatched,profile,match-activity-template,profile.activities.template_unmatched,info,/profile?tab=activities,,,,admin_queue,redis_notification_feed|remote_push|email,,Activity rows are linked to reviewed activity templates,,
operator_review,ready_for_operator_review,a59059c654235239f0a6c65f,profile-match-activity-template-profile-activities-template-unmatched,profile,match-activity-template,profile.activities.template_unmatched,info,/profile?tab=activities,,,,admin_queue,redis_notification_feed|remote_push|email,,Activity rows are linked to reviewed activity templates,,
operator_review,ready_for_operator_review,6e0d22223b9fe7404d8768fa,profile-match-activity-template-profile-activities-template-unmatched,profile,match-activity-template,profile.activities.template_unmatched,info,/profile?tab=activities,,,,admin_queue,redis_notification_feed|remote_push|email,,Activity rows are linked to reviewed activity templates,,
user_prompt,ready_for_in_app_admin_delivery,802483c05fc63b56d5113074,profile-prompt-user-profile-awards,profile,prompt-user,profile.awards,info,/profile?tab=awards,Add awards,Awards help the platform understand academic and extracurricular distinction.,Add awards,in_app_readiness_surface|dashboard,redis_notification_feed|remote_push|email,profile-readiness:profile-prompt-user-profile-awards:802483c05fc63b56d5113074,User has at least one award row,,
user_prompt,ready_for_in_app_admin_delivery,035afbe63d4a9d1d9f332693,profile-prompt-user-profile-awards,profile,prompt-user,profile.awards,info,/profile?tab=awards,Add awards,Awards help the platform understand academic and extracurricular distinction.,Add awards,in_app_readiness_surface|dashboard,redis_notification_feed|remote_push|email,profile-readiness:profile-prompt-user-profile-awards:035afbe63d4a9d1d9f332693,User has at least one award row,,
user_prompt,ready_for_in_app_admin_delivery,fef3b25574072f4313df5e9c,profile-prompt-user-profile-awards,profile,prompt-user,profile.awards,info,/profile?tab=awards,Add awards,Awards help the platform understand academic and extracurricular distinction.,Add awards,in_app_readiness_surface|dashboard,redis_notification_feed|remote_push|email,profile-readiness:profile-prompt-user-profile-awards:fef3b25574072f4313df5e9c,User has at least one award row,,
user_prompt,ready_for_in_app_admin_delivery,4a8a9364139ccecaa6673095,profile-prompt-user-profile-awards,profile,prompt-user,profile.awards,info,/profile?tab=awards,Add awards,Awards help the platform understand academic and extracurricular distinction.,Add awards,in_app_readiness_surface|dashboard,redis_notification_feed|remote_push|email,profile-readiness:profile-prompt-user-profile-awards:4a8a9364139ccecaa6673095,User has at least one award row,,
user_prompt,ready_for_in_app_admin_delivery,fdac0aac949da6fd1ae3920c,profile-prompt-user-profile-awards,profile,prompt-user,profile.awards,info,/profile?tab=awards,Add awards,Awards help the platform understand academic and extracurricular distinction.,Add awards,in_app_readiness_surface|dashboard,redis_notification_feed|remote_push|email,profile-readiness:profile-prompt-user-profile-awards:fdac0aac949da6fd1ae3920c,User has at least one award row,,
user_prompt,ready_for_in_app_admin_delivery,39277806d696167bec33dacd,profile-prompt-user-profile-awards,profile,prompt-user,profile.awards,info,/profile?tab=awards,Add awards,Awards help the platform understand academic and extracurricular distinction.,Add awards,in_app_readiness_surface|dashboard,redis_notification_feed|remote_push|email,profile-readiness:profile-prompt-user-profile-awards:39277806d696167bec33dacd,User has at least one award row,,
user_prompt,ready_for_in_app_admin_delivery,68bda0008706cf69fbe951c5,profile-prompt-user-profile-awards,profile,prompt-user,profile.awards,info,/profile?tab=awards,Add awards,Awards help the platform understand academic and extracurricular distinction.,Add awards,in_app_readiness_surface|dashboard,redis_notification_feed|remote_push|email,profile-readiness:profile-prompt-user-profile-awards:68bda0008706cf69fbe951c5,User has at least one award row,,
user_prompt,ready_for_in_app_admin_delivery,f46de3981f1853f4abbd4641,profile-prompt-user-profile-awards,profile,prompt-user,profile.awards,info,/profile?tab=awards,Add awards,Awards help the platform understand academic and extracurricular distinction.,Add awards,in_app_readiness_surface|dashboard,redis_notification_feed|remote_push|email,profile-readiness:profile-prompt-user-profile-awards:f46de3981f1853f4abbd4641,User has at least one award row,,
user_prompt,ready_for_in_app_admin_delivery,3dc36e732297447a53963a67,profile-prompt-user-profile-awards,profile,prompt-user,profile.awards,info,/profile?tab=awards,Add awards,Awards help the platform understand academic and extracurricular distinction.,Add awards,in_app_readiness_surface|dashboard,redis_notification_feed|remote_push|email,profile-readiness:profile-prompt-user-profile-awards:3dc36e732297447a53963a67,User has at least one award row,,
user_prompt,ready_for_in_app_admin_delivery,3aec115dea1871ad7804c5ee,profile-prompt-user-profile-awards,profile,prompt-user,profile.awards,info,/profile?tab=awards,Add awards,Awards help the platform understand academic and extracurricular distinction.,Add awards,in_app_readiness_surface|dashboard,redis_notification_feed|remote_push|email,profile-readiness:profile-prompt-user-profile-awards:3aec115dea1871ad7804c5ee,User has at least one award row,,
user_prompt,ready_for_in_app_admin_delivery,29076cdf73d07afbecb33d1f,profile-prompt-user-profile-awards,profile,prompt-user,profile.awards,info,/profile?tab=awards,Add awards,Awards help the platform understand academic and extracurricular distinction.,Add awards,in_app_readiness_surface|dashboard,redis_notification_feed|remote_push|email,profile-readiness:profile-prompt-user-profile-awards:29076cdf73d07afbecb33d1f,User has at least one award row,,
user_prompt,ready_for_in_app_admin_delivery,e6f9022187d9b4ec16d49235,profile-prompt-user-profile-awards,profile,prompt-user,profile.awards,info,/profile?tab=awards,Add awards,Awards help the platform understand academic and extracurricular distinction.,Add awards,in_app_readiness_surface|dashboard,redis_notification_feed|remote_push|email,profile-readiness:profile-prompt-user-profile-awards:e6f9022187d9b4ec16d49235,User has at least one award row,,
user_prompt,ready_for_in_app_admin_delivery,e449837a18bd87b77a6ef1e5,profile-prompt-user-profile-awards,profile,prompt-user,profile.awards,info,/profile?tab=awards,Add awards,Awards help the platform understand academic and extracurricular distinction.,Add awards,in_app_readiness_surface|dashboard,redis_notification_feed|remote_push|email,profile-readiness:profile-prompt-user-profile-awards:e449837a18bd87b77a6ef1e5,User has at least one award row,,
user_prompt,ready_for_in_app_admin_delivery,fe2afb920f81889354794d13,profile-prompt-user-profile-awards,profile,prompt-user,profile.awards,info,/profile?tab=awards,Add awards,Awards help the platform understand academic and extracurricular distinction.,Add awards,in_app_readiness_surface|dashboard,redis_notification_feed|remote_push|email,profile-readiness:profile-prompt-user-profile-awards:fe2afb920f81889354794d13,User has at least one award row,,
user_prompt,ready_for_in_app_admin_delivery,75933046392cb0c42c062611,profile-prompt-user-profile-awards,profile,prompt-user,profile.awards,info,/profile?tab=awards,Add awards,Awards help the platform understand academic and extracurricular distinction.,Add awards,in_app_readiness_surface|dashboard,redis_notification_feed|remote_push|email,profile-readiness:profile-prompt-user-profile-awards:75933046392cb0c42c062611,User has at least one award row,,
user_prompt,ready_for_in_app_admin_delivery,745052463f3be2c63514db2f,profile-prompt-user-profile-awards,profile,prompt-user,profile.awards,info,/profile?tab=awards,Add awards,Awards help the platform understand academic and extracurricular distinction.,Add awards,in_app_readiness_surface|dashboard,redis_notification_feed|remote_push|email,profile-readiness:profile-prompt-user-profile-awards:745052463f3be2c63514db2f,User has at least one award row,,
user_prompt,ready_for_in_app_admin_delivery,9d0db16bacd8261ed76c2d8f,profile-prompt-user-profile-awards,profile,prompt-user,profile.awards,info,/profile?tab=awards,Add awards,Awards help the platform understand academic and extracurricular distinction.,Add awards,in_app_readiness_surface|dashboard,redis_notification_feed|remote_push|email,profile-readiness:profile-prompt-user-profile-awards:9d0db16bacd8261ed76c2d8f,User has at least one award row,,
user_prompt,ready_for_in_app_admin_delivery,2d3538d986b40dbb9773bad5,profile-prompt-user-profile-awards,profile,prompt-user,profile.awards,info,/profile?tab=awards,Add awards,Awards help the platform understand academic and extracurricular distinction.,Add awards,in_app_readiness_surface|dashboard,redis_notification_feed|remote_push|email,profile-readiness:profile-prompt-user-profile-awards:2d3538d986b40dbb9773bad5,User has at least one award row,,
user_prompt,ready_for_in_app_admin_delivery,bf039e0c60608f4f87581cc9,profile-prompt-user-profile-awards,profile,prompt-user,profile.awards,info,/profile?tab=awards,Add awards,Awards help the platform understand academic and extracurricular distinction.,Add awards,in_app_readiness_surface|dashboard,redis_notification_feed|remote_push|email,profile-readiness:profile-prompt-user-profile-awards:bf039e0c60608f4f87581cc9,User has at least one award row,,
user_prompt,ready_for_in_app_admin_delivery,366320fee296c0f2fc92761e,profile-prompt-user-profile-awards,profile,prompt-user,profile.awards,info,/profile?tab=awards,Add awards,Awards help the platform understand academic and extracurricular distinction.,Add awards,in_app_readiness_surface|dashboard,redis_notification_feed|remote_push|email,profile-readiness:profile-prompt-user-profile-awards:366320fee296c0f2fc92761e,User has at least one award row,,
user_prompt,ready_for_in_app_admin_delivery,683b23c8c4fe0d8bc12e5633,profile-prompt-user-profile-awards,profile,prompt-user,profile.awards,info,/profile?tab=awards,Add awards,Awards help the platform understand academic and extracurricular distinction.,Add awards,in_app_readiness_surface|dashboard,redis_notification_feed|remote_push|email,profile-readiness:profile-prompt-user-profile-awards:683b23c8c4fe0d8bc12e5633,User has at least one award row,,
user_prompt,ready_for_in_app_admin_delivery,b338f5f9fe85ac763c330af1,profile-prompt-user-profile-awards,profile,prompt-user,profile.awards,info,/profile?tab=awards,Add awards,Awards help the platform understand academic and extracurricular distinction.,Add awards,in_app_readiness_surface|dashboard,redis_notification_feed|remote_push|email,profile-readiness:profile-prompt-user-profile-awards:b338f5f9fe85ac763c330af1,User has at least one award row,,
user_prompt,ready_for_in_app_admin_delivery,e5f7d86f6995efe58037c6fb,profile-prompt-user-profile-awards,profile,prompt-user,profile.awards,info,/profile?tab=awards,Add awards,Awards help the platform understand academic and extracurricular distinction.,Add awards,in_app_readiness_surface|dashboard,redis_notification_feed|remote_push|email,profile-readiness:profile-prompt-user-profile-awards:e5f7d86f6995efe58037c6fb,User has at least one award row,,
user_prompt,ready_for_in_app_admin_delivery,87a1b361875b527870210e1a,profile-prompt-user-profile-awards,profile,prompt-user,profile.awards,info,/profile?tab=awards,Add awards,Awards help the platform understand academic and extracurricular distinction.,Add awards,in_app_readiness_surface|dashboard,redis_notification_feed|remote_push|email,profile-readiness:profile-prompt-user-profile-awards:87a1b361875b527870210e1a,User has at least one award row,,
user_prompt,ready_for_in_app_admin_delivery,1d8c13ffebafff31847d9e97,profile-prompt-user-profile-awards,profile,prompt-user,profile.awards,info,/profile?tab=awards,Add awards,Awards help the platform understand academic and extracurricular distinction.,Add awards,in_app_readiness_surface|dashboard,redis_notification_feed|remote_push|email,profile-readiness:profile-prompt-user-profile-awards:1d8c13ffebafff31847d9e97,User has at least one award row,,
user_prompt,ready_for_in_app_admin_delivery,4fdebab56088e041d556c66e,profile-prompt-user-profile-awards,profile,prompt-user,profile.awards,info,/profile?tab=awards,Add awards,Awards help the platform understand academic and extracurricular distinction.,Add awards,in_app_readiness_surface|dashboard,redis_notification_feed|remote_push|email,profile-readiness:profile-prompt-user-profile-awards:4fdebab56088e041d556c66e,User has at least one award row,,
user_prompt,ready_for_in_app_admin_delivery,c6a5a94d5d0cb5e5d50b94ca,profile-prompt-user-profile-awards,profile,prompt-user,profile.awards,info,/profile?tab=awards,Add awards,Awards help the platform understand academic and extracurricular distinction.,Add awards,in_app_readiness_surface|dashboard,redis_notification_feed|remote_push|email,profile-readiness:profile-prompt-user-profile-awards:c6a5a94d5d0cb5e5d50b94ca,User has at least one award row,,
user_prompt,ready_for_in_app_admin_delivery,b5f4ee1c6dd44f7f60bcbd32,profile-prompt-user-profile-awards,profile,prompt-user,profile.awards,info,/profile?tab=awards,Add awards,Awards help the platform understand academic and extracurricular distinction.,Add awards,in_app_readiness_surface|dashboard,redis_notification_feed|remote_push|email,profile-readiness:profile-prompt-user-profile-awards:b5f4ee1c6dd44f7f60bcbd32,User has at least one award row,,
user_prompt,ready_for_in_app_admin_delivery,626eb5e38882c885cdc64b66,profile-prompt-user-profile-awards,profile,prompt-user,profile.awards,info,/profile?tab=awards,Add awards,Awards help the platform understand academic and extracurricular distinction.,Add awards,in_app_readiness_surface|dashboard,redis_notification_feed|remote_push|email,profile-readiness:profile-prompt-user-profile-awards:626eb5e38882c885cdc64b66,User has at least one award row,,
user_prompt,ready_for_in_app_admin_delivery,288dfec9fe70b8f130d4b269,profile-prompt-user-profile-awards,profile,prompt-user,profile.awards,info,/profile?tab=awards,Add awards,Awards help the platform understand academic and extracurricular distinction.,Add awards,in_app_readiness_surface|dashboard,redis_notification_feed|remote_push|email,profile-readiness:profile-prompt-user-profile-awards:288dfec9fe70b8f130d4b269,User has at least one award row,,
user_prompt,ready_for_in_app_admin_delivery,385e5344fb0ba928499b14d9,profile-prompt-user-profile-awards,profile,prompt-user,profile.awards,info,/profile?tab=awards,Add awards,Awards help the platform understand academic and extracurricular distinction.,Add awards,in_app_readiness_surface|dashboard,redis_notification_feed|remote_push|email,profile-readiness:profile-prompt-user-profile-awards:385e5344fb0ba928499b14d9,User has at least one award row,,
user_prompt,ready_for_in_app_admin_delivery,21b185bc16be52d77c08ac2c,profile-prompt-user-profile-awards,profile,prompt-user,profile.awards,info,/profile?tab=awards,Add awards,Awards help the platform understand academic and extracurricular distinction.,Add awards,in_app_readiness_surface|dashboard,redis_notification_feed|remote_push|email,profile-readiness:profile-prompt-user-profile-awards:21b185bc16be52d77c08ac2c,User has at least one award row,,
user_prompt,ready_for_in_app_admin_delivery,fad9e50ec597acdb56e97901,profile-prompt-user-profile-awards,profile,prompt-user,profile.awards,info,/profile?tab=awards,Add awards,Awards help the platform understand academic and extracurricular distinction.,Add awards,in_app_readiness_surface|dashboard,redis_notification_feed|remote_push|email,profile-readiness:profile-prompt-user-profile-awards:fad9e50ec597acdb56e97901,User has at least one award row,,
user_prompt,ready_for_in_app_admin_delivery,4d1f395bd00cc2f44c81f8e0,profile-prompt-user-profile-awards,profile,prompt-user,profile.awards,info,/profile?tab=awards,Add awards,Awards help the platform understand academic and extracurricular distinction.,Add awards,in_app_readiness_surface|dashboard,redis_notification_feed|remote_push|email,profile-readiness:profile-prompt-user-profile-awards:4d1f395bd00cc2f44c81f8e0,User has at least one award row,,
user_prompt,ready_for_in_app_admin_delivery,7232f1fa4940f02570578fa4,profile-prompt-user-profile-awards,profile,prompt-user,profile.awards,info,/profile?tab=awards,Add awards,Awards help the platform understand academic and extracurricular distinction.,Add awards,in_app_readiness_surface|dashboard,redis_notification_feed|remote_push|email,profile-readiness:profile-prompt-user-profile-awards:7232f1fa4940f02570578fa4,User has at least one award row,,
user_prompt,ready_for_in_app_admin_delivery,d5668608d88680646b4304d5,profile-prompt-user-profile-awards,profile,prompt-user,profile.awards,info,/profile?tab=awards,Add awards,Awards help the platform understand academic and extracurricular distinction.,Add awards,in_app_readiness_surface|dashboard,redis_notification_feed|remote_push|email,profile-readiness:profile-prompt-user-profile-awards:d5668608d88680646b4304d5,User has at least one award row,,
user_prompt,ready_for_in_app_admin_delivery,eb5f0931db192e04b5bb694f,profile-prompt-user-profile-awards,profile,prompt-user,profile.awards,info,/profile?tab=awards,Add awards,Awards help the platform understand academic and extracurricular distinction.,Add awards,in_app_readiness_surface|dashboard,redis_notification_feed|remote_push|email,profile-readiness:profile-prompt-user-profile-awards:eb5f0931db192e04b5bb694f,User has at least one award row,,
user_prompt,ready_for_in_app_admin_delivery,144044aa210635b68bd3413e,profile-prompt-user-profile-awards,profile,prompt-user,profile.awards,info,/profile?tab=awards,Add awards,Awards help the platform understand academic and extracurricular distinction.,Add awards,in_app_readiness_surface|dashboard,redis_notification_feed|remote_push|email,profile-readiness:profile-prompt-user-profile-awards:144044aa210635b68bd3413e,User has at least one award row,,
user_prompt,ready_for_in_app_admin_delivery,9e7d85fb4bc03da0d6a42f62,profile-prompt-user-profile-awards,profile,prompt-user,profile.awards,info,/profile?tab=awards,Add awards,Awards help the platform understand academic and extracurricular distinction.,Add awards,in_app_readiness_surface|dashboard,redis_notification_feed|remote_push|email,profile-readiness:profile-prompt-user-profile-awards:9e7d85fb4bc03da0d6a42f62,User has at least one award row,,
user_prompt,ready_for_in_app_admin_delivery,5a1258607ca8af1051025180,profile-prompt-user-profile-awards,profile,prompt-user,profile.awards,info,/profile?tab=awards,Add awards,Awards help the platform understand academic and extracurricular distinction.,Add awards,in_app_readiness_surface|dashboard,redis_notification_feed|remote_push|email,profile-readiness:profile-prompt-user-profile-awards:5a1258607ca8af1051025180,User has at least one award row,,
user_prompt,ready_for_in_app_admin_delivery,abaf8c9bde037950385c3f12,profile-prompt-user-profile-awards,profile,prompt-user,profile.awards,info,/profile?tab=awards,Add awards,Awards help the platform understand academic and extracurricular distinction.,Add awards,in_app_readiness_surface|dashboard,redis_notification_feed|remote_push|email,profile-readiness:profile-prompt-user-profile-awards:abaf8c9bde037950385c3f12,User has at least one award row,,
user_prompt,ready_for_in_app_admin_delivery,fa0da822fd523382a860416f,profile-prompt-user-profile-awards,profile,prompt-user,profile.awards,info,/profile?tab=awards,Add awards,Awards help the platform understand academic and extracurricular distinction.,Add awards,in_app_readiness_surface|dashboard,redis_notification_feed|remote_push|email,profile-readiness:profile-prompt-user-profile-awards:fa0da822fd523382a860416f,User has at least one award row,,
user_prompt,ready_for_in_app_admin_delivery,90f1204abd54fafff4b248e3,profile-prompt-user-profile-awards,profile,prompt-user,profile.awards,info,/profile?tab=awards,Add awards,Awards help the platform understand academic and extracurricular distinction.,Add awards,in_app_readiness_surface|dashboard,redis_notification_feed|remote_push|email,profile-readiness:profile-prompt-user-profile-awards:90f1204abd54fafff4b248e3,User has at least one award row,,
user_prompt,ready_for_in_app_admin_delivery,e3ad628c231e661f27d886fd,profile-prompt-user-profile-awards,profile,prompt-user,profile.awards,info,/profile?tab=awards,Add awards,Awards help the platform understand academic and extracurricular distinction.,Add awards,in_app_readiness_surface|dashboard,redis_notification_feed|remote_push|email,profile-readiness:profile-prompt-user-profile-awards:e3ad628c231e661f27d886fd,User has at least one award row,,
user_prompt,ready_for_in_app_admin_delivery,048028fc4ece7871c4c818a1,profile-prompt-user-profile-awards,profile,prompt-user,profile.awards,info,/profile?tab=awards,Add awards,Awards help the platform understand academic and extracurricular distinction.,Add awards,in_app_readiness_surface|dashboard,redis_notification_feed|remote_push|email,profile-readiness:profile-prompt-user-profile-awards:048028fc4ece7871c4c818a1,User has at least one award row,,
user_prompt,ready_for_in_app_admin_delivery,6ce7ad342b357b3b14deb49c,profile-prompt-user-profile-awards,profile,prompt-user,profile.awards,info,/profile?tab=awards,Add awards,Awards help the platform understand academic and extracurricular distinction.,Add awards,in_app_readiness_surface|dashboard,redis_notification_feed|remote_push|email,profile-readiness:profile-prompt-user-profile-awards:6ce7ad342b357b3b14deb49c,User has at least one award row,,
user_prompt,ready_for_in_app_admin_delivery,054d410c714fc4cda4394e8c,profile-prompt-user-profile-awards,profile,prompt-user,profile.awards,info,/profile?tab=awards,Add awards,Awards help the platform understand academic and extracurricular distinction.,Add awards,in_app_readiness_surface|dashboard,redis_notification_feed|remote_push|email,profile-readiness:profile-prompt-user-profile-awards:054d410c714fc4cda4394e8c,User has at least one award row,,
user_prompt,ready_for_in_app_admin_delivery,43f7e141b8b05d5f4b1656ff,profile-prompt-user-profile-awards,profile,prompt-user,profile.awards,info,/profile?tab=awards,Add awards,Awards help the platform understand academic and extracurricular distinction.,Add awards,in_app_readiness_surface|dashboard,redis_notification_feed|remote_push|email,profile-readiness:profile-prompt-user-profile-awards:43f7e141b8b05d5f4b1656ff,User has at least one award row,,
user_prompt,ready_for_in_app_admin_delivery,ee4954e857d17b8eebb7ae31,profile-prompt-user-profile-awards,profile,prompt-user,profile.awards,info,/profile?tab=awards,Add awards,Awards help the platform understand academic and extracurricular distinction.,Add awards,in_app_readiness_surface|dashboard,redis_notification_feed|remote_push|email,profile-readiness:profile-prompt-user-profile-awards:ee4954e857d17b8eebb7ae31,User has at least one award row,,
user_prompt,ready_for_in_app_admin_delivery,9d574d111efc9d97b84d6c15,profile-prompt-user-profile-awards,profile,prompt-user,profile.awards,info,/profile?tab=awards,Add awards,Awards help the platform understand academic and extracurricular distinction.,Add awards,in_app_readiness_surface|dashboard,redis_notification_feed|remote_push|email,profile-readiness:profile-prompt-user-profile-awards:9d574d111efc9d97b84d6c15,User has at least one award row,,
user_prompt,ready_for_in_app_admin_delivery,4abcd46d927f195540b38c5d,profile-prompt-user-profile-awards,profile,prompt-user,profile.awards,info,/profile?tab=awards,Add awards,Awards help the platform understand academic and extracurricular distinction.,Add awards,in_app_readiness_surface|dashboard,redis_notification_feed|remote_push|email,profile-readiness:profile-prompt-user-profile-awards:4abcd46d927f195540b38c5d,User has at least one award row,,
user_prompt,ready_for_in_app_admin_delivery,3b62c93519e3db6dfe2c3efb,profile-prompt-user-profile-awards,profile,prompt-user,profile.awards,info,/profile?tab=awards,Add awards,Awards help the platform understand academic and extracurricular distinction.,Add awards,in_app_readiness_surface|dashboard,redis_notification_feed|remote_push|email,profile-readiness:profile-prompt-user-profile-awards:3b62c93519e3db6dfe2c3efb,User has at least one award row,,
user_prompt,ready_for_in_app_admin_delivery,279b99bc08a2c8d50ec3af36,profile-prompt-user-profile-awards,profile,prompt-user,profile.awards,info,/profile?tab=awards,Add awards,Awards help the platform understand academic and extracurricular distinction.,Add awards,in_app_readiness_surface|dashboard,redis_notification_feed|remote_push|email,profile-readiness:profile-prompt-user-profile-awards:279b99bc08a2c8d50ec3af36,User has at least one award row,,
user_prompt,ready_for_in_app_admin_delivery,74c9ee8d165d193a609087d6,profile-prompt-user-profile-awards,profile,prompt-user,profile.awards,info,/profile?tab=awards,Add awards,Awards help the platform understand academic and extracurricular distinction.,Add awards,in_app_readiness_surface|dashboard,redis_notification_feed|remote_push|email,profile-readiness:profile-prompt-user-profile-awards:74c9ee8d165d193a609087d6,User has at least one award row,,
user_prompt,ready_for_in_app_admin_delivery,b4c465cc257a5e9d36dcd519,profile-prompt-user-profile-awards,profile,prompt-user,profile.awards,info,/profile?tab=awards,Add awards,Awards help the platform understand academic and extracurricular distinction.,Add awards,in_app_readiness_surface|dashboard,redis_notification_feed|remote_push|email,profile-readiness:profile-prompt-user-profile-awards:b4c465cc257a5e9d36dcd519,User has at least one award row,,
user_prompt,ready_for_in_app_admin_delivery,d3f2cb982d857949a81c39b9,profile-prompt-user-profile-awards,profile,prompt-user,profile.awards,info,/profile?tab=awards,Add awards,Awards help the platform understand academic and extracurricular distinction.,Add awards,in_app_readiness_surface|dashboard,redis_notification_feed|remote_push|email,profile-readiness:profile-prompt-user-profile-awards:d3f2cb982d857949a81c39b9,User has at least one award row,,
user_prompt,ready_for_in_app_admin_delivery,4012bad586b0835007dd6107,profile-prompt-user-profile-awards,profile,prompt-user,profile.awards,info,/profile?tab=awards,Add awards,Awards help the platform understand academic and extracurricular distinction.,Add awards,in_app_readiness_surface|dashboard,redis_notification_feed|remote_push|email,profile-readiness:profile-prompt-user-profile-awards:4012bad586b0835007dd6107,User has at least one award row,,
user_prompt,ready_for_in_app_admin_delivery,876000e8b2adb2f3bce6e5e3,profile-prompt-user-profile-awards,profile,prompt-user,profile.awards,info,/profile?tab=awards,Add awards,Awards help the platform understand academic and extracurricular distinction.,Add awards,in_app_readiness_surface|dashboard,redis_notification_feed|remote_push|email,profile-readiness:profile-prompt-user-profile-awards:876000e8b2adb2f3bce6e5e3,User has at least one award row,,
user_prompt,ready_for_in_app_admin_delivery,2d38d89c0d25f77c2503a1af,profile-prompt-user-profile-awards,profile,prompt-user,profile.awards,info,/profile?tab=awards,Add awards,Awards help the platform understand academic and extracurricular distinction.,Add awards,in_app_readiness_surface|dashboard,redis_notification_feed|remote_push|email,profile-readiness:profile-prompt-user-profile-awards:2d38d89c0d25f77c2503a1af,User has at least one award row,,
user_prompt,ready_for_in_app_admin_delivery,6e25deecd13b429aaf14c4a5,profile-prompt-user-profile-awards,profile,prompt-user,profile.awards,info,/profile?tab=awards,Add awards,Awards help the platform understand academic and extracurricular distinction.,Add awards,in_app_readiness_surface|dashboard,redis_notification_feed|remote_push|email,profile-readiness:profile-prompt-user-profile-awards:6e25deecd13b429aaf14c4a5,User has at least one award row,,
user_prompt,ready_for_in_app_admin_delivery,98574f35c5fc1b5a13b34d2d,profile-prompt-user-profile-awards,profile,prompt-user,profile.awards,info,/profile?tab=awards,Add awards,Awards help the platform understand academic and extracurricular distinction.,Add awards,in_app_readiness_surface|dashboard,redis_notification_feed|remote_push|email,profile-readiness:profile-prompt-user-profile-awards:98574f35c5fc1b5a13b34d2d,User has at least one award row,,
user_prompt,ready_for_in_app_admin_delivery,3b0ae29aa3a42546f3a20525,profile-prompt-user-profile-awards,profile,prompt-user,profile.awards,info,/profile?tab=awards,Add awards,Awards help the platform understand academic and extracurricular distinction.,Add awards,in_app_readiness_surface|dashboard,redis_notification_feed|remote_push|email,profile-readiness:profile-prompt-user-profile-awards:3b0ae29aa3a42546f3a20525,User has at least one award row,,
user_prompt,ready_for_in_app_admin_delivery,a00d8f6848b5b8fd53105350,profile-prompt-user-profile-awards,profile,prompt-user,profile.awards,info,/profile?tab=awards,Add awards,Awards help the platform understand academic and extracurricular distinction.,Add awards,in_app_readiness_surface|dashboard,redis_notification_feed|remote_push|email,profile-readiness:profile-prompt-user-profile-awards:a00d8f6848b5b8fd53105350,User has at least one award row,,
user_prompt,ready_for_in_app_admin_delivery,efefd028899c83b572acbaca,profile-prompt-user-profile-awards,profile,prompt-user,profile.awards,info,/profile?tab=awards,Add awards,Awards help the platform understand academic and extracurricular distinction.,Add awards,in_app_readiness_surface|dashboard,redis_notification_feed|remote_push|email,profile-readiness:profile-prompt-user-profile-awards:efefd028899c83b572acbaca,User has at least one award row,,
user_prompt,ready_for_in_app_admin_delivery,e68dd4215f226c8e4e76a5ce,profile-prompt-user-profile-awards,profile,prompt-user,profile.awards,info,/profile?tab=awards,Add awards,Awards help the platform understand academic and extracurricular distinction.,Add awards,in_app_readiness_surface|dashboard,redis_notification_feed|remote_push|email,profile-readiness:profile-prompt-user-profile-awards:e68dd4215f226c8e4e76a5ce,User has at least one award row,,
user_prompt,ready_for_in_app_admin_delivery,81314501c599989cc7264bde,profile-prompt-user-profile-awards,profile,prompt-user,profile.awards,info,/profile?tab=awards,Add awards,Awards help the platform understand academic and extracurricular distinction.,Add awards,in_app_readiness_surface|dashboard,redis_notification_feed|remote_push|email,profile-readiness:profile-prompt-user-profile-awards:81314501c599989cc7264bde,User has at least one award row,,
user_prompt,ready_for_in_app_admin_delivery,671882419679232da0e380f9,profile-prompt-user-profile-awards,profile,prompt-user,profile.awards,info,/profile?tab=awards,Add awards,Awards help the platform understand academic and extracurricular distinction.,Add awards,in_app_readiness_surface|dashboard,redis_notification_feed|remote_push|email,profile-readiness:profile-prompt-user-profile-awards:671882419679232da0e380f9,User has at least one award row,,
user_prompt,ready_for_in_app_admin_delivery,09e472b96a6acc4e3214037f,profile-prompt-user-profile-awards,profile,prompt-user,profile.awards,info,/profile?tab=awards,Add awards,Awards help the platform understand academic and extracurricular distinction.,Add awards,in_app_readiness_surface|dashboard,redis_notification_feed|remote_push|email,profile-readiness:profile-prompt-user-profile-awards:09e472b96a6acc4e3214037f,User has at least one award row,,
user_prompt,ready_for_in_app_admin_delivery,128cf9bdbbd30c4692340893,profile-prompt-user-profile-awards,profile,prompt-user,profile.awards,info,/profile?tab=awards,Add awards,Awards help the platform understand academic and extracurricular distinction.,Add awards,in_app_readiness_surface|dashboard,redis_notification_feed|remote_push|email,profile-readiness:profile-prompt-user-profile-awards:128cf9bdbbd30c4692340893,User has at least one award row,,
user_prompt,ready_for_in_app_admin_delivery,bde3729d50403544ccebff9a,profile-prompt-user-profile-awards,profile,prompt-user,profile.awards,info,/profile?tab=awards,Add awards,Awards help the platform understand academic and extracurricular distinction.,Add awards,in_app_readiness_surface|dashboard,redis_notification_feed|remote_push|email,profile-readiness:profile-prompt-user-profile-awards:bde3729d50403544ccebff9a,User has at least one award row,,
user_prompt,ready_for_in_app_admin_delivery,f75a8ccae118bcd318fc5cd2,profile-prompt-user-profile-awards,profile,prompt-user,profile.awards,info,/profile?tab=awards,Add awards,Awards help the platform understand academic and extracurricular distinction.,Add awards,in_app_readiness_surface|dashboard,redis_notification_feed|remote_push|email,profile-readiness:profile-prompt-user-profile-awards:f75a8ccae118bcd318fc5cd2,User has at least one award row,,
user_prompt,ready_for_in_app_admin_delivery,6216f3543ca1643402cefaaa,profile-prompt-user-profile-awards,profile,prompt-user,profile.awards,info,/profile?tab=awards,Add awards,Awards help the platform understand academic and extracurricular distinction.,Add awards,in_app_readiness_surface|dashboard,redis_notification_feed|remote_push|email,profile-readiness:profile-prompt-user-profile-awards:6216f3543ca1643402cefaaa,User has at least one award row,,
user_prompt,ready_for_in_app_admin_delivery,3c09f7498dcde215688f728f,profile-prompt-user-profile-awards,profile,prompt-user,profile.awards,info,/profile?tab=awards,Add awards,Awards help the platform understand academic and extracurricular distinction.,Add awards,in_app_readiness_surface|dashboard,redis_notification_feed|remote_push|email,profile-readiness:profile-prompt-user-profile-awards:3c09f7498dcde215688f728f,User has at least one award row,,
user_prompt,ready_for_in_app_admin_delivery,5dfb40b1a9bf29962c92c4e0,profile-prompt-user-profile-awards,profile,prompt-user,profile.awards,info,/profile?tab=awards,Add awards,Awards help the platform understand academic and extracurricular distinction.,Add awards,in_app_readiness_surface|dashboard,redis_notification_feed|remote_push|email,profile-readiness:profile-prompt-user-profile-awards:5dfb40b1a9bf29962c92c4e0,User has at least one award row,,
user_prompt,ready_for_in_app_admin_delivery,96e371a4d8ab3bb87e424de2,profile-prompt-user-profile-awards,profile,prompt-user,profile.awards,info,/profile?tab=awards,Add awards,Awards help the platform understand academic and extracurricular distinction.,Add awards,in_app_readiness_surface|dashboard,redis_notification_feed|remote_push|email,profile-readiness:profile-prompt-user-profile-awards:96e371a4d8ab3bb87e424de2,User has at least one award row,,
user_prompt,ready_for_in_app_admin_delivery,8366ac6e15b379c3156f52a3,profile-prompt-user-profile-awards,profile,prompt-user,profile.awards,info,/profile?tab=awards,Add awards,Awards help the platform understand academic and extracurricular distinction.,Add awards,in_app_readiness_surface|dashboard,redis_notification_feed|remote_push|email,profile-readiness:profile-prompt-user-profile-awards:8366ac6e15b379c3156f52a3,User has at least one award row,,
user_prompt,ready_for_in_app_admin_delivery,bc2c5e715fa4b0e0b3781a97,profile-prompt-user-profile-awards,profile,prompt-user,profile.awards,info,/profile?tab=awards,Add awards,Awards help the platform understand academic and extracurricular distinction.,Add awards,in_app_readiness_surface|dashboard,redis_notification_feed|remote_push|email,profile-readiness:profile-prompt-user-profile-awards:bc2c5e715fa4b0e0b3781a97,User has at least one award row,,
user_prompt,ready_for_in_app_admin_delivery,46a752bfbb2e7f744530e13d,profile-prompt-user-profile-awards,profile,prompt-user,profile.awards,info,/profile?tab=awards,Add awards,Awards help the platform understand academic and extracurricular distinction.,Add awards,in_app_readiness_surface|dashboard,redis_notification_feed|remote_push|email,profile-readiness:profile-prompt-user-profile-awards:46a752bfbb2e7f744530e13d,User has at least one award row,,
user_prompt,ready_for_in_app_admin_delivery,9d220a4364c379c59a202cd4,profile-prompt-user-profile-awards,profile,prompt-user,profile.awards,info,/profile?tab=awards,Add awards,Awards help the platform understand academic and extracurricular distinction.,Add awards,in_app_readiness_surface|dashboard,redis_notification_feed|remote_push|email,profile-readiness:profile-prompt-user-profile-awards:9d220a4364c379c59a202cd4,User has at least one award row,,
user_prompt,ready_for_in_app_admin_delivery,f76c2626dd527a485a7371c8,profile-prompt-user-profile-awards,profile,prompt-user,profile.awards,info,/profile?tab=awards,Add awards,Awards help the platform understand academic and extracurricular distinction.,Add awards,in_app_readiness_surface|dashboard,redis_notification_feed|remote_push|email,profile-readiness:profile-prompt-user-profile-awards:f76c2626dd527a485a7371c8,User has at least one award row,,
user_prompt,ready_for_in_app_admin_delivery,7485dc85ce9c7c23100b5076,profile-prompt-user-profile-awards,profile,prompt-user,profile.awards,info,/profile?tab=awards,Add awards,Awards help the platform understand academic and extracurricular distinction.,Add awards,in_app_readiness_surface|dashboard,redis_notification_feed|remote_push|email,profile-readiness:profile-prompt-user-profile-awards:7485dc85ce9c7c23100b5076,User has at least one award row,,
user_prompt,ready_for_in_app_admin_delivery,493455dcf43164fdafd025ab,profile-prompt-user-profile-awards,profile,prompt-user,profile.awards,info,/profile?tab=awards,Add awards,Awards help the platform understand academic and extracurricular distinction.,Add awards,in_app_readiness_surface|dashboard,redis_notification_feed|remote_push|email,profile-readiness:profile-prompt-user-profile-awards:493455dcf43164fdafd025ab,User has at least one award row,,
user_prompt,ready_for_in_app_admin_delivery,d44a6faef26ba1d5222a2e39,profile-prompt-user-profile-awards,profile,prompt-user,profile.awards,info,/profile?tab=awards,Add awards,Awards help the platform understand academic and extracurricular distinction.,Add awards,in_app_readiness_surface|dashboard,redis_notification_feed|remote_push|email,profile-readiness:profile-prompt-user-profile-awards:d44a6faef26ba1d5222a2e39,User has at least one award row,,
user_prompt,ready_for_in_app_admin_delivery,f6cb8463a6bab81fcb529e4f,profile-prompt-user-profile-awards,profile,prompt-user,profile.awards,info,/profile?tab=awards,Add awards,Awards help the platform understand academic and extracurricular distinction.,Add awards,in_app_readiness_surface|dashboard,redis_notification_feed|remote_push|email,profile-readiness:profile-prompt-user-profile-awards:f6cb8463a6bab81fcb529e4f,User has at least one award row,,
user_prompt,ready_for_in_app_admin_delivery,79737e323e376db6095ff50e,profile-prompt-user-profile-awards,profile,prompt-user,profile.awards,info,/profile?tab=awards,Add awards,Awards help the platform understand academic and extracurricular distinction.,Add awards,in_app_readiness_surface|dashboard,redis_notification_feed|remote_push|email,profile-readiness:profile-prompt-user-profile-awards:79737e323e376db6095ff50e,User has at least one award row,,
user_prompt,ready_for_in_app_admin_delivery,7ab816c6f8d5cc286f16139a,profile-prompt-user-profile-awards,profile,prompt-user,profile.awards,info,/profile?tab=awards,Add awards,Awards help the platform understand academic and extracurricular distinction.,Add awards,in_app_readiness_surface|dashboard,redis_notification_feed|remote_push|email,profile-readiness:profile-prompt-user-profile-awards:7ab816c6f8d5cc286f16139a,User has at least one award row,,
user_prompt,ready_for_in_app_admin_delivery,e5c0e17ab64859b74bf6a7ce,profile-prompt-user-profile-awards,profile,prompt-user,profile.awards,info,/profile?tab=awards,Add awards,Awards help the platform understand academic and extracurricular distinction.,Add awards,in_app_readiness_surface|dashboard,redis_notification_feed|remote_push|email,profile-readiness:profile-prompt-user-profile-awards:e5c0e17ab64859b74bf6a7ce,User has at least one award row,,
user_prompt,ready_for_in_app_admin_delivery,499091972c7cb9710f63f1f4,profile-prompt-user-profile-awards,profile,prompt-user,profile.awards,info,/profile?tab=awards,Add awards,Awards help the platform understand academic and extracurricular distinction.,Add awards,in_app_readiness_surface|dashboard,redis_notification_feed|remote_push|email,profile-readiness:profile-prompt-user-profile-awards:499091972c7cb9710f63f1f4,User has at least one award row,,
user_prompt,ready_for_in_app_admin_delivery,ee9a1b7f3b9a5b8ba2b2a3ce,profile-prompt-user-profile-awards,profile,prompt-user,profile.awards,info,/profile?tab=awards,Add awards,Awards help the platform understand academic and extracurricular distinction.,Add awards,in_app_readiness_surface|dashboard,redis_notification_feed|remote_push|email,profile-readiness:profile-prompt-user-profile-awards:ee9a1b7f3b9a5b8ba2b2a3ce,User has at least one award row,,
user_prompt,ready_for_in_app_admin_delivery,594933ae4e120a1f1584356d,profile-prompt-user-profile-awards,profile,prompt-user,profile.awards,info,/profile?tab=awards,Add awards,Awards help the platform understand academic and extracurricular distinction.,Add awards,in_app_readiness_surface|dashboard,redis_notification_feed|remote_push|email,profile-readiness:profile-prompt-user-profile-awards:594933ae4e120a1f1584356d,User has at least one award row,,
user_prompt,ready_for_in_app_admin_delivery,3afd7b8036e5c1e1e5d7c845,profile-prompt-user-profile-awards,profile,prompt-user,profile.awards,info,/profile?tab=awards,Add awards,Awards help the platform understand academic and extracurricular distinction.,Add awards,in_app_readiness_surface|dashboard,redis_notification_feed|remote_push|email,profile-readiness:profile-prompt-user-profile-awards:3afd7b8036e5c1e1e5d7c845,User has at least one award row,,
user_prompt,ready_for_in_app_admin_delivery,d27e08ac8b20959602364ff0,profile-prompt-user-profile-awards,profile,prompt-user,profile.awards,info,/profile?tab=awards,Add awards,Awards help the platform understand academic and extracurricular distinction.,Add awards,in_app_readiness_surface|dashboard,redis_notification_feed|remote_push|email,profile-readiness:profile-prompt-user-profile-awards:d27e08ac8b20959602364ff0,User has at least one award row,,
user_prompt,ready_for_in_app_admin_delivery,250478f9bc807d488188e43a,profile-prompt-user-profile-awards,profile,prompt-user,profile.awards,info,/profile?tab=awards,Add awards,Awards help the platform understand academic and extracurricular distinction.,Add awards,in_app_readiness_surface|dashboard,redis_notification_feed|remote_push|email,profile-readiness:profile-prompt-user-profile-awards:250478f9bc807d488188e43a,User has at least one award row,,
user_prompt,ready_for_in_app_admin_delivery,eeba0a3855a48d924581623c,profile-prompt-user-profile-awards,profile,prompt-user,profile.awards,info,/profile?tab=awards,Add awards,Awards help the platform understand academic and extracurricular distinction.,Add awards,in_app_readiness_surface|dashboard,redis_notification_feed|remote_push|email,profile-readiness:profile-prompt-user-profile-awards:eeba0a3855a48d924581623c,User has at least one award row,,
user_prompt,ready_for_in_app_admin_delivery,e459d2836df1c0cc6c82dceb,profile-prompt-user-profile-awards,profile,prompt-user,profile.awards,info,/profile?tab=awards,Add awards,Awards help the platform understand academic and extracurricular distinction.,Add awards,in_app_readiness_surface|dashboard,redis_notification_feed|remote_push|email,profile-readiness:profile-prompt-user-profile-awards:e459d2836df1c0cc6c82dceb,User has at least one award row,,
user_prompt,ready_for_in_app_admin_delivery,aec864b0bd9e03013c1bd23d,profile-prompt-user-profile-awards,profile,prompt-user,profile.awards,info,/profile?tab=awards,Add awards,Awards help the platform understand academic and extracurricular distinction.,Add awards,in_app_readiness_surface|dashboard,redis_notification_feed|remote_push|email,profile-readiness:profile-prompt-user-profile-awards:aec864b0bd9e03013c1bd23d,User has at least one award row,,
user_prompt,ready_for_in_app_admin_delivery,540754f3060141f2b8358f73,profile-prompt-user-profile-awards,profile,prompt-user,profile.awards,info,/profile?tab=awards,Add awards,Awards help the platform understand academic and extracurricular distinction.,Add awards,in_app_readiness_surface|dashboard,redis_notification_feed|remote_push|email,profile-readiness:profile-prompt-user-profile-awards:540754f3060141f2b8358f73,User has at least one award row,,
user_prompt,ready_for_in_app_admin_delivery,8b9063753df9105b7b12e477,profile-prompt-user-profile-awards,profile,prompt-user,profile.awards,info,/profile?tab=awards,Add awards,Awards help the platform understand academic and extracurricular distinction.,Add awards,in_app_readiness_surface|dashboard,redis_notification_feed|remote_push|email,profile-readiness:profile-prompt-user-profile-awards:8b9063753df9105b7b12e477,User has at least one award row,,
user_prompt,ready_for_in_app_admin_delivery,9c98541c41c8d2c277251c30,profile-prompt-user-profile-awards,profile,prompt-user,profile.awards,info,/profile?tab=awards,Add awards,Awards help the platform understand academic and extracurricular distinction.,Add awards,in_app_readiness_surface|dashboard,redis_notification_feed|remote_push|email,profile-readiness:profile-prompt-user-profile-awards:9c98541c41c8d2c277251c30,User has at least one award row,,
user_prompt,ready_for_in_app_admin_delivery,f811873eb9c4893968cd0bf6,profile-prompt-user-profile-awards,profile,prompt-user,profile.awards,info,/profile?tab=awards,Add awards,Awards help the platform understand academic and extracurricular distinction.,Add awards,in_app_readiness_surface|dashboard,redis_notification_feed|remote_push|email,profile-readiness:profile-prompt-user-profile-awards:f811873eb9c4893968cd0bf6,User has at least one award row,,
user_prompt,ready_for_in_app_admin_delivery,38513449c80d8608d453d1a8,profile-prompt-user-profile-awards,profile,prompt-user,profile.awards,info,/profile?tab=awards,Add awards,Awards help the platform understand academic and extracurricular distinction.,Add awards,in_app_readiness_surface|dashboard,redis_notification_feed|remote_push|email,profile-readiness:profile-prompt-user-profile-awards:38513449c80d8608d453d1a8,User has at least one award row,,
user_prompt,ready_for_in_app_admin_delivery,708ca028a5ed9809c9b06bac,profile-prompt-user-profile-awards,profile,prompt-user,profile.awards,info,/profile?tab=awards,Add awards,Awards help the platform understand academic and extracurricular distinction.,Add awards,in_app_readiness_surface|dashboard,redis_notification_feed|remote_push|email,profile-readiness:profile-prompt-user-profile-awards:708ca028a5ed9809c9b06bac,User has at least one award row,,
user_prompt,ready_for_in_app_admin_delivery,c2a7e031b5c8c4fbb8009d27,profile-prompt-user-profile-awards,profile,prompt-user,profile.awards,info,/profile?tab=awards,Add awards,Awards help the platform understand academic and extracurricular distinction.,Add awards,in_app_readiness_surface|dashboard,redis_notification_feed|remote_push|email,profile-readiness:profile-prompt-user-profile-awards:c2a7e031b5c8c4fbb8009d27,User has at least one award row,,
user_prompt,ready_for_in_app_admin_delivery,0e0218d4eec178ae14d0895a,profile-prompt-user-profile-awards,profile,prompt-user,profile.awards,info,/profile?tab=awards,Add awards,Awards help the platform understand academic and extracurricular distinction.,Add awards,in_app_readiness_surface|dashboard,redis_notification_feed|remote_push|email,profile-readiness:profile-prompt-user-profile-awards:0e0218d4eec178ae14d0895a,User has at least one award row,,
user_prompt,ready_for_in_app_admin_delivery,2d361e3c8b12cd5dc12f9b4c,profile-prompt-user-profile-awards,profile,prompt-user,profile.awards,info,/profile?tab=awards,Add awards,Awards help the platform understand academic and extracurricular distinction.,Add awards,in_app_readiness_surface|dashboard,redis_notification_feed|remote_push|email,profile-readiness:profile-prompt-user-profile-awards:2d361e3c8b12cd5dc12f9b4c,User has at least one award row,,
user_prompt,ready_for_in_app_admin_delivery,789fa80ec8187b8e6d87972e,profile-prompt-user-profile-awards,profile,prompt-user,profile.awards,info,/profile?tab=awards,Add awards,Awards help the platform understand academic and extracurricular distinction.,Add awards,in_app_readiness_surface|dashboard,redis_notification_feed|remote_push|email,profile-readiness:profile-prompt-user-profile-awards:789fa80ec8187b8e6d87972e,User has at least one award row,,
user_prompt,ready_for_in_app_admin_delivery,c8789c9b521d45030a2fb844,profile-prompt-user-profile-awards,profile,prompt-user,profile.awards,info,/profile?tab=awards,Add awards,Awards help the platform understand academic and extracurricular distinction.,Add awards,in_app_readiness_surface|dashboard,redis_notification_feed|remote_push|email,profile-readiness:profile-prompt-user-profile-awards:c8789c9b521d45030a2fb844,User has at least one award row,,
user_prompt,ready_for_in_app_admin_delivery,047fbb2b1257b6188c1c338e,profile-prompt-user-profile-awards,profile,prompt-user,profile.awards,info,/profile?tab=awards,Add awards,Awards help the platform understand academic and extracurricular distinction.,Add awards,in_app_readiness_surface|dashboard,redis_notification_feed|remote_push|email,profile-readiness:profile-prompt-user-profile-awards:047fbb2b1257b6188c1c338e,User has at least one award row,,
user_prompt,ready_for_in_app_admin_delivery,9a17753b6f92c305cf1d00e6,profile-prompt-user-profile-awards,profile,prompt-user,profile.awards,info,/profile?tab=awards,Add awards,Awards help the platform understand academic and extracurricular distinction.,Add awards,in_app_readiness_surface|dashboard,redis_notification_feed|remote_push|email,profile-readiness:profile-prompt-user-profile-awards:9a17753b6f92c305cf1d00e6,User has at least one award row,,
user_prompt,ready_for_in_app_admin_delivery,681f630e1598a0f84dfbdad9,profile-prompt-user-profile-awards,profile,prompt-user,profile.awards,info,/profile?tab=awards,Add awards,Awards help the platform understand academic and extracurricular distinction.,Add awards,in_app_readiness_surface|dashboard,redis_notification_feed|remote_push|email,profile-readiness:profile-prompt-user-profile-awards:681f630e1598a0f84dfbdad9,User has at least one award row,,
user_prompt,ready_for_in_app_admin_delivery,3db5a85c977720262ae3558c,profile-prompt-user-profile-awards,profile,prompt-user,profile.awards,info,/profile?tab=awards,Add awards,Awards help the platform understand academic and extracurricular distinction.,Add awards,in_app_readiness_surface|dashboard,redis_notification_feed|remote_push|email,profile-readiness:profile-prompt-user-profile-awards:3db5a85c977720262ae3558c,User has at least one award row,,
user_prompt,ready_for_in_app_admin_delivery,cad09eb9c12777a1903efa82,profile-prompt-user-profile-awards,profile,prompt-user,profile.awards,info,/profile?tab=awards,Add awards,Awards help the platform understand academic and extracurricular distinction.,Add awards,in_app_readiness_surface|dashboard,redis_notification_feed|remote_push|email,profile-readiness:profile-prompt-user-profile-awards:cad09eb9c12777a1903efa82,User has at least one award row,,
user_prompt,ready_for_in_app_admin_delivery,a9f610abf63d7843a44ff565,profile-prompt-user-profile-awards,profile,prompt-user,profile.awards,info,/profile?tab=awards,Add awards,Awards help the platform understand academic and extracurricular distinction.,Add awards,in_app_readiness_surface|dashboard,redis_notification_feed|remote_push|email,profile-readiness:profile-prompt-user-profile-awards:a9f610abf63d7843a44ff565,User has at least one award row,,
user_prompt,ready_for_in_app_admin_delivery,938e10d6b09fbb6b6b230e4e,profile-prompt-user-profile-awards,profile,prompt-user,profile.awards,info,/profile?tab=awards,Add awards,Awards help the platform understand academic and extracurricular distinction.,Add awards,in_app_readiness_surface|dashboard,redis_notification_feed|remote_push|email,profile-readiness:profile-prompt-user-profile-awards:938e10d6b09fbb6b6b230e4e,User has at least one award row,,
user_prompt,ready_for_in_app_admin_delivery,a8615f48d9550a80dc5627ea,profile-prompt-user-profile-awards,profile,prompt-user,profile.awards,info,/profile?tab=awards,Add awards,Awards help the platform understand academic and extracurricular distinction.,Add awards,in_app_readiness_surface|dashboard,redis_notification_feed|remote_push|email,profile-readiness:profile-prompt-user-profile-awards:a8615f48d9550a80dc5627ea,User has at least one award row,,
user_prompt,ready_for_in_app_admin_delivery,5fc2b5b85c0ba89f9ac12c27,profile-prompt-user-profile-awards,profile,prompt-user,profile.awards,info,/profile?tab=awards,Add awards,Awards help the platform understand academic and extracurricular distinction.,Add awards,in_app_readiness_surface|dashboard,redis_notification_feed|remote_push|email,profile-readiness:profile-prompt-user-profile-awards:5fc2b5b85c0ba89f9ac12c27,User has at least one award row,,
user_prompt,ready_for_in_app_admin_delivery,23525cc368de8b7e63422191,profile-prompt-user-profile-awards,profile,prompt-user,profile.awards,info,/profile?tab=awards,Add awards,Awards help the platform understand academic and extracurricular distinction.,Add awards,in_app_readiness_surface|dashboard,redis_notification_feed|remote_push|email,profile-readiness:profile-prompt-user-profile-awards:23525cc368de8b7e63422191,User has at least one award row,,
user_prompt,ready_for_in_app_admin_delivery,e9e452388d9c685c51e9a2c9,profile-prompt-user-profile-awards,profile,prompt-user,profile.awards,info,/profile?tab=awards,Add awards,Awards help the platform understand academic and extracurricular distinction.,Add awards,in_app_readiness_surface|dashboard,redis_notification_feed|remote_push|email,profile-readiness:profile-prompt-user-profile-awards:e9e452388d9c685c51e9a2c9,User has at least one award row,,
user_prompt,ready_for_in_app_admin_delivery,6527db866ca438e56f6b6c07,profile-prompt-user-profile-awards,profile,prompt-user,profile.awards,info,/profile?tab=awards,Add awards,Awards help the platform understand academic and extracurricular distinction.,Add awards,in_app_readiness_surface|dashboard,redis_notification_feed|remote_push|email,profile-readiness:profile-prompt-user-profile-awards:6527db866ca438e56f6b6c07,User has at least one award row,,
user_prompt,ready_for_in_app_admin_delivery,a3765184683ddbf1a3263f80,profile-prompt-user-profile-awards,profile,prompt-user,profile.awards,info,/profile?tab=awards,Add awards,Awards help the platform understand academic and extracurricular distinction.,Add awards,in_app_readiness_surface|dashboard,redis_notification_feed|remote_push|email,profile-readiness:profile-prompt-user-profile-awards:a3765184683ddbf1a3263f80,User has at least one award row,,
user_prompt,ready_for_in_app_admin_delivery,0984f97b4c9e411ae688c719,profile-prompt-user-profile-awards,profile,prompt-user,profile.awards,info,/profile?tab=awards,Add awards,Awards help the platform understand academic and extracurricular distinction.,Add awards,in_app_readiness_surface|dashboard,redis_notification_feed|remote_push|email,profile-readiness:profile-prompt-user-profile-awards:0984f97b4c9e411ae688c719,User has at least one award row,,
user_prompt,ready_for_in_app_admin_delivery,d2dfa091194b4b601fd93a2f,profile-prompt-user-profile-awards,profile,prompt-user,profile.awards,info,/profile?tab=awards,Add awards,Awards help the platform understand academic and extracurricular distinction.,Add awards,in_app_readiness_surface|dashboard,redis_notification_feed|remote_push|email,profile-readiness:profile-prompt-user-profile-awards:d2dfa091194b4b601fd93a2f,User has at least one award row,,
user_prompt,ready_for_in_app_admin_delivery,3f67df57cfda6fa11994c000,profile-prompt-user-profile-awards,profile,prompt-user,profile.awards,info,/profile?tab=awards,Add awards,Awards help the platform understand academic and extracurricular distinction.,Add awards,in_app_readiness_surface|dashboard,redis_notification_feed|remote_push|email,profile-readiness:profile-prompt-user-profile-awards:3f67df57cfda6fa11994c000,User has at least one award row,,
user_prompt,ready_for_in_app_admin_delivery,2cdd1d6c37e7b4e60206872e,profile-prompt-user-profile-awards,profile,prompt-user,profile.awards,info,/profile?tab=awards,Add awards,Awards help the platform understand academic and extracurricular distinction.,Add awards,in_app_readiness_surface|dashboard,redis_notification_feed|remote_push|email,profile-readiness:profile-prompt-user-profile-awards:2cdd1d6c37e7b4e60206872e,User has at least one award row,,
user_prompt,ready_for_in_app_admin_delivery,282b8d78bc025cdab396c69a,profile-prompt-user-profile-awards,profile,prompt-user,profile.awards,info,/profile?tab=awards,Add awards,Awards help the platform understand academic and extracurricular distinction.,Add awards,in_app_readiness_surface|dashboard,redis_notification_feed|remote_push|email,profile-readiness:profile-prompt-user-profile-awards:282b8d78bc025cdab396c69a,User has at least one award row,,
user_prompt,ready_for_in_app_admin_delivery,1866a2d45ee8d3a871ad2e71,profile-prompt-user-profile-awards,profile,prompt-user,profile.awards,info,/profile?tab=awards,Add awards,Awards help the platform understand academic and extracurricular distinction.,Add awards,in_app_readiness_surface|dashboard,redis_notification_feed|remote_push|email,profile-readiness:profile-prompt-user-profile-awards:1866a2d45ee8d3a871ad2e71,User has at least one award row,,
user_prompt,ready_for_in_app_admin_delivery,4b7e1334a900ac684d603b62,profile-prompt-user-profile-awards,profile,prompt-user,profile.awards,info,/profile?tab=awards,Add awards,Awards help the platform understand academic and extracurricular distinction.,Add awards,in_app_readiness_surface|dashboard,redis_notification_feed|remote_push|email,profile-readiness:profile-prompt-user-profile-awards:4b7e1334a900ac684d603b62,User has at least one award row,,
user_prompt,ready_for_in_app_admin_delivery,2e6cda3073191443688cd586,profile-prompt-user-profile-awards,profile,prompt-user,profile.awards,info,/profile?tab=awards,Add awards,Awards help the platform understand academic and extracurricular distinction.,Add awards,in_app_readiness_surface|dashboard,redis_notification_feed|remote_push|email,profile-readiness:profile-prompt-user-profile-awards:2e6cda3073191443688cd586,User has at least one award row,,
user_prompt,ready_for_in_app_admin_delivery,36ed3d17c59c821773e09ca1,profile-prompt-user-profile-awards,profile,prompt-user,profile.awards,info,/profile?tab=awards,Add awards,Awards help the platform understand academic and extracurricular distinction.,Add awards,in_app_readiness_surface|dashboard,redis_notification_feed|remote_push|email,profile-readiness:profile-prompt-user-profile-awards:36ed3d17c59c821773e09ca1,User has at least one award row,,
user_prompt,ready_for_in_app_admin_delivery,10f66e162b2a7d95bc50da70,profile-prompt-user-profile-awards,profile,prompt-user,profile.awards,info,/profile?tab=awards,Add awards,Awards help the platform understand academic and extracurricular distinction.,Add awards,in_app_readiness_surface|dashboard,redis_notification_feed|remote_push|email,profile-readiness:profile-prompt-user-profile-awards:10f66e162b2a7d95bc50da70,User has at least one award row,,
user_prompt,ready_for_in_app_admin_delivery,d418c7bf3670b6453a63d813,profile-prompt-user-profile-awards,profile,prompt-user,profile.awards,info,/profile?tab=awards,Add awards,Awards help the platform understand academic and extracurricular distinction.,Add awards,in_app_readiness_surface|dashboard,redis_notification_feed|remote_push|email,profile-readiness:profile-prompt-user-profile-awards:d418c7bf3670b6453a63d813,User has at least one award row,,
user_prompt,ready_for_in_app_admin_delivery,df6d2abb27451f5fa1dc8379,profile-prompt-user-profile-awards,profile,prompt-user,profile.awards,info,/profile?tab=awards,Add awards,Awards help the platform understand academic and extracurricular distinction.,Add awards,in_app_readiness_surface|dashboard,redis_notification_feed|remote_push|email,profile-readiness:profile-prompt-user-profile-awards:df6d2abb27451f5fa1dc8379,User has at least one award row,,
user_prompt,ready_for_in_app_admin_delivery,4c30c695722622a47cc1a82e,profile-prompt-user-profile-awards,profile,prompt-user,profile.awards,info,/profile?tab=awards,Add awards,Awards help the platform understand academic and extracurricular distinction.,Add awards,in_app_readiness_surface|dashboard,redis_notification_feed|remote_push|email,profile-readiness:profile-prompt-user-profile-awards:4c30c695722622a47cc1a82e,User has at least one award row,,
user_prompt,ready_for_in_app_admin_delivery,fabb30faa4f6f41348116c7e,profile-prompt-user-profile-awards,profile,prompt-user,profile.awards,info,/profile?tab=awards,Add awards,Awards help the platform understand academic and extracurricular distinction.,Add awards,in_app_readiness_surface|dashboard,redis_notification_feed|remote_push|email,profile-readiness:profile-prompt-user-profile-awards:fabb30faa4f6f41348116c7e,User has at least one award row,,
user_prompt,ready_for_in_app_admin_delivery,9f540ba4a720667a80bf9f98,profile-prompt-user-profile-awards,profile,prompt-user,profile.awards,info,/profile?tab=awards,Add awards,Awards help the platform understand academic and extracurricular distinction.,Add awards,in_app_readiness_surface|dashboard,redis_notification_feed|remote_push|email,profile-readiness:profile-prompt-user-profile-awards:9f540ba4a720667a80bf9f98,User has at least one award row,,
user_prompt,ready_for_in_app_admin_delivery,a90bde0a302d98c0ecd110eb,profile-prompt-user-profile-awards,profile,prompt-user,profile.awards,info,/profile?tab=awards,Add awards,Awards help the platform understand academic and extracurricular distinction.,Add awards,in_app_readiness_surface|dashboard,redis_notification_feed|remote_push|email,profile-readiness:profile-prompt-user-profile-awards:a90bde0a302d98c0ecd110eb,User has at least one award row,,
user_prompt,ready_for_in_app_admin_delivery,576ad17c7ef49e92e56c56f4,profile-prompt-user-profile-awards,profile,prompt-user,profile.awards,info,/profile?tab=awards,Add awards,Awards help the platform understand academic and extracurricular distinction.,Add awards,in_app_readiness_surface|dashboard,redis_notification_feed|remote_push|email,profile-readiness:profile-prompt-user-profile-awards:576ad17c7ef49e92e56c56f4,User has at least one award row,,
user_prompt,ready_for_in_app_admin_delivery,d0a6c2932159a68b1829944a,profile-prompt-user-profile-awards,profile,prompt-user,profile.awards,info,/profile?tab=awards,Add awards,Awards help the platform understand academic and extracurricular distinction.,Add awards,in_app_readiness_surface|dashboard,redis_notification_feed|remote_push|email,profile-readiness:profile-prompt-user-profile-awards:d0a6c2932159a68b1829944a,User has at least one award row,,
user_prompt,ready_for_in_app_admin_delivery,09b0d988d0b0c1669bd07bb5,profile-prompt-user-profile-awards,profile,prompt-user,profile.awards,info,/profile?tab=awards,Add awards,Awards help the platform understand academic and extracurricular distinction.,Add awards,in_app_readiness_surface|dashboard,redis_notification_feed|remote_push|email,profile-readiness:profile-prompt-user-profile-awards:09b0d988d0b0c1669bd07bb5,User has at least one award row,,
user_prompt,ready_for_in_app_admin_delivery,18bdef37a4018bbe19cbf58b,profile-prompt-user-profile-awards,profile,prompt-user,profile.awards,info,/profile?tab=awards,Add awards,Awards help the platform understand academic and extracurricular distinction.,Add awards,in_app_readiness_surface|dashboard,redis_notification_feed|remote_push|email,profile-readiness:profile-prompt-user-profile-awards:18bdef37a4018bbe19cbf58b,User has at least one award row,,
user_prompt,ready_for_in_app_admin_delivery,6486146070efd5bc9be34f72,profile-prompt-user-profile-awards,profile,prompt-user,profile.awards,info,/profile?tab=awards,Add awards,Awards help the platform understand academic and extracurricular distinction.,Add awards,in_app_readiness_surface|dashboard,redis_notification_feed|remote_push|email,profile-readiness:profile-prompt-user-profile-awards:6486146070efd5bc9be34f72,User has at least one award row,,
user_prompt,ready_for_in_app_admin_delivery,91aded673af60a06a5d6a4f1,profile-prompt-user-profile-awards,profile,prompt-user,profile.awards,info,/profile?tab=awards,Add awards,Awards help the platform understand academic and extracurricular distinction.,Add awards,in_app_readiness_surface|dashboard,redis_notification_feed|remote_push|email,profile-readiness:profile-prompt-user-profile-awards:91aded673af60a06a5d6a4f1,User has at least one award row,,
user_prompt,ready_for_in_app_admin_delivery,0e240658b0ed5ddc5ddac053,profile-prompt-user-profile-awards,profile,prompt-user,profile.awards,info,/profile?tab=awards,Add awards,Awards help the platform understand academic and extracurricular distinction.,Add awards,in_app_readiness_surface|dashboard,redis_notification_feed|remote_push|email,profile-readiness:profile-prompt-user-profile-awards:0e240658b0ed5ddc5ddac053,User has at least one award row,,
user_prompt,ready_for_in_app_admin_delivery,160fbb2e25a95bb3f9eced86,profile-prompt-user-profile-awards,profile,prompt-user,profile.awards,info,/profile?tab=awards,Add awards,Awards help the platform understand academic and extracurricular distinction.,Add awards,in_app_readiness_surface|dashboard,redis_notification_feed|remote_push|email,profile-readiness:profile-prompt-user-profile-awards:160fbb2e25a95bb3f9eced86,User has at least one award row,,
user_prompt,ready_for_in_app_admin_delivery,ddf064cfc49aa62c9d8707cc,profile-prompt-user-profile-awards,profile,prompt-user,profile.awards,info,/profile?tab=awards,Add awards,Awards help the platform understand academic and extracurricular distinction.,Add awards,in_app_readiness_surface|dashboard,redis_notification_feed|remote_push|email,profile-readiness:profile-prompt-user-profile-awards:ddf064cfc49aa62c9d8707cc,User has at least one award row,,
user_prompt,ready_for_in_app_admin_delivery,a790099ccfefc40ce8696476,profile-prompt-user-profile-awards,profile,prompt-user,profile.awards,info,/profile?tab=awards,Add awards,Awards help the platform understand academic and extracurricular distinction.,Add awards,in_app_readiness_surface|dashboard,redis_notification_feed|remote_push|email,profile-readiness:profile-prompt-user-profile-awards:a790099ccfefc40ce8696476,User has at least one award row,,
user_prompt,ready_for_in_app_admin_delivery,e05394e22942d705c03859bd,profile-prompt-user-profile-awards,profile,prompt-user,profile.awards,info,/profile?tab=awards,Add awards,Awards help the platform understand academic and extracurricular distinction.,Add awards,in_app_readiness_surface|dashboard,redis_notification_feed|remote_push|email,profile-readiness:profile-prompt-user-profile-awards:e05394e22942d705c03859bd,User has at least one award row,,
user_prompt,ready_for_in_app_admin_delivery,a995021d6a20228df7f3d2c7,profile-prompt-user-profile-awards,profile,prompt-user,profile.awards,info,/profile?tab=awards,Add awards,Awards help the platform understand academic and extracurricular distinction.,Add awards,in_app_readiness_surface|dashboard,redis_notification_feed|remote_push|email,profile-readiness:profile-prompt-user-profile-awards:a995021d6a20228df7f3d2c7,User has at least one award row,,
user_prompt,ready_for_in_app_admin_delivery,33a18bd87c4167c2d25c8f80,profile-prompt-user-profile-awards,profile,prompt-user,profile.awards,info,/profile?tab=awards,Add awards,Awards help the platform understand academic and extracurricular distinction.,Add awards,in_app_readiness_surface|dashboard,redis_notification_feed|remote_push|email,profile-readiness:profile-prompt-user-profile-awards:33a18bd87c4167c2d25c8f80,User has at least one award row,,
user_prompt,ready_for_in_app_admin_delivery,2000da6ed500774c6aea6a3f,profile-prompt-user-profile-awards,profile,prompt-user,profile.awards,info,/profile?tab=awards,Add awards,Awards help the platform understand academic and extracurricular distinction.,Add awards,in_app_readiness_surface|dashboard,redis_notification_feed|remote_push|email,profile-readiness:profile-prompt-user-profile-awards:2000da6ed500774c6aea6a3f,User has at least one award row,,
user_prompt,ready_for_in_app_admin_delivery,62e20c0d2922ccd5833fc157,profile-prompt-user-profile-awards,profile,prompt-user,profile.awards,info,/profile?tab=awards,Add awards,Awards help the platform understand academic and extracurricular distinction.,Add awards,in_app_readiness_surface|dashboard,redis_notification_feed|remote_push|email,profile-readiness:profile-prompt-user-profile-awards:62e20c0d2922ccd5833fc157,User has at least one award row,,
user_prompt,ready_for_in_app_admin_delivery,7f3e88c6566d0a0a68d15f41,profile-prompt-user-profile-awards,profile,prompt-user,profile.awards,info,/profile?tab=awards,Add awards,Awards help the platform understand academic and extracurricular distinction.,Add awards,in_app_readiness_surface|dashboard,redis_notification_feed|remote_push|email,profile-readiness:profile-prompt-user-profile-awards:7f3e88c6566d0a0a68d15f41,User has at least one award row,,
user_prompt,ready_for_in_app_admin_delivery,3f93bbee58f8299dcd02e13c,profile-prompt-user-profile-awards,profile,prompt-user,profile.awards,info,/profile?tab=awards,Add awards,Awards help the platform understand academic and extracurricular distinction.,Add awards,in_app_readiness_surface|dashboard,redis_notification_feed|remote_push|email,profile-readiness:profile-prompt-user-profile-awards:3f93bbee58f8299dcd02e13c,User has at least one award row,,
user_prompt,ready_for_in_app_admin_delivery,6e0d22223b9fe7404d8768fa,profile-prompt-user-profile-awards,profile,prompt-user,profile.awards,info,/profile?tab=awards,Add awards,Awards help the platform understand academic and extracurricular distinction.,Add awards,in_app_readiness_surface|dashboard,redis_notification_feed|remote_push|email,profile-readiness:profile-prompt-user-profile-awards:6e0d22223b9fe7404d8768fa,User has at least one award row,,
operator_review,ready_for_operator_review,ac0b7ebf3137a6b7af99d582,profile-match-award-competition-profile-awards-competition-unmatched,profile,match-award-competition,profile.awards.competition_unmatched,info,/profile?tab=awards,,,,admin_queue,redis_notification_feed|remote_push|email,,Award rows are linked to reviewed competition records,,
operator_review,ready_for_operator_review,a2f55545fca8f7f659477f4c,profile-match-award-competition-profile-awards-competition-unmatched,profile,match-award-competition,profile.awards.competition_unmatched,info,/profile?tab=awards,,,,admin_queue,redis_notification_feed|remote_push|email,,Award rows are linked to reviewed competition records,,
operator_review,ready_for_operator_review,d062cc598a74e321a2b06c92,profile-match-award-competition-profile-awards-competition-unmatched,profile,match-award-competition,profile.awards.competition_unmatched,info,/profile?tab=awards,,,,admin_queue,redis_notification_feed|remote_push|email,,Award rows are linked to reviewed competition records,,
operator_review,ready_for_operator_review,a8d64fb39c8e61b16d52ba27,profile-match-award-competition-profile-awards-competition-unmatched,profile,match-award-competition,profile.awards.competition_unmatched,info,/profile?tab=awards,,,,admin_queue,redis_notification_feed|remote_push|email,,Award rows are linked to reviewed competition records,,
operator_review,ready_for_operator_review,b7c12fd19a1f88e9c26f3161,profile-match-award-competition-profile-awards-competition-unmatched,profile,match-award-competition,profile.awards.competition_unmatched,info,/profile?tab=awards,,,,admin_queue,redis_notification_feed|remote_push|email,,Award rows are linked to reviewed competition records,,
operator_review,ready_for_operator_review,dd2e368ddefcbd51a6671fb7,profile-match-award-competition-profile-awards-competition-unmatched,profile,match-award-competition,profile.awards.competition_unmatched,info,/profile?tab=awards,,,,admin_queue,redis_notification_feed|remote_push|email,,Award rows are linked to reviewed competition records,,
operator_review,ready_for_operator_review,062809d29de1fd84fd860c56,profile-match-award-competition-profile-awards-competition-unmatched,profile,match-award-competition,profile.awards.competition_unmatched,info,/profile?tab=awards,,,,admin_queue,redis_notification_feed|remote_push|email,,Award rows are linked to reviewed competition records,,
operator_review,ready_for_operator_review,12621386061ae4d2da4997fd,profile-match-award-competition-profile-awards-competition-unmatched,profile,match-award-competition,profile.awards.competition_unmatched,info,/profile?tab=awards,,,,admin_queue,redis_notification_feed|remote_push|email,,Award rows are linked to reviewed competition records,,
operator_review,ready_for_operator_review,e30f76775969a451a2b4ae69,profile-match-award-competition-profile-awards-competition-unmatched,profile,match-award-competition,profile.awards.competition_unmatched,info,/profile?tab=awards,,,,admin_queue,redis_notification_feed|remote_push|email,,Award rows are linked to reviewed competition records,,
operator_review,ready_for_operator_review,5de8dd131d908be3f8be7a2d,profile-match-award-competition-profile-awards-competition-unmatched,profile,match-award-competition,profile.awards.competition_unmatched,info,/profile?tab=awards,,,,admin_queue,redis_notification_feed|remote_push|email,,Award rows are linked to reviewed competition records,,
operator_review,ready_for_operator_review,a59059c654235239f0a6c65f,profile-match-award-competition-profile-awards-competition-unmatched,profile,match-award-competition,profile.awards.competition_unmatched,info,/profile?tab=awards,,,,admin_queue,redis_notification_feed|remote_push|email,,Award rows are linked to reviewed competition records,,
user_prompt,ready_for_in_app_admin_delivery,802483c05fc63b56d5113074,profile-prompt-user-profile-education,profile,prompt-user,profile.education,info,/profile?tab=education,Add education history,"Education history helps interpret GPA, curriculum, and school context.",Add education,in_app_readiness_surface|dashboard,redis_notification_feed|remote_push|email,profile-readiness:profile-prompt-user-profile-education:802483c05fc63b56d5113074,User has education history rows,,
user_prompt,ready_for_in_app_admin_delivery,f46de3981f1853f4abbd4641,profile-prompt-user-profile-education,profile,prompt-user,profile.education,info,/profile?tab=education,Add education history,"Education history helps interpret GPA, curriculum, and school context.",Add education,in_app_readiness_surface|dashboard,redis_notification_feed|remote_push|email,profile-readiness:profile-prompt-user-profile-education:f46de3981f1853f4abbd4641,User has education history rows,,
user_prompt,ready_for_in_app_admin_delivery,3dc36e732297447a53963a67,profile-prompt-user-profile-education,profile,prompt-user,profile.education,info,/profile?tab=education,Add education history,"Education history helps interpret GPA, curriculum, and school context.",Add education,in_app_readiness_surface|dashboard,redis_notification_feed|remote_push|email,profile-readiness:profile-prompt-user-profile-education:3dc36e732297447a53963a67,User has education history rows,,
user_prompt,ready_for_in_app_admin_delivery,3aec115dea1871ad7804c5ee,profile-prompt-user-profile-education,profile,prompt-user,profile.education,info,/profile?tab=education,Add education history,"Education history helps interpret GPA, curriculum, and school context.",Add education,in_app_readiness_surface|dashboard,redis_notification_feed|remote_push|email,profile-readiness:profile-prompt-user-profile-education:3aec115dea1871ad7804c5ee,User has education history rows,,
user_prompt,ready_for_in_app_admin_delivery,29076cdf73d07afbecb33d1f,profile-prompt-user-profile-education,profile,prompt-user,profile.education,info,/profile?tab=education,Add education history,"Education history helps interpret GPA, curriculum, and school context.",Add education,in_app_readiness_surface|dashboard,redis_notification_feed|remote_push|email,profile-readiness:profile-prompt-user-profile-education:29076cdf73d07afbecb33d1f,User has education history rows,,
user_prompt,ready_for_in_app_admin_delivery,e6f9022187d9b4ec16d49235,profile-prompt-user-profile-education,profile,prompt-user,profile.education,info,/profile?tab=education,Add education history,"Education history helps interpret GPA, curriculum, and school context.",Add education,in_app_readiness_surface|dashboard,redis_notification_feed|remote_push|email,profile-readiness:profile-prompt-user-profile-education:e6f9022187d9b4ec16d49235,User has education history rows,,
user_prompt,ready_for_in_app_admin_delivery,e449837a18bd87b77a6ef1e5,profile-prompt-user-profile-education,profile,prompt-user,profile.education,info,/profile?tab=education,Add education history,"Education history helps interpret GPA, curriculum, and school context.",Add education,in_app_readiness_surface|dashboard,redis_notification_feed|remote_push|email,profile-readiness:profile-prompt-user-profile-education:e449837a18bd87b77a6ef1e5,User has education history rows,,
user_prompt,ready_for_in_app_admin_delivery,fe2afb920f81889354794d13,profile-prompt-user-profile-education,profile,prompt-user,profile.education,info,/profile?tab=education,Add education history,"Education history helps interpret GPA, curriculum, and school context.",Add education,in_app_readiness_surface|dashboard,redis_notification_feed|remote_push|email,profile-readiness:profile-prompt-user-profile-education:fe2afb920f81889354794d13,User has education history rows,,
user_prompt,ready_for_in_app_admin_delivery,75933046392cb0c42c062611,profile-prompt-user-profile-education,profile,prompt-user,profile.education,info,/profile?tab=education,Add education history,"Education history helps interpret GPA, curriculum, and school context.",Add education,in_app_readiness_surface|dashboard,redis_notification_feed|remote_push|email,profile-readiness:profile-prompt-user-profile-education:75933046392cb0c42c062611,User has education history rows,,
user_prompt,ready_for_in_app_admin_delivery,745052463f3be2c63514db2f,profile-prompt-user-profile-education,profile,prompt-user,profile.education,info,/profile?tab=education,Add education history,"Education history helps interpret GPA, curriculum, and school context.",Add education,in_app_readiness_surface|dashboard,redis_notification_feed|remote_push|email,profile-readiness:profile-prompt-user-profile-education:745052463f3be2c63514db2f,User has education history rows,,
user_prompt,ready_for_in_app_admin_delivery,9d0db16bacd8261ed76c2d8f,profile-prompt-user-profile-education,profile,prompt-user,profile.education,info,/profile?tab=education,Add education history,"Education history helps interpret GPA, curriculum, and school context.",Add education,in_app_readiness_surface|dashboard,redis_notification_feed|remote_push|email,profile-readiness:profile-prompt-user-profile-education:9d0db16bacd8261ed76c2d8f,User has education history rows,,
user_prompt,ready_for_in_app_admin_delivery,2d3538d986b40dbb9773bad5,profile-prompt-user-profile-education,profile,prompt-user,profile.education,info,/profile?tab=education,Add education history,"Education history helps interpret GPA, curriculum, and school context.",Add education,in_app_readiness_surface|dashboard,redis_notification_feed|remote_push|email,profile-readiness:profile-prompt-user-profile-education:2d3538d986b40dbb9773bad5,User has education history rows,,
user_prompt,ready_for_in_app_admin_delivery,bf039e0c60608f4f87581cc9,profile-prompt-user-profile-education,profile,prompt-user,profile.education,info,/profile?tab=education,Add education history,"Education history helps interpret GPA, curriculum, and school context.",Add education,in_app_readiness_surface|dashboard,redis_notification_feed|remote_push|email,profile-readiness:profile-prompt-user-profile-education:bf039e0c60608f4f87581cc9,User has education history rows,,
user_prompt,ready_for_in_app_admin_delivery,366320fee296c0f2fc92761e,profile-prompt-user-profile-education,profile,prompt-user,profile.education,info,/profile?tab=education,Add education history,"Education history helps interpret GPA, curriculum, and school context.",Add education,in_app_readiness_surface|dashboard,redis_notification_feed|remote_push|email,profile-readiness:profile-prompt-user-profile-education:366320fee296c0f2fc92761e,User has education history rows,,
user_prompt,ready_for_in_app_admin_delivery,683b23c8c4fe0d8bc12e5633,profile-prompt-user-profile-education,profile,prompt-user,profile.education,info,/profile?tab=education,Add education history,"Education history helps interpret GPA, curriculum, and school context.",Add education,in_app_readiness_surface|dashboard,redis_notification_feed|remote_push|email,profile-readiness:profile-prompt-user-profile-education:683b23c8c4fe0d8bc12e5633,User has education history rows,,
user_prompt,ready_for_in_app_admin_delivery,b338f5f9fe85ac763c330af1,profile-prompt-user-profile-education,profile,prompt-user,profile.education,info,/profile?tab=education,Add education history,"Education history helps interpret GPA, curriculum, and school context.",Add education,in_app_readiness_surface|dashboard,redis_notification_feed|remote_push|email,profile-readiness:profile-prompt-user-profile-education:b338f5f9fe85ac763c330af1,User has education history rows,,
user_prompt,ready_for_in_app_admin_delivery,e5f7d86f6995efe58037c6fb,profile-prompt-user-profile-education,profile,prompt-user,profile.education,info,/profile?tab=education,Add education history,"Education history helps interpret GPA, curriculum, and school context.",Add education,in_app_readiness_surface|dashboard,redis_notification_feed|remote_push|email,profile-readiness:profile-prompt-user-profile-education:e5f7d86f6995efe58037c6fb,User has education history rows,,
user_prompt,ready_for_in_app_admin_delivery,87a1b361875b527870210e1a,profile-prompt-user-profile-education,profile,prompt-user,profile.education,info,/profile?tab=education,Add education history,"Education history helps interpret GPA, curriculum, and school context.",Add education,in_app_readiness_surface|dashboard,redis_notification_feed|remote_push|email,profile-readiness:profile-prompt-user-profile-education:87a1b361875b527870210e1a,User has education history rows,,
user_prompt,ready_for_in_app_admin_delivery,1d8c13ffebafff31847d9e97,profile-prompt-user-profile-education,profile,prompt-user,profile.education,info,/profile?tab=education,Add education history,"Education history helps interpret GPA, curriculum, and school context.",Add education,in_app_readiness_surface|dashboard,redis_notification_feed|remote_push|email,profile-readiness:profile-prompt-user-profile-education:1d8c13ffebafff31847d9e97,User has education history rows,,
user_prompt,ready_for_in_app_admin_delivery,4fdebab56088e041d556c66e,profile-prompt-user-profile-education,profile,prompt-user,profile.education,info,/profile?tab=education,Add education history,"Education history helps interpret GPA, curriculum, and school context.",Add education,in_app_readiness_surface|dashboard,redis_notification_feed|remote_push|email,profile-readiness:profile-prompt-user-profile-education:4fdebab56088e041d556c66e,User has education history rows,,
user_prompt,ready_for_in_app_admin_delivery,c6a5a94d5d0cb5e5d50b94ca,profile-prompt-user-profile-education,profile,prompt-user,profile.education,info,/profile?tab=education,Add education history,"Education history helps interpret GPA, curriculum, and school context.",Add education,in_app_readiness_surface|dashboard,redis_notification_feed|remote_push|email,profile-readiness:profile-prompt-user-profile-education:c6a5a94d5d0cb5e5d50b94ca,User has education history rows,,
user_prompt,ready_for_in_app_admin_delivery,b5f4ee1c6dd44f7f60bcbd32,profile-prompt-user-profile-education,profile,prompt-user,profile.education,info,/profile?tab=education,Add education history,"Education history helps interpret GPA, curriculum, and school context.",Add education,in_app_readiness_surface|dashboard,redis_notification_feed|remote_push|email,profile-readiness:profile-prompt-user-profile-education:b5f4ee1c6dd44f7f60bcbd32,User has education history rows,,
user_prompt,ready_for_in_app_admin_delivery,626eb5e38882c885cdc64b66,profile-prompt-user-profile-education,profile,prompt-user,profile.education,info,/profile?tab=education,Add education history,"Education history helps interpret GPA, curriculum, and school context.",Add education,in_app_readiness_surface|dashboard,redis_notification_feed|remote_push|email,profile-readiness:profile-prompt-user-profile-education:626eb5e38882c885cdc64b66,User has education history rows,,
user_prompt,ready_for_in_app_admin_delivery,288dfec9fe70b8f130d4b269,profile-prompt-user-profile-education,profile,prompt-user,profile.education,info,/profile?tab=education,Add education history,"Education history helps interpret GPA, curriculum, and school context.",Add education,in_app_readiness_surface|dashboard,redis_notification_feed|remote_push|email,profile-readiness:profile-prompt-user-profile-education:288dfec9fe70b8f130d4b269,User has education history rows,,
user_prompt,ready_for_in_app_admin_delivery,385e5344fb0ba928499b14d9,profile-prompt-user-profile-education,profile,prompt-user,profile.education,info,/profile?tab=education,Add education history,"Education history helps interpret GPA, curriculum, and school context.",Add education,in_app_readiness_surface|dashboard,redis_notification_feed|remote_push|email,profile-readiness:profile-prompt-user-profile-education:385e5344fb0ba928499b14d9,User has education history rows,,
user_prompt,ready_for_in_app_admin_delivery,21b185bc16be52d77c08ac2c,profile-prompt-user-profile-education,profile,prompt-user,profile.education,info,/profile?tab=education,Add education history,"Education history helps interpret GPA, curriculum, and school context.",Add education,in_app_readiness_surface|dashboard,redis_notification_feed|remote_push|email,profile-readiness:profile-prompt-user-profile-education:21b185bc16be52d77c08ac2c,User has education history rows,,
user_prompt,ready_for_in_app_admin_delivery,fad9e50ec597acdb56e97901,profile-prompt-user-profile-education,profile,prompt-user,profile.education,info,/profile?tab=education,Add education history,"Education history helps interpret GPA, curriculum, and school context.",Add education,in_app_readiness_surface|dashboard,redis_notification_feed|remote_push|email,profile-readiness:profile-prompt-user-profile-education:fad9e50ec597acdb56e97901,User has education history rows,,
user_prompt,ready_for_in_app_admin_delivery,4d1f395bd00cc2f44c81f8e0,profile-prompt-user-profile-education,profile,prompt-user,profile.education,info,/profile?tab=education,Add education history,"Education history helps interpret GPA, curriculum, and school context.",Add education,in_app_readiness_surface|dashboard,redis_notification_feed|remote_push|email,profile-readiness:profile-prompt-user-profile-education:4d1f395bd00cc2f44c81f8e0,User has education history rows,,
user_prompt,ready_for_in_app_admin_delivery,7232f1fa4940f02570578fa4,profile-prompt-user-profile-education,profile,prompt-user,profile.education,info,/profile?tab=education,Add education history,"Education history helps interpret GPA, curriculum, and school context.",Add education,in_app_readiness_surface|dashboard,redis_notification_feed|remote_push|email,profile-readiness:profile-prompt-user-profile-education:7232f1fa4940f02570578fa4,User has education history rows,,
user_prompt,ready_for_in_app_admin_delivery,d5668608d88680646b4304d5,profile-prompt-user-profile-education,profile,prompt-user,profile.education,info,/profile?tab=education,Add education history,"Education history helps interpret GPA, curriculum, and school context.",Add education,in_app_readiness_surface|dashboard,redis_notification_feed|remote_push|email,profile-readiness:profile-prompt-user-profile-education:d5668608d88680646b4304d5,User has education history rows,,
user_prompt,ready_for_in_app_admin_delivery,eb5f0931db192e04b5bb694f,profile-prompt-user-profile-education,profile,prompt-user,profile.education,info,/profile?tab=education,Add education history,"Education history helps interpret GPA, curriculum, and school context.",Add education,in_app_readiness_surface|dashboard,redis_notification_feed|remote_push|email,profile-readiness:profile-prompt-user-profile-education:eb5f0931db192e04b5bb694f,User has education history rows,,
user_prompt,ready_for_in_app_admin_delivery,144044aa210635b68bd3413e,profile-prompt-user-profile-education,profile,prompt-user,profile.education,info,/profile?tab=education,Add education history,"Education history helps interpret GPA, curriculum, and school context.",Add education,in_app_readiness_surface|dashboard,redis_notification_feed|remote_push|email,profile-readiness:profile-prompt-user-profile-education:144044aa210635b68bd3413e,User has education history rows,,
user_prompt,ready_for_in_app_admin_delivery,9e7d85fb4bc03da0d6a42f62,profile-prompt-user-profile-education,profile,prompt-user,profile.education,info,/profile?tab=education,Add education history,"Education history helps interpret GPA, curriculum, and school context.",Add education,in_app_readiness_surface|dashboard,redis_notification_feed|remote_push|email,profile-readiness:profile-prompt-user-profile-education:9e7d85fb4bc03da0d6a42f62,User has education history rows,,
user_prompt,ready_for_in_app_admin_delivery,5a1258607ca8af1051025180,profile-prompt-user-profile-education,profile,prompt-user,profile.education,info,/profile?tab=education,Add education history,"Education history helps interpret GPA, curriculum, and school context.",Add education,in_app_readiness_surface|dashboard,redis_notification_feed|remote_push|email,profile-readiness:profile-prompt-user-profile-education:5a1258607ca8af1051025180,User has education history rows,,
user_prompt,ready_for_in_app_admin_delivery,abaf8c9bde037950385c3f12,profile-prompt-user-profile-education,profile,prompt-user,profile.education,info,/profile?tab=education,Add education history,"Education history helps interpret GPA, curriculum, and school context.",Add education,in_app_readiness_surface|dashboard,redis_notification_feed|remote_push|email,profile-readiness:profile-prompt-user-profile-education:abaf8c9bde037950385c3f12,User has education history rows,,
user_prompt,ready_for_in_app_admin_delivery,fa0da822fd523382a860416f,profile-prompt-user-profile-education,profile,prompt-user,profile.education,info,/profile?tab=education,Add education history,"Education history helps interpret GPA, curriculum, and school context.",Add education,in_app_readiness_surface|dashboard,redis_notification_feed|remote_push|email,profile-readiness:profile-prompt-user-profile-education:fa0da822fd523382a860416f,User has education history rows,,
user_prompt,ready_for_in_app_admin_delivery,90f1204abd54fafff4b248e3,profile-prompt-user-profile-education,profile,prompt-user,profile.education,info,/profile?tab=education,Add education history,"Education history helps interpret GPA, curriculum, and school context.",Add education,in_app_readiness_surface|dashboard,redis_notification_feed|remote_push|email,profile-readiness:profile-prompt-user-profile-education:90f1204abd54fafff4b248e3,User has education history rows,,
user_prompt,ready_for_in_app_admin_delivery,e3ad628c231e661f27d886fd,profile-prompt-user-profile-education,profile,prompt-user,profile.education,info,/profile?tab=education,Add education history,"Education history helps interpret GPA, curriculum, and school context.",Add education,in_app_readiness_surface|dashboard,redis_notification_feed|remote_push|email,profile-readiness:profile-prompt-user-profile-education:e3ad628c231e661f27d886fd,User has education history rows,,
user_prompt,ready_for_in_app_admin_delivery,048028fc4ece7871c4c818a1,profile-prompt-user-profile-education,profile,prompt-user,profile.education,info,/profile?tab=education,Add education history,"Education history helps interpret GPA, curriculum, and school context.",Add education,in_app_readiness_surface|dashboard,redis_notification_feed|remote_push|email,profile-readiness:profile-prompt-user-profile-education:048028fc4ece7871c4c818a1,User has education history rows,,
user_prompt,ready_for_in_app_admin_delivery,6ce7ad342b357b3b14deb49c,profile-prompt-user-profile-education,profile,prompt-user,profile.education,info,/profile?tab=education,Add education history,"Education history helps interpret GPA, curriculum, and school context.",Add education,in_app_readiness_surface|dashboard,redis_notification_feed|remote_push|email,profile-readiness:profile-prompt-user-profile-education:6ce7ad342b357b3b14deb49c,User has education history rows,,
user_prompt,ready_for_in_app_admin_delivery,054d410c714fc4cda4394e8c,profile-prompt-user-profile-education,profile,prompt-user,profile.education,info,/profile?tab=education,Add education history,"Education history helps interpret GPA, curriculum, and school context.",Add education,in_app_readiness_surface|dashboard,redis_notification_feed|remote_push|email,profile-readiness:profile-prompt-user-profile-education:054d410c714fc4cda4394e8c,User has education history rows,,
user_prompt,ready_for_in_app_admin_delivery,43f7e141b8b05d5f4b1656ff,profile-prompt-user-profile-education,profile,prompt-user,profile.education,info,/profile?tab=education,Add education history,"Education history helps interpret GPA, curriculum, and school context.",Add education,in_app_readiness_surface|dashboard,redis_notification_feed|remote_push|email,profile-readiness:profile-prompt-user-profile-education:43f7e141b8b05d5f4b1656ff,User has education history rows,,
user_prompt,ready_for_in_app_admin_delivery,ee4954e857d17b8eebb7ae31,profile-prompt-user-profile-education,profile,prompt-user,profile.education,info,/profile?tab=education,Add education history,"Education history helps interpret GPA, curriculum, and school context.",Add education,in_app_readiness_surface|dashboard,redis_notification_feed|remote_push|email,profile-readiness:profile-prompt-user-profile-education:ee4954e857d17b8eebb7ae31,User has education history rows,,
user_prompt,ready_for_in_app_admin_delivery,9d574d111efc9d97b84d6c15,profile-prompt-user-profile-education,profile,prompt-user,profile.education,info,/profile?tab=education,Add education history,"Education history helps interpret GPA, curriculum, and school context.",Add education,in_app_readiness_surface|dashboard,redis_notification_feed|remote_push|email,profile-readiness:profile-prompt-user-profile-education:9d574d111efc9d97b84d6c15,User has education history rows,,
user_prompt,ready_for_in_app_admin_delivery,4abcd46d927f195540b38c5d,profile-prompt-user-profile-education,profile,prompt-user,profile.education,info,/profile?tab=education,Add education history,"Education history helps interpret GPA, curriculum, and school context.",Add education,in_app_readiness_surface|dashboard,redis_notification_feed|remote_push|email,profile-readiness:profile-prompt-user-profile-education:4abcd46d927f195540b38c5d,User has education history rows,,
user_prompt,ready_for_in_app_admin_delivery,3b62c93519e3db6dfe2c3efb,profile-prompt-user-profile-education,profile,prompt-user,profile.education,info,/profile?tab=education,Add education history,"Education history helps interpret GPA, curriculum, and school context.",Add education,in_app_readiness_surface|dashboard,redis_notification_feed|remote_push|email,profile-readiness:profile-prompt-user-profile-education:3b62c93519e3db6dfe2c3efb,User has education history rows,,
user_prompt,ready_for_in_app_admin_delivery,279b99bc08a2c8d50ec3af36,profile-prompt-user-profile-education,profile,prompt-user,profile.education,info,/profile?tab=education,Add education history,"Education history helps interpret GPA, curriculum, and school context.",Add education,in_app_readiness_surface|dashboard,redis_notification_feed|remote_push|email,profile-readiness:profile-prompt-user-profile-education:279b99bc08a2c8d50ec3af36,User has education history rows,,
user_prompt,ready_for_in_app_admin_delivery,74c9ee8d165d193a609087d6,profile-prompt-user-profile-education,profile,prompt-user,profile.education,info,/profile?tab=education,Add education history,"Education history helps interpret GPA, curriculum, and school context.",Add education,in_app_readiness_surface|dashboard,redis_notification_feed|remote_push|email,profile-readiness:profile-prompt-user-profile-education:74c9ee8d165d193a609087d6,User has education history rows,,
user_prompt,ready_for_in_app_admin_delivery,b4c465cc257a5e9d36dcd519,profile-prompt-user-profile-education,profile,prompt-user,profile.education,info,/profile?tab=education,Add education history,"Education history helps interpret GPA, curriculum, and school context.",Add education,in_app_readiness_surface|dashboard,redis_notification_feed|remote_push|email,profile-readiness:profile-prompt-user-profile-education:b4c465cc257a5e9d36dcd519,User has education history rows,,
user_prompt,ready_for_in_app_admin_delivery,d3f2cb982d857949a81c39b9,profile-prompt-user-profile-education,profile,prompt-user,profile.education,info,/profile?tab=education,Add education history,"Education history helps interpret GPA, curriculum, and school context.",Add education,in_app_readiness_surface|dashboard,redis_notification_feed|remote_push|email,profile-readiness:profile-prompt-user-profile-education:d3f2cb982d857949a81c39b9,User has education history rows,,
user_prompt,ready_for_in_app_admin_delivery,4012bad586b0835007dd6107,profile-prompt-user-profile-education,profile,prompt-user,profile.education,info,/profile?tab=education,Add education history,"Education history helps interpret GPA, curriculum, and school context.",Add education,in_app_readiness_surface|dashboard,redis_notification_feed|remote_push|email,profile-readiness:profile-prompt-user-profile-education:4012bad586b0835007dd6107,User has education history rows,,
user_prompt,ready_for_in_app_admin_delivery,876000e8b2adb2f3bce6e5e3,profile-prompt-user-profile-education,profile,prompt-user,profile.education,info,/profile?tab=education,Add education history,"Education history helps interpret GPA, curriculum, and school context.",Add education,in_app_readiness_surface|dashboard,redis_notification_feed|remote_push|email,profile-readiness:profile-prompt-user-profile-education:876000e8b2adb2f3bce6e5e3,User has education history rows,,
user_prompt,ready_for_in_app_admin_delivery,2d38d89c0d25f77c2503a1af,profile-prompt-user-profile-education,profile,prompt-user,profile.education,info,/profile?tab=education,Add education history,"Education history helps interpret GPA, curriculum, and school context.",Add education,in_app_readiness_surface|dashboard,redis_notification_feed|remote_push|email,profile-readiness:profile-prompt-user-profile-education:2d38d89c0d25f77c2503a1af,User has education history rows,,
user_prompt,ready_for_in_app_admin_delivery,6e25deecd13b429aaf14c4a5,profile-prompt-user-profile-education,profile,prompt-user,profile.education,info,/profile?tab=education,Add education history,"Education history helps interpret GPA, curriculum, and school context.",Add education,in_app_readiness_surface|dashboard,redis_notification_feed|remote_push|email,profile-readiness:profile-prompt-user-profile-education:6e25deecd13b429aaf14c4a5,User has education history rows,,
user_prompt,ready_for_in_app_admin_delivery,98574f35c5fc1b5a13b34d2d,profile-prompt-user-profile-education,profile,prompt-user,profile.education,info,/profile?tab=education,Add education history,"Education history helps interpret GPA, curriculum, and school context.",Add education,in_app_readiness_surface|dashboard,redis_notification_feed|remote_push|email,profile-readiness:profile-prompt-user-profile-education:98574f35c5fc1b5a13b34d2d,User has education history rows,,
user_prompt,ready_for_in_app_admin_delivery,3b0ae29aa3a42546f3a20525,profile-prompt-user-profile-education,profile,prompt-user,profile.education,info,/profile?tab=education,Add education history,"Education history helps interpret GPA, curriculum, and school context.",Add education,in_app_readiness_surface|dashboard,redis_notification_feed|remote_push|email,profile-readiness:profile-prompt-user-profile-education:3b0ae29aa3a42546f3a20525,User has education history rows,,
user_prompt,ready_for_in_app_admin_delivery,a00d8f6848b5b8fd53105350,profile-prompt-user-profile-education,profile,prompt-user,profile.education,info,/profile?tab=education,Add education history,"Education history helps interpret GPA, curriculum, and school context.",Add education,in_app_readiness_surface|dashboard,redis_notification_feed|remote_push|email,profile-readiness:profile-prompt-user-profile-education:a00d8f6848b5b8fd53105350,User has education history rows,,
user_prompt,ready_for_in_app_admin_delivery,efefd028899c83b572acbaca,profile-prompt-user-profile-education,profile,prompt-user,profile.education,info,/profile?tab=education,Add education history,"Education history helps interpret GPA, curriculum, and school context.",Add education,in_app_readiness_surface|dashboard,redis_notification_feed|remote_push|email,profile-readiness:profile-prompt-user-profile-education:efefd028899c83b572acbaca,User has education history rows,,
user_prompt,ready_for_in_app_admin_delivery,e68dd4215f226c8e4e76a5ce,profile-prompt-user-profile-education,profile,prompt-user,profile.education,info,/profile?tab=education,Add education history,"Education history helps interpret GPA, curriculum, and school context.",Add education,in_app_readiness_surface|dashboard,redis_notification_feed|remote_push|email,profile-readiness:profile-prompt-user-profile-education:e68dd4215f226c8e4e76a5ce,User has education history rows,,
user_prompt,ready_for_in_app_admin_delivery,81314501c599989cc7264bde,profile-prompt-user-profile-education,profile,prompt-user,profile.education,info,/profile?tab=education,Add education history,"Education history helps interpret GPA, curriculum, and school context.",Add education,in_app_readiness_surface|dashboard,redis_notification_feed|remote_push|email,profile-readiness:profile-prompt-user-profile-education:81314501c599989cc7264bde,User has education history rows,,
user_prompt,ready_for_in_app_admin_delivery,671882419679232da0e380f9,profile-prompt-user-profile-education,profile,prompt-user,profile.education,info,/profile?tab=education,Add education history,"Education history helps interpret GPA, curriculum, and school context.",Add education,in_app_readiness_surface|dashboard,redis_notification_feed|remote_push|email,profile-readiness:profile-prompt-user-profile-education:671882419679232da0e380f9,User has education history rows,,
user_prompt,ready_for_in_app_admin_delivery,09e472b96a6acc4e3214037f,profile-prompt-user-profile-education,profile,prompt-user,profile.education,info,/profile?tab=education,Add education history,"Education history helps interpret GPA, curriculum, and school context.",Add education,in_app_readiness_surface|dashboard,redis_notification_feed|remote_push|email,profile-readiness:profile-prompt-user-profile-education:09e472b96a6acc4e3214037f,User has education history rows,,
user_prompt,ready_for_in_app_admin_delivery,128cf9bdbbd30c4692340893,profile-prompt-user-profile-education,profile,prompt-user,profile.education,info,/profile?tab=education,Add education history,"Education history helps interpret GPA, curriculum, and school context.",Add education,in_app_readiness_surface|dashboard,redis_notification_feed|remote_push|email,profile-readiness:profile-prompt-user-profile-education:128cf9bdbbd30c4692340893,User has education history rows,,
user_prompt,ready_for_in_app_admin_delivery,bde3729d50403544ccebff9a,profile-prompt-user-profile-education,profile,prompt-user,profile.education,info,/profile?tab=education,Add education history,"Education history helps interpret GPA, curriculum, and school context.",Add education,in_app_readiness_surface|dashboard,redis_notification_feed|remote_push|email,profile-readiness:profile-prompt-user-profile-education:bde3729d50403544ccebff9a,User has education history rows,,
user_prompt,ready_for_in_app_admin_delivery,f75a8ccae118bcd318fc5cd2,profile-prompt-user-profile-education,profile,prompt-user,profile.education,info,/profile?tab=education,Add education history,"Education history helps interpret GPA, curriculum, and school context.",Add education,in_app_readiness_surface|dashboard,redis_notification_feed|remote_push|email,profile-readiness:profile-prompt-user-profile-education:f75a8ccae118bcd318fc5cd2,User has education history rows,,
user_prompt,ready_for_in_app_admin_delivery,6216f3543ca1643402cefaaa,profile-prompt-user-profile-education,profile,prompt-user,profile.education,info,/profile?tab=education,Add education history,"Education history helps interpret GPA, curriculum, and school context.",Add education,in_app_readiness_surface|dashboard,redis_notification_feed|remote_push|email,profile-readiness:profile-prompt-user-profile-education:6216f3543ca1643402cefaaa,User has education history rows,,
user_prompt,ready_for_in_app_admin_delivery,3c09f7498dcde215688f728f,profile-prompt-user-profile-education,profile,prompt-user,profile.education,info,/profile?tab=education,Add education history,"Education history helps interpret GPA, curriculum, and school context.",Add education,in_app_readiness_surface|dashboard,redis_notification_feed|remote_push|email,profile-readiness:profile-prompt-user-profile-education:3c09f7498dcde215688f728f,User has education history rows,,
user_prompt,ready_for_in_app_admin_delivery,5dfb40b1a9bf29962c92c4e0,profile-prompt-user-profile-education,profile,prompt-user,profile.education,info,/profile?tab=education,Add education history,"Education history helps interpret GPA, curriculum, and school context.",Add education,in_app_readiness_surface|dashboard,redis_notification_feed|remote_push|email,profile-readiness:profile-prompt-user-profile-education:5dfb40b1a9bf29962c92c4e0,User has education history rows,,
user_prompt,ready_for_in_app_admin_delivery,96e371a4d8ab3bb87e424de2,profile-prompt-user-profile-education,profile,prompt-user,profile.education,info,/profile?tab=education,Add education history,"Education history helps interpret GPA, curriculum, and school context.",Add education,in_app_readiness_surface|dashboard,redis_notification_feed|remote_push|email,profile-readiness:profile-prompt-user-profile-education:96e371a4d8ab3bb87e424de2,User has education history rows,,
user_prompt,ready_for_in_app_admin_delivery,8366ac6e15b379c3156f52a3,profile-prompt-user-profile-education,profile,prompt-user,profile.education,info,/profile?tab=education,Add education history,"Education history helps interpret GPA, curriculum, and school context.",Add education,in_app_readiness_surface|dashboard,redis_notification_feed|remote_push|email,profile-readiness:profile-prompt-user-profile-education:8366ac6e15b379c3156f52a3,User has education history rows,,
user_prompt,ready_for_in_app_admin_delivery,bc2c5e715fa4b0e0b3781a97,profile-prompt-user-profile-education,profile,prompt-user,profile.education,info,/profile?tab=education,Add education history,"Education history helps interpret GPA, curriculum, and school context.",Add education,in_app_readiness_surface|dashboard,redis_notification_feed|remote_push|email,profile-readiness:profile-prompt-user-profile-education:bc2c5e715fa4b0e0b3781a97,User has education history rows,,
user_prompt,ready_for_in_app_admin_delivery,46a752bfbb2e7f744530e13d,profile-prompt-user-profile-education,profile,prompt-user,profile.education,info,/profile?tab=education,Add education history,"Education history helps interpret GPA, curriculum, and school context.",Add education,in_app_readiness_surface|dashboard,redis_notification_feed|remote_push|email,profile-readiness:profile-prompt-user-profile-education:46a752bfbb2e7f744530e13d,User has education history rows,,
user_prompt,ready_for_in_app_admin_delivery,9d220a4364c379c59a202cd4,profile-prompt-user-profile-education,profile,prompt-user,profile.education,info,/profile?tab=education,Add education history,"Education history helps interpret GPA, curriculum, and school context.",Add education,in_app_readiness_surface|dashboard,redis_notification_feed|remote_push|email,profile-readiness:profile-prompt-user-profile-education:9d220a4364c379c59a202cd4,User has education history rows,,
user_prompt,ready_for_in_app_admin_delivery,f76c2626dd527a485a7371c8,profile-prompt-user-profile-education,profile,prompt-user,profile.education,info,/profile?tab=education,Add education history,"Education history helps interpret GPA, curriculum, and school context.",Add education,in_app_readiness_surface|dashboard,redis_notification_feed|remote_push|email,profile-readiness:profile-prompt-user-profile-education:f76c2626dd527a485a7371c8,User has education history rows,,
user_prompt,ready_for_in_app_admin_delivery,7485dc85ce9c7c23100b5076,profile-prompt-user-profile-education,profile,prompt-user,profile.education,info,/profile?tab=education,Add education history,"Education history helps interpret GPA, curriculum, and school context.",Add education,in_app_readiness_surface|dashboard,redis_notification_feed|remote_push|email,profile-readiness:profile-prompt-user-profile-education:7485dc85ce9c7c23100b5076,User has education history rows,,
user_prompt,ready_for_in_app_admin_delivery,493455dcf43164fdafd025ab,profile-prompt-user-profile-education,profile,prompt-user,profile.education,info,/profile?tab=education,Add education history,"Education history helps interpret GPA, curriculum, and school context.",Add education,in_app_readiness_surface|dashboard,redis_notification_feed|remote_push|email,profile-readiness:profile-prompt-user-profile-education:493455dcf43164fdafd025ab,User has education history rows,,
user_prompt,ready_for_in_app_admin_delivery,d44a6faef26ba1d5222a2e39,profile-prompt-user-profile-education,profile,prompt-user,profile.education,info,/profile?tab=education,Add education history,"Education history helps interpret GPA, curriculum, and school context.",Add education,in_app_readiness_surface|dashboard,redis_notification_feed|remote_push|email,profile-readiness:profile-prompt-user-profile-education:d44a6faef26ba1d5222a2e39,User has education history rows,,
user_prompt,ready_for_in_app_admin_delivery,f6cb8463a6bab81fcb529e4f,profile-prompt-user-profile-education,profile,prompt-user,profile.education,info,/profile?tab=education,Add education history,"Education history helps interpret GPA, curriculum, and school context.",Add education,in_app_readiness_surface|dashboard,redis_notification_feed|remote_push|email,profile-readiness:profile-prompt-user-profile-education:f6cb8463a6bab81fcb529e4f,User has education history rows,,
user_prompt,ready_for_in_app_admin_delivery,79737e323e376db6095ff50e,profile-prompt-user-profile-education,profile,prompt-user,profile.education,info,/profile?tab=education,Add education history,"Education history helps interpret GPA, curriculum, and school context.",Add education,in_app_readiness_surface|dashboard,redis_notification_feed|remote_push|email,profile-readiness:profile-prompt-user-profile-education:79737e323e376db6095ff50e,User has education history rows,,
user_prompt,ready_for_in_app_admin_delivery,7ab816c6f8d5cc286f16139a,profile-prompt-user-profile-education,profile,prompt-user,profile.education,info,/profile?tab=education,Add education history,"Education history helps interpret GPA, curriculum, and school context.",Add education,in_app_readiness_surface|dashboard,redis_notification_feed|remote_push|email,profile-readiness:profile-prompt-user-profile-education:7ab816c6f8d5cc286f16139a,User has education history rows,,
user_prompt,ready_for_in_app_admin_delivery,e5c0e17ab64859b74bf6a7ce,profile-prompt-user-profile-education,profile,prompt-user,profile.education,info,/profile?tab=education,Add education history,"Education history helps interpret GPA, curriculum, and school context.",Add education,in_app_readiness_surface|dashboard,redis_notification_feed|remote_push|email,profile-readiness:profile-prompt-user-profile-education:e5c0e17ab64859b74bf6a7ce,User has education history rows,,
user_prompt,ready_for_in_app_admin_delivery,499091972c7cb9710f63f1f4,profile-prompt-user-profile-education,profile,prompt-user,profile.education,info,/profile?tab=education,Add education history,"Education history helps interpret GPA, curriculum, and school context.",Add education,in_app_readiness_surface|dashboard,redis_notification_feed|remote_push|email,profile-readiness:profile-prompt-user-profile-education:499091972c7cb9710f63f1f4,User has education history rows,,
user_prompt,ready_for_in_app_admin_delivery,ee9a1b7f3b9a5b8ba2b2a3ce,profile-prompt-user-profile-education,profile,prompt-user,profile.education,info,/profile?tab=education,Add education history,"Education history helps interpret GPA, curriculum, and school context.",Add education,in_app_readiness_surface|dashboard,redis_notification_feed|remote_push|email,profile-readiness:profile-prompt-user-profile-education:ee9a1b7f3b9a5b8ba2b2a3ce,User has education history rows,,
user_prompt,ready_for_in_app_admin_delivery,594933ae4e120a1f1584356d,profile-prompt-user-profile-education,profile,prompt-user,profile.education,info,/profile?tab=education,Add education history,"Education history helps interpret GPA, curriculum, and school context.",Add education,in_app_readiness_surface|dashboard,redis_notification_feed|remote_push|email,profile-readiness:profile-prompt-user-profile-education:594933ae4e120a1f1584356d,User has education history rows,,
user_prompt,ready_for_in_app_admin_delivery,3afd7b8036e5c1e1e5d7c845,profile-prompt-user-profile-education,profile,prompt-user,profile.education,info,/profile?tab=education,Add education history,"Education history helps interpret GPA, curriculum, and school context.",Add education,in_app_readiness_surface|dashboard,redis_notification_feed|remote_push|email,profile-readiness:profile-prompt-user-profile-education:3afd7b8036e5c1e1e5d7c845,User has education history rows,,
user_prompt,ready_for_in_app_admin_delivery,d27e08ac8b20959602364ff0,profile-prompt-user-profile-education,profile,prompt-user,profile.education,info,/profile?tab=education,Add education history,"Education history helps interpret GPA, curriculum, and school context.",Add education,in_app_readiness_surface|dashboard,redis_notification_feed|remote_push|email,profile-readiness:profile-prompt-user-profile-education:d27e08ac8b20959602364ff0,User has education history rows,,
user_prompt,ready_for_in_app_admin_delivery,250478f9bc807d488188e43a,profile-prompt-user-profile-education,profile,prompt-user,profile.education,info,/profile?tab=education,Add education history,"Education history helps interpret GPA, curriculum, and school context.",Add education,in_app_readiness_surface|dashboard,redis_notification_feed|remote_push|email,profile-readiness:profile-prompt-user-profile-education:250478f9bc807d488188e43a,User has education history rows,,
user_prompt,ready_for_in_app_admin_delivery,eeba0a3855a48d924581623c,profile-prompt-user-profile-education,profile,prompt-user,profile.education,info,/profile?tab=education,Add education history,"Education history helps interpret GPA, curriculum, and school context.",Add education,in_app_readiness_surface|dashboard,redis_notification_feed|remote_push|email,profile-readiness:profile-prompt-user-profile-education:eeba0a3855a48d924581623c,User has education history rows,,
user_prompt,ready_for_in_app_admin_delivery,e459d2836df1c0cc6c82dceb,profile-prompt-user-profile-education,profile,prompt-user,profile.education,info,/profile?tab=education,Add education history,"Education history helps interpret GPA, curriculum, and school context.",Add education,in_app_readiness_surface|dashboard,redis_notification_feed|remote_push|email,profile-readiness:profile-prompt-user-profile-education:e459d2836df1c0cc6c82dceb,User has education history rows,,
user_prompt,ready_for_in_app_admin_delivery,aec864b0bd9e03013c1bd23d,profile-prompt-user-profile-education,profile,prompt-user,profile.education,info,/profile?tab=education,Add education history,"Education history helps interpret GPA, curriculum, and school context.",Add education,in_app_readiness_surface|dashboard,redis_notification_feed|remote_push|email,profile-readiness:profile-prompt-user-profile-education:aec864b0bd9e03013c1bd23d,User has education history rows,,
user_prompt,ready_for_in_app_admin_delivery,540754f3060141f2b8358f73,profile-prompt-user-profile-education,profile,prompt-user,profile.education,info,/profile?tab=education,Add education history,"Education history helps interpret GPA, curriculum, and school context.",Add education,in_app_readiness_surface|dashboard,redis_notification_feed|remote_push|email,profile-readiness:profile-prompt-user-profile-education:540754f3060141f2b8358f73,User has education history rows,,
user_prompt,ready_for_in_app_admin_delivery,8b9063753df9105b7b12e477,profile-prompt-user-profile-education,profile,prompt-user,profile.education,info,/profile?tab=education,Add education history,"Education history helps interpret GPA, curriculum, and school context.",Add education,in_app_readiness_surface|dashboard,redis_notification_feed|remote_push|email,profile-readiness:profile-prompt-user-profile-education:8b9063753df9105b7b12e477,User has education history rows,,
user_prompt,ready_for_in_app_admin_delivery,9c98541c41c8d2c277251c30,profile-prompt-user-profile-education,profile,prompt-user,profile.education,info,/profile?tab=education,Add education history,"Education history helps interpret GPA, curriculum, and school context.",Add education,in_app_readiness_surface|dashboard,redis_notification_feed|remote_push|email,profile-readiness:profile-prompt-user-profile-education:9c98541c41c8d2c277251c30,User has education history rows,,
user_prompt,ready_for_in_app_admin_delivery,f811873eb9c4893968cd0bf6,profile-prompt-user-profile-education,profile,prompt-user,profile.education,info,/profile?tab=education,Add education history,"Education history helps interpret GPA, curriculum, and school context.",Add education,in_app_readiness_surface|dashboard,redis_notification_feed|remote_push|email,profile-readiness:profile-prompt-user-profile-education:f811873eb9c4893968cd0bf6,User has education history rows,,
user_prompt,ready_for_in_app_admin_delivery,38513449c80d8608d453d1a8,profile-prompt-user-profile-education,profile,prompt-user,profile.education,info,/profile?tab=education,Add education history,"Education history helps interpret GPA, curriculum, and school context.",Add education,in_app_readiness_surface|dashboard,redis_notification_feed|remote_push|email,profile-readiness:profile-prompt-user-profile-education:38513449c80d8608d453d1a8,User has education history rows,,
user_prompt,ready_for_in_app_admin_delivery,708ca028a5ed9809c9b06bac,profile-prompt-user-profile-education,profile,prompt-user,profile.education,info,/profile?tab=education,Add education history,"Education history helps interpret GPA, curriculum, and school context.",Add education,in_app_readiness_surface|dashboard,redis_notification_feed|remote_push|email,profile-readiness:profile-prompt-user-profile-education:708ca028a5ed9809c9b06bac,User has education history rows,,
user_prompt,ready_for_in_app_admin_delivery,c2a7e031b5c8c4fbb8009d27,profile-prompt-user-profile-education,profile,prompt-user,profile.education,info,/profile?tab=education,Add education history,"Education history helps interpret GPA, curriculum, and school context.",Add education,in_app_readiness_surface|dashboard,redis_notification_feed|remote_push|email,profile-readiness:profile-prompt-user-profile-education:c2a7e031b5c8c4fbb8009d27,User has education history rows,,
user_prompt,ready_for_in_app_admin_delivery,0e0218d4eec178ae14d0895a,profile-prompt-user-profile-education,profile,prompt-user,profile.education,info,/profile?tab=education,Add education history,"Education history helps interpret GPA, curriculum, and school context.",Add education,in_app_readiness_surface|dashboard,redis_notification_feed|remote_push|email,profile-readiness:profile-prompt-user-profile-education:0e0218d4eec178ae14d0895a,User has education history rows,,
user_prompt,ready_for_in_app_admin_delivery,2d361e3c8b12cd5dc12f9b4c,profile-prompt-user-profile-education,profile,prompt-user,profile.education,info,/profile?tab=education,Add education history,"Education history helps interpret GPA, curriculum, and school context.",Add education,in_app_readiness_surface|dashboard,redis_notification_feed|remote_push|email,profile-readiness:profile-prompt-user-profile-education:2d361e3c8b12cd5dc12f9b4c,User has education history rows,,
user_prompt,ready_for_in_app_admin_delivery,5de8dd131d908be3f8be7a2d,profile-prompt-user-profile-education,profile,prompt-user,profile.education,info,/profile?tab=education,Add education history,"Education history helps interpret GPA, curriculum, and school context.",Add education,in_app_readiness_surface|dashboard,redis_notification_feed|remote_push|email,profile-readiness:profile-prompt-user-profile-education:5de8dd131d908be3f8be7a2d,User has education history rows,,
user_prompt,ready_for_in_app_admin_delivery,a59059c654235239f0a6c65f,profile-prompt-user-profile-education,profile,prompt-user,profile.education,info,/profile?tab=education,Add education history,"Education history helps interpret GPA, curriculum, and school context.",Add education,in_app_readiness_surface|dashboard,redis_notification_feed|remote_push|email,profile-readiness:profile-prompt-user-profile-education:a59059c654235239f0a6c65f,User has education history rows,,
user_prompt,ready_for_in_app_admin_delivery,a9f610abf63d7843a44ff565,profile-prompt-user-profile-education,profile,prompt-user,profile.education,info,/profile?tab=education,Add education history,"Education history helps interpret GPA, curriculum, and school context.",Add education,in_app_readiness_surface|dashboard,redis_notification_feed|remote_push|email,profile-readiness:profile-prompt-user-profile-education:a9f610abf63d7843a44ff565,User has education history rows,,
user_prompt,ready_for_in_app_admin_delivery,938e10d6b09fbb6b6b230e4e,profile-prompt-user-profile-education,profile,prompt-user,profile.education,info,/profile?tab=education,Add education history,"Education history helps interpret GPA, curriculum, and school context.",Add education,in_app_readiness_surface|dashboard,redis_notification_feed|remote_push|email,profile-readiness:profile-prompt-user-profile-education:938e10d6b09fbb6b6b230e4e,User has education history rows,,
user_prompt,ready_for_in_app_admin_delivery,a8615f48d9550a80dc5627ea,profile-prompt-user-profile-education,profile,prompt-user,profile.education,info,/profile?tab=education,Add education history,"Education history helps interpret GPA, curriculum, and school context.",Add education,in_app_readiness_surface|dashboard,redis_notification_feed|remote_push|email,profile-readiness:profile-prompt-user-profile-education:a8615f48d9550a80dc5627ea,User has education history rows,,
user_prompt,ready_for_in_app_admin_delivery,5fc2b5b85c0ba89f9ac12c27,profile-prompt-user-profile-education,profile,prompt-user,profile.education,info,/profile?tab=education,Add education history,"Education history helps interpret GPA, curriculum, and school context.",Add education,in_app_readiness_surface|dashboard,redis_notification_feed|remote_push|email,profile-readiness:profile-prompt-user-profile-education:5fc2b5b85c0ba89f9ac12c27,User has education history rows,,
user_prompt,ready_for_in_app_admin_delivery,23525cc368de8b7e63422191,profile-prompt-user-profile-education,profile,prompt-user,profile.education,info,/profile?tab=education,Add education history,"Education history helps interpret GPA, curriculum, and school context.",Add education,in_app_readiness_surface|dashboard,redis_notification_feed|remote_push|email,profile-readiness:profile-prompt-user-profile-education:23525cc368de8b7e63422191,User has education history rows,,
user_prompt,ready_for_in_app_admin_delivery,e9e452388d9c685c51e9a2c9,profile-prompt-user-profile-education,profile,prompt-user,profile.education,info,/profile?tab=education,Add education history,"Education history helps interpret GPA, curriculum, and school context.",Add education,in_app_readiness_surface|dashboard,redis_notification_feed|remote_push|email,profile-readiness:profile-prompt-user-profile-education:e9e452388d9c685c51e9a2c9,User has education history rows,,
user_prompt,ready_for_in_app_admin_delivery,33a18bd87c4167c2d25c8f80,profile-prompt-user-profile-education,profile,prompt-user,profile.education,info,/profile?tab=education,Add education history,"Education history helps interpret GPA, curriculum, and school context.",Add education,in_app_readiness_surface|dashboard,redis_notification_feed|remote_push|email,profile-readiness:profile-prompt-user-profile-education:33a18bd87c4167c2d25c8f80,User has education history rows,,
user_prompt,ready_for_in_app_admin_delivery,2000da6ed500774c6aea6a3f,profile-prompt-user-profile-education,profile,prompt-user,profile.education,info,/profile?tab=education,Add education history,"Education history helps interpret GPA, curriculum, and school context.",Add education,in_app_readiness_surface|dashboard,redis_notification_feed|remote_push|email,profile-readiness:profile-prompt-user-profile-education:2000da6ed500774c6aea6a3f,User has education history rows,,
user_prompt,ready_for_in_app_admin_delivery,62e20c0d2922ccd5833fc157,profile-prompt-user-profile-education,profile,prompt-user,profile.education,info,/profile?tab=education,Add education history,"Education history helps interpret GPA, curriculum, and school context.",Add education,in_app_readiness_surface|dashboard,redis_notification_feed|remote_push|email,profile-readiness:profile-prompt-user-profile-education:62e20c0d2922ccd5833fc157,User has education history rows,,
user_prompt,ready_for_in_app_admin_delivery,7f3e88c6566d0a0a68d15f41,profile-prompt-user-profile-education,profile,prompt-user,profile.education,info,/profile?tab=education,Add education history,"Education history helps interpret GPA, curriculum, and school context.",Add education,in_app_readiness_surface|dashboard,redis_notification_feed|remote_push|email,profile-readiness:profile-prompt-user-profile-education:7f3e88c6566d0a0a68d15f41,User has education history rows,,
user_prompt,ready_for_in_app_admin_delivery,3f93bbee58f8299dcd02e13c,profile-prompt-user-profile-education,profile,prompt-user,profile.education,info,/profile?tab=education,Add education history,"Education history helps interpret GPA, curriculum, and school context.",Add education,in_app_readiness_surface|dashboard,redis_notification_feed|remote_push|email,profile-readiness:profile-prompt-user-profile-education:3f93bbee58f8299dcd02e13c,User has education history rows,,
user_prompt,ready_for_in_app_admin_delivery,a2f55545fca8f7f659477f4c,timeline-prompt-user-timeline-overdue-tasks,timeline,prompt-user,timeline.overdue_tasks,info,/timeline,Review overdue timeline tasks,Overdue tasks can hide execution risk even when your school list is ready.,Open timeline,in_app_readiness_surface|dashboard,redis_notification_feed|remote_push|email,profile-readiness:timeline-prompt-user-timeline-overdue-tasks:a2f55545fca8f7f659477f4c,No overdue application timeline tasks remain,,
user_prompt,ready_for_in_app_admin_delivery,d062cc598a74e321a2b06c92,timeline-prompt-user-timeline-overdue-tasks,timeline,prompt-user,timeline.overdue_tasks,info,/timeline,Review overdue timeline tasks,Overdue tasks can hide execution risk even when your school list is ready.,Open timeline,in_app_readiness_surface|dashboard,redis_notification_feed|remote_push|email,profile-readiness:timeline-prompt-user-timeline-overdue-tasks:d062cc598a74e321a2b06c92,No overdue application timeline tasks remain,,
user_prompt,ready_for_in_app_admin_delivery,a8d64fb39c8e61b16d52ba27,timeline-prompt-user-timeline-overdue-tasks,timeline,prompt-user,timeline.overdue_tasks,info,/timeline,Review overdue timeline tasks,Overdue tasks can hide execution risk even when your school list is ready.,Open timeline,in_app_readiness_surface|dashboard,redis_notification_feed|remote_push|email,profile-readiness:timeline-prompt-user-timeline-overdue-tasks:a8d64fb39c8e61b16d52ba27,No overdue application timeline tasks remain,,
